ISO-10303-21;
HEADER;
FILE_DESCRIPTION(('KiCad electronic assembly'),'2;1');
FILE_NAME('ACE RAM Patch.step','2026-06-21T12:19:27',('Pcbnew'),('Kicad'
    ),'Open CASCADE STEP processor 7.9','KiCad to STEP converter',
  'Unknown');
FILE_SCHEMA(('AUTOMOTIVE_DESIGN { 1 0 10303 214 1 1 1 1 }'));
ENDSEC;
DATA;
#1 = APPLICATION_PROTOCOL_DEFINITION('international standard',
  'automotive_design',2000,#2);
#2 = APPLICATION_CONTEXT(
  'core data for automotive mechanical design processes');
#3 = SHAPE_DEFINITION_REPRESENTATION(#4,#10);
#4 = PRODUCT_DEFINITION_SHAPE('','',#5);
#5 = PRODUCT_DEFINITION('design','',#6,#9);
#6 = PRODUCT_DEFINITION_FORMATION('','',#7);
#7 = PRODUCT('ACE RAM Patch 1','ACE RAM Patch 1','',(#8));
#8 = PRODUCT_CONTEXT('',#2,'mechanical');
#9 = PRODUCT_DEFINITION_CONTEXT('part definition',#2,'design');
#10 = SHAPE_REPRESENTATION('',(#11,#15,#19,#23,#27),#31);
#11 = AXIS2_PLACEMENT_3D('',#12,#13,#14);
#12 = CARTESIAN_POINT('',(0.,0.,0.));
#13 = DIRECTION('',(0.,0.,1.));
#14 = DIRECTION('',(1.,0.,-0.));
#15 = AXIS2_PLACEMENT_3D('',#16,#17,#18);
#16 = CARTESIAN_POINT('',(127.06,-83.49,1.595));
#17 = DIRECTION('',(0.,0.,1.));
#18 = DIRECTION('',(1.,0.,0.));
#19 = AXIS2_PLACEMENT_3D('',#20,#21,#22);
#20 = CARTESIAN_POINT('',(138.42,-83.5,1.595));
#21 = DIRECTION('',(0.,0.,1.));
#22 = DIRECTION('',(1.,0.,0.));
#23 = AXIS2_PLACEMENT_3D('',#24,#25,#26);
#24 = CARTESIAN_POINT('',(106.57,-94.82,1.595));
#25 = DIRECTION('',(0.,-0.,1.));
#26 = DIRECTION('',(1.110223024625E-16,1.,0.));
#27 = AXIS2_PLACEMENT_3D('',#28,#29,#30);
#28 = CARTESIAN_POINT('',(0.,0.,0.));
#29 = DIRECTION('',(0.,0.,1.));
#30 = DIRECTION('',(1.,0.,-0.));
#31 = ( GEOMETRIC_REPRESENTATION_CONTEXT(3) 
GLOBAL_UNCERTAINTY_ASSIGNED_CONTEXT((#35)) GLOBAL_UNIT_ASSIGNED_CONTEXT(
(#32,#33,#34)) REPRESENTATION_CONTEXT('Context #1',
  '3D Context with UNIT and UNCERTAINTY') );
#32 = ( LENGTH_UNIT() NAMED_UNIT(*) SI_UNIT(.MILLI.,.METRE.) );
#33 = ( NAMED_UNIT(*) PLANE_ANGLE_UNIT() SI_UNIT($,.RADIAN.) );
#34 = ( NAMED_UNIT(*) SI_UNIT($,.STERADIAN.) SOLID_ANGLE_UNIT() );
#35 = UNCERTAINTY_MEASURE_WITH_UNIT(LENGTH_MEASURE(1.E-07),#32,
  'distance_accuracy_value','confusion accuracy');
#36 = PRODUCT_RELATED_PRODUCT_CATEGORY('part',$,(#7));
#37 = SHAPE_DEFINITION_REPRESENTATION(#38,#44);
#38 = PRODUCT_DEFINITION_SHAPE('','',#39);
#39 = PRODUCT_DEFINITION('design','',#40,#43);
#40 = PRODUCT_DEFINITION_FORMATION('','',#41);
#41 = PRODUCT('DIP-14_W7.62mm','DIP-14_W7.62mm','',(#42));
#42 = PRODUCT_CONTEXT('',#2,'mechanical');
#43 = PRODUCT_DEFINITION_CONTEXT('part definition',#2,'design');
#44 = SHAPE_REPRESENTATION('',(#11,#45),#49);
#45 = AXIS2_PLACEMENT_3D('',#46,#47,#48);
#46 = CARTESIAN_POINT('',(0.,0.,0.));
#47 = DIRECTION('',(0.,0.,1.));
#48 = DIRECTION('',(1.,0.,-0.));
#49 = ( GEOMETRIC_REPRESENTATION_CONTEXT(3) 
GLOBAL_UNCERTAINTY_ASSIGNED_CONTEXT((#53)) GLOBAL_UNIT_ASSIGNED_CONTEXT(
(#50,#51,#52)) REPRESENTATION_CONTEXT('Context #1',
  '3D Context with UNIT and UNCERTAINTY') );
#50 = ( LENGTH_UNIT() NAMED_UNIT(*) SI_UNIT(.MILLI.,.METRE.) );
#51 = ( NAMED_UNIT(*) PLANE_ANGLE_UNIT() SI_UNIT($,.RADIAN.) );
#52 = ( NAMED_UNIT(*) SI_UNIT($,.STERADIAN.) SOLID_ANGLE_UNIT() );
#53 = UNCERTAINTY_MEASURE_WITH_UNIT(LENGTH_MEASURE(1.E-07),#50,
  'distance_accuracy_value','confusion accuracy');
#54 = CONTEXT_DEPENDENT_SHAPE_REPRESENTATION(#55,#57);
#55 = ( REPRESENTATION_RELATIONSHIP('','',#44,#10) 
REPRESENTATION_RELATIONSHIP_WITH_TRANSFORMATION(#56) 
SHAPE_REPRESENTATION_RELATIONSHIP() );
#56 = ITEM_DEFINED_TRANSFORMATION('','',#11,#15);
#57 = PRODUCT_DEFINITION_SHAPE('Placement','Placement of an item',#58);
#58 = NEXT_ASSEMBLY_USAGE_OCCURRENCE('2','U1','',#5,#39,$);
#59 = PRODUCT_RELATED_PRODUCT_CATEGORY('part',$,(#41));
#60 = SHAPE_DEFINITION_REPRESENTATION(#61,#67);
#61 = PRODUCT_DEFINITION_SHAPE('','',#62);
#62 = PRODUCT_DEFINITION('design','',#63,#66);
#63 = PRODUCT_DEFINITION_FORMATION('','',#64);
#64 = PRODUCT('DIP-14_W7.62mm','DIP-14_W7.62mm','',(#65));
#65 = PRODUCT_CONTEXT('',#2,'mechanical');
#66 = PRODUCT_DEFINITION_CONTEXT('part definition',#2,'design');
#67 = ADVANCED_BREP_SHAPE_REPRESENTATION('',(#11,#68),#8014);
#68 = MANIFOLD_SOLID_BREP('',#69);
#69 = CLOSED_SHELL('',(#70,#110,#251,#274,#409,#426,#456,#486,#517,#548,
    #579,#610,#641,#672,#703,#734,#765,#796,#827,#858,#889,#912,#936,
    #966,#997,#1028,#1059,#1090,#1121,#1152,#1183,#1214,#1245,#1276,
    #1307,#1338,#1369,#1386,#1416,#1474,#1532,#1562,#1620,#1637,#1662,
    #1712,#1743,#1801,#1859,#1890,#1948,#1965,#1990,#2040,#2071,#2129,
    #2187,#2218,#2276,#2293,#2318,#2368,#2399,#2457,#2515,#2546,#2563,
    #2586,#2610,#2668,#2726,#2756,#2814,#2831,#2889,#2906,#2937,#2995,
    #3053,#3084,#3142,#3159,#3217,#3234,#3265,#3323,#3381,#3412,#3470,
    #3487,#3545,#3562,#3593,#3651,#3709,#3740,#3757,#3774,#3852,#3871,
    #3920,#3944,#3991,#4003,#4022,#4039,#4088,#4112,#4154,#4171,#4188,
    #4207,#4272,#4296,#4359,#4371,#4436,#4460,#4523,#4540,#4554,#4571,
    #4588,#4607,#4672,#4696,#4759,#4771,#4836,#4860,#4923,#4940,#4954,
    #4971,#4988,#5007,#5072,#5096,#5159,#5171,#5188,#5537,#5609,#5628,
    #5677,#5701,#5748,#5760,#5814,#5838,#5880,#5899,#5911,#5928,#5945,
    #5964,#5981,#6046,#6070,#6128,#6150,#6215,#6239,#6297,#6311,#6328,
    #6345,#6364,#6381,#6446,#6470,#6528,#6550,#6615,#6639,#6697,#6711,
    #6728,#6745,#6764,#6781,#6846,#6870,#6928,#6945,#6962,#6991,#7008,
    #7025,#7037,#7054,#7071,#7083,#7100,#7117,#7134,#7151,#7163,#7180,
    #7197,#7214,#7231,#7243,#7260,#7277,#7294,#7311,#7323,#7340,#7357,
    #7374,#7391,#7403,#7420,#7437,#7454,#7471,#7483,#7511,#7522,#7539,
    #7556,#7568,#7585,#7602,#7614,#7631,#7648,#7665,#7682,#7694,#7711,
    #7728,#7745,#7762,#7774,#7791,#7808,#7825,#7842,#7854,#7871,#7888,
    #7905,#7922,#7934,#7951,#7968,#7985,#8002));
#70 = ADVANCED_FACE('',(#71),#105,.T.);
#71 = FACE_BOUND('',#72,.F.);
#72 = EDGE_LOOP('',(#73,#83,#91,#99));
#73 = ORIENTED_EDGE('',*,*,#74,.T.);
#74 = EDGE_CURVE('',#75,#77,#79,.T.);
#75 = VERTEX_POINT('',#76);
#76 = CARTESIAN_POINT('',(6.661276356577,-16.82127635657,0.38));
#77 = VERTEX_POINT('',#78);
#78 = CARTESIAN_POINT('',(6.661276356577,1.581276356577,0.38));
#79 = LINE('',#80,#81);
#80 = CARTESIAN_POINT('',(6.661276356577,-16.82127635657,0.38));
#81 = VECTOR('',#82,1.);
#82 = DIRECTION('',(-4.440892098501E-16,1.,0.));
#83 = ORIENTED_EDGE('',*,*,#84,.T.);
#84 = EDGE_CURVE('',#77,#85,#87,.T.);
#85 = VERTEX_POINT('',#86);
#86 = CARTESIAN_POINT('',(0.958723643423,1.581276356577,0.38));
#87 = LINE('',#88,#89);
#88 = CARTESIAN_POINT('',(6.661276356577,1.581276356577,0.38));
#89 = VECTOR('',#90,1.);
#90 = DIRECTION('',(-1.,-4.440892098501E-16,0.));
#91 = ORIENTED_EDGE('',*,*,#92,.T.);
#92 = EDGE_CURVE('',#85,#93,#95,.T.);
#93 = VERTEX_POINT('',#94);
#94 = CARTESIAN_POINT('',(0.958723643423,-16.82127635657,0.38));
#95 = LINE('',#96,#97);
#96 = CARTESIAN_POINT('',(0.958723643423,1.581276356577,0.38));
#97 = VECTOR('',#98,1.);
#98 = DIRECTION('',(4.440892098501E-16,-1.,0.));
#99 = ORIENTED_EDGE('',*,*,#100,.T.);
#100 = EDGE_CURVE('',#93,#75,#101,.T.);
#101 = LINE('',#102,#103);
#102 = CARTESIAN_POINT('',(0.958723643423,-16.82127635657,0.38));
#103 = VECTOR('',#104,1.);
#104 = DIRECTION('',(1.,4.440892098501E-16,0.));
#105 = PLANE('',#106);
#106 = AXIS2_PLACEMENT_3D('',#107,#108,#109);
#107 = CARTESIAN_POINT('',(6.661276356577,-16.82127635657,0.38));
#108 = DIRECTION('',(-0.,0.,-1.));
#109 = DIRECTION('',(-0.2959927601,0.955190183141,0.));
#110 = ADVANCED_FACE('',(#111),#246,.T.);
#111 = FACE_BOUND('',#112,.T.);
#112 = EDGE_LOOP('',(#113,#114,#121,#129,#137,#145,#153,#161,#169,#177,
    #185,#193,#201,#209,#217,#225,#233,#241));
#113 = ORIENTED_EDGE('',*,*,#74,.T.);
#114 = ORIENTED_EDGE('',*,*,#115,.T.);
#115 = EDGE_CURVE('',#77,#116,#118,.T.);
#116 = VERTEX_POINT('',#117);
#117 = CARTESIAN_POINT('',(6.985,1.905,1.903));
#118 = B_SPLINE_CURVE_WITH_KNOTS('',1,(#119,#120),.UNSPECIFIED.,.F.,.F.,
  (2,2),(0.,1.),.PIECEWISE_BEZIER_KNOTS.);
#119 = CARTESIAN_POINT('',(6.661276356577,1.581276356577,0.38));
#120 = CARTESIAN_POINT('',(6.985,1.905,1.903));
#121 = ORIENTED_EDGE('',*,*,#122,.F.);
#122 = EDGE_CURVE('',#123,#116,#125,.T.);
#123 = VERTEX_POINT('',#124);
#124 = CARTESIAN_POINT('',(6.985,0.2285,1.903));
#125 = LINE('',#126,#127);
#126 = CARTESIAN_POINT('',(6.985,-17.145,1.903));
#127 = VECTOR('',#128,1.);
#128 = DIRECTION('',(-4.440892098501E-16,1.,0.));
#129 = ORIENTED_EDGE('',*,*,#130,.F.);
#130 = EDGE_CURVE('',#131,#123,#133,.T.);
#131 = VERTEX_POINT('',#132);
#132 = CARTESIAN_POINT('',(6.985,-0.762,1.903));
#133 = LINE('',#134,#135);
#134 = CARTESIAN_POINT('',(6.985,-17.145,1.903));
#135 = VECTOR('',#136,1.);
#136 = DIRECTION('',(-4.440892098501E-16,1.,0.));
#137 = ORIENTED_EDGE('',*,*,#138,.F.);
#138 = EDGE_CURVE('',#139,#131,#141,.T.);
#139 = VERTEX_POINT('',#140);
#140 = CARTESIAN_POINT('',(6.985,-1.778,1.903));
#141 = LINE('',#142,#143);
#142 = CARTESIAN_POINT('',(6.985,-17.145,1.903));
#143 = VECTOR('',#144,1.);
#144 = DIRECTION('',(-4.440892098501E-16,1.,0.));
#145 = ORIENTED_EDGE('',*,*,#146,.F.);
#146 = EDGE_CURVE('',#147,#139,#149,.T.);
#147 = VERTEX_POINT('',#148);
#148 = CARTESIAN_POINT('',(6.985,-3.302,1.903));
#149 = LINE('',#150,#151);
#150 = CARTESIAN_POINT('',(6.985,-17.145,1.903));
#151 = VECTOR('',#152,1.);
#152 = DIRECTION('',(-4.440892098501E-16,1.,0.));
#153 = ORIENTED_EDGE('',*,*,#154,.F.);
#154 = EDGE_CURVE('',#155,#147,#157,.T.);
#155 = VERTEX_POINT('',#156);
#156 = CARTESIAN_POINT('',(6.985,-4.318,1.903));
#157 = LINE('',#158,#159);
#158 = CARTESIAN_POINT('',(6.985,-17.145,1.903));
#159 = VECTOR('',#160,1.);
#160 = DIRECTION('',(-4.440892098501E-16,1.,0.));
#161 = ORIENTED_EDGE('',*,*,#162,.F.);
#162 = EDGE_CURVE('',#163,#155,#165,.T.);
#163 = VERTEX_POINT('',#164);
#164 = CARTESIAN_POINT('',(6.985,-5.842,1.903));
#165 = LINE('',#166,#167);
#166 = CARTESIAN_POINT('',(6.985,-17.145,1.903));
#167 = VECTOR('',#168,1.);
#168 = DIRECTION('',(-4.440892098501E-16,1.,0.));
#169 = ORIENTED_EDGE('',*,*,#170,.F.);
#170 = EDGE_CURVE('',#171,#163,#173,.T.);
#171 = VERTEX_POINT('',#172);
#172 = CARTESIAN_POINT('',(6.985,-6.858,1.903));
#173 = LINE('',#174,#175);
#174 = CARTESIAN_POINT('',(6.985,-17.145,1.903));
#175 = VECTOR('',#176,1.);
#176 = DIRECTION('',(-4.440892098501E-16,1.,0.));
#177 = ORIENTED_EDGE('',*,*,#178,.F.);
#178 = EDGE_CURVE('',#179,#171,#181,.T.);
#179 = VERTEX_POINT('',#180);
#180 = CARTESIAN_POINT('',(6.985,-8.382,1.903));
#181 = LINE('',#182,#183);
#182 = CARTESIAN_POINT('',(6.985,-17.145,1.903));
#183 = VECTOR('',#184,1.);
#184 = DIRECTION('',(-4.440892098501E-16,1.,0.));
#185 = ORIENTED_EDGE('',*,*,#186,.F.);
#186 = EDGE_CURVE('',#187,#179,#189,.T.);
#187 = VERTEX_POINT('',#188);
#188 = CARTESIAN_POINT('',(6.985,-9.398,1.903));
#189 = LINE('',#190,#191);
#190 = CARTESIAN_POINT('',(6.985,-17.145,1.903));
#191 = VECTOR('',#192,1.);
#192 = DIRECTION('',(-4.440892098501E-16,1.,0.));
#193 = ORIENTED_EDGE('',*,*,#194,.F.);
#194 = EDGE_CURVE('',#195,#187,#197,.T.);
#195 = VERTEX_POINT('',#196);
#196 = CARTESIAN_POINT('',(6.985,-10.922,1.903));
#197 = LINE('',#198,#199);
#198 = CARTESIAN_POINT('',(6.985,-17.145,1.903));
#199 = VECTOR('',#200,1.);
#200 = DIRECTION('',(-4.440892098501E-16,1.,0.));
#201 = ORIENTED_EDGE('',*,*,#202,.F.);
#202 = EDGE_CURVE('',#203,#195,#205,.T.);
#203 = VERTEX_POINT('',#204);
#204 = CARTESIAN_POINT('',(6.985,-11.938,1.903));
#205 = LINE('',#206,#207);
#206 = CARTESIAN_POINT('',(6.985,-17.145,1.903));
#207 = VECTOR('',#208,1.);
#208 = DIRECTION('',(-4.440892098501E-16,1.,0.));
#209 = ORIENTED_EDGE('',*,*,#210,.F.);
#210 = EDGE_CURVE('',#211,#203,#213,.T.);
#211 = VERTEX_POINT('',#212);
#212 = CARTESIAN_POINT('',(6.985,-13.462,1.903));
#213 = LINE('',#214,#215);
#214 = CARTESIAN_POINT('',(6.985,-17.145,1.903));
#215 = VECTOR('',#216,1.);
#216 = DIRECTION('',(-4.440892098501E-16,1.,0.));
#217 = ORIENTED_EDGE('',*,*,#218,.F.);
#218 = EDGE_CURVE('',#219,#211,#221,.T.);
#219 = VERTEX_POINT('',#220);
#220 = CARTESIAN_POINT('',(6.985,-14.478,1.903));
#221 = LINE('',#222,#223);
#222 = CARTESIAN_POINT('',(6.985,-17.145,1.903));
#223 = VECTOR('',#224,1.);
#224 = DIRECTION('',(-4.440892098501E-16,1.,0.));
#225 = ORIENTED_EDGE('',*,*,#226,.F.);
#226 = EDGE_CURVE('',#227,#219,#229,.T.);
#227 = VERTEX_POINT('',#228);
#228 = CARTESIAN_POINT('',(6.985,-15.4685,1.903));
#229 = LINE('',#230,#231);
#230 = CARTESIAN_POINT('',(6.985,-17.145,1.903));
#231 = VECTOR('',#232,1.);
#232 = DIRECTION('',(-4.440892098501E-16,1.,0.));
#233 = ORIENTED_EDGE('',*,*,#234,.F.);
#234 = EDGE_CURVE('',#235,#227,#237,.T.);
#235 = VERTEX_POINT('',#236);
#236 = CARTESIAN_POINT('',(6.985,-17.145,1.903));
#237 = LINE('',#238,#239);
#238 = CARTESIAN_POINT('',(6.985,-17.145,1.903));
#239 = VECTOR('',#240,1.);
#240 = DIRECTION('',(-4.440892098501E-16,1.,0.));
#241 = ORIENTED_EDGE('',*,*,#242,.F.);
#242 = EDGE_CURVE('',#75,#235,#243,.T.);
#243 = B_SPLINE_CURVE_WITH_KNOTS('',1,(#244,#245),.UNSPECIFIED.,.F.,.F.,
  (2,2),(0.,1.),.PIECEWISE_BEZIER_KNOTS.);
#244 = CARTESIAN_POINT('',(6.661276356577,-16.82127635657,0.38));
#245 = CARTESIAN_POINT('',(6.985,-17.145,1.903));
#246 = B_SPLINE_SURFACE_WITH_KNOTS('',1,1,(
    (#247,#248)
    ,(#249,#250
    )),.UNSPECIFIED.,.F.,.F.,.F.,(2,2),(2,2),(0.,19.05),(0.,1.),
  .PIECEWISE_BEZIER_KNOTS.);
#247 = CARTESIAN_POINT('',(6.661276356577,-16.82127635657,0.38));
#248 = CARTESIAN_POINT('',(6.985,-17.145,1.903));
#249 = CARTESIAN_POINT('',(6.661276356577,1.581276356577,0.38));
#250 = CARTESIAN_POINT('',(6.985,1.905,1.903));
#251 = ADVANCED_FACE('',(#252),#269,.T.);
#252 = FACE_BOUND('',#253,.T.);
#253 = EDGE_LOOP('',(#254,#255,#262,#268));
#254 = ORIENTED_EDGE('',*,*,#84,.T.);
#255 = ORIENTED_EDGE('',*,*,#256,.T.);
#256 = EDGE_CURVE('',#85,#257,#259,.T.);
#257 = VERTEX_POINT('',#258);
#258 = CARTESIAN_POINT('',(0.635,1.905,1.903));
#259 = B_SPLINE_CURVE_WITH_KNOTS('',1,(#260,#261),.UNSPECIFIED.,.F.,.F.,
  (2,2),(0.,1.),.PIECEWISE_BEZIER_KNOTS.);
#260 = CARTESIAN_POINT('',(0.958723643423,1.581276356577,0.38));
#261 = CARTESIAN_POINT('',(0.635,1.905,1.903));
#262 = ORIENTED_EDGE('',*,*,#263,.F.);
#263 = EDGE_CURVE('',#116,#257,#264,.T.);
#264 = LINE('',#265,#266);
#265 = CARTESIAN_POINT('',(6.985,1.905,1.903));
#266 = VECTOR('',#267,1.);
#267 = DIRECTION('',(-1.,-4.440892098501E-16,0.));
#268 = ORIENTED_EDGE('',*,*,#115,.F.);
#269 = B_SPLINE_SURFACE_WITH_KNOTS('',1,1,(
    (#270,#271)
    ,(#272,#273
    )),.UNSPECIFIED.,.F.,.F.,.F.,(2,2),(2,2),(0.,6.35),(0.,1.),
  .PIECEWISE_BEZIER_KNOTS.);
#270 = CARTESIAN_POINT('',(6.661276356577,1.581276356577,0.38));
#271 = CARTESIAN_POINT('',(6.985,1.905,1.903));
#272 = CARTESIAN_POINT('',(0.958723643423,1.581276356577,0.38));
#273 = CARTESIAN_POINT('',(0.635,1.905,1.903));
#274 = ADVANCED_FACE('',(#275),#404,.T.);
#275 = FACE_BOUND('',#276,.T.);
#276 = EDGE_LOOP('',(#277,#278,#285,#293,#301,#309,#317,#325,#333,#341,
    #349,#357,#365,#373,#381,#389,#397,#403));
#277 = ORIENTED_EDGE('',*,*,#92,.T.);
#278 = ORIENTED_EDGE('',*,*,#279,.T.);
#279 = EDGE_CURVE('',#93,#280,#282,.T.);
#280 = VERTEX_POINT('',#281);
#281 = CARTESIAN_POINT('',(0.635,-17.145,1.903));
#282 = B_SPLINE_CURVE_WITH_KNOTS('',1,(#283,#284),.UNSPECIFIED.,.F.,.F.,
  (2,2),(0.,1.),.PIECEWISE_BEZIER_KNOTS.);
#283 = CARTESIAN_POINT('',(0.958723643423,-16.82127635657,0.38));
#284 = CARTESIAN_POINT('',(0.635,-17.145,1.903));
#285 = ORIENTED_EDGE('',*,*,#286,.F.);
#286 = EDGE_CURVE('',#287,#280,#289,.T.);
#287 = VERTEX_POINT('',#288);
#288 = CARTESIAN_POINT('',(0.635,-15.4685,1.903));
#289 = LINE('',#290,#291);
#290 = CARTESIAN_POINT('',(0.635,1.905,1.903));
#291 = VECTOR('',#292,1.);
#292 = DIRECTION('',(4.440892098501E-16,-1.,0.));
#293 = ORIENTED_EDGE('',*,*,#294,.F.);
#294 = EDGE_CURVE('',#295,#287,#297,.T.);
#295 = VERTEX_POINT('',#296);
#296 = CARTESIAN_POINT('',(0.635,-14.478,1.903));
#297 = LINE('',#298,#299);
#298 = CARTESIAN_POINT('',(0.635,1.905,1.903));
#299 = VECTOR('',#300,1.);
#300 = DIRECTION('',(4.440892098501E-16,-1.,0.));
#301 = ORIENTED_EDGE('',*,*,#302,.F.);
#302 = EDGE_CURVE('',#303,#295,#305,.T.);
#303 = VERTEX_POINT('',#304);
#304 = CARTESIAN_POINT('',(0.635,-13.462,1.903));
#305 = LINE('',#306,#307);
#306 = CARTESIAN_POINT('',(0.635,1.905,1.903));
#307 = VECTOR('',#308,1.);
#308 = DIRECTION('',(4.440892098501E-16,-1.,0.));
#309 = ORIENTED_EDGE('',*,*,#310,.F.);
#310 = EDGE_CURVE('',#311,#303,#313,.T.);
#311 = VERTEX_POINT('',#312);
#312 = CARTESIAN_POINT('',(0.635,-11.938,1.903));
#313 = LINE('',#314,#315);
#314 = CARTESIAN_POINT('',(0.635,1.905,1.903));
#315 = VECTOR('',#316,1.);
#316 = DIRECTION('',(4.440892098501E-16,-1.,0.));
#317 = ORIENTED_EDGE('',*,*,#318,.F.);
#318 = EDGE_CURVE('',#319,#311,#321,.T.);
#319 = VERTEX_POINT('',#320);
#320 = CARTESIAN_POINT('',(0.635,-10.922,1.903));
#321 = LINE('',#322,#323);
#322 = CARTESIAN_POINT('',(0.635,1.905,1.903));
#323 = VECTOR('',#324,1.);
#324 = DIRECTION('',(4.440892098501E-16,-1.,0.));
#325 = ORIENTED_EDGE('',*,*,#326,.F.);
#326 = EDGE_CURVE('',#327,#319,#329,.T.);
#327 = VERTEX_POINT('',#328);
#328 = CARTESIAN_POINT('',(0.635,-9.398,1.903));
#329 = LINE('',#330,#331);
#330 = CARTESIAN_POINT('',(0.635,1.905,1.903));
#331 = VECTOR('',#332,1.);
#332 = DIRECTION('',(4.440892098501E-16,-1.,0.));
#333 = ORIENTED_EDGE('',*,*,#334,.F.);
#334 = EDGE_CURVE('',#335,#327,#337,.T.);
#335 = VERTEX_POINT('',#336);
#336 = CARTESIAN_POINT('',(0.635,-8.382,1.903));
#337 = LINE('',#338,#339);
#338 = CARTESIAN_POINT('',(0.635,1.905,1.903));
#339 = VECTOR('',#340,1.);
#340 = DIRECTION('',(4.440892098501E-16,-1.,0.));
#341 = ORIENTED_EDGE('',*,*,#342,.F.);
#342 = EDGE_CURVE('',#343,#335,#345,.T.);
#343 = VERTEX_POINT('',#344);
#344 = CARTESIAN_POINT('',(0.635,-6.858,1.903));
#345 = LINE('',#346,#347);
#346 = CARTESIAN_POINT('',(0.635,1.905,1.903));
#347 = VECTOR('',#348,1.);
#348 = DIRECTION('',(4.440892098501E-16,-1.,0.));
#349 = ORIENTED_EDGE('',*,*,#350,.F.);
#350 = EDGE_CURVE('',#351,#343,#353,.T.);
#351 = VERTEX_POINT('',#352);
#352 = CARTESIAN_POINT('',(0.635,-5.842,1.903));
#353 = LINE('',#354,#355);
#354 = CARTESIAN_POINT('',(0.635,1.905,1.903));
#355 = VECTOR('',#356,1.);
#356 = DIRECTION('',(4.440892098501E-16,-1.,0.));
#357 = ORIENTED_EDGE('',*,*,#358,.F.);
#358 = EDGE_CURVE('',#359,#351,#361,.T.);
#359 = VERTEX_POINT('',#360);
#360 = CARTESIAN_POINT('',(0.635,-4.318,1.903));
#361 = LINE('',#362,#363);
#362 = CARTESIAN_POINT('',(0.635,1.905,1.903));
#363 = VECTOR('',#364,1.);
#364 = DIRECTION('',(4.440892098501E-16,-1.,0.));
#365 = ORIENTED_EDGE('',*,*,#366,.F.);
#366 = EDGE_CURVE('',#367,#359,#369,.T.);
#367 = VERTEX_POINT('',#368);
#368 = CARTESIAN_POINT('',(0.635,-3.302,1.903));
#369 = LINE('',#370,#371);
#370 = CARTESIAN_POINT('',(0.635,1.905,1.903));
#371 = VECTOR('',#372,1.);
#372 = DIRECTION('',(4.440892098501E-16,-1.,0.));
#373 = ORIENTED_EDGE('',*,*,#374,.F.);
#374 = EDGE_CURVE('',#375,#367,#377,.T.);
#375 = VERTEX_POINT('',#376);
#376 = CARTESIAN_POINT('',(0.635,-1.778,1.903));
#377 = LINE('',#378,#379);
#378 = CARTESIAN_POINT('',(0.635,1.905,1.903));
#379 = VECTOR('',#380,1.);
#380 = DIRECTION('',(4.440892098501E-16,-1.,0.));
#381 = ORIENTED_EDGE('',*,*,#382,.F.);
#382 = EDGE_CURVE('',#383,#375,#385,.T.);
#383 = VERTEX_POINT('',#384);
#384 = CARTESIAN_POINT('',(0.635,-0.762,1.903));
#385 = LINE('',#386,#387);
#386 = CARTESIAN_POINT('',(0.635,1.905,1.903));
#387 = VECTOR('',#388,1.);
#388 = DIRECTION('',(4.440892098501E-16,-1.,0.));
#389 = ORIENTED_EDGE('',*,*,#390,.F.);
#390 = EDGE_CURVE('',#391,#383,#393,.T.);
#391 = VERTEX_POINT('',#392);
#392 = CARTESIAN_POINT('',(0.635,0.2285,1.903));
#393 = LINE('',#394,#395);
#394 = CARTESIAN_POINT('',(0.635,1.905,1.903));
#395 = VECTOR('',#396,1.);
#396 = DIRECTION('',(4.440892098501E-16,-1.,0.));
#397 = ORIENTED_EDGE('',*,*,#398,.F.);
#398 = EDGE_CURVE('',#257,#391,#399,.T.);
#399 = LINE('',#400,#401);
#400 = CARTESIAN_POINT('',(0.635,1.905,1.903));
#401 = VECTOR('',#402,1.);
#402 = DIRECTION('',(4.440892098501E-16,-1.,0.));
#403 = ORIENTED_EDGE('',*,*,#256,.F.);
#404 = B_SPLINE_SURFACE_WITH_KNOTS('',1,1,(
    (#405,#406)
    ,(#407,#408
    )),.UNSPECIFIED.,.F.,.F.,.F.,(2,2),(2,2),(0.,19.05),(0.,1.),
  .PIECEWISE_BEZIER_KNOTS.);
#405 = CARTESIAN_POINT('',(0.958723643423,1.581276356577,0.38));
#406 = CARTESIAN_POINT('',(0.635,1.905,1.903));
#407 = CARTESIAN_POINT('',(0.958723643423,-16.82127635657,0.38));
#408 = CARTESIAN_POINT('',(0.635,-17.145,1.903));
#409 = ADVANCED_FACE('',(#410),#421,.T.);
#410 = FACE_BOUND('',#411,.T.);
#411 = EDGE_LOOP('',(#412,#413,#414,#420));
#412 = ORIENTED_EDGE('',*,*,#100,.T.);
#413 = ORIENTED_EDGE('',*,*,#242,.T.);
#414 = ORIENTED_EDGE('',*,*,#415,.F.);
#415 = EDGE_CURVE('',#280,#235,#416,.T.);
#416 = LINE('',#417,#418);
#417 = CARTESIAN_POINT('',(0.635,-17.145,1.903));
#418 = VECTOR('',#419,1.);
#419 = DIRECTION('',(1.,4.440892098501E-16,0.));
#420 = ORIENTED_EDGE('',*,*,#279,.F.);
#421 = B_SPLINE_SURFACE_WITH_KNOTS('',1,1,(
    (#422,#423)
    ,(#424,#425
    )),.UNSPECIFIED.,.F.,.F.,.F.,(2,2),(2,2),(0.,6.35),(0.,1.),
  .PIECEWISE_BEZIER_KNOTS.);
#422 = CARTESIAN_POINT('',(0.958723643423,-16.82127635657,0.38));
#423 = CARTESIAN_POINT('',(0.635,-17.145,1.903));
#424 = CARTESIAN_POINT('',(6.661276356577,-16.82127635657,0.38));
#425 = CARTESIAN_POINT('',(6.985,-17.145,1.903));
#426 = ADVANCED_FACE('',(#427),#451,.T.);
#427 = FACE_BOUND('',#428,.T.);
#428 = EDGE_LOOP('',(#429,#436,#437,#445));
#429 = ORIENTED_EDGE('',*,*,#430,.F.);
#430 = EDGE_CURVE('',#235,#431,#433,.T.);
#431 = VERTEX_POINT('',#432);
#432 = CARTESIAN_POINT('',(6.985,-17.145,2.157));
#433 = B_SPLINE_CURVE_WITH_KNOTS('',1,(#434,#435),.UNSPECIFIED.,.F.,.F.,
  (2,2),(0.,1.),.PIECEWISE_BEZIER_KNOTS.);
#434 = CARTESIAN_POINT('',(6.985,-17.145,1.903));
#435 = CARTESIAN_POINT('',(6.985,-17.145,2.157));
#436 = ORIENTED_EDGE('',*,*,#234,.T.);
#437 = ORIENTED_EDGE('',*,*,#438,.T.);
#438 = EDGE_CURVE('',#227,#439,#441,.T.);
#439 = VERTEX_POINT('',#440);
#440 = CARTESIAN_POINT('',(6.985,-15.4685,2.157));
#441 = LINE('',#442,#443);
#442 = CARTESIAN_POINT('',(6.985,-15.4685,1.9665));
#443 = VECTOR('',#444,1.);
#444 = DIRECTION('',(0.,0.,1.));
#445 = ORIENTED_EDGE('',*,*,#446,.F.);
#446 = EDGE_CURVE('',#431,#439,#447,.T.);
#447 = LINE('',#448,#449);
#448 = CARTESIAN_POINT('',(6.985,-17.145,2.157));
#449 = VECTOR('',#450,1.);
#450 = DIRECTION('',(-4.440892098501E-16,1.,0.));
#451 = PLANE('',#452);
#452 = AXIS2_PLACEMENT_3D('',#453,#454,#455);
#453 = CARTESIAN_POINT('',(6.985,-17.145,2.157));
#454 = DIRECTION('',(1.,4.440892098501E-16,0.));
#455 = DIRECTION('',(-4.440892098501E-16,1.,0.));
#456 = ADVANCED_FACE('',(#457),#481,.T.);
#457 = FACE_BOUND('',#458,.T.);
#458 = EDGE_LOOP('',(#459,#467,#468,#475));
#459 = ORIENTED_EDGE('',*,*,#460,.T.);
#460 = EDGE_CURVE('',#461,#123,#463,.T.);
#461 = VERTEX_POINT('',#462);
#462 = CARTESIAN_POINT('',(6.985,0.2285,2.157));
#463 = LINE('',#464,#465);
#464 = CARTESIAN_POINT('',(6.985,0.2285,2.157));
#465 = VECTOR('',#466,1.);
#466 = DIRECTION('',(0.,0.,-1.));
#467 = ORIENTED_EDGE('',*,*,#122,.T.);
#468 = ORIENTED_EDGE('',*,*,#469,.T.);
#469 = EDGE_CURVE('',#116,#470,#472,.T.);
#470 = VERTEX_POINT('',#471);
#471 = CARTESIAN_POINT('',(6.985,1.905,2.157));
#472 = B_SPLINE_CURVE_WITH_KNOTS('',1,(#473,#474),.UNSPECIFIED.,.F.,.F.,
  (2,2),(0.,1.),.PIECEWISE_BEZIER_KNOTS.);
#473 = CARTESIAN_POINT('',(6.985,1.905,1.903));
#474 = CARTESIAN_POINT('',(6.985,1.905,2.157));
#475 = ORIENTED_EDGE('',*,*,#476,.F.);
#476 = EDGE_CURVE('',#461,#470,#477,.T.);
#477 = LINE('',#478,#479);
#478 = CARTESIAN_POINT('',(6.985,-17.145,2.157));
#479 = VECTOR('',#480,1.);
#480 = DIRECTION('',(-4.440892098501E-16,1.,0.));
#481 = PLANE('',#482);
#482 = AXIS2_PLACEMENT_3D('',#483,#484,#485);
#483 = CARTESIAN_POINT('',(6.985,-17.145,2.157));
#484 = DIRECTION('',(1.,4.440892098501E-16,0.));
#485 = DIRECTION('',(-4.440892098501E-16,1.,0.));
#486 = ADVANCED_FACE('',(#487),#512,.F.);
#487 = FACE_BOUND('',#488,.F.);
#488 = EDGE_LOOP('',(#489,#497,#498,#506));
#489 = ORIENTED_EDGE('',*,*,#490,.F.);
#490 = EDGE_CURVE('',#219,#491,#493,.T.);
#491 = VERTEX_POINT('',#492);
#492 = CARTESIAN_POINT('',(7.366,-14.478,1.903));
#493 = LINE('',#494,#495);
#494 = CARTESIAN_POINT('',(3.81,-14.478,1.903));
#495 = VECTOR('',#496,1.);
#496 = DIRECTION('',(1.,3.216245299353E-16,0.));
#497 = ORIENTED_EDGE('',*,*,#226,.F.);
#498 = ORIENTED_EDGE('',*,*,#499,.F.);
#499 = EDGE_CURVE('',#500,#227,#502,.T.);
#500 = VERTEX_POINT('',#501);
#501 = CARTESIAN_POINT('',(7.366,-15.4685,1.903));
#502 = LINE('',#503,#504);
#503 = CARTESIAN_POINT('',(7.747,-15.4685,1.903));
#504 = VECTOR('',#505,1.);
#505 = DIRECTION('',(-1.,-3.216245299353E-16,0.));
#506 = ORIENTED_EDGE('',*,*,#507,.T.);
#507 = EDGE_CURVE('',#500,#491,#508,.T.);
#508 = LINE('',#509,#510);
#509 = CARTESIAN_POINT('',(7.366,-15.4685,1.903));
#510 = VECTOR('',#511,1.);
#511 = DIRECTION('',(-3.216245299353E-16,1.,0.));
#512 = PLANE('',#513);
#513 = AXIS2_PLACEMENT_3D('',#514,#515,#516);
#514 = CARTESIAN_POINT('',(0.254,-14.478,1.903));
#515 = DIRECTION('',(0.,0.,1.));
#516 = DIRECTION('',(-4.440892098501E-16,1.,0.));
#517 = ADVANCED_FACE('',(#518),#543,.F.);
#518 = FACE_BOUND('',#519,.F.);
#519 = EDGE_LOOP('',(#520,#528,#529,#537));
#520 = ORIENTED_EDGE('',*,*,#521,.F.);
#521 = EDGE_CURVE('',#123,#522,#524,.T.);
#522 = VERTEX_POINT('',#523);
#523 = CARTESIAN_POINT('',(7.366,0.2285,1.903));
#524 = LINE('',#525,#526);
#525 = CARTESIAN_POINT('',(3.81,0.2285,1.903));
#526 = VECTOR('',#527,1.);
#527 = DIRECTION('',(1.,3.216245299353E-16,0.));
#528 = ORIENTED_EDGE('',*,*,#130,.F.);
#529 = ORIENTED_EDGE('',*,*,#530,.F.);
#530 = EDGE_CURVE('',#531,#131,#533,.T.);
#531 = VERTEX_POINT('',#532);
#532 = CARTESIAN_POINT('',(7.366,-0.762,1.903));
#533 = LINE('',#534,#535);
#534 = CARTESIAN_POINT('',(7.747,-0.762,1.903));
#535 = VECTOR('',#536,1.);
#536 = DIRECTION('',(-1.,-3.216245299353E-16,0.));
#537 = ORIENTED_EDGE('',*,*,#538,.F.);
#538 = EDGE_CURVE('',#522,#531,#539,.T.);
#539 = LINE('',#540,#541);
#540 = CARTESIAN_POINT('',(7.366,0.2285,1.903));
#541 = VECTOR('',#542,1.);
#542 = DIRECTION('',(3.216245299353E-16,-1.,0.));
#543 = PLANE('',#544);
#544 = AXIS2_PLACEMENT_3D('',#545,#546,#547);
#545 = CARTESIAN_POINT('',(0.254,0.2285,1.903));
#546 = DIRECTION('',(0.,0.,1.));
#547 = DIRECTION('',(-4.440892098501E-16,1.,0.));
#548 = ADVANCED_FACE('',(#549),#574,.T.);
#549 = FACE_BOUND('',#550,.T.);
#550 = EDGE_LOOP('',(#551,#559,#560,#568));
#551 = ORIENTED_EDGE('',*,*,#552,.T.);
#552 = EDGE_CURVE('',#553,#219,#555,.T.);
#553 = VERTEX_POINT('',#554);
#554 = CARTESIAN_POINT('',(6.985,-14.478,2.157));
#555 = LINE('',#556,#557);
#556 = CARTESIAN_POINT('',(6.985,-14.478,2.157));
#557 = VECTOR('',#558,1.);
#558 = DIRECTION('',(7.727215166377E-30,-1.740014167195E-14,-1.));
#559 = ORIENTED_EDGE('',*,*,#218,.T.);
#560 = ORIENTED_EDGE('',*,*,#561,.T.);
#561 = EDGE_CURVE('',#211,#562,#564,.T.);
#562 = VERTEX_POINT('',#563);
#563 = CARTESIAN_POINT('',(6.985,-13.462,2.157));
#564 = LINE('',#565,#566);
#565 = CARTESIAN_POINT('',(6.985,-13.462,2.157));
#566 = VECTOR('',#567,1.);
#567 = DIRECTION('',(0.,0.,1.));
#568 = ORIENTED_EDGE('',*,*,#569,.F.);
#569 = EDGE_CURVE('',#553,#562,#570,.T.);
#570 = LINE('',#571,#572);
#571 = CARTESIAN_POINT('',(6.985,-17.145,2.157));
#572 = VECTOR('',#573,1.);
#573 = DIRECTION('',(-4.440892098501E-16,1.,0.));
#574 = PLANE('',#575);
#575 = AXIS2_PLACEMENT_3D('',#576,#577,#578);
#576 = CARTESIAN_POINT('',(6.985,-17.145,2.157));
#577 = DIRECTION('',(1.,4.440892098501E-16,0.));
#578 = DIRECTION('',(-4.440892098501E-16,1.,0.));
#579 = ADVANCED_FACE('',(#580),#605,.T.);
#580 = FACE_BOUND('',#581,.T.);
#581 = EDGE_LOOP('',(#582,#590,#591,#599));
#582 = ORIENTED_EDGE('',*,*,#583,.F.);
#583 = EDGE_CURVE('',#139,#584,#586,.T.);
#584 = VERTEX_POINT('',#585);
#585 = CARTESIAN_POINT('',(6.985,-1.778,2.157));
#586 = LINE('',#587,#588);
#587 = CARTESIAN_POINT('',(6.985,-1.778,2.157));
#588 = VECTOR('',#589,1.);
#589 = DIRECTION('',(0.,0.,1.));
#590 = ORIENTED_EDGE('',*,*,#138,.T.);
#591 = ORIENTED_EDGE('',*,*,#592,.F.);
#592 = EDGE_CURVE('',#593,#131,#595,.T.);
#593 = VERTEX_POINT('',#594);
#594 = CARTESIAN_POINT('',(6.985,-0.762,2.157));
#595 = LINE('',#596,#597);
#596 = CARTESIAN_POINT('',(6.985,-0.762,1.0785));
#597 = VECTOR('',#598,1.);
#598 = DIRECTION('',(0.,0.,-1.));
#599 = ORIENTED_EDGE('',*,*,#600,.F.);
#600 = EDGE_CURVE('',#584,#593,#601,.T.);
#601 = LINE('',#602,#603);
#602 = CARTESIAN_POINT('',(6.985,-17.145,2.157));
#603 = VECTOR('',#604,1.);
#604 = DIRECTION('',(-4.440892098501E-16,1.,0.));
#605 = PLANE('',#606);
#606 = AXIS2_PLACEMENT_3D('',#607,#608,#609);
#607 = CARTESIAN_POINT('',(6.985,-17.145,2.157));
#608 = DIRECTION('',(1.,4.440892098501E-16,0.));
#609 = DIRECTION('',(-4.440892098501E-16,1.,0.));
#610 = ADVANCED_FACE('',(#611),#636,.F.);
#611 = FACE_BOUND('',#612,.F.);
#612 = EDGE_LOOP('',(#613,#621,#622,#630));
#613 = ORIENTED_EDGE('',*,*,#614,.F.);
#614 = EDGE_CURVE('',#203,#615,#617,.T.);
#615 = VERTEX_POINT('',#616);
#616 = CARTESIAN_POINT('',(7.366,-11.938,1.903));
#617 = LINE('',#618,#619);
#618 = CARTESIAN_POINT('',(3.683,-11.938,1.903));
#619 = VECTOR('',#620,1.);
#620 = DIRECTION('',(1.,3.216245299353E-16,0.));
#621 = ORIENTED_EDGE('',*,*,#210,.F.);
#622 = ORIENTED_EDGE('',*,*,#623,.F.);
#623 = EDGE_CURVE('',#624,#211,#626,.T.);
#624 = VERTEX_POINT('',#625);
#625 = CARTESIAN_POINT('',(7.366,-13.462,1.903));
#626 = LINE('',#627,#628);
#627 = CARTESIAN_POINT('',(7.62,-13.462,1.903));
#628 = VECTOR('',#629,1.);
#629 = DIRECTION('',(-1.,-3.216245299353E-16,0.));
#630 = ORIENTED_EDGE('',*,*,#631,.T.);
#631 = EDGE_CURVE('',#624,#615,#632,.T.);
#632 = LINE('',#633,#634);
#633 = CARTESIAN_POINT('',(7.366,-13.462,1.903));
#634 = VECTOR('',#635,1.);
#635 = DIRECTION('',(-3.216245299353E-16,1.,0.));
#636 = PLANE('',#637);
#637 = AXIS2_PLACEMENT_3D('',#638,#639,#640);
#638 = CARTESIAN_POINT('',(0.254,-11.938,1.903));
#639 = DIRECTION('',(0.,0.,1.));
#640 = DIRECTION('',(-4.440892098501E-16,1.,0.));
#641 = ADVANCED_FACE('',(#642),#667,.F.);
#642 = FACE_BOUND('',#643,.F.);
#643 = EDGE_LOOP('',(#644,#652,#653,#661));
#644 = ORIENTED_EDGE('',*,*,#645,.F.);
#645 = EDGE_CURVE('',#139,#646,#648,.T.);
#646 = VERTEX_POINT('',#647);
#647 = CARTESIAN_POINT('',(7.366,-1.778,1.903));
#648 = LINE('',#649,#650);
#649 = CARTESIAN_POINT('',(3.683,-1.778,1.903));
#650 = VECTOR('',#651,1.);
#651 = DIRECTION('',(1.,3.216245299353E-16,0.));
#652 = ORIENTED_EDGE('',*,*,#146,.F.);
#653 = ORIENTED_EDGE('',*,*,#654,.F.);
#654 = EDGE_CURVE('',#655,#147,#657,.T.);
#655 = VERTEX_POINT('',#656);
#656 = CARTESIAN_POINT('',(7.366,-3.302,1.903));
#657 = LINE('',#658,#659);
#658 = CARTESIAN_POINT('',(7.62,-3.302,1.903));
#659 = VECTOR('',#660,1.);
#660 = DIRECTION('',(-1.,-3.216245299353E-16,0.));
#661 = ORIENTED_EDGE('',*,*,#662,.T.);
#662 = EDGE_CURVE('',#655,#646,#663,.T.);
#663 = LINE('',#664,#665);
#664 = CARTESIAN_POINT('',(7.366,-3.302,1.903));
#665 = VECTOR('',#666,1.);
#666 = DIRECTION('',(-3.216245299353E-16,1.,0.));
#667 = PLANE('',#668);
#668 = AXIS2_PLACEMENT_3D('',#669,#670,#671);
#669 = CARTESIAN_POINT('',(0.254,-1.778,1.903));
#670 = DIRECTION('',(0.,0.,1.));
#671 = DIRECTION('',(-4.440892098501E-16,1.,0.));
#672 = ADVANCED_FACE('',(#673),#698,.T.);
#673 = FACE_BOUND('',#674,.T.);
#674 = EDGE_LOOP('',(#675,#683,#684,#692));
#675 = ORIENTED_EDGE('',*,*,#676,.F.);
#676 = EDGE_CURVE('',#203,#677,#679,.T.);
#677 = VERTEX_POINT('',#678);
#678 = CARTESIAN_POINT('',(6.985,-11.938,2.157));
#679 = LINE('',#680,#681);
#680 = CARTESIAN_POINT('',(6.985,-11.938,2.157));
#681 = VECTOR('',#682,1.);
#682 = DIRECTION('',(0.,0.,1.));
#683 = ORIENTED_EDGE('',*,*,#202,.T.);
#684 = ORIENTED_EDGE('',*,*,#685,.T.);
#685 = EDGE_CURVE('',#195,#686,#688,.T.);
#686 = VERTEX_POINT('',#687);
#687 = CARTESIAN_POINT('',(6.985,-10.922,2.157));
#688 = LINE('',#689,#690);
#689 = CARTESIAN_POINT('',(6.985,-10.922,2.157));
#690 = VECTOR('',#691,1.);
#691 = DIRECTION('',(0.,0.,1.));
#692 = ORIENTED_EDGE('',*,*,#693,.F.);
#693 = EDGE_CURVE('',#677,#686,#694,.T.);
#694 = LINE('',#695,#696);
#695 = CARTESIAN_POINT('',(6.985,-17.145,2.157));
#696 = VECTOR('',#697,1.);
#697 = DIRECTION('',(-4.440892098501E-16,1.,0.));
#698 = PLANE('',#699);
#699 = AXIS2_PLACEMENT_3D('',#700,#701,#702);
#700 = CARTESIAN_POINT('',(6.985,-17.145,2.157));
#701 = DIRECTION('',(1.,4.440892098501E-16,0.));
#702 = DIRECTION('',(-4.440892098501E-16,1.,0.));
#703 = ADVANCED_FACE('',(#704),#729,.T.);
#704 = FACE_BOUND('',#705,.T.);
#705 = EDGE_LOOP('',(#706,#714,#715,#723));
#706 = ORIENTED_EDGE('',*,*,#707,.F.);
#707 = EDGE_CURVE('',#155,#708,#710,.T.);
#708 = VERTEX_POINT('',#709);
#709 = CARTESIAN_POINT('',(6.985,-4.318,2.157));
#710 = LINE('',#711,#712);
#711 = CARTESIAN_POINT('',(6.985,-4.318,2.157));
#712 = VECTOR('',#713,1.);
#713 = DIRECTION('',(0.,0.,1.));
#714 = ORIENTED_EDGE('',*,*,#154,.T.);
#715 = ORIENTED_EDGE('',*,*,#716,.T.);
#716 = EDGE_CURVE('',#147,#717,#719,.T.);
#717 = VERTEX_POINT('',#718);
#718 = CARTESIAN_POINT('',(6.985,-3.302,2.157));
#719 = LINE('',#720,#721);
#720 = CARTESIAN_POINT('',(6.985,-3.302,2.157));
#721 = VECTOR('',#722,1.);
#722 = DIRECTION('',(0.,0.,1.));
#723 = ORIENTED_EDGE('',*,*,#724,.F.);
#724 = EDGE_CURVE('',#708,#717,#725,.T.);
#725 = LINE('',#726,#727);
#726 = CARTESIAN_POINT('',(6.985,-17.145,2.157));
#727 = VECTOR('',#728,1.);
#728 = DIRECTION('',(-4.440892098501E-16,1.,0.));
#729 = PLANE('',#730);
#730 = AXIS2_PLACEMENT_3D('',#731,#732,#733);
#731 = CARTESIAN_POINT('',(6.985,-17.145,2.157));
#732 = DIRECTION('',(1.,4.440892098501E-16,0.));
#733 = DIRECTION('',(-4.440892098501E-16,1.,0.));
#734 = ADVANCED_FACE('',(#735),#760,.F.);
#735 = FACE_BOUND('',#736,.F.);
#736 = EDGE_LOOP('',(#737,#745,#746,#754));
#737 = ORIENTED_EDGE('',*,*,#738,.F.);
#738 = EDGE_CURVE('',#187,#739,#741,.T.);
#739 = VERTEX_POINT('',#740);
#740 = CARTESIAN_POINT('',(7.366,-9.398,1.903));
#741 = LINE('',#742,#743);
#742 = CARTESIAN_POINT('',(3.683,-9.398,1.903));
#743 = VECTOR('',#744,1.);
#744 = DIRECTION('',(1.,3.216245299353E-16,0.));
#745 = ORIENTED_EDGE('',*,*,#194,.F.);
#746 = ORIENTED_EDGE('',*,*,#747,.F.);
#747 = EDGE_CURVE('',#748,#195,#750,.T.);
#748 = VERTEX_POINT('',#749);
#749 = CARTESIAN_POINT('',(7.366,-10.922,1.903));
#750 = LINE('',#751,#752);
#751 = CARTESIAN_POINT('',(7.62,-10.922,1.903));
#752 = VECTOR('',#753,1.);
#753 = DIRECTION('',(-1.,-3.216245299353E-16,0.));
#754 = ORIENTED_EDGE('',*,*,#755,.T.);
#755 = EDGE_CURVE('',#748,#739,#756,.T.);
#756 = LINE('',#757,#758);
#757 = CARTESIAN_POINT('',(7.366,-10.922,1.903));
#758 = VECTOR('',#759,1.);
#759 = DIRECTION('',(-3.216245299353E-16,1.,0.));
#760 = PLANE('',#761);
#761 = AXIS2_PLACEMENT_3D('',#762,#763,#764);
#762 = CARTESIAN_POINT('',(0.254,-9.398,1.903));
#763 = DIRECTION('',(0.,0.,1.));
#764 = DIRECTION('',(-4.440892098501E-16,1.,0.));
#765 = ADVANCED_FACE('',(#766),#791,.F.);
#766 = FACE_BOUND('',#767,.F.);
#767 = EDGE_LOOP('',(#768,#776,#777,#785));
#768 = ORIENTED_EDGE('',*,*,#769,.F.);
#769 = EDGE_CURVE('',#155,#770,#772,.T.);
#770 = VERTEX_POINT('',#771);
#771 = CARTESIAN_POINT('',(7.366,-4.318,1.903));
#772 = LINE('',#773,#774);
#773 = CARTESIAN_POINT('',(3.683,-4.318,1.903));
#774 = VECTOR('',#775,1.);
#775 = DIRECTION('',(1.,3.216245299353E-16,0.));
#776 = ORIENTED_EDGE('',*,*,#162,.F.);
#777 = ORIENTED_EDGE('',*,*,#778,.F.);
#778 = EDGE_CURVE('',#779,#163,#781,.T.);
#779 = VERTEX_POINT('',#780);
#780 = CARTESIAN_POINT('',(7.366,-5.842,1.903));
#781 = LINE('',#782,#783);
#782 = CARTESIAN_POINT('',(7.62,-5.842,1.903));
#783 = VECTOR('',#784,1.);
#784 = DIRECTION('',(-1.,-3.216245299353E-16,0.));
#785 = ORIENTED_EDGE('',*,*,#786,.T.);
#786 = EDGE_CURVE('',#779,#770,#787,.T.);
#787 = LINE('',#788,#789);
#788 = CARTESIAN_POINT('',(7.366,-5.842,1.903));
#789 = VECTOR('',#790,1.);
#790 = DIRECTION('',(-3.216245299353E-16,1.,0.));
#791 = PLANE('',#792);
#792 = AXIS2_PLACEMENT_3D('',#793,#794,#795);
#793 = CARTESIAN_POINT('',(0.254,-4.318,1.903));
#794 = DIRECTION('',(0.,0.,1.));
#795 = DIRECTION('',(-4.440892098501E-16,1.,0.));
#796 = ADVANCED_FACE('',(#797),#822,.T.);
#797 = FACE_BOUND('',#798,.T.);
#798 = EDGE_LOOP('',(#799,#807,#808,#816));
#799 = ORIENTED_EDGE('',*,*,#800,.F.);
#800 = EDGE_CURVE('',#187,#801,#803,.T.);
#801 = VERTEX_POINT('',#802);
#802 = CARTESIAN_POINT('',(6.985,-9.398,2.157));
#803 = LINE('',#804,#805);
#804 = CARTESIAN_POINT('',(6.985,-9.398,2.157));
#805 = VECTOR('',#806,1.);
#806 = DIRECTION('',(0.,0.,1.));
#807 = ORIENTED_EDGE('',*,*,#186,.T.);
#808 = ORIENTED_EDGE('',*,*,#809,.T.);
#809 = EDGE_CURVE('',#179,#810,#812,.T.);
#810 = VERTEX_POINT('',#811);
#811 = CARTESIAN_POINT('',(6.985,-8.382,2.157));
#812 = LINE('',#813,#814);
#813 = CARTESIAN_POINT('',(6.985,-8.382,2.157));
#814 = VECTOR('',#815,1.);
#815 = DIRECTION('',(0.,0.,1.));
#816 = ORIENTED_EDGE('',*,*,#817,.F.);
#817 = EDGE_CURVE('',#801,#810,#818,.T.);
#818 = LINE('',#819,#820);
#819 = CARTESIAN_POINT('',(6.985,-17.145,2.157));
#820 = VECTOR('',#821,1.);
#821 = DIRECTION('',(-4.440892098501E-16,1.,0.));
#822 = PLANE('',#823);
#823 = AXIS2_PLACEMENT_3D('',#824,#825,#826);
#824 = CARTESIAN_POINT('',(6.985,-17.145,2.157));
#825 = DIRECTION('',(1.,4.440892098501E-16,0.));
#826 = DIRECTION('',(-4.440892098501E-16,1.,0.));
#827 = ADVANCED_FACE('',(#828),#853,.T.);
#828 = FACE_BOUND('',#829,.T.);
#829 = EDGE_LOOP('',(#830,#838,#839,#847));
#830 = ORIENTED_EDGE('',*,*,#831,.F.);
#831 = EDGE_CURVE('',#171,#832,#834,.T.);
#832 = VERTEX_POINT('',#833);
#833 = CARTESIAN_POINT('',(6.985,-6.858,2.157));
#834 = LINE('',#835,#836);
#835 = CARTESIAN_POINT('',(6.985,-6.858,2.157));
#836 = VECTOR('',#837,1.);
#837 = DIRECTION('',(0.,0.,1.));
#838 = ORIENTED_EDGE('',*,*,#170,.T.);
#839 = ORIENTED_EDGE('',*,*,#840,.T.);
#840 = EDGE_CURVE('',#163,#841,#843,.T.);
#841 = VERTEX_POINT('',#842);
#842 = CARTESIAN_POINT('',(6.985,-5.842,2.157));
#843 = LINE('',#844,#845);
#844 = CARTESIAN_POINT('',(6.985,-5.842,2.157));
#845 = VECTOR('',#846,1.);
#846 = DIRECTION('',(0.,0.,1.));
#847 = ORIENTED_EDGE('',*,*,#848,.F.);
#848 = EDGE_CURVE('',#832,#841,#849,.T.);
#849 = LINE('',#850,#851);
#850 = CARTESIAN_POINT('',(6.985,-17.145,2.157));
#851 = VECTOR('',#852,1.);
#852 = DIRECTION('',(-4.440892098501E-16,1.,0.));
#853 = PLANE('',#854);
#854 = AXIS2_PLACEMENT_3D('',#855,#856,#857);
#855 = CARTESIAN_POINT('',(6.985,-17.145,2.157));
#856 = DIRECTION('',(1.,4.440892098501E-16,0.));
#857 = DIRECTION('',(-4.440892098501E-16,1.,0.));
#858 = ADVANCED_FACE('',(#859),#884,.F.);
#859 = FACE_BOUND('',#860,.F.);
#860 = EDGE_LOOP('',(#861,#869,#870,#878));
#861 = ORIENTED_EDGE('',*,*,#862,.F.);
#862 = EDGE_CURVE('',#171,#863,#865,.T.);
#863 = VERTEX_POINT('',#864);
#864 = CARTESIAN_POINT('',(7.366,-6.858,1.903));
#865 = LINE('',#866,#867);
#866 = CARTESIAN_POINT('',(3.683,-6.858,1.903));
#867 = VECTOR('',#868,1.);
#868 = DIRECTION('',(1.,3.216245299353E-16,0.));
#869 = ORIENTED_EDGE('',*,*,#178,.F.);
#870 = ORIENTED_EDGE('',*,*,#871,.F.);
#871 = EDGE_CURVE('',#872,#179,#874,.T.);
#872 = VERTEX_POINT('',#873);
#873 = CARTESIAN_POINT('',(7.366,-8.382,1.903));
#874 = LINE('',#875,#876);
#875 = CARTESIAN_POINT('',(7.62,-8.382,1.903));
#876 = VECTOR('',#877,1.);
#877 = DIRECTION('',(-1.,-3.216245299353E-16,0.));
#878 = ORIENTED_EDGE('',*,*,#879,.T.);
#879 = EDGE_CURVE('',#872,#863,#880,.T.);
#880 = LINE('',#881,#882);
#881 = CARTESIAN_POINT('',(7.366,-8.382,1.903));
#882 = VECTOR('',#883,1.);
#883 = DIRECTION('',(-3.216245299353E-16,1.,0.));
#884 = PLANE('',#885);
#885 = AXIS2_PLACEMENT_3D('',#886,#887,#888);
#886 = CARTESIAN_POINT('',(0.254,-6.858,1.903));
#887 = DIRECTION('',(0.,0.,1.));
#888 = DIRECTION('',(-4.440892098501E-16,1.,0.));
#889 = ADVANCED_FACE('',(#890),#907,.T.);
#890 = FACE_BOUND('',#891,.T.);
#891 = EDGE_LOOP('',(#892,#893,#900,#906));
#892 = ORIENTED_EDGE('',*,*,#263,.T.);
#893 = ORIENTED_EDGE('',*,*,#894,.T.);
#894 = EDGE_CURVE('',#257,#895,#897,.T.);
#895 = VERTEX_POINT('',#896);
#896 = CARTESIAN_POINT('',(0.635,1.905,2.157));
#897 = B_SPLINE_CURVE_WITH_KNOTS('',1,(#898,#899),.UNSPECIFIED.,.F.,.F.,
  (2,2),(0.,1.),.PIECEWISE_BEZIER_KNOTS.);
#898 = CARTESIAN_POINT('',(0.635,1.905,1.903));
#899 = CARTESIAN_POINT('',(0.635,1.905,2.157));
#900 = ORIENTED_EDGE('',*,*,#901,.F.);
#901 = EDGE_CURVE('',#470,#895,#902,.T.);
#902 = LINE('',#903,#904);
#903 = CARTESIAN_POINT('',(6.985,1.905,2.157));
#904 = VECTOR('',#905,1.);
#905 = DIRECTION('',(-1.,-4.440892098501E-16,0.));
#906 = ORIENTED_EDGE('',*,*,#469,.F.);
#907 = PLANE('',#908);
#908 = AXIS2_PLACEMENT_3D('',#909,#910,#911);
#909 = CARTESIAN_POINT('',(6.985,1.905,2.157));
#910 = DIRECTION('',(-4.440892098501E-16,1.,0.));
#911 = DIRECTION('',(-1.,-4.440892098501E-16,0.));
#912 = ADVANCED_FACE('',(#913),#931,.T.);
#913 = FACE_BOUND('',#914,.T.);
#914 = EDGE_LOOP('',(#915,#916,#917,#925));
#915 = ORIENTED_EDGE('',*,*,#894,.F.);
#916 = ORIENTED_EDGE('',*,*,#398,.T.);
#917 = ORIENTED_EDGE('',*,*,#918,.T.);
#918 = EDGE_CURVE('',#391,#919,#921,.T.);
#919 = VERTEX_POINT('',#920);
#920 = CARTESIAN_POINT('',(0.635,0.2285,2.157));
#921 = LINE('',#922,#923);
#922 = CARTESIAN_POINT('',(0.635,0.2285,2.157));
#923 = VECTOR('',#924,1.);
#924 = DIRECTION('',(0.,0.,1.));
#925 = ORIENTED_EDGE('',*,*,#926,.F.);
#926 = EDGE_CURVE('',#895,#919,#927,.T.);
#927 = LINE('',#928,#929);
#928 = CARTESIAN_POINT('',(0.635,1.905,2.157));
#929 = VECTOR('',#930,1.);
#930 = DIRECTION('',(4.440892098501E-16,-1.,0.));
#931 = PLANE('',#932);
#932 = AXIS2_PLACEMENT_3D('',#933,#934,#935);
#933 = CARTESIAN_POINT('',(0.635,1.905,2.157));
#934 = DIRECTION('',(-1.,-4.440892098501E-16,0.));
#935 = DIRECTION('',(4.440892098501E-16,-1.,0.));
#936 = ADVANCED_FACE('',(#937),#961,.T.);
#937 = FACE_BOUND('',#938,.T.);
#938 = EDGE_LOOP('',(#939,#947,#948,#955));
#939 = ORIENTED_EDGE('',*,*,#940,.T.);
#940 = EDGE_CURVE('',#941,#287,#943,.T.);
#941 = VERTEX_POINT('',#942);
#942 = CARTESIAN_POINT('',(0.635,-15.4685,2.157));
#943 = LINE('',#944,#945);
#944 = CARTESIAN_POINT('',(0.635,-15.4685,1.9665));
#945 = VECTOR('',#946,1.);
#946 = DIRECTION('',(0.,0.,-1.));
#947 = ORIENTED_EDGE('',*,*,#286,.T.);
#948 = ORIENTED_EDGE('',*,*,#949,.T.);
#949 = EDGE_CURVE('',#280,#950,#952,.T.);
#950 = VERTEX_POINT('',#951);
#951 = CARTESIAN_POINT('',(0.635,-17.145,2.157));
#952 = B_SPLINE_CURVE_WITH_KNOTS('',1,(#953,#954),.UNSPECIFIED.,.F.,.F.,
  (2,2),(0.,1.),.PIECEWISE_BEZIER_KNOTS.);
#953 = CARTESIAN_POINT('',(0.635,-17.145,1.903));
#954 = CARTESIAN_POINT('',(0.635,-17.145,2.157));
#955 = ORIENTED_EDGE('',*,*,#956,.F.);
#956 = EDGE_CURVE('',#941,#950,#957,.T.);
#957 = LINE('',#958,#959);
#958 = CARTESIAN_POINT('',(0.635,1.905,2.157));
#959 = VECTOR('',#960,1.);
#960 = DIRECTION('',(4.440892098501E-16,-1.,0.));
#961 = PLANE('',#962);
#962 = AXIS2_PLACEMENT_3D('',#963,#964,#965);
#963 = CARTESIAN_POINT('',(0.635,1.905,2.157));
#964 = DIRECTION('',(-1.,-4.440892098501E-16,0.));
#965 = DIRECTION('',(4.440892098501E-16,-1.,0.));
#966 = ADVANCED_FACE('',(#967),#992,.F.);
#967 = FACE_BOUND('',#968,.F.);
#968 = EDGE_LOOP('',(#969,#977,#985,#991));
#969 = ORIENTED_EDGE('',*,*,#970,.F.);
#970 = EDGE_CURVE('',#971,#391,#973,.T.);
#971 = VERTEX_POINT('',#972);
#972 = CARTESIAN_POINT('',(0.254,0.2285,1.903));
#973 = LINE('',#974,#975);
#974 = CARTESIAN_POINT('',(-0.127,0.2285,1.903));
#975 = VECTOR('',#976,1.);
#976 = DIRECTION('',(1.,4.440892098501E-16,0.));
#977 = ORIENTED_EDGE('',*,*,#978,.T.);
#978 = EDGE_CURVE('',#971,#979,#981,.T.);
#979 = VERTEX_POINT('',#980);
#980 = CARTESIAN_POINT('',(0.254,-0.762,1.903));
#981 = LINE('',#982,#983);
#982 = CARTESIAN_POINT('',(0.254,0.2285,1.903));
#983 = VECTOR('',#984,1.);
#984 = DIRECTION('',(4.440892098501E-16,-1.,0.));
#985 = ORIENTED_EDGE('',*,*,#986,.F.);
#986 = EDGE_CURVE('',#383,#979,#987,.T.);
#987 = LINE('',#988,#989);
#988 = CARTESIAN_POINT('',(3.81,-0.762,1.903));
#989 = VECTOR('',#990,1.);
#990 = DIRECTION('',(-1.,-4.440892098501E-16,0.));
#991 = ORIENTED_EDGE('',*,*,#390,.F.);
#992 = PLANE('',#993);
#993 = AXIS2_PLACEMENT_3D('',#994,#995,#996);
#994 = CARTESIAN_POINT('',(0.254,0.2285,1.903));
#995 = DIRECTION('',(0.,0.,1.));
#996 = DIRECTION('',(-4.440892098501E-16,1.,0.));
#997 = ADVANCED_FACE('',(#998),#1023,.F.);
#998 = FACE_BOUND('',#999,.F.);
#999 = EDGE_LOOP('',(#1000,#1008,#1016,#1022));
#1000 = ORIENTED_EDGE('',*,*,#1001,.F.);
#1001 = EDGE_CURVE('',#1002,#295,#1004,.T.);
#1002 = VERTEX_POINT('',#1003);
#1003 = CARTESIAN_POINT('',(0.254,-14.478,1.903));
#1004 = LINE('',#1005,#1006);
#1005 = CARTESIAN_POINT('',(-0.127,-14.478,1.903));
#1006 = VECTOR('',#1007,1.);
#1007 = DIRECTION('',(1.,4.440892098501E-16,0.));
#1008 = ORIENTED_EDGE('',*,*,#1009,.F.);
#1009 = EDGE_CURVE('',#1010,#1002,#1012,.T.);
#1010 = VERTEX_POINT('',#1011);
#1011 = CARTESIAN_POINT('',(0.254,-15.4685,1.903));
#1012 = LINE('',#1013,#1014);
#1013 = CARTESIAN_POINT('',(0.254,-15.4685,1.903));
#1014 = VECTOR('',#1015,1.);
#1015 = DIRECTION('',(-4.440892098501E-16,1.,0.));
#1016 = ORIENTED_EDGE('',*,*,#1017,.F.);
#1017 = EDGE_CURVE('',#287,#1010,#1018,.T.);
#1018 = LINE('',#1019,#1020);
#1019 = CARTESIAN_POINT('',(3.81,-15.4685,1.903));
#1020 = VECTOR('',#1021,1.);
#1021 = DIRECTION('',(-1.,-4.440892098501E-16,0.));
#1022 = ORIENTED_EDGE('',*,*,#294,.F.);
#1023 = PLANE('',#1024);
#1024 = AXIS2_PLACEMENT_3D('',#1025,#1026,#1027);
#1025 = CARTESIAN_POINT('',(0.254,-14.478,1.903));
#1026 = DIRECTION('',(0.,0.,1.));
#1027 = DIRECTION('',(-4.440892098501E-16,1.,0.));
#1028 = ADVANCED_FACE('',(#1029),#1054,.T.);
#1029 = FACE_BOUND('',#1030,.T.);
#1030 = EDGE_LOOP('',(#1031,#1039,#1040,#1048));
#1031 = ORIENTED_EDGE('',*,*,#1032,.F.);
#1032 = EDGE_CURVE('',#383,#1033,#1035,.T.);
#1033 = VERTEX_POINT('',#1034);
#1034 = CARTESIAN_POINT('',(0.635,-0.762,2.157));
#1035 = LINE('',#1036,#1037);
#1036 = CARTESIAN_POINT('',(0.635,-0.762,1.0785));
#1037 = VECTOR('',#1038,1.);
#1038 = DIRECTION('',(0.,0.,1.));
#1039 = ORIENTED_EDGE('',*,*,#382,.T.);
#1040 = ORIENTED_EDGE('',*,*,#1041,.F.);
#1041 = EDGE_CURVE('',#1042,#375,#1044,.T.);
#1042 = VERTEX_POINT('',#1043);
#1043 = CARTESIAN_POINT('',(0.635,-1.778,2.157));
#1044 = LINE('',#1045,#1046);
#1045 = CARTESIAN_POINT('',(0.635,-1.778,2.157));
#1046 = VECTOR('',#1047,1.);
#1047 = DIRECTION('',(0.,0.,-1.));
#1048 = ORIENTED_EDGE('',*,*,#1049,.F.);
#1049 = EDGE_CURVE('',#1033,#1042,#1050,.T.);
#1050 = LINE('',#1051,#1052);
#1051 = CARTESIAN_POINT('',(0.635,1.905,2.157));
#1052 = VECTOR('',#1053,1.);
#1053 = DIRECTION('',(4.440892098501E-16,-1.,0.));
#1054 = PLANE('',#1055);
#1055 = AXIS2_PLACEMENT_3D('',#1056,#1057,#1058);
#1056 = CARTESIAN_POINT('',(0.635,1.905,2.157));
#1057 = DIRECTION('',(-1.,-4.440892098501E-16,0.));
#1058 = DIRECTION('',(4.440892098501E-16,-1.,0.));
#1059 = ADVANCED_FACE('',(#1060),#1085,.T.);
#1060 = FACE_BOUND('',#1061,.T.);
#1061 = EDGE_LOOP('',(#1062,#1070,#1071,#1079));
#1062 = ORIENTED_EDGE('',*,*,#1063,.T.);
#1063 = EDGE_CURVE('',#1064,#303,#1066,.T.);
#1064 = VERTEX_POINT('',#1065);
#1065 = CARTESIAN_POINT('',(0.635,-13.462,2.157));
#1066 = LINE('',#1067,#1068);
#1067 = CARTESIAN_POINT('',(0.635,-13.462,2.157));
#1068 = VECTOR('',#1069,1.);
#1069 = DIRECTION('',(0.,0.,-1.));
#1070 = ORIENTED_EDGE('',*,*,#302,.T.);
#1071 = ORIENTED_EDGE('',*,*,#1072,.T.);
#1072 = EDGE_CURVE('',#295,#1073,#1075,.T.);
#1073 = VERTEX_POINT('',#1074);
#1074 = CARTESIAN_POINT('',(0.635,-14.478,2.157));
#1075 = LINE('',#1076,#1077);
#1076 = CARTESIAN_POINT('',(0.635,-14.478,2.157));
#1077 = VECTOR('',#1078,1.);
#1078 = DIRECTION('',(-7.727215166377E-30,1.740014167195E-14,1.));
#1079 = ORIENTED_EDGE('',*,*,#1080,.F.);
#1080 = EDGE_CURVE('',#1064,#1073,#1081,.T.);
#1081 = LINE('',#1082,#1083);
#1082 = CARTESIAN_POINT('',(0.635,1.905,2.157));
#1083 = VECTOR('',#1084,1.);
#1084 = DIRECTION('',(4.440892098501E-16,-1.,0.));
#1085 = PLANE('',#1086);
#1086 = AXIS2_PLACEMENT_3D('',#1087,#1088,#1089);
#1087 = CARTESIAN_POINT('',(0.635,1.905,2.157));
#1088 = DIRECTION('',(-1.,-4.440892098501E-16,0.));
#1089 = DIRECTION('',(4.440892098501E-16,-1.,0.));
#1090 = ADVANCED_FACE('',(#1091),#1116,.F.);
#1091 = FACE_BOUND('',#1092,.F.);
#1092 = EDGE_LOOP('',(#1093,#1101,#1109,#1115));
#1093 = ORIENTED_EDGE('',*,*,#1094,.F.);
#1094 = EDGE_CURVE('',#1095,#375,#1097,.T.);
#1095 = VERTEX_POINT('',#1096);
#1096 = CARTESIAN_POINT('',(0.254,-1.778,1.903));
#1097 = LINE('',#1098,#1099);
#1098 = CARTESIAN_POINT('',(-3.552713678801E-15,-1.778,1.903));
#1099 = VECTOR('',#1100,1.);
#1100 = DIRECTION('',(1.,4.440892098501E-16,0.));
#1101 = ORIENTED_EDGE('',*,*,#1102,.T.);
#1102 = EDGE_CURVE('',#1095,#1103,#1105,.T.);
#1103 = VERTEX_POINT('',#1104);
#1104 = CARTESIAN_POINT('',(0.254,-3.302,1.903));
#1105 = LINE('',#1106,#1107);
#1106 = CARTESIAN_POINT('',(0.254,-1.778,1.903));
#1107 = VECTOR('',#1108,1.);
#1108 = DIRECTION('',(4.440892098501E-16,-1.,0.));
#1109 = ORIENTED_EDGE('',*,*,#1110,.F.);
#1110 = EDGE_CURVE('',#367,#1103,#1111,.T.);
#1111 = LINE('',#1112,#1113);
#1112 = CARTESIAN_POINT('',(3.937,-3.302,1.903));
#1113 = VECTOR('',#1114,1.);
#1114 = DIRECTION('',(-1.,-4.440892098501E-16,0.));
#1115 = ORIENTED_EDGE('',*,*,#374,.F.);
#1116 = PLANE('',#1117);
#1117 = AXIS2_PLACEMENT_3D('',#1118,#1119,#1120);
#1118 = CARTESIAN_POINT('',(0.254,-1.778,1.903));
#1119 = DIRECTION('',(0.,0.,1.));
#1120 = DIRECTION('',(-4.440892098501E-16,1.,0.));
#1121 = ADVANCED_FACE('',(#1122),#1147,.F.);
#1122 = FACE_BOUND('',#1123,.F.);
#1123 = EDGE_LOOP('',(#1124,#1132,#1140,#1146));
#1124 = ORIENTED_EDGE('',*,*,#1125,.F.);
#1125 = EDGE_CURVE('',#1126,#311,#1128,.T.);
#1126 = VERTEX_POINT('',#1127);
#1127 = CARTESIAN_POINT('',(0.254,-11.938,1.903));
#1128 = LINE('',#1129,#1130);
#1129 = CARTESIAN_POINT('',(8.881784197001E-16,-11.938,1.903));
#1130 = VECTOR('',#1131,1.);
#1131 = DIRECTION('',(1.,4.440892098501E-16,0.));
#1132 = ORIENTED_EDGE('',*,*,#1133,.T.);
#1133 = EDGE_CURVE('',#1126,#1134,#1136,.T.);
#1134 = VERTEX_POINT('',#1135);
#1135 = CARTESIAN_POINT('',(0.254,-13.462,1.903));
#1136 = LINE('',#1137,#1138);
#1137 = CARTESIAN_POINT('',(0.254,-11.938,1.903));
#1138 = VECTOR('',#1139,1.);
#1139 = DIRECTION('',(4.440892098501E-16,-1.,0.));
#1140 = ORIENTED_EDGE('',*,*,#1141,.F.);
#1141 = EDGE_CURVE('',#303,#1134,#1142,.T.);
#1142 = LINE('',#1143,#1144);
#1143 = CARTESIAN_POINT('',(3.937,-13.462,1.903));
#1144 = VECTOR('',#1145,1.);
#1145 = DIRECTION('',(-1.,-4.440892098501E-16,0.));
#1146 = ORIENTED_EDGE('',*,*,#310,.F.);
#1147 = PLANE('',#1148);
#1148 = AXIS2_PLACEMENT_3D('',#1149,#1150,#1151);
#1149 = CARTESIAN_POINT('',(0.254,-11.938,1.903));
#1150 = DIRECTION('',(0.,0.,1.));
#1151 = DIRECTION('',(-4.440892098501E-16,1.,0.));
#1152 = ADVANCED_FACE('',(#1153),#1178,.T.);
#1153 = FACE_BOUND('',#1154,.T.);
#1154 = EDGE_LOOP('',(#1155,#1163,#1164,#1172));
#1155 = ORIENTED_EDGE('',*,*,#1156,.T.);
#1156 = EDGE_CURVE('',#1157,#367,#1159,.T.);
#1157 = VERTEX_POINT('',#1158);
#1158 = CARTESIAN_POINT('',(0.635,-3.302,2.157));
#1159 = LINE('',#1160,#1161);
#1160 = CARTESIAN_POINT('',(0.635,-3.302,2.157));
#1161 = VECTOR('',#1162,1.);
#1162 = DIRECTION('',(0.,0.,-1.));
#1163 = ORIENTED_EDGE('',*,*,#366,.T.);
#1164 = ORIENTED_EDGE('',*,*,#1165,.F.);
#1165 = EDGE_CURVE('',#1166,#359,#1168,.T.);
#1166 = VERTEX_POINT('',#1167);
#1167 = CARTESIAN_POINT('',(0.635,-4.318,2.157));
#1168 = LINE('',#1169,#1170);
#1169 = CARTESIAN_POINT('',(0.635,-4.318,2.157));
#1170 = VECTOR('',#1171,1.);
#1171 = DIRECTION('',(0.,0.,-1.));
#1172 = ORIENTED_EDGE('',*,*,#1173,.F.);
#1173 = EDGE_CURVE('',#1157,#1166,#1174,.T.);
#1174 = LINE('',#1175,#1176);
#1175 = CARTESIAN_POINT('',(0.635,1.905,2.157));
#1176 = VECTOR('',#1177,1.);
#1177 = DIRECTION('',(4.440892098501E-16,-1.,0.));
#1178 = PLANE('',#1179);
#1179 = AXIS2_PLACEMENT_3D('',#1180,#1181,#1182);
#1180 = CARTESIAN_POINT('',(0.635,1.905,2.157));
#1181 = DIRECTION('',(-1.,-4.440892098501E-16,0.));
#1182 = DIRECTION('',(4.440892098501E-16,-1.,0.));
#1183 = ADVANCED_FACE('',(#1184),#1209,.T.);
#1184 = FACE_BOUND('',#1185,.T.);
#1185 = EDGE_LOOP('',(#1186,#1194,#1195,#1203));
#1186 = ORIENTED_EDGE('',*,*,#1187,.T.);
#1187 = EDGE_CURVE('',#1188,#319,#1190,.T.);
#1188 = VERTEX_POINT('',#1189);
#1189 = CARTESIAN_POINT('',(0.635,-10.922,2.157));
#1190 = LINE('',#1191,#1192);
#1191 = CARTESIAN_POINT('',(0.635,-10.922,2.157));
#1192 = VECTOR('',#1193,1.);
#1193 = DIRECTION('',(0.,0.,-1.));
#1194 = ORIENTED_EDGE('',*,*,#318,.T.);
#1195 = ORIENTED_EDGE('',*,*,#1196,.F.);
#1196 = EDGE_CURVE('',#1197,#311,#1199,.T.);
#1197 = VERTEX_POINT('',#1198);
#1198 = CARTESIAN_POINT('',(0.635,-11.938,2.157));
#1199 = LINE('',#1200,#1201);
#1200 = CARTESIAN_POINT('',(0.635,-11.938,2.157));
#1201 = VECTOR('',#1202,1.);
#1202 = DIRECTION('',(0.,0.,-1.));
#1203 = ORIENTED_EDGE('',*,*,#1204,.F.);
#1204 = EDGE_CURVE('',#1188,#1197,#1205,.T.);
#1205 = LINE('',#1206,#1207);
#1206 = CARTESIAN_POINT('',(0.635,1.905,2.157));
#1207 = VECTOR('',#1208,1.);
#1208 = DIRECTION('',(4.440892098501E-16,-1.,0.));
#1209 = PLANE('',#1210);
#1210 = AXIS2_PLACEMENT_3D('',#1211,#1212,#1213);
#1211 = CARTESIAN_POINT('',(0.635,1.905,2.157));
#1212 = DIRECTION('',(-1.,-4.440892098501E-16,0.));
#1213 = DIRECTION('',(4.440892098501E-16,-1.,0.));
#1214 = ADVANCED_FACE('',(#1215),#1240,.F.);
#1215 = FACE_BOUND('',#1216,.F.);
#1216 = EDGE_LOOP('',(#1217,#1225,#1233,#1239));
#1217 = ORIENTED_EDGE('',*,*,#1218,.F.);
#1218 = EDGE_CURVE('',#1219,#359,#1221,.T.);
#1219 = VERTEX_POINT('',#1220);
#1220 = CARTESIAN_POINT('',(0.254,-4.318,1.903));
#1221 = LINE('',#1222,#1223);
#1222 = CARTESIAN_POINT('',(-2.22044604925E-15,-4.318,1.903));
#1223 = VECTOR('',#1224,1.);
#1224 = DIRECTION('',(1.,4.440892098501E-16,0.));
#1225 = ORIENTED_EDGE('',*,*,#1226,.T.);
#1226 = EDGE_CURVE('',#1219,#1227,#1229,.T.);
#1227 = VERTEX_POINT('',#1228);
#1228 = CARTESIAN_POINT('',(0.254,-5.842,1.903));
#1229 = LINE('',#1230,#1231);
#1230 = CARTESIAN_POINT('',(0.254,-4.318,1.903));
#1231 = VECTOR('',#1232,1.);
#1232 = DIRECTION('',(4.440892098501E-16,-1.,0.));
#1233 = ORIENTED_EDGE('',*,*,#1234,.F.);
#1234 = EDGE_CURVE('',#351,#1227,#1235,.T.);
#1235 = LINE('',#1236,#1237);
#1236 = CARTESIAN_POINT('',(3.937,-5.842,1.903));
#1237 = VECTOR('',#1238,1.);
#1238 = DIRECTION('',(-1.,-4.440892098501E-16,0.));
#1239 = ORIENTED_EDGE('',*,*,#358,.F.);
#1240 = PLANE('',#1241);
#1241 = AXIS2_PLACEMENT_3D('',#1242,#1243,#1244);
#1242 = CARTESIAN_POINT('',(0.254,-4.318,1.903));
#1243 = DIRECTION('',(0.,0.,1.));
#1244 = DIRECTION('',(-4.440892098501E-16,1.,0.));
#1245 = ADVANCED_FACE('',(#1246),#1271,.F.);
#1246 = FACE_BOUND('',#1247,.F.);
#1247 = EDGE_LOOP('',(#1248,#1256,#1264,#1270));
#1248 = ORIENTED_EDGE('',*,*,#1249,.F.);
#1249 = EDGE_CURVE('',#1250,#327,#1252,.T.);
#1250 = VERTEX_POINT('',#1251);
#1251 = CARTESIAN_POINT('',(0.254,-9.398,1.903));
#1252 = LINE('',#1253,#1254);
#1253 = CARTESIAN_POINT('',(0.,-9.398,1.903));
#1254 = VECTOR('',#1255,1.);
#1255 = DIRECTION('',(1.,4.440892098501E-16,0.));
#1256 = ORIENTED_EDGE('',*,*,#1257,.T.);
#1257 = EDGE_CURVE('',#1250,#1258,#1260,.T.);
#1258 = VERTEX_POINT('',#1259);
#1259 = CARTESIAN_POINT('',(0.254,-10.922,1.903));
#1260 = LINE('',#1261,#1262);
#1261 = CARTESIAN_POINT('',(0.254,-9.398,1.903));
#1262 = VECTOR('',#1263,1.);
#1263 = DIRECTION('',(4.440892098501E-16,-1.,0.));
#1264 = ORIENTED_EDGE('',*,*,#1265,.F.);
#1265 = EDGE_CURVE('',#319,#1258,#1266,.T.);
#1266 = LINE('',#1267,#1268);
#1267 = CARTESIAN_POINT('',(3.937,-10.922,1.903));
#1268 = VECTOR('',#1269,1.);
#1269 = DIRECTION('',(-1.,-4.440892098501E-16,0.));
#1270 = ORIENTED_EDGE('',*,*,#326,.F.);
#1271 = PLANE('',#1272);
#1272 = AXIS2_PLACEMENT_3D('',#1273,#1274,#1275);
#1273 = CARTESIAN_POINT('',(0.254,-9.398,1.903));
#1274 = DIRECTION('',(0.,0.,1.));
#1275 = DIRECTION('',(-4.440892098501E-16,1.,0.));
#1276 = ADVANCED_FACE('',(#1277),#1302,.T.);
#1277 = FACE_BOUND('',#1278,.T.);
#1278 = EDGE_LOOP('',(#1279,#1287,#1288,#1296));
#1279 = ORIENTED_EDGE('',*,*,#1280,.T.);
#1280 = EDGE_CURVE('',#1281,#351,#1283,.T.);
#1281 = VERTEX_POINT('',#1282);
#1282 = CARTESIAN_POINT('',(0.635,-5.842,2.157));
#1283 = LINE('',#1284,#1285);
#1284 = CARTESIAN_POINT('',(0.635,-5.842,2.157));
#1285 = VECTOR('',#1286,1.);
#1286 = DIRECTION('',(0.,0.,-1.));
#1287 = ORIENTED_EDGE('',*,*,#350,.T.);
#1288 = ORIENTED_EDGE('',*,*,#1289,.F.);
#1289 = EDGE_CURVE('',#1290,#343,#1292,.T.);
#1290 = VERTEX_POINT('',#1291);
#1291 = CARTESIAN_POINT('',(0.635,-6.858,2.157));
#1292 = LINE('',#1293,#1294);
#1293 = CARTESIAN_POINT('',(0.635,-6.858,2.157));
#1294 = VECTOR('',#1295,1.);
#1295 = DIRECTION('',(0.,0.,-1.));
#1296 = ORIENTED_EDGE('',*,*,#1297,.F.);
#1297 = EDGE_CURVE('',#1281,#1290,#1298,.T.);
#1298 = LINE('',#1299,#1300);
#1299 = CARTESIAN_POINT('',(0.635,1.905,2.157));
#1300 = VECTOR('',#1301,1.);
#1301 = DIRECTION('',(4.440892098501E-16,-1.,0.));
#1302 = PLANE('',#1303);
#1303 = AXIS2_PLACEMENT_3D('',#1304,#1305,#1306);
#1304 = CARTESIAN_POINT('',(0.635,1.905,2.157));
#1305 = DIRECTION('',(-1.,-4.440892098501E-16,0.));
#1306 = DIRECTION('',(4.440892098501E-16,-1.,0.));
#1307 = ADVANCED_FACE('',(#1308),#1333,.T.);
#1308 = FACE_BOUND('',#1309,.T.);
#1309 = EDGE_LOOP('',(#1310,#1318,#1319,#1327));
#1310 = ORIENTED_EDGE('',*,*,#1311,.T.);
#1311 = EDGE_CURVE('',#1312,#335,#1314,.T.);
#1312 = VERTEX_POINT('',#1313);
#1313 = CARTESIAN_POINT('',(0.635,-8.382,2.157));
#1314 = LINE('',#1315,#1316);
#1315 = CARTESIAN_POINT('',(0.635,-8.382,2.157));
#1316 = VECTOR('',#1317,1.);
#1317 = DIRECTION('',(0.,0.,-1.));
#1318 = ORIENTED_EDGE('',*,*,#334,.T.);
#1319 = ORIENTED_EDGE('',*,*,#1320,.F.);
#1320 = EDGE_CURVE('',#1321,#327,#1323,.T.);
#1321 = VERTEX_POINT('',#1322);
#1322 = CARTESIAN_POINT('',(0.635,-9.398,2.157));
#1323 = LINE('',#1324,#1325);
#1324 = CARTESIAN_POINT('',(0.635,-9.398,2.157));
#1325 = VECTOR('',#1326,1.);
#1326 = DIRECTION('',(0.,0.,-1.));
#1327 = ORIENTED_EDGE('',*,*,#1328,.F.);
#1328 = EDGE_CURVE('',#1312,#1321,#1329,.T.);
#1329 = LINE('',#1330,#1331);
#1330 = CARTESIAN_POINT('',(0.635,1.905,2.157));
#1331 = VECTOR('',#1332,1.);
#1332 = DIRECTION('',(4.440892098501E-16,-1.,0.));
#1333 = PLANE('',#1334);
#1334 = AXIS2_PLACEMENT_3D('',#1335,#1336,#1337);
#1335 = CARTESIAN_POINT('',(0.635,1.905,2.157));
#1336 = DIRECTION('',(-1.,-4.440892098501E-16,0.));
#1337 = DIRECTION('',(4.440892098501E-16,-1.,0.));
#1338 = ADVANCED_FACE('',(#1339),#1364,.F.);
#1339 = FACE_BOUND('',#1340,.F.);
#1340 = EDGE_LOOP('',(#1341,#1349,#1357,#1363));
#1341 = ORIENTED_EDGE('',*,*,#1342,.F.);
#1342 = EDGE_CURVE('',#1343,#343,#1345,.T.);
#1343 = VERTEX_POINT('',#1344);
#1344 = CARTESIAN_POINT('',(0.254,-6.858,1.903));
#1345 = LINE('',#1346,#1347);
#1346 = CARTESIAN_POINT('',(-1.33226762955E-15,-6.858,1.903));
#1347 = VECTOR('',#1348,1.);
#1348 = DIRECTION('',(1.,4.440892098501E-16,0.));
#1349 = ORIENTED_EDGE('',*,*,#1350,.T.);
#1350 = EDGE_CURVE('',#1343,#1351,#1353,.T.);
#1351 = VERTEX_POINT('',#1352);
#1352 = CARTESIAN_POINT('',(0.254,-8.382,1.903));
#1353 = LINE('',#1354,#1355);
#1354 = CARTESIAN_POINT('',(0.254,-6.858,1.903));
#1355 = VECTOR('',#1356,1.);
#1356 = DIRECTION('',(4.440892098501E-16,-1.,0.));
#1357 = ORIENTED_EDGE('',*,*,#1358,.F.);
#1358 = EDGE_CURVE('',#335,#1351,#1359,.T.);
#1359 = LINE('',#1360,#1361);
#1360 = CARTESIAN_POINT('',(3.937,-8.382,1.903));
#1361 = VECTOR('',#1362,1.);
#1362 = DIRECTION('',(-1.,-4.440892098501E-16,0.));
#1363 = ORIENTED_EDGE('',*,*,#342,.F.);
#1364 = PLANE('',#1365);
#1365 = AXIS2_PLACEMENT_3D('',#1366,#1367,#1368);
#1366 = CARTESIAN_POINT('',(0.254,-6.858,1.903));
#1367 = DIRECTION('',(0.,0.,1.));
#1368 = DIRECTION('',(-4.440892098501E-16,1.,0.));
#1369 = ADVANCED_FACE('',(#1370),#1381,.T.);
#1370 = FACE_BOUND('',#1371,.T.);
#1371 = EDGE_LOOP('',(#1372,#1373,#1374,#1380));
#1372 = ORIENTED_EDGE('',*,*,#415,.T.);
#1373 = ORIENTED_EDGE('',*,*,#430,.T.);
#1374 = ORIENTED_EDGE('',*,*,#1375,.F.);
#1375 = EDGE_CURVE('',#950,#431,#1376,.T.);
#1376 = LINE('',#1377,#1378);
#1377 = CARTESIAN_POINT('',(0.635,-17.145,2.157));
#1378 = VECTOR('',#1379,1.);
#1379 = DIRECTION('',(1.,4.440892098501E-16,0.));
#1380 = ORIENTED_EDGE('',*,*,#949,.F.);
#1381 = PLANE('',#1382);
#1382 = AXIS2_PLACEMENT_3D('',#1383,#1384,#1385);
#1383 = CARTESIAN_POINT('',(0.635,-17.145,2.157));
#1384 = DIRECTION('',(4.440892098501E-16,-1.,0.));
#1385 = DIRECTION('',(1.,4.440892098501E-16,0.));
#1386 = ADVANCED_FACE('',(#1387),#1411,.T.);
#1387 = FACE_BOUND('',#1388,.T.);
#1388 = EDGE_LOOP('',(#1389,#1396,#1397,#1405));
#1389 = ORIENTED_EDGE('',*,*,#1390,.F.);
#1390 = EDGE_CURVE('',#431,#1391,#1393,.T.);
#1391 = VERTEX_POINT('',#1392);
#1392 = CARTESIAN_POINT('',(6.91,-17.07,2.157));
#1393 = B_SPLINE_CURVE_WITH_KNOTS('',1,(#1394,#1395),.UNSPECIFIED.,.F.,
  .F.,(2,2),(0.,1.),.PIECEWISE_BEZIER_KNOTS.);
#1394 = CARTESIAN_POINT('',(6.985,-17.145,2.157));
#1395 = CARTESIAN_POINT('',(6.91,-17.07,2.157));
#1396 = ORIENTED_EDGE('',*,*,#446,.T.);
#1397 = ORIENTED_EDGE('',*,*,#1398,.T.);
#1398 = EDGE_CURVE('',#439,#1399,#1401,.T.);
#1399 = VERTEX_POINT('',#1400);
#1400 = CARTESIAN_POINT('',(6.91,-15.4685,2.157));
#1401 = LINE('',#1402,#1403);
#1402 = CARTESIAN_POINT('',(7.747,-15.4685,2.157));
#1403 = VECTOR('',#1404,1.);
#1404 = DIRECTION('',(-1.,-3.216245299353E-16,0.));
#1405 = ORIENTED_EDGE('',*,*,#1406,.F.);
#1406 = EDGE_CURVE('',#1391,#1399,#1407,.T.);
#1407 = LINE('',#1408,#1409);
#1408 = CARTESIAN_POINT('',(6.91,-17.07,2.157));
#1409 = VECTOR('',#1410,1.);
#1410 = DIRECTION('',(-4.440892098501E-16,1.,0.));
#1411 = B_SPLINE_SURFACE_WITH_KNOTS('',1,1,(
    (#1412,#1413)
    ,(#1414,#1415
    )),.UNSPECIFIED.,.F.,.F.,.F.,(2,2),(2,2),(0.,19.05),(0.,1.),
  .PIECEWISE_BEZIER_KNOTS.);
#1412 = CARTESIAN_POINT('',(6.985,-17.145,2.157));
#1413 = CARTESIAN_POINT('',(6.91,-17.07,2.157));
#1414 = CARTESIAN_POINT('',(6.985,1.905,2.157));
#1415 = CARTESIAN_POINT('',(6.91,1.83,2.157));
#1416 = ADVANCED_FACE('',(#1417),#1469,.F.);
#1417 = FACE_BOUND('',#1418,.F.);
#1418 = EDGE_LOOP('',(#1419,#1420,#1421,#1429,#1438,#1446,#1454,#1462));
#1419 = ORIENTED_EDGE('',*,*,#499,.T.);
#1420 = ORIENTED_EDGE('',*,*,#438,.T.);
#1421 = ORIENTED_EDGE('',*,*,#1422,.F.);
#1422 = EDGE_CURVE('',#1423,#439,#1425,.T.);
#1423 = VERTEX_POINT('',#1424);
#1424 = CARTESIAN_POINT('',(7.366,-15.4685,2.157));
#1425 = LINE('',#1426,#1427);
#1426 = CARTESIAN_POINT('',(7.747,-15.4685,2.157));
#1427 = VECTOR('',#1428,1.);
#1428 = DIRECTION('',(-1.,-3.216245299353E-16,0.));
#1429 = ORIENTED_EDGE('',*,*,#1430,.T.);
#1430 = EDGE_CURVE('',#1423,#1431,#1433,.T.);
#1431 = VERTEX_POINT('',#1432);
#1432 = CARTESIAN_POINT('',(7.747,-15.4685,1.776));
#1433 = CIRCLE('',#1434,0.381);
#1434 = AXIS2_PLACEMENT_3D('',#1435,#1436,#1437);
#1435 = CARTESIAN_POINT('',(7.366,-15.4685,1.776));
#1436 = DIRECTION('',(-3.216245299353E-16,1.,0.));
#1437 = DIRECTION('',(0.,0.,1.));
#1438 = ORIENTED_EDGE('',*,*,#1439,.T.);
#1439 = EDGE_CURVE('',#1431,#1440,#1442,.T.);
#1440 = VERTEX_POINT('',#1441);
#1441 = CARTESIAN_POINT('',(7.747,-15.4685,-2.843));
#1442 = LINE('',#1443,#1444);
#1443 = CARTESIAN_POINT('',(7.747,-15.4685,2.157));
#1444 = VECTOR('',#1445,1.);
#1445 = DIRECTION('',(0.,0.,-1.));
#1446 = ORIENTED_EDGE('',*,*,#1447,.T.);
#1447 = EDGE_CURVE('',#1440,#1448,#1450,.T.);
#1448 = VERTEX_POINT('',#1449);
#1449 = CARTESIAN_POINT('',(7.493,-15.4685,-2.843));
#1450 = LINE('',#1451,#1452);
#1451 = CARTESIAN_POINT('',(7.747,-15.4685,-2.843));
#1452 = VECTOR('',#1453,1.);
#1453 = DIRECTION('',(-1.,-3.216245299353E-16,0.));
#1454 = ORIENTED_EDGE('',*,*,#1455,.F.);
#1455 = EDGE_CURVE('',#1456,#1448,#1458,.T.);
#1456 = VERTEX_POINT('',#1457);
#1457 = CARTESIAN_POINT('',(7.493,-15.4685,1.776));
#1458 = LINE('',#1459,#1460);
#1459 = CARTESIAN_POINT('',(7.493,-15.4685,2.157));
#1460 = VECTOR('',#1461,1.);
#1461 = DIRECTION('',(0.,0.,-1.));
#1462 = ORIENTED_EDGE('',*,*,#1463,.T.);
#1463 = EDGE_CURVE('',#1456,#500,#1464,.T.);
#1464 = CIRCLE('',#1465,0.127);
#1465 = AXIS2_PLACEMENT_3D('',#1466,#1467,#1468);
#1466 = CARTESIAN_POINT('',(7.366,-15.4685,1.776));
#1467 = DIRECTION('',(3.216245299353E-16,-1.,0.));
#1468 = DIRECTION('',(0.,0.,-1.));
#1469 = PLANE('',#1470);
#1470 = AXIS2_PLACEMENT_3D('',#1471,#1472,#1473);
#1471 = CARTESIAN_POINT('',(-0.127,-15.4685,1.776));
#1472 = DIRECTION('',(-4.440892098501E-16,1.,0.));
#1473 = DIRECTION('',(0.,0.,1.));
#1474 = ADVANCED_FACE('',(#1475),#1527,.F.);
#1475 = FACE_BOUND('',#1476,.F.);
#1476 = EDGE_LOOP('',(#1477,#1478,#1479,#1488,#1496,#1504,#1512,#1521));
#1477 = ORIENTED_EDGE('',*,*,#460,.T.);
#1478 = ORIENTED_EDGE('',*,*,#521,.T.);
#1479 = ORIENTED_EDGE('',*,*,#1480,.F.);
#1480 = EDGE_CURVE('',#1481,#522,#1483,.T.);
#1481 = VERTEX_POINT('',#1482);
#1482 = CARTESIAN_POINT('',(7.493,0.2285,1.776));
#1483 = CIRCLE('',#1484,0.127);
#1484 = AXIS2_PLACEMENT_3D('',#1485,#1486,#1487);
#1485 = CARTESIAN_POINT('',(7.366,0.2285,1.776));
#1486 = DIRECTION('',(3.216245299353E-16,-1.,0.));
#1487 = DIRECTION('',(0.,0.,1.));
#1488 = ORIENTED_EDGE('',*,*,#1489,.T.);
#1489 = EDGE_CURVE('',#1481,#1490,#1492,.T.);
#1490 = VERTEX_POINT('',#1491);
#1491 = CARTESIAN_POINT('',(7.493,0.2285,-2.843));
#1492 = LINE('',#1493,#1494);
#1493 = CARTESIAN_POINT('',(7.493,0.2285,2.157));
#1494 = VECTOR('',#1495,1.);
#1495 = DIRECTION('',(0.,0.,-1.));
#1496 = ORIENTED_EDGE('',*,*,#1497,.F.);
#1497 = EDGE_CURVE('',#1498,#1490,#1500,.T.);
#1498 = VERTEX_POINT('',#1499);
#1499 = CARTESIAN_POINT('',(7.747,0.2285,-2.843));
#1500 = LINE('',#1501,#1502);
#1501 = CARTESIAN_POINT('',(7.747,0.2285,-2.843));
#1502 = VECTOR('',#1503,1.);
#1503 = DIRECTION('',(-1.,-3.216245299353E-16,0.));
#1504 = ORIENTED_EDGE('',*,*,#1505,.F.);
#1505 = EDGE_CURVE('',#1506,#1498,#1508,.T.);
#1506 = VERTEX_POINT('',#1507);
#1507 = CARTESIAN_POINT('',(7.747,0.2285,1.776));
#1508 = LINE('',#1509,#1510);
#1509 = CARTESIAN_POINT('',(7.747,0.2285,2.157));
#1510 = VECTOR('',#1511,1.);
#1511 = DIRECTION('',(0.,0.,-1.));
#1512 = ORIENTED_EDGE('',*,*,#1513,.T.);
#1513 = EDGE_CURVE('',#1506,#1514,#1516,.T.);
#1514 = VERTEX_POINT('',#1515);
#1515 = CARTESIAN_POINT('',(7.366,0.2285,2.157));
#1516 = CIRCLE('',#1517,0.381);
#1517 = AXIS2_PLACEMENT_3D('',#1518,#1519,#1520);
#1518 = CARTESIAN_POINT('',(7.366,0.2285,1.776));
#1519 = DIRECTION('',(3.216245299353E-16,-1.,0.));
#1520 = DIRECTION('',(0.,0.,1.));
#1521 = ORIENTED_EDGE('',*,*,#1522,.F.);
#1522 = EDGE_CURVE('',#461,#1514,#1523,.T.);
#1523 = LINE('',#1524,#1525);
#1524 = CARTESIAN_POINT('',(3.81,0.2285,2.157));
#1525 = VECTOR('',#1526,1.);
#1526 = DIRECTION('',(1.,3.216245299353E-16,0.));
#1527 = PLANE('',#1528);
#1528 = AXIS2_PLACEMENT_3D('',#1529,#1530,#1531);
#1529 = CARTESIAN_POINT('',(0.254,0.2285,2.157));
#1530 = DIRECTION('',(4.440892098501E-16,-1.,0.));
#1531 = DIRECTION('',(0.,-0.,-1.));
#1532 = ADVANCED_FACE('',(#1533),#1557,.T.);
#1533 = FACE_BOUND('',#1534,.T.);
#1534 = EDGE_LOOP('',(#1535,#1543,#1544,#1551));
#1535 = ORIENTED_EDGE('',*,*,#1536,.T.);
#1536 = EDGE_CURVE('',#1537,#461,#1539,.T.);
#1537 = VERTEX_POINT('',#1538);
#1538 = CARTESIAN_POINT('',(6.91,0.2285,2.157));
#1539 = LINE('',#1540,#1541);
#1540 = CARTESIAN_POINT('',(3.81,0.2285,2.157));
#1541 = VECTOR('',#1542,1.);
#1542 = DIRECTION('',(1.,3.216245299353E-16,0.));
#1543 = ORIENTED_EDGE('',*,*,#476,.T.);
#1544 = ORIENTED_EDGE('',*,*,#1545,.T.);
#1545 = EDGE_CURVE('',#470,#1546,#1548,.T.);
#1546 = VERTEX_POINT('',#1547);
#1547 = CARTESIAN_POINT('',(6.91,1.83,2.157));
#1548 = B_SPLINE_CURVE_WITH_KNOTS('',1,(#1549,#1550),.UNSPECIFIED.,.F.,
  .F.,(2,2),(0.,1.),.PIECEWISE_BEZIER_KNOTS.);
#1549 = CARTESIAN_POINT('',(6.985,1.905,2.157));
#1550 = CARTESIAN_POINT('',(6.91,1.83,2.157));
#1551 = ORIENTED_EDGE('',*,*,#1552,.F.);
#1552 = EDGE_CURVE('',#1537,#1546,#1553,.T.);
#1553 = LINE('',#1554,#1555);
#1554 = CARTESIAN_POINT('',(6.91,-17.07,2.157));
#1555 = VECTOR('',#1556,1.);
#1556 = DIRECTION('',(-4.440892098501E-16,1.,0.));
#1557 = B_SPLINE_SURFACE_WITH_KNOTS('',1,1,(
    (#1558,#1559)
    ,(#1560,#1561
    )),.UNSPECIFIED.,.F.,.F.,.F.,(2,2),(2,2),(0.,19.05),(0.,1.),
  .PIECEWISE_BEZIER_KNOTS.);
#1558 = CARTESIAN_POINT('',(6.985,-17.145,2.157));
#1559 = CARTESIAN_POINT('',(6.91,-17.07,2.157));
#1560 = CARTESIAN_POINT('',(6.985,1.905,2.157));
#1561 = CARTESIAN_POINT('',(6.91,1.83,2.157));
#1562 = ADVANCED_FACE('',(#1563),#1615,.F.);
#1563 = FACE_BOUND('',#1564,.F.);
#1564 = EDGE_LOOP('',(#1565,#1566,#1567,#1576,#1584,#1592,#1600,#1609));
#1565 = ORIENTED_EDGE('',*,*,#552,.T.);
#1566 = ORIENTED_EDGE('',*,*,#490,.T.);
#1567 = ORIENTED_EDGE('',*,*,#1568,.F.);
#1568 = EDGE_CURVE('',#1569,#491,#1571,.T.);
#1569 = VERTEX_POINT('',#1570);
#1570 = CARTESIAN_POINT('',(7.493,-14.478,1.776));
#1571 = CIRCLE('',#1572,0.127);
#1572 = AXIS2_PLACEMENT_3D('',#1573,#1574,#1575);
#1573 = CARTESIAN_POINT('',(7.366,-14.478,1.776));
#1574 = DIRECTION('',(3.216245299353E-16,-1.,0.));
#1575 = DIRECTION('',(0.,0.,-1.));
#1576 = ORIENTED_EDGE('',*,*,#1577,.F.);
#1577 = EDGE_CURVE('',#1578,#1569,#1580,.T.);
#1578 = VERTEX_POINT('',#1579);
#1579 = CARTESIAN_POINT('',(7.493,-14.478,0.));
#1580 = LINE('',#1581,#1582);
#1581 = CARTESIAN_POINT('',(7.493,-14.478,0.));
#1582 = VECTOR('',#1583,1.);
#1583 = DIRECTION('',(0.,0.,1.));
#1584 = ORIENTED_EDGE('',*,*,#1585,.F.);
#1585 = EDGE_CURVE('',#1586,#1578,#1588,.T.);
#1586 = VERTEX_POINT('',#1587);
#1587 = CARTESIAN_POINT('',(7.747,-14.478,0.));
#1588 = LINE('',#1589,#1590);
#1589 = CARTESIAN_POINT('',(7.747,-14.478,0.));
#1590 = VECTOR('',#1591,1.);
#1591 = DIRECTION('',(-1.,-3.216245299353E-16,0.));
#1592 = ORIENTED_EDGE('',*,*,#1593,.T.);
#1593 = EDGE_CURVE('',#1586,#1594,#1596,.T.);
#1594 = VERTEX_POINT('',#1595);
#1595 = CARTESIAN_POINT('',(7.747,-14.478,1.776));
#1596 = LINE('',#1597,#1598);
#1597 = CARTESIAN_POINT('',(7.747,-14.478,0.));
#1598 = VECTOR('',#1599,1.);
#1599 = DIRECTION('',(0.,0.,1.));
#1600 = ORIENTED_EDGE('',*,*,#1601,.F.);
#1601 = EDGE_CURVE('',#1602,#1594,#1604,.T.);
#1602 = VERTEX_POINT('',#1603);
#1603 = CARTESIAN_POINT('',(7.366,-14.478,2.157));
#1604 = CIRCLE('',#1605,0.381);
#1605 = AXIS2_PLACEMENT_3D('',#1606,#1607,#1608);
#1606 = CARTESIAN_POINT('',(7.366,-14.478,1.776));
#1607 = DIRECTION('',(-3.216245299353E-16,1.,0.));
#1608 = DIRECTION('',(0.,0.,1.));
#1609 = ORIENTED_EDGE('',*,*,#1610,.F.);
#1610 = EDGE_CURVE('',#553,#1602,#1611,.T.);
#1611 = LINE('',#1612,#1613);
#1612 = CARTESIAN_POINT('',(3.81,-14.478,2.157));
#1613 = VECTOR('',#1614,1.);
#1614 = DIRECTION('',(1.,3.216245299353E-16,0.));
#1615 = PLANE('',#1616);
#1616 = AXIS2_PLACEMENT_3D('',#1617,#1618,#1619);
#1617 = CARTESIAN_POINT('',(0.254,-14.478,2.157));
#1618 = DIRECTION('',(4.440892098501E-16,-1.,1.740014167195E-14));
#1619 = DIRECTION('',(7.727215166377E-30,-1.740014167195E-14,-1.));
#1620 = ADVANCED_FACE('',(#1621),#1632,.F.);
#1621 = FACE_BOUND('',#1622,.F.);
#1622 = EDGE_LOOP('',(#1623,#1629,#1630,#1631));
#1623 = ORIENTED_EDGE('',*,*,#1624,.T.);
#1624 = EDGE_CURVE('',#1456,#1569,#1625,.T.);
#1625 = LINE('',#1626,#1627);
#1626 = CARTESIAN_POINT('',(7.493,-15.4685,1.776));
#1627 = VECTOR('',#1628,1.);
#1628 = DIRECTION('',(-3.216245299353E-16,1.,0.));
#1629 = ORIENTED_EDGE('',*,*,#1568,.T.);
#1630 = ORIENTED_EDGE('',*,*,#507,.F.);
#1631 = ORIENTED_EDGE('',*,*,#1463,.F.);
#1632 = CYLINDRICAL_SURFACE('',#1633,0.127);
#1633 = AXIS2_PLACEMENT_3D('',#1634,#1635,#1636);
#1634 = CARTESIAN_POINT('',(7.366,-15.4685,1.776));
#1635 = DIRECTION('',(-3.216245299353E-16,1.,0.));
#1636 = DIRECTION('',(1.,3.216245299353E-16,0.));
#1637 = ADVANCED_FACE('',(#1638),#1657,.F.);
#1638 = FACE_BOUND('',#1639,.F.);
#1639 = EDGE_LOOP('',(#1640,#1641,#1642,#1651));
#1640 = ORIENTED_EDGE('',*,*,#1480,.T.);
#1641 = ORIENTED_EDGE('',*,*,#538,.T.);
#1642 = ORIENTED_EDGE('',*,*,#1643,.F.);
#1643 = EDGE_CURVE('',#1644,#531,#1646,.T.);
#1644 = VERTEX_POINT('',#1645);
#1645 = CARTESIAN_POINT('',(7.493,-0.762,1.776));
#1646 = CIRCLE('',#1647,0.127);
#1647 = AXIS2_PLACEMENT_3D('',#1648,#1649,#1650);
#1648 = CARTESIAN_POINT('',(7.366,-0.762,1.776));
#1649 = DIRECTION('',(3.216245299353E-16,-1.,0.));
#1650 = DIRECTION('',(0.,0.,1.));
#1651 = ORIENTED_EDGE('',*,*,#1652,.F.);
#1652 = EDGE_CURVE('',#1481,#1644,#1653,.T.);
#1653 = LINE('',#1654,#1655);
#1654 = CARTESIAN_POINT('',(7.493,0.2285,1.776));
#1655 = VECTOR('',#1656,1.);
#1656 = DIRECTION('',(3.216245299353E-16,-1.,0.));
#1657 = CYLINDRICAL_SURFACE('',#1658,0.127);
#1658 = AXIS2_PLACEMENT_3D('',#1659,#1660,#1661);
#1659 = CARTESIAN_POINT('',(7.366,0.2285,1.776));
#1660 = DIRECTION('',(3.216245299353E-16,-1.,0.));
#1661 = DIRECTION('',(1.,3.216245299353E-16,0.));
#1662 = ADVANCED_FACE('',(#1663),#1707,.T.);
#1663 = FACE_BOUND('',#1664,.T.);
#1664 = EDGE_LOOP('',(#1665,#1666,#1667,#1668,#1676,#1684,#1692,#1701));
#1665 = ORIENTED_EDGE('',*,*,#592,.T.);
#1666 = ORIENTED_EDGE('',*,*,#530,.F.);
#1667 = ORIENTED_EDGE('',*,*,#1643,.F.);
#1668 = ORIENTED_EDGE('',*,*,#1669,.F.);
#1669 = EDGE_CURVE('',#1670,#1644,#1672,.T.);
#1670 = VERTEX_POINT('',#1671);
#1671 = CARTESIAN_POINT('',(7.493,-0.762,0.));
#1672 = LINE('',#1673,#1674);
#1673 = CARTESIAN_POINT('',(7.493,-0.762,0.));
#1674 = VECTOR('',#1675,1.);
#1675 = DIRECTION('',(0.,0.,1.));
#1676 = ORIENTED_EDGE('',*,*,#1677,.F.);
#1677 = EDGE_CURVE('',#1678,#1670,#1680,.T.);
#1678 = VERTEX_POINT('',#1679);
#1679 = CARTESIAN_POINT('',(7.747,-0.762,0.));
#1680 = LINE('',#1681,#1682);
#1681 = CARTESIAN_POINT('',(7.747,-0.762,0.));
#1682 = VECTOR('',#1683,1.);
#1683 = DIRECTION('',(-1.,-3.216245299353E-16,0.));
#1684 = ORIENTED_EDGE('',*,*,#1685,.T.);
#1685 = EDGE_CURVE('',#1678,#1686,#1688,.T.);
#1686 = VERTEX_POINT('',#1687);
#1687 = CARTESIAN_POINT('',(7.747,-0.762,1.776));
#1688 = LINE('',#1689,#1690);
#1689 = CARTESIAN_POINT('',(7.747,-0.762,0.));
#1690 = VECTOR('',#1691,1.);
#1691 = DIRECTION('',(0.,0.,1.));
#1692 = ORIENTED_EDGE('',*,*,#1693,.T.);
#1693 = EDGE_CURVE('',#1686,#1694,#1696,.T.);
#1694 = VERTEX_POINT('',#1695);
#1695 = CARTESIAN_POINT('',(7.366,-0.762,2.157));
#1696 = CIRCLE('',#1697,0.381);
#1697 = AXIS2_PLACEMENT_3D('',#1698,#1699,#1700);
#1698 = CARTESIAN_POINT('',(7.366,-0.762,1.776));
#1699 = DIRECTION('',(3.216245299353E-16,-1.,0.));
#1700 = DIRECTION('',(0.,0.,1.));
#1701 = ORIENTED_EDGE('',*,*,#1702,.T.);
#1702 = EDGE_CURVE('',#1694,#593,#1703,.T.);
#1703 = LINE('',#1704,#1705);
#1704 = CARTESIAN_POINT('',(7.747,-0.762,2.157));
#1705 = VECTOR('',#1706,1.);
#1706 = DIRECTION('',(-1.,-3.216245299353E-16,0.));
#1707 = PLANE('',#1708);
#1708 = AXIS2_PLACEMENT_3D('',#1709,#1710,#1711);
#1709 = CARTESIAN_POINT('',(-0.127,-0.762,0.));
#1710 = DIRECTION('',(4.440892098501E-16,-1.,0.));
#1711 = DIRECTION('',(0.,-0.,-1.));
#1712 = ADVANCED_FACE('',(#1713),#1738,.T.);
#1713 = FACE_BOUND('',#1714,.T.);
#1714 = EDGE_LOOP('',(#1715,#1723,#1724,#1732));
#1715 = ORIENTED_EDGE('',*,*,#1716,.T.);
#1716 = EDGE_CURVE('',#1717,#553,#1719,.T.);
#1717 = VERTEX_POINT('',#1718);
#1718 = CARTESIAN_POINT('',(6.91,-14.478,2.157));
#1719 = LINE('',#1720,#1721);
#1720 = CARTESIAN_POINT('',(3.81,-14.478,2.157));
#1721 = VECTOR('',#1722,1.);
#1722 = DIRECTION('',(1.,3.216245299353E-16,0.));
#1723 = ORIENTED_EDGE('',*,*,#569,.T.);
#1724 = ORIENTED_EDGE('',*,*,#1725,.T.);
#1725 = EDGE_CURVE('',#562,#1726,#1728,.T.);
#1726 = VERTEX_POINT('',#1727);
#1727 = CARTESIAN_POINT('',(6.91,-13.462,2.157));
#1728 = LINE('',#1729,#1730);
#1729 = CARTESIAN_POINT('',(7.62,-13.462,2.157));
#1730 = VECTOR('',#1731,1.);
#1731 = DIRECTION('',(-1.,-3.216245299353E-16,0.));
#1732 = ORIENTED_EDGE('',*,*,#1733,.F.);
#1733 = EDGE_CURVE('',#1717,#1726,#1734,.T.);
#1734 = LINE('',#1735,#1736);
#1735 = CARTESIAN_POINT('',(6.91,-17.07,2.157));
#1736 = VECTOR('',#1737,1.);
#1737 = DIRECTION('',(-4.440892098501E-16,1.,0.));
#1738 = B_SPLINE_SURFACE_WITH_KNOTS('',1,1,(
    (#1739,#1740)
    ,(#1741,#1742
    )),.UNSPECIFIED.,.F.,.F.,.F.,(2,2),(2,2),(0.,19.05),(0.,1.),
  .PIECEWISE_BEZIER_KNOTS.);
#1739 = CARTESIAN_POINT('',(6.985,-17.145,2.157));
#1740 = CARTESIAN_POINT('',(6.91,-17.07,2.157));
#1741 = CARTESIAN_POINT('',(6.985,1.905,2.157));
#1742 = CARTESIAN_POINT('',(6.91,1.83,2.157));
#1743 = ADVANCED_FACE('',(#1744),#1796,.F.);
#1744 = FACE_BOUND('',#1745,.F.);
#1745 = EDGE_LOOP('',(#1746,#1747,#1748,#1756,#1765,#1773,#1781,#1789));
#1746 = ORIENTED_EDGE('',*,*,#623,.T.);
#1747 = ORIENTED_EDGE('',*,*,#561,.T.);
#1748 = ORIENTED_EDGE('',*,*,#1749,.F.);
#1749 = EDGE_CURVE('',#1750,#562,#1752,.T.);
#1750 = VERTEX_POINT('',#1751);
#1751 = CARTESIAN_POINT('',(7.366,-13.462,2.157));
#1752 = LINE('',#1753,#1754);
#1753 = CARTESIAN_POINT('',(7.62,-13.462,2.157));
#1754 = VECTOR('',#1755,1.);
#1755 = DIRECTION('',(-1.,-3.216245299353E-16,0.));
#1756 = ORIENTED_EDGE('',*,*,#1757,.T.);
#1757 = EDGE_CURVE('',#1750,#1758,#1760,.T.);
#1758 = VERTEX_POINT('',#1759);
#1759 = CARTESIAN_POINT('',(7.747,-13.462,1.776));
#1760 = CIRCLE('',#1761,0.381);
#1761 = AXIS2_PLACEMENT_3D('',#1762,#1763,#1764);
#1762 = CARTESIAN_POINT('',(7.366,-13.462,1.776));
#1763 = DIRECTION('',(-3.216245299353E-16,1.,0.));
#1764 = DIRECTION('',(0.,0.,1.));
#1765 = ORIENTED_EDGE('',*,*,#1766,.T.);
#1766 = EDGE_CURVE('',#1758,#1767,#1769,.T.);
#1767 = VERTEX_POINT('',#1768);
#1768 = CARTESIAN_POINT('',(7.747,-13.462,0.));
#1769 = LINE('',#1770,#1771);
#1770 = CARTESIAN_POINT('',(7.747,-13.462,2.157));
#1771 = VECTOR('',#1772,1.);
#1772 = DIRECTION('',(-1.324339206003E-31,4.11765609504E-16,-1.));
#1773 = ORIENTED_EDGE('',*,*,#1774,.T.);
#1774 = EDGE_CURVE('',#1767,#1775,#1777,.T.);
#1775 = VERTEX_POINT('',#1776);
#1776 = CARTESIAN_POINT('',(7.493,-13.462,0.));
#1777 = LINE('',#1778,#1779);
#1778 = CARTESIAN_POINT('',(7.747,-13.462,0.));
#1779 = VECTOR('',#1780,1.);
#1780 = DIRECTION('',(-1.,-3.216245299353E-16,0.));
#1781 = ORIENTED_EDGE('',*,*,#1782,.F.);
#1782 = EDGE_CURVE('',#1783,#1775,#1785,.T.);
#1783 = VERTEX_POINT('',#1784);
#1784 = CARTESIAN_POINT('',(7.493,-13.462,1.776));
#1785 = LINE('',#1786,#1787);
#1786 = CARTESIAN_POINT('',(7.493,-13.462,2.157));
#1787 = VECTOR('',#1788,1.);
#1788 = DIRECTION('',(-1.324339206003E-31,4.11765609504E-16,-1.));
#1789 = ORIENTED_EDGE('',*,*,#1790,.T.);
#1790 = EDGE_CURVE('',#1783,#624,#1791,.T.);
#1791 = CIRCLE('',#1792,0.127);
#1792 = AXIS2_PLACEMENT_3D('',#1793,#1794,#1795);
#1793 = CARTESIAN_POINT('',(7.366,-13.462,1.776));
#1794 = DIRECTION('',(3.216245299353E-16,-1.,0.));
#1795 = DIRECTION('',(0.,0.,-1.));
#1796 = PLANE('',#1797);
#1797 = AXIS2_PLACEMENT_3D('',#1798,#1799,#1800);
#1798 = CARTESIAN_POINT('',(0.254,-13.462,2.157));
#1799 = DIRECTION('',(-4.440892098501E-16,1.,0.));
#1800 = DIRECTION('',(0.,0.,1.));
#1801 = ADVANCED_FACE('',(#1802),#1854,.T.);
#1802 = FACE_BOUND('',#1803,.T.);
#1803 = EDGE_LOOP('',(#1804,#1805,#1806,#1814,#1823,#1831,#1839,#1847));
#1804 = ORIENTED_EDGE('',*,*,#645,.F.);
#1805 = ORIENTED_EDGE('',*,*,#583,.T.);
#1806 = ORIENTED_EDGE('',*,*,#1807,.T.);
#1807 = EDGE_CURVE('',#584,#1808,#1810,.T.);
#1808 = VERTEX_POINT('',#1809);
#1809 = CARTESIAN_POINT('',(7.366,-1.778,2.157));
#1810 = LINE('',#1811,#1812);
#1811 = CARTESIAN_POINT('',(3.683,-1.778,2.157));
#1812 = VECTOR('',#1813,1.);
#1813 = DIRECTION('',(1.,3.216245299353E-16,0.));
#1814 = ORIENTED_EDGE('',*,*,#1815,.T.);
#1815 = EDGE_CURVE('',#1808,#1816,#1818,.T.);
#1816 = VERTEX_POINT('',#1817);
#1817 = CARTESIAN_POINT('',(7.747,-1.778,1.776));
#1818 = CIRCLE('',#1819,0.381);
#1819 = AXIS2_PLACEMENT_3D('',#1820,#1821,#1822);
#1820 = CARTESIAN_POINT('',(7.366,-1.778,1.776));
#1821 = DIRECTION('',(-3.216245299353E-16,1.,0.));
#1822 = DIRECTION('',(0.,0.,1.));
#1823 = ORIENTED_EDGE('',*,*,#1824,.F.);
#1824 = EDGE_CURVE('',#1825,#1816,#1827,.T.);
#1825 = VERTEX_POINT('',#1826);
#1826 = CARTESIAN_POINT('',(7.747,-1.778,0.));
#1827 = LINE('',#1828,#1829);
#1828 = CARTESIAN_POINT('',(7.747,-1.778,0.));
#1829 = VECTOR('',#1830,1.);
#1830 = DIRECTION('',(-1.324339206003E-31,4.11765609504E-16,1.));
#1831 = ORIENTED_EDGE('',*,*,#1832,.T.);
#1832 = EDGE_CURVE('',#1825,#1833,#1835,.T.);
#1833 = VERTEX_POINT('',#1834);
#1834 = CARTESIAN_POINT('',(7.493,-1.778,0.));
#1835 = LINE('',#1836,#1837);
#1836 = CARTESIAN_POINT('',(7.747,-1.778,0.));
#1837 = VECTOR('',#1838,1.);
#1838 = DIRECTION('',(-1.,-3.216245299353E-16,0.));
#1839 = ORIENTED_EDGE('',*,*,#1840,.T.);
#1840 = EDGE_CURVE('',#1833,#1841,#1843,.T.);
#1841 = VERTEX_POINT('',#1842);
#1842 = CARTESIAN_POINT('',(7.493,-1.778,1.776));
#1843 = LINE('',#1844,#1845);
#1844 = CARTESIAN_POINT('',(7.493,-1.778,0.));
#1845 = VECTOR('',#1846,1.);
#1846 = DIRECTION('',(-1.324339206003E-31,4.11765609504E-16,1.));
#1847 = ORIENTED_EDGE('',*,*,#1848,.T.);
#1848 = EDGE_CURVE('',#1841,#646,#1849,.T.);
#1849 = CIRCLE('',#1850,0.127);
#1850 = AXIS2_PLACEMENT_3D('',#1851,#1852,#1853);
#1851 = CARTESIAN_POINT('',(7.366,-1.778,1.776));
#1852 = DIRECTION('',(3.216245299353E-16,-1.,0.));
#1853 = DIRECTION('',(0.,0.,-1.));
#1854 = PLANE('',#1855);
#1855 = AXIS2_PLACEMENT_3D('',#1856,#1857,#1858);
#1856 = CARTESIAN_POINT('',(0.254,-1.778,2.157));
#1857 = DIRECTION('',(-4.440892098501E-16,1.,0.));
#1858 = DIRECTION('',(0.,0.,1.));
#1859 = ADVANCED_FACE('',(#1860),#1885,.T.);
#1860 = FACE_BOUND('',#1861,.T.);
#1861 = EDGE_LOOP('',(#1862,#1870,#1871,#1879));
#1862 = ORIENTED_EDGE('',*,*,#1863,.T.);
#1863 = EDGE_CURVE('',#1864,#584,#1866,.T.);
#1864 = VERTEX_POINT('',#1865);
#1865 = CARTESIAN_POINT('',(6.91,-1.778,2.157));
#1866 = LINE('',#1867,#1868);
#1867 = CARTESIAN_POINT('',(3.683,-1.778,2.157));
#1868 = VECTOR('',#1869,1.);
#1869 = DIRECTION('',(1.,3.216245299353E-16,0.));
#1870 = ORIENTED_EDGE('',*,*,#600,.T.);
#1871 = ORIENTED_EDGE('',*,*,#1872,.T.);
#1872 = EDGE_CURVE('',#593,#1873,#1875,.T.);
#1873 = VERTEX_POINT('',#1874);
#1874 = CARTESIAN_POINT('',(6.91,-0.762,2.157));
#1875 = LINE('',#1876,#1877);
#1876 = CARTESIAN_POINT('',(7.747,-0.762,2.157));
#1877 = VECTOR('',#1878,1.);
#1878 = DIRECTION('',(-1.,-3.216245299353E-16,0.));
#1879 = ORIENTED_EDGE('',*,*,#1880,.F.);
#1880 = EDGE_CURVE('',#1864,#1873,#1881,.T.);
#1881 = LINE('',#1882,#1883);
#1882 = CARTESIAN_POINT('',(6.91,-17.07,2.157));
#1883 = VECTOR('',#1884,1.);
#1884 = DIRECTION('',(-4.440892098501E-16,1.,0.));
#1885 = B_SPLINE_SURFACE_WITH_KNOTS('',1,1,(
    (#1886,#1887)
    ,(#1888,#1889
    )),.UNSPECIFIED.,.F.,.F.,.F.,(2,2),(2,2),(0.,19.05),(0.,1.),
  .PIECEWISE_BEZIER_KNOTS.);
#1886 = CARTESIAN_POINT('',(6.985,-17.145,2.157));
#1887 = CARTESIAN_POINT('',(6.91,-17.07,2.157));
#1888 = CARTESIAN_POINT('',(6.985,1.905,2.157));
#1889 = CARTESIAN_POINT('',(6.91,1.83,2.157));
#1890 = ADVANCED_FACE('',(#1891),#1943,.T.);
#1891 = FACE_BOUND('',#1892,.T.);
#1892 = EDGE_LOOP('',(#1893,#1894,#1895,#1903,#1912,#1920,#1928,#1936));
#1893 = ORIENTED_EDGE('',*,*,#614,.F.);
#1894 = ORIENTED_EDGE('',*,*,#676,.T.);
#1895 = ORIENTED_EDGE('',*,*,#1896,.T.);
#1896 = EDGE_CURVE('',#677,#1897,#1899,.T.);
#1897 = VERTEX_POINT('',#1898);
#1898 = CARTESIAN_POINT('',(7.366,-11.938,2.157));
#1899 = LINE('',#1900,#1901);
#1900 = CARTESIAN_POINT('',(3.683,-11.938,2.157));
#1901 = VECTOR('',#1902,1.);
#1902 = DIRECTION('',(1.,3.216245299353E-16,0.));
#1903 = ORIENTED_EDGE('',*,*,#1904,.T.);
#1904 = EDGE_CURVE('',#1897,#1905,#1907,.T.);
#1905 = VERTEX_POINT('',#1906);
#1906 = CARTESIAN_POINT('',(7.747,-11.938,1.776));
#1907 = CIRCLE('',#1908,0.381);
#1908 = AXIS2_PLACEMENT_3D('',#1909,#1910,#1911);
#1909 = CARTESIAN_POINT('',(7.366,-11.938,1.776));
#1910 = DIRECTION('',(-3.216245299353E-16,1.,0.));
#1911 = DIRECTION('',(0.,0.,1.));
#1912 = ORIENTED_EDGE('',*,*,#1913,.F.);
#1913 = EDGE_CURVE('',#1914,#1905,#1916,.T.);
#1914 = VERTEX_POINT('',#1915);
#1915 = CARTESIAN_POINT('',(7.747,-11.938,0.));
#1916 = LINE('',#1917,#1918);
#1917 = CARTESIAN_POINT('',(7.747,-11.938,0.));
#1918 = VECTOR('',#1919,1.);
#1919 = DIRECTION('',(-1.324339206003E-31,4.11765609504E-16,1.));
#1920 = ORIENTED_EDGE('',*,*,#1921,.T.);
#1921 = EDGE_CURVE('',#1914,#1922,#1924,.T.);
#1922 = VERTEX_POINT('',#1923);
#1923 = CARTESIAN_POINT('',(7.493,-11.938,0.));
#1924 = LINE('',#1925,#1926);
#1925 = CARTESIAN_POINT('',(7.747,-11.938,0.));
#1926 = VECTOR('',#1927,1.);
#1927 = DIRECTION('',(-1.,-3.216245299353E-16,0.));
#1928 = ORIENTED_EDGE('',*,*,#1929,.T.);
#1929 = EDGE_CURVE('',#1922,#1930,#1932,.T.);
#1930 = VERTEX_POINT('',#1931);
#1931 = CARTESIAN_POINT('',(7.493,-11.938,1.776));
#1932 = LINE('',#1933,#1934);
#1933 = CARTESIAN_POINT('',(7.493,-11.938,0.));
#1934 = VECTOR('',#1935,1.);
#1935 = DIRECTION('',(-1.324339206003E-31,4.11765609504E-16,1.));
#1936 = ORIENTED_EDGE('',*,*,#1937,.T.);
#1937 = EDGE_CURVE('',#1930,#615,#1938,.T.);
#1938 = CIRCLE('',#1939,0.127);
#1939 = AXIS2_PLACEMENT_3D('',#1940,#1941,#1942);
#1940 = CARTESIAN_POINT('',(7.366,-11.938,1.776));
#1941 = DIRECTION('',(3.216245299353E-16,-1.,0.));
#1942 = DIRECTION('',(0.,0.,-1.));
#1943 = PLANE('',#1944);
#1944 = AXIS2_PLACEMENT_3D('',#1945,#1946,#1947);
#1945 = CARTESIAN_POINT('',(0.254,-11.938,2.157));
#1946 = DIRECTION('',(-4.440892098501E-16,1.,0.));
#1947 = DIRECTION('',(0.,0.,1.));
#1948 = ADVANCED_FACE('',(#1949),#1960,.F.);
#1949 = FACE_BOUND('',#1950,.F.);
#1950 = EDGE_LOOP('',(#1951,#1957,#1958,#1959));
#1951 = ORIENTED_EDGE('',*,*,#1952,.T.);
#1952 = EDGE_CURVE('',#1783,#1930,#1953,.T.);
#1953 = LINE('',#1954,#1955);
#1954 = CARTESIAN_POINT('',(7.493,-13.462,1.776));
#1955 = VECTOR('',#1956,1.);
#1956 = DIRECTION('',(-3.216245299353E-16,1.,0.));
#1957 = ORIENTED_EDGE('',*,*,#1937,.T.);
#1958 = ORIENTED_EDGE('',*,*,#631,.F.);
#1959 = ORIENTED_EDGE('',*,*,#1790,.F.);
#1960 = CYLINDRICAL_SURFACE('',#1961,0.127);
#1961 = AXIS2_PLACEMENT_3D('',#1962,#1963,#1964);
#1962 = CARTESIAN_POINT('',(7.366,-13.462,1.776));
#1963 = DIRECTION('',(-3.216245299353E-16,1.,0.));
#1964 = DIRECTION('',(1.,3.216245299353E-16,0.));
#1965 = ADVANCED_FACE('',(#1966),#1985,.F.);
#1966 = FACE_BOUND('',#1967,.F.);
#1967 = EDGE_LOOP('',(#1968,#1976,#1977,#1978));
#1968 = ORIENTED_EDGE('',*,*,#1969,.T.);
#1969 = EDGE_CURVE('',#1970,#1841,#1972,.T.);
#1970 = VERTEX_POINT('',#1971);
#1971 = CARTESIAN_POINT('',(7.493,-3.302,1.776));
#1972 = LINE('',#1973,#1974);
#1973 = CARTESIAN_POINT('',(7.493,-3.302,1.776));
#1974 = VECTOR('',#1975,1.);
#1975 = DIRECTION('',(-3.216245299353E-16,1.,0.));
#1976 = ORIENTED_EDGE('',*,*,#1848,.T.);
#1977 = ORIENTED_EDGE('',*,*,#662,.F.);
#1978 = ORIENTED_EDGE('',*,*,#1979,.F.);
#1979 = EDGE_CURVE('',#1970,#655,#1980,.T.);
#1980 = CIRCLE('',#1981,0.127);
#1981 = AXIS2_PLACEMENT_3D('',#1982,#1983,#1984);
#1982 = CARTESIAN_POINT('',(7.366,-3.302,1.776));
#1983 = DIRECTION('',(3.216245299353E-16,-1.,0.));
#1984 = DIRECTION('',(0.,0.,-1.));
#1985 = CYLINDRICAL_SURFACE('',#1986,0.127);
#1986 = AXIS2_PLACEMENT_3D('',#1987,#1988,#1989);
#1987 = CARTESIAN_POINT('',(7.366,-3.302,1.776));
#1988 = DIRECTION('',(-3.216245299353E-16,1.,0.));
#1989 = DIRECTION('',(1.,3.216245299353E-16,0.));
#1990 = ADVANCED_FACE('',(#1991),#2035,.F.);
#1991 = FACE_BOUND('',#1992,.F.);
#1992 = EDGE_LOOP('',(#1993,#1994,#1995,#2003,#2012,#2020,#2028,#2034));
#1993 = ORIENTED_EDGE('',*,*,#654,.T.);
#1994 = ORIENTED_EDGE('',*,*,#716,.T.);
#1995 = ORIENTED_EDGE('',*,*,#1996,.F.);
#1996 = EDGE_CURVE('',#1997,#717,#1999,.T.);
#1997 = VERTEX_POINT('',#1998);
#1998 = CARTESIAN_POINT('',(7.366,-3.302,2.157));
#1999 = LINE('',#2000,#2001);
#2000 = CARTESIAN_POINT('',(7.62,-3.302,2.157));
#2001 = VECTOR('',#2002,1.);
#2002 = DIRECTION('',(-1.,-3.216245299353E-16,0.));
#2003 = ORIENTED_EDGE('',*,*,#2004,.T.);
#2004 = EDGE_CURVE('',#1997,#2005,#2007,.T.);
#2005 = VERTEX_POINT('',#2006);
#2006 = CARTESIAN_POINT('',(7.747,-3.302,1.776));
#2007 = CIRCLE('',#2008,0.381);
#2008 = AXIS2_PLACEMENT_3D('',#2009,#2010,#2011);
#2009 = CARTESIAN_POINT('',(7.366,-3.302,1.776));
#2010 = DIRECTION('',(-3.216245299353E-16,1.,0.));
#2011 = DIRECTION('',(0.,0.,1.));
#2012 = ORIENTED_EDGE('',*,*,#2013,.T.);
#2013 = EDGE_CURVE('',#2005,#2014,#2016,.T.);
#2014 = VERTEX_POINT('',#2015);
#2015 = CARTESIAN_POINT('',(7.747,-3.302,0.));
#2016 = LINE('',#2017,#2018);
#2017 = CARTESIAN_POINT('',(7.747,-3.302,2.157));
#2018 = VECTOR('',#2019,1.);
#2019 = DIRECTION('',(-1.324339206003E-31,4.11765609504E-16,-1.));
#2020 = ORIENTED_EDGE('',*,*,#2021,.T.);
#2021 = EDGE_CURVE('',#2014,#2022,#2024,.T.);
#2022 = VERTEX_POINT('',#2023);
#2023 = CARTESIAN_POINT('',(7.493,-3.302,0.));
#2024 = LINE('',#2025,#2026);
#2025 = CARTESIAN_POINT('',(7.747,-3.302,0.));
#2026 = VECTOR('',#2027,1.);
#2027 = DIRECTION('',(-1.,-3.216245299353E-16,0.));
#2028 = ORIENTED_EDGE('',*,*,#2029,.F.);
#2029 = EDGE_CURVE('',#1970,#2022,#2030,.T.);
#2030 = LINE('',#2031,#2032);
#2031 = CARTESIAN_POINT('',(7.493,-3.302,2.157));
#2032 = VECTOR('',#2033,1.);
#2033 = DIRECTION('',(-1.324339206003E-31,4.11765609504E-16,-1.));
#2034 = ORIENTED_EDGE('',*,*,#1979,.T.);
#2035 = PLANE('',#2036);
#2036 = AXIS2_PLACEMENT_3D('',#2037,#2038,#2039);
#2037 = CARTESIAN_POINT('',(0.254,-3.302,2.157));
#2038 = DIRECTION('',(-4.440892098501E-16,1.,0.));
#2039 = DIRECTION('',(0.,0.,1.));
#2040 = ADVANCED_FACE('',(#2041),#2066,.T.);
#2041 = FACE_BOUND('',#2042,.T.);
#2042 = EDGE_LOOP('',(#2043,#2051,#2052,#2060));
#2043 = ORIENTED_EDGE('',*,*,#2044,.T.);
#2044 = EDGE_CURVE('',#2045,#677,#2047,.T.);
#2045 = VERTEX_POINT('',#2046);
#2046 = CARTESIAN_POINT('',(6.91,-11.938,2.157));
#2047 = LINE('',#2048,#2049);
#2048 = CARTESIAN_POINT('',(3.683,-11.938,2.157));
#2049 = VECTOR('',#2050,1.);
#2050 = DIRECTION('',(1.,3.216245299353E-16,0.));
#2051 = ORIENTED_EDGE('',*,*,#693,.T.);
#2052 = ORIENTED_EDGE('',*,*,#2053,.T.);
#2053 = EDGE_CURVE('',#686,#2054,#2056,.T.);
#2054 = VERTEX_POINT('',#2055);
#2055 = CARTESIAN_POINT('',(6.91,-10.922,2.157));
#2056 = LINE('',#2057,#2058);
#2057 = CARTESIAN_POINT('',(7.62,-10.922,2.157));
#2058 = VECTOR('',#2059,1.);
#2059 = DIRECTION('',(-1.,-3.216245299353E-16,0.));
#2060 = ORIENTED_EDGE('',*,*,#2061,.F.);
#2061 = EDGE_CURVE('',#2045,#2054,#2062,.T.);
#2062 = LINE('',#2063,#2064);
#2063 = CARTESIAN_POINT('',(6.91,-17.07,2.157));
#2064 = VECTOR('',#2065,1.);
#2065 = DIRECTION('',(-4.440892098501E-16,1.,0.));
#2066 = B_SPLINE_SURFACE_WITH_KNOTS('',1,1,(
    (#2067,#2068)
    ,(#2069,#2070
    )),.UNSPECIFIED.,.F.,.F.,.F.,(2,2),(2,2),(0.,19.05),(0.,1.),
  .PIECEWISE_BEZIER_KNOTS.);
#2067 = CARTESIAN_POINT('',(6.985,-17.145,2.157));
#2068 = CARTESIAN_POINT('',(6.91,-17.07,2.157));
#2069 = CARTESIAN_POINT('',(6.985,1.905,2.157));
#2070 = CARTESIAN_POINT('',(6.91,1.83,2.157));
#2071 = ADVANCED_FACE('',(#2072),#2124,.F.);
#2072 = FACE_BOUND('',#2073,.F.);
#2073 = EDGE_LOOP('',(#2074,#2075,#2076,#2084,#2093,#2101,#2109,#2117));
#2074 = ORIENTED_EDGE('',*,*,#747,.T.);
#2075 = ORIENTED_EDGE('',*,*,#685,.T.);
#2076 = ORIENTED_EDGE('',*,*,#2077,.F.);
#2077 = EDGE_CURVE('',#2078,#686,#2080,.T.);
#2078 = VERTEX_POINT('',#2079);
#2079 = CARTESIAN_POINT('',(7.366,-10.922,2.157));
#2080 = LINE('',#2081,#2082);
#2081 = CARTESIAN_POINT('',(7.62,-10.922,2.157));
#2082 = VECTOR('',#2083,1.);
#2083 = DIRECTION('',(-1.,-3.216245299353E-16,0.));
#2084 = ORIENTED_EDGE('',*,*,#2085,.T.);
#2085 = EDGE_CURVE('',#2078,#2086,#2088,.T.);
#2086 = VERTEX_POINT('',#2087);
#2087 = CARTESIAN_POINT('',(7.747,-10.922,1.776));
#2088 = CIRCLE('',#2089,0.381);
#2089 = AXIS2_PLACEMENT_3D('',#2090,#2091,#2092);
#2090 = CARTESIAN_POINT('',(7.366,-10.922,1.776));
#2091 = DIRECTION('',(-3.216245299353E-16,1.,0.));
#2092 = DIRECTION('',(0.,0.,1.));
#2093 = ORIENTED_EDGE('',*,*,#2094,.T.);
#2094 = EDGE_CURVE('',#2086,#2095,#2097,.T.);
#2095 = VERTEX_POINT('',#2096);
#2096 = CARTESIAN_POINT('',(7.747,-10.922,0.));
#2097 = LINE('',#2098,#2099);
#2098 = CARTESIAN_POINT('',(7.747,-10.922,2.157));
#2099 = VECTOR('',#2100,1.);
#2100 = DIRECTION('',(-1.324339206003E-31,4.11765609504E-16,-1.));
#2101 = ORIENTED_EDGE('',*,*,#2102,.T.);
#2102 = EDGE_CURVE('',#2095,#2103,#2105,.T.);
#2103 = VERTEX_POINT('',#2104);
#2104 = CARTESIAN_POINT('',(7.493,-10.922,0.));
#2105 = LINE('',#2106,#2107);
#2106 = CARTESIAN_POINT('',(7.747,-10.922,0.));
#2107 = VECTOR('',#2108,1.);
#2108 = DIRECTION('',(-1.,-3.216245299353E-16,0.));
#2109 = ORIENTED_EDGE('',*,*,#2110,.F.);
#2110 = EDGE_CURVE('',#2111,#2103,#2113,.T.);
#2111 = VERTEX_POINT('',#2112);
#2112 = CARTESIAN_POINT('',(7.493,-10.922,1.776));
#2113 = LINE('',#2114,#2115);
#2114 = CARTESIAN_POINT('',(7.493,-10.922,2.157));
#2115 = VECTOR('',#2116,1.);
#2116 = DIRECTION('',(-1.324339206003E-31,4.11765609504E-16,-1.));
#2117 = ORIENTED_EDGE('',*,*,#2118,.T.);
#2118 = EDGE_CURVE('',#2111,#748,#2119,.T.);
#2119 = CIRCLE('',#2120,0.127);
#2120 = AXIS2_PLACEMENT_3D('',#2121,#2122,#2123);
#2121 = CARTESIAN_POINT('',(7.366,-10.922,1.776));
#2122 = DIRECTION('',(3.216245299353E-16,-1.,0.));
#2123 = DIRECTION('',(0.,0.,-1.));
#2124 = PLANE('',#2125);
#2125 = AXIS2_PLACEMENT_3D('',#2126,#2127,#2128);
#2126 = CARTESIAN_POINT('',(0.254,-10.922,2.157));
#2127 = DIRECTION('',(-4.440892098501E-16,1.,0.));
#2128 = DIRECTION('',(0.,0.,1.));
#2129 = ADVANCED_FACE('',(#2130),#2182,.T.);
#2130 = FACE_BOUND('',#2131,.T.);
#2131 = EDGE_LOOP('',(#2132,#2133,#2134,#2142,#2151,#2159,#2167,#2175));
#2132 = ORIENTED_EDGE('',*,*,#769,.F.);
#2133 = ORIENTED_EDGE('',*,*,#707,.T.);
#2134 = ORIENTED_EDGE('',*,*,#2135,.T.);
#2135 = EDGE_CURVE('',#708,#2136,#2138,.T.);
#2136 = VERTEX_POINT('',#2137);
#2137 = CARTESIAN_POINT('',(7.366,-4.318,2.157));
#2138 = LINE('',#2139,#2140);
#2139 = CARTESIAN_POINT('',(3.683,-4.318,2.157));
#2140 = VECTOR('',#2141,1.);
#2141 = DIRECTION('',(1.,3.216245299353E-16,0.));
#2142 = ORIENTED_EDGE('',*,*,#2143,.T.);
#2143 = EDGE_CURVE('',#2136,#2144,#2146,.T.);
#2144 = VERTEX_POINT('',#2145);
#2145 = CARTESIAN_POINT('',(7.747,-4.318,1.776));
#2146 = CIRCLE('',#2147,0.381);
#2147 = AXIS2_PLACEMENT_3D('',#2148,#2149,#2150);
#2148 = CARTESIAN_POINT('',(7.366,-4.318,1.776));
#2149 = DIRECTION('',(-3.216245299353E-16,1.,0.));
#2150 = DIRECTION('',(0.,0.,1.));
#2151 = ORIENTED_EDGE('',*,*,#2152,.F.);
#2152 = EDGE_CURVE('',#2153,#2144,#2155,.T.);
#2153 = VERTEX_POINT('',#2154);
#2154 = CARTESIAN_POINT('',(7.747,-4.318,0.));
#2155 = LINE('',#2156,#2157);
#2156 = CARTESIAN_POINT('',(7.747,-4.318,0.));
#2157 = VECTOR('',#2158,1.);
#2158 = DIRECTION('',(-1.324339206003E-31,4.11765609504E-16,1.));
#2159 = ORIENTED_EDGE('',*,*,#2160,.T.);
#2160 = EDGE_CURVE('',#2153,#2161,#2163,.T.);
#2161 = VERTEX_POINT('',#2162);
#2162 = CARTESIAN_POINT('',(7.493,-4.318,0.));
#2163 = LINE('',#2164,#2165);
#2164 = CARTESIAN_POINT('',(7.747,-4.318,0.));
#2165 = VECTOR('',#2166,1.);
#2166 = DIRECTION('',(-1.,-3.216245299353E-16,0.));
#2167 = ORIENTED_EDGE('',*,*,#2168,.T.);
#2168 = EDGE_CURVE('',#2161,#2169,#2171,.T.);
#2169 = VERTEX_POINT('',#2170);
#2170 = CARTESIAN_POINT('',(7.493,-4.318,1.776));
#2171 = LINE('',#2172,#2173);
#2172 = CARTESIAN_POINT('',(7.493,-4.318,0.));
#2173 = VECTOR('',#2174,1.);
#2174 = DIRECTION('',(-1.324339206003E-31,4.11765609504E-16,1.));
#2175 = ORIENTED_EDGE('',*,*,#2176,.T.);
#2176 = EDGE_CURVE('',#2169,#770,#2177,.T.);
#2177 = CIRCLE('',#2178,0.127);
#2178 = AXIS2_PLACEMENT_3D('',#2179,#2180,#2181);
#2179 = CARTESIAN_POINT('',(7.366,-4.318,1.776));
#2180 = DIRECTION('',(3.216245299353E-16,-1.,0.));
#2181 = DIRECTION('',(0.,0.,-1.));
#2182 = PLANE('',#2183);
#2183 = AXIS2_PLACEMENT_3D('',#2184,#2185,#2186);
#2184 = CARTESIAN_POINT('',(0.254,-4.318,2.157));
#2185 = DIRECTION('',(-4.440892098501E-16,1.,0.));
#2186 = DIRECTION('',(0.,0.,1.));
#2187 = ADVANCED_FACE('',(#2188),#2213,.T.);
#2188 = FACE_BOUND('',#2189,.T.);
#2189 = EDGE_LOOP('',(#2190,#2198,#2199,#2207));
#2190 = ORIENTED_EDGE('',*,*,#2191,.T.);
#2191 = EDGE_CURVE('',#2192,#708,#2194,.T.);
#2192 = VERTEX_POINT('',#2193);
#2193 = CARTESIAN_POINT('',(6.91,-4.318,2.157));
#2194 = LINE('',#2195,#2196);
#2195 = CARTESIAN_POINT('',(3.683,-4.318,2.157));
#2196 = VECTOR('',#2197,1.);
#2197 = DIRECTION('',(1.,3.216245299353E-16,0.));
#2198 = ORIENTED_EDGE('',*,*,#724,.T.);
#2199 = ORIENTED_EDGE('',*,*,#2200,.T.);
#2200 = EDGE_CURVE('',#717,#2201,#2203,.T.);
#2201 = VERTEX_POINT('',#2202);
#2202 = CARTESIAN_POINT('',(6.91,-3.302,2.157));
#2203 = LINE('',#2204,#2205);
#2204 = CARTESIAN_POINT('',(7.62,-3.302,2.157));
#2205 = VECTOR('',#2206,1.);
#2206 = DIRECTION('',(-1.,-3.216245299353E-16,0.));
#2207 = ORIENTED_EDGE('',*,*,#2208,.F.);
#2208 = EDGE_CURVE('',#2192,#2201,#2209,.T.);
#2209 = LINE('',#2210,#2211);
#2210 = CARTESIAN_POINT('',(6.91,-17.07,2.157));
#2211 = VECTOR('',#2212,1.);
#2212 = DIRECTION('',(-4.440892098501E-16,1.,0.));
#2213 = B_SPLINE_SURFACE_WITH_KNOTS('',1,1,(
    (#2214,#2215)
    ,(#2216,#2217
    )),.UNSPECIFIED.,.F.,.F.,.F.,(2,2),(2,2),(0.,19.05),(0.,1.),
  .PIECEWISE_BEZIER_KNOTS.);
#2214 = CARTESIAN_POINT('',(6.985,-17.145,2.157));
#2215 = CARTESIAN_POINT('',(6.91,-17.07,2.157));
#2216 = CARTESIAN_POINT('',(6.985,1.905,2.157));
#2217 = CARTESIAN_POINT('',(6.91,1.83,2.157));
#2218 = ADVANCED_FACE('',(#2219),#2271,.T.);
#2219 = FACE_BOUND('',#2220,.T.);
#2220 = EDGE_LOOP('',(#2221,#2222,#2223,#2231,#2240,#2248,#2256,#2264));
#2221 = ORIENTED_EDGE('',*,*,#738,.F.);
#2222 = ORIENTED_EDGE('',*,*,#800,.T.);
#2223 = ORIENTED_EDGE('',*,*,#2224,.T.);
#2224 = EDGE_CURVE('',#801,#2225,#2227,.T.);
#2225 = VERTEX_POINT('',#2226);
#2226 = CARTESIAN_POINT('',(7.366,-9.398,2.157));
#2227 = LINE('',#2228,#2229);
#2228 = CARTESIAN_POINT('',(3.683,-9.398,2.157));
#2229 = VECTOR('',#2230,1.);
#2230 = DIRECTION('',(1.,3.216245299353E-16,0.));
#2231 = ORIENTED_EDGE('',*,*,#2232,.T.);
#2232 = EDGE_CURVE('',#2225,#2233,#2235,.T.);
#2233 = VERTEX_POINT('',#2234);
#2234 = CARTESIAN_POINT('',(7.747,-9.398,1.776));
#2235 = CIRCLE('',#2236,0.381);
#2236 = AXIS2_PLACEMENT_3D('',#2237,#2238,#2239);
#2237 = CARTESIAN_POINT('',(7.366,-9.398,1.776));
#2238 = DIRECTION('',(-3.216245299353E-16,1.,0.));
#2239 = DIRECTION('',(0.,0.,1.));
#2240 = ORIENTED_EDGE('',*,*,#2241,.F.);
#2241 = EDGE_CURVE('',#2242,#2233,#2244,.T.);
#2242 = VERTEX_POINT('',#2243);
#2243 = CARTESIAN_POINT('',(7.747,-9.398,0.));
#2244 = LINE('',#2245,#2246);
#2245 = CARTESIAN_POINT('',(7.747,-9.398,0.));
#2246 = VECTOR('',#2247,1.);
#2247 = DIRECTION('',(-1.324339206003E-31,4.11765609504E-16,1.));
#2248 = ORIENTED_EDGE('',*,*,#2249,.T.);
#2249 = EDGE_CURVE('',#2242,#2250,#2252,.T.);
#2250 = VERTEX_POINT('',#2251);
#2251 = CARTESIAN_POINT('',(7.493,-9.398,0.));
#2252 = LINE('',#2253,#2254);
#2253 = CARTESIAN_POINT('',(7.747,-9.398,0.));
#2254 = VECTOR('',#2255,1.);
#2255 = DIRECTION('',(-1.,-3.216245299353E-16,0.));
#2256 = ORIENTED_EDGE('',*,*,#2257,.T.);
#2257 = EDGE_CURVE('',#2250,#2258,#2260,.T.);
#2258 = VERTEX_POINT('',#2259);
#2259 = CARTESIAN_POINT('',(7.493,-9.398,1.776));
#2260 = LINE('',#2261,#2262);
#2261 = CARTESIAN_POINT('',(7.493,-9.398,0.));
#2262 = VECTOR('',#2263,1.);
#2263 = DIRECTION('',(-1.324339206003E-31,4.11765609504E-16,1.));
#2264 = ORIENTED_EDGE('',*,*,#2265,.T.);
#2265 = EDGE_CURVE('',#2258,#739,#2266,.T.);
#2266 = CIRCLE('',#2267,0.127);
#2267 = AXIS2_PLACEMENT_3D('',#2268,#2269,#2270);
#2268 = CARTESIAN_POINT('',(7.366,-9.398,1.776));
#2269 = DIRECTION('',(3.216245299353E-16,-1.,0.));
#2270 = DIRECTION('',(0.,0.,-1.));
#2271 = PLANE('',#2272);
#2272 = AXIS2_PLACEMENT_3D('',#2273,#2274,#2275);
#2273 = CARTESIAN_POINT('',(0.254,-9.398,2.157));
#2274 = DIRECTION('',(-4.440892098501E-16,1.,0.));
#2275 = DIRECTION('',(0.,0.,1.));
#2276 = ADVANCED_FACE('',(#2277),#2288,.F.);
#2277 = FACE_BOUND('',#2278,.F.);
#2278 = EDGE_LOOP('',(#2279,#2285,#2286,#2287));
#2279 = ORIENTED_EDGE('',*,*,#2280,.T.);
#2280 = EDGE_CURVE('',#2111,#2258,#2281,.T.);
#2281 = LINE('',#2282,#2283);
#2282 = CARTESIAN_POINT('',(7.493,-10.922,1.776));
#2283 = VECTOR('',#2284,1.);
#2284 = DIRECTION('',(-3.216245299353E-16,1.,0.));
#2285 = ORIENTED_EDGE('',*,*,#2265,.T.);
#2286 = ORIENTED_EDGE('',*,*,#755,.F.);
#2287 = ORIENTED_EDGE('',*,*,#2118,.F.);
#2288 = CYLINDRICAL_SURFACE('',#2289,0.127);
#2289 = AXIS2_PLACEMENT_3D('',#2290,#2291,#2292);
#2290 = CARTESIAN_POINT('',(7.366,-10.922,1.776));
#2291 = DIRECTION('',(-3.216245299353E-16,1.,0.));
#2292 = DIRECTION('',(1.,3.216245299353E-16,0.));
#2293 = ADVANCED_FACE('',(#2294),#2313,.F.);
#2294 = FACE_BOUND('',#2295,.F.);
#2295 = EDGE_LOOP('',(#2296,#2304,#2305,#2306));
#2296 = ORIENTED_EDGE('',*,*,#2297,.T.);
#2297 = EDGE_CURVE('',#2298,#2169,#2300,.T.);
#2298 = VERTEX_POINT('',#2299);
#2299 = CARTESIAN_POINT('',(7.493,-5.842,1.776));
#2300 = LINE('',#2301,#2302);
#2301 = CARTESIAN_POINT('',(7.493,-5.842,1.776));
#2302 = VECTOR('',#2303,1.);
#2303 = DIRECTION('',(-3.216245299353E-16,1.,0.));
#2304 = ORIENTED_EDGE('',*,*,#2176,.T.);
#2305 = ORIENTED_EDGE('',*,*,#786,.F.);
#2306 = ORIENTED_EDGE('',*,*,#2307,.F.);
#2307 = EDGE_CURVE('',#2298,#779,#2308,.T.);
#2308 = CIRCLE('',#2309,0.127);
#2309 = AXIS2_PLACEMENT_3D('',#2310,#2311,#2312);
#2310 = CARTESIAN_POINT('',(7.366,-5.842,1.776));
#2311 = DIRECTION('',(3.216245299353E-16,-1.,0.));
#2312 = DIRECTION('',(0.,0.,-1.));
#2313 = CYLINDRICAL_SURFACE('',#2314,0.127);
#2314 = AXIS2_PLACEMENT_3D('',#2315,#2316,#2317);
#2315 = CARTESIAN_POINT('',(7.366,-5.842,1.776));
#2316 = DIRECTION('',(-3.216245299353E-16,1.,0.));
#2317 = DIRECTION('',(1.,3.216245299353E-16,0.));
#2318 = ADVANCED_FACE('',(#2319),#2363,.F.);
#2319 = FACE_BOUND('',#2320,.F.);
#2320 = EDGE_LOOP('',(#2321,#2322,#2323,#2331,#2340,#2348,#2356,#2362));
#2321 = ORIENTED_EDGE('',*,*,#778,.T.);
#2322 = ORIENTED_EDGE('',*,*,#840,.T.);
#2323 = ORIENTED_EDGE('',*,*,#2324,.F.);
#2324 = EDGE_CURVE('',#2325,#841,#2327,.T.);
#2325 = VERTEX_POINT('',#2326);
#2326 = CARTESIAN_POINT('',(7.366,-5.842,2.157));
#2327 = LINE('',#2328,#2329);
#2328 = CARTESIAN_POINT('',(7.62,-5.842,2.157));
#2329 = VECTOR('',#2330,1.);
#2330 = DIRECTION('',(-1.,-3.216245299353E-16,0.));
#2331 = ORIENTED_EDGE('',*,*,#2332,.T.);
#2332 = EDGE_CURVE('',#2325,#2333,#2335,.T.);
#2333 = VERTEX_POINT('',#2334);
#2334 = CARTESIAN_POINT('',(7.747,-5.842,1.776));
#2335 = CIRCLE('',#2336,0.381);
#2336 = AXIS2_PLACEMENT_3D('',#2337,#2338,#2339);
#2337 = CARTESIAN_POINT('',(7.366,-5.842,1.776));
#2338 = DIRECTION('',(-3.216245299353E-16,1.,0.));
#2339 = DIRECTION('',(0.,0.,1.));
#2340 = ORIENTED_EDGE('',*,*,#2341,.T.);
#2341 = EDGE_CURVE('',#2333,#2342,#2344,.T.);
#2342 = VERTEX_POINT('',#2343);
#2343 = CARTESIAN_POINT('',(7.747,-5.842,0.));
#2344 = LINE('',#2345,#2346);
#2345 = CARTESIAN_POINT('',(7.747,-5.842,2.157));
#2346 = VECTOR('',#2347,1.);
#2347 = DIRECTION('',(-1.324339206003E-31,4.11765609504E-16,-1.));
#2348 = ORIENTED_EDGE('',*,*,#2349,.T.);
#2349 = EDGE_CURVE('',#2342,#2350,#2352,.T.);
#2350 = VERTEX_POINT('',#2351);
#2351 = CARTESIAN_POINT('',(7.493,-5.842,0.));
#2352 = LINE('',#2353,#2354);
#2353 = CARTESIAN_POINT('',(7.747,-5.842,0.));
#2354 = VECTOR('',#2355,1.);
#2355 = DIRECTION('',(-1.,-3.216245299353E-16,0.));
#2356 = ORIENTED_EDGE('',*,*,#2357,.F.);
#2357 = EDGE_CURVE('',#2298,#2350,#2358,.T.);
#2358 = LINE('',#2359,#2360);
#2359 = CARTESIAN_POINT('',(7.493,-5.842,2.157));
#2360 = VECTOR('',#2361,1.);
#2361 = DIRECTION('',(-1.324339206003E-31,4.11765609504E-16,-1.));
#2362 = ORIENTED_EDGE('',*,*,#2307,.T.);
#2363 = PLANE('',#2364);
#2364 = AXIS2_PLACEMENT_3D('',#2365,#2366,#2367);
#2365 = CARTESIAN_POINT('',(0.254,-5.842,2.157));
#2366 = DIRECTION('',(-4.440892098501E-16,1.,0.));
#2367 = DIRECTION('',(0.,0.,1.));
#2368 = ADVANCED_FACE('',(#2369),#2394,.T.);
#2369 = FACE_BOUND('',#2370,.T.);
#2370 = EDGE_LOOP('',(#2371,#2379,#2380,#2388));
#2371 = ORIENTED_EDGE('',*,*,#2372,.T.);
#2372 = EDGE_CURVE('',#2373,#801,#2375,.T.);
#2373 = VERTEX_POINT('',#2374);
#2374 = CARTESIAN_POINT('',(6.91,-9.398,2.157));
#2375 = LINE('',#2376,#2377);
#2376 = CARTESIAN_POINT('',(3.683,-9.398,2.157));
#2377 = VECTOR('',#2378,1.);
#2378 = DIRECTION('',(1.,3.216245299353E-16,0.));
#2379 = ORIENTED_EDGE('',*,*,#817,.T.);
#2380 = ORIENTED_EDGE('',*,*,#2381,.T.);
#2381 = EDGE_CURVE('',#810,#2382,#2384,.T.);
#2382 = VERTEX_POINT('',#2383);
#2383 = CARTESIAN_POINT('',(6.91,-8.382,2.157));
#2384 = LINE('',#2385,#2386);
#2385 = CARTESIAN_POINT('',(7.62,-8.382,2.157));
#2386 = VECTOR('',#2387,1.);
#2387 = DIRECTION('',(-1.,-3.216245299353E-16,0.));
#2388 = ORIENTED_EDGE('',*,*,#2389,.F.);
#2389 = EDGE_CURVE('',#2373,#2382,#2390,.T.);
#2390 = LINE('',#2391,#2392);
#2391 = CARTESIAN_POINT('',(6.91,-17.07,2.157));
#2392 = VECTOR('',#2393,1.);
#2393 = DIRECTION('',(-4.440892098501E-16,1.,0.));
#2394 = B_SPLINE_SURFACE_WITH_KNOTS('',1,1,(
    (#2395,#2396)
    ,(#2397,#2398
    )),.UNSPECIFIED.,.F.,.F.,.F.,(2,2),(2,2),(0.,19.05),(0.,1.),
  .PIECEWISE_BEZIER_KNOTS.);
#2395 = CARTESIAN_POINT('',(6.985,-17.145,2.157));
#2396 = CARTESIAN_POINT('',(6.91,-17.07,2.157));
#2397 = CARTESIAN_POINT('',(6.985,1.905,2.157));
#2398 = CARTESIAN_POINT('',(6.91,1.83,2.157));
#2399 = ADVANCED_FACE('',(#2400),#2452,.F.);
#2400 = FACE_BOUND('',#2401,.F.);
#2401 = EDGE_LOOP('',(#2402,#2403,#2404,#2412,#2421,#2429,#2437,#2445));
#2402 = ORIENTED_EDGE('',*,*,#871,.T.);
#2403 = ORIENTED_EDGE('',*,*,#809,.T.);
#2404 = ORIENTED_EDGE('',*,*,#2405,.F.);
#2405 = EDGE_CURVE('',#2406,#810,#2408,.T.);
#2406 = VERTEX_POINT('',#2407);
#2407 = CARTESIAN_POINT('',(7.366,-8.382,2.157));
#2408 = LINE('',#2409,#2410);
#2409 = CARTESIAN_POINT('',(7.62,-8.382,2.157));
#2410 = VECTOR('',#2411,1.);
#2411 = DIRECTION('',(-1.,-3.216245299353E-16,0.));
#2412 = ORIENTED_EDGE('',*,*,#2413,.T.);
#2413 = EDGE_CURVE('',#2406,#2414,#2416,.T.);
#2414 = VERTEX_POINT('',#2415);
#2415 = CARTESIAN_POINT('',(7.747,-8.382,1.776));
#2416 = CIRCLE('',#2417,0.381);
#2417 = AXIS2_PLACEMENT_3D('',#2418,#2419,#2420);
#2418 = CARTESIAN_POINT('',(7.366,-8.382,1.776));
#2419 = DIRECTION('',(-3.216245299353E-16,1.,0.));
#2420 = DIRECTION('',(0.,0.,1.));
#2421 = ORIENTED_EDGE('',*,*,#2422,.T.);
#2422 = EDGE_CURVE('',#2414,#2423,#2425,.T.);
#2423 = VERTEX_POINT('',#2424);
#2424 = CARTESIAN_POINT('',(7.747,-8.382,0.));
#2425 = LINE('',#2426,#2427);
#2426 = CARTESIAN_POINT('',(7.747,-8.382,2.157));
#2427 = VECTOR('',#2428,1.);
#2428 = DIRECTION('',(-1.324339206003E-31,4.11765609504E-16,-1.));
#2429 = ORIENTED_EDGE('',*,*,#2430,.T.);
#2430 = EDGE_CURVE('',#2423,#2431,#2433,.T.);
#2431 = VERTEX_POINT('',#2432);
#2432 = CARTESIAN_POINT('',(7.493,-8.382,0.));
#2433 = LINE('',#2434,#2435);
#2434 = CARTESIAN_POINT('',(7.747,-8.382,0.));
#2435 = VECTOR('',#2436,1.);
#2436 = DIRECTION('',(-1.,-3.216245299353E-16,0.));
#2437 = ORIENTED_EDGE('',*,*,#2438,.F.);
#2438 = EDGE_CURVE('',#2439,#2431,#2441,.T.);
#2439 = VERTEX_POINT('',#2440);
#2440 = CARTESIAN_POINT('',(7.493,-8.382,1.776));
#2441 = LINE('',#2442,#2443);
#2442 = CARTESIAN_POINT('',(7.493,-8.382,2.157));
#2443 = VECTOR('',#2444,1.);
#2444 = DIRECTION('',(-1.324339206003E-31,4.11765609504E-16,-1.));
#2445 = ORIENTED_EDGE('',*,*,#2446,.T.);
#2446 = EDGE_CURVE('',#2439,#872,#2447,.T.);
#2447 = CIRCLE('',#2448,0.127);
#2448 = AXIS2_PLACEMENT_3D('',#2449,#2450,#2451);
#2449 = CARTESIAN_POINT('',(7.366,-8.382,1.776));
#2450 = DIRECTION('',(3.216245299353E-16,-1.,0.));
#2451 = DIRECTION('',(0.,0.,-1.));
#2452 = PLANE('',#2453);
#2453 = AXIS2_PLACEMENT_3D('',#2454,#2455,#2456);
#2454 = CARTESIAN_POINT('',(0.254,-8.382,2.157));
#2455 = DIRECTION('',(-4.440892098501E-16,1.,0.));
#2456 = DIRECTION('',(0.,0.,1.));
#2457 = ADVANCED_FACE('',(#2458),#2510,.T.);
#2458 = FACE_BOUND('',#2459,.T.);
#2459 = EDGE_LOOP('',(#2460,#2461,#2462,#2470,#2479,#2487,#2495,#2503));
#2460 = ORIENTED_EDGE('',*,*,#862,.F.);
#2461 = ORIENTED_EDGE('',*,*,#831,.T.);
#2462 = ORIENTED_EDGE('',*,*,#2463,.T.);
#2463 = EDGE_CURVE('',#832,#2464,#2466,.T.);
#2464 = VERTEX_POINT('',#2465);
#2465 = CARTESIAN_POINT('',(7.366,-6.858,2.157));
#2466 = LINE('',#2467,#2468);
#2467 = CARTESIAN_POINT('',(3.683,-6.858,2.157));
#2468 = VECTOR('',#2469,1.);
#2469 = DIRECTION('',(1.,3.216245299353E-16,0.));
#2470 = ORIENTED_EDGE('',*,*,#2471,.T.);
#2471 = EDGE_CURVE('',#2464,#2472,#2474,.T.);
#2472 = VERTEX_POINT('',#2473);
#2473 = CARTESIAN_POINT('',(7.747,-6.858,1.776));
#2474 = CIRCLE('',#2475,0.381);
#2475 = AXIS2_PLACEMENT_3D('',#2476,#2477,#2478);
#2476 = CARTESIAN_POINT('',(7.366,-6.858,1.776));
#2477 = DIRECTION('',(-3.216245299353E-16,1.,0.));
#2478 = DIRECTION('',(0.,0.,1.));
#2479 = ORIENTED_EDGE('',*,*,#2480,.F.);
#2480 = EDGE_CURVE('',#2481,#2472,#2483,.T.);
#2481 = VERTEX_POINT('',#2482);
#2482 = CARTESIAN_POINT('',(7.747,-6.858,0.));
#2483 = LINE('',#2484,#2485);
#2484 = CARTESIAN_POINT('',(7.747,-6.858,0.));
#2485 = VECTOR('',#2486,1.);
#2486 = DIRECTION('',(-1.324339206003E-31,4.11765609504E-16,1.));
#2487 = ORIENTED_EDGE('',*,*,#2488,.T.);
#2488 = EDGE_CURVE('',#2481,#2489,#2491,.T.);
#2489 = VERTEX_POINT('',#2490);
#2490 = CARTESIAN_POINT('',(7.493,-6.858,0.));
#2491 = LINE('',#2492,#2493);
#2492 = CARTESIAN_POINT('',(7.747,-6.858,0.));
#2493 = VECTOR('',#2494,1.);
#2494 = DIRECTION('',(-1.,-3.216245299353E-16,0.));
#2495 = ORIENTED_EDGE('',*,*,#2496,.T.);
#2496 = EDGE_CURVE('',#2489,#2497,#2499,.T.);
#2497 = VERTEX_POINT('',#2498);
#2498 = CARTESIAN_POINT('',(7.493,-6.858,1.776));
#2499 = LINE('',#2500,#2501);
#2500 = CARTESIAN_POINT('',(7.493,-6.858,0.));
#2501 = VECTOR('',#2502,1.);
#2502 = DIRECTION('',(-1.324339206003E-31,4.11765609504E-16,1.));
#2503 = ORIENTED_EDGE('',*,*,#2504,.T.);
#2504 = EDGE_CURVE('',#2497,#863,#2505,.T.);
#2505 = CIRCLE('',#2506,0.127);
#2506 = AXIS2_PLACEMENT_3D('',#2507,#2508,#2509);
#2507 = CARTESIAN_POINT('',(7.366,-6.858,1.776));
#2508 = DIRECTION('',(3.216245299353E-16,-1.,0.));
#2509 = DIRECTION('',(0.,0.,-1.));
#2510 = PLANE('',#2511);
#2511 = AXIS2_PLACEMENT_3D('',#2512,#2513,#2514);
#2512 = CARTESIAN_POINT('',(0.254,-6.858,2.157));
#2513 = DIRECTION('',(-4.440892098501E-16,1.,0.));
#2514 = DIRECTION('',(0.,0.,1.));
#2515 = ADVANCED_FACE('',(#2516),#2541,.T.);
#2516 = FACE_BOUND('',#2517,.T.);
#2517 = EDGE_LOOP('',(#2518,#2526,#2527,#2535));
#2518 = ORIENTED_EDGE('',*,*,#2519,.T.);
#2519 = EDGE_CURVE('',#2520,#832,#2522,.T.);
#2520 = VERTEX_POINT('',#2521);
#2521 = CARTESIAN_POINT('',(6.91,-6.858,2.157));
#2522 = LINE('',#2523,#2524);
#2523 = CARTESIAN_POINT('',(3.683,-6.858,2.157));
#2524 = VECTOR('',#2525,1.);
#2525 = DIRECTION('',(1.,3.216245299353E-16,0.));
#2526 = ORIENTED_EDGE('',*,*,#848,.T.);
#2527 = ORIENTED_EDGE('',*,*,#2528,.T.);
#2528 = EDGE_CURVE('',#841,#2529,#2531,.T.);
#2529 = VERTEX_POINT('',#2530);
#2530 = CARTESIAN_POINT('',(6.91,-5.842,2.157));
#2531 = LINE('',#2532,#2533);
#2532 = CARTESIAN_POINT('',(7.62,-5.842,2.157));
#2533 = VECTOR('',#2534,1.);
#2534 = DIRECTION('',(-1.,-3.216245299353E-16,0.));
#2535 = ORIENTED_EDGE('',*,*,#2536,.F.);
#2536 = EDGE_CURVE('',#2520,#2529,#2537,.T.);
#2537 = LINE('',#2538,#2539);
#2538 = CARTESIAN_POINT('',(6.91,-17.07,2.157));
#2539 = VECTOR('',#2540,1.);
#2540 = DIRECTION('',(-4.440892098501E-16,1.,0.));
#2541 = B_SPLINE_SURFACE_WITH_KNOTS('',1,1,(
    (#2542,#2543)
    ,(#2544,#2545
    )),.UNSPECIFIED.,.F.,.F.,.F.,(2,2),(2,2),(0.,19.05),(0.,1.),
  .PIECEWISE_BEZIER_KNOTS.);
#2542 = CARTESIAN_POINT('',(6.985,-17.145,2.157));
#2543 = CARTESIAN_POINT('',(6.91,-17.07,2.157));
#2544 = CARTESIAN_POINT('',(6.985,1.905,2.157));
#2545 = CARTESIAN_POINT('',(6.91,1.83,2.157));
#2546 = ADVANCED_FACE('',(#2547),#2558,.F.);
#2547 = FACE_BOUND('',#2548,.F.);
#2548 = EDGE_LOOP('',(#2549,#2555,#2556,#2557));
#2549 = ORIENTED_EDGE('',*,*,#2550,.T.);
#2550 = EDGE_CURVE('',#2439,#2497,#2551,.T.);
#2551 = LINE('',#2552,#2553);
#2552 = CARTESIAN_POINT('',(7.493,-8.382,1.776));
#2553 = VECTOR('',#2554,1.);
#2554 = DIRECTION('',(-3.216245299353E-16,1.,0.));
#2555 = ORIENTED_EDGE('',*,*,#2504,.T.);
#2556 = ORIENTED_EDGE('',*,*,#879,.F.);
#2557 = ORIENTED_EDGE('',*,*,#2446,.F.);
#2558 = CYLINDRICAL_SURFACE('',#2559,0.127);
#2559 = AXIS2_PLACEMENT_3D('',#2560,#2561,#2562);
#2560 = CARTESIAN_POINT('',(7.366,-8.382,1.776));
#2561 = DIRECTION('',(-3.216245299353E-16,1.,0.));
#2562 = DIRECTION('',(1.,3.216245299353E-16,0.));
#2563 = ADVANCED_FACE('',(#2564),#2581,.T.);
#2564 = FACE_BOUND('',#2565,.T.);
#2565 = EDGE_LOOP('',(#2566,#2567,#2574,#2580));
#2566 = ORIENTED_EDGE('',*,*,#901,.T.);
#2567 = ORIENTED_EDGE('',*,*,#2568,.T.);
#2568 = EDGE_CURVE('',#895,#2569,#2571,.T.);
#2569 = VERTEX_POINT('',#2570);
#2570 = CARTESIAN_POINT('',(0.71,1.83,2.157));
#2571 = B_SPLINE_CURVE_WITH_KNOTS('',1,(#2572,#2573),.UNSPECIFIED.,.F.,
  .F.,(2,2),(0.,1.),.PIECEWISE_BEZIER_KNOTS.);
#2572 = CARTESIAN_POINT('',(0.635,1.905,2.157));
#2573 = CARTESIAN_POINT('',(0.71,1.83,2.157));
#2574 = ORIENTED_EDGE('',*,*,#2575,.F.);
#2575 = EDGE_CURVE('',#1546,#2569,#2576,.T.);
#2576 = LINE('',#2577,#2578);
#2577 = CARTESIAN_POINT('',(6.91,1.83,2.157));
#2578 = VECTOR('',#2579,1.);
#2579 = DIRECTION('',(-1.,-4.440892098501E-16,0.));
#2580 = ORIENTED_EDGE('',*,*,#1545,.F.);
#2581 = B_SPLINE_SURFACE_WITH_KNOTS('',1,1,(
    (#2582,#2583)
    ,(#2584,#2585
    )),.UNSPECIFIED.,.F.,.F.,.F.,(2,2),(2,2),(0.,6.35),(0.,1.),
  .PIECEWISE_BEZIER_KNOTS.);
#2582 = CARTESIAN_POINT('',(6.985,1.905,2.157));
#2583 = CARTESIAN_POINT('',(6.91,1.83,2.157));
#2584 = CARTESIAN_POINT('',(0.635,1.905,2.157));
#2585 = CARTESIAN_POINT('',(0.71,1.83,2.157));
#2586 = ADVANCED_FACE('',(#2587),#2605,.T.);
#2587 = FACE_BOUND('',#2588,.T.);
#2588 = EDGE_LOOP('',(#2589,#2590,#2591,#2599));
#2589 = ORIENTED_EDGE('',*,*,#2568,.F.);
#2590 = ORIENTED_EDGE('',*,*,#926,.T.);
#2591 = ORIENTED_EDGE('',*,*,#2592,.T.);
#2592 = EDGE_CURVE('',#919,#2593,#2595,.T.);
#2593 = VERTEX_POINT('',#2594);
#2594 = CARTESIAN_POINT('',(0.71,0.2285,2.157));
#2595 = LINE('',#2596,#2597);
#2596 = CARTESIAN_POINT('',(-0.127,0.2285,2.157));
#2597 = VECTOR('',#2598,1.);
#2598 = DIRECTION('',(1.,4.440892098501E-16,0.));
#2599 = ORIENTED_EDGE('',*,*,#2600,.F.);
#2600 = EDGE_CURVE('',#2569,#2593,#2601,.T.);
#2601 = LINE('',#2602,#2603);
#2602 = CARTESIAN_POINT('',(0.71,1.83,2.157));
#2603 = VECTOR('',#2604,1.);
#2604 = DIRECTION('',(4.440892098501E-16,-1.,0.));
#2605 = B_SPLINE_SURFACE_WITH_KNOTS('',1,1,(
    (#2606,#2607)
    ,(#2608,#2609
    )),.UNSPECIFIED.,.F.,.F.,.F.,(2,2),(2,2),(0.,19.05),(0.,1.),
  .PIECEWISE_BEZIER_KNOTS.);
#2606 = CARTESIAN_POINT('',(0.635,1.905,2.157));
#2607 = CARTESIAN_POINT('',(0.71,1.83,2.157));
#2608 = CARTESIAN_POINT('',(0.635,-17.145,2.157));
#2609 = CARTESIAN_POINT('',(0.71,-17.07,2.157));
#2610 = ADVANCED_FACE('',(#2611),#2663,.F.);
#2611 = FACE_BOUND('',#2612,.F.);
#2612 = EDGE_LOOP('',(#2613,#2621,#2630,#2638,#2646,#2654,#2661,#2662));
#2613 = ORIENTED_EDGE('',*,*,#2614,.F.);
#2614 = EDGE_CURVE('',#2615,#919,#2617,.T.);
#2615 = VERTEX_POINT('',#2616);
#2616 = CARTESIAN_POINT('',(0.254,0.2285,2.157));
#2617 = LINE('',#2618,#2619);
#2618 = CARTESIAN_POINT('',(-0.127,0.2285,2.157));
#2619 = VECTOR('',#2620,1.);
#2620 = DIRECTION('',(1.,4.440892098501E-16,0.));
#2621 = ORIENTED_EDGE('',*,*,#2622,.T.);
#2622 = EDGE_CURVE('',#2615,#2623,#2625,.T.);
#2623 = VERTEX_POINT('',#2624);
#2624 = CARTESIAN_POINT('',(-0.127,0.2285,1.776));
#2625 = CIRCLE('',#2626,0.381);
#2626 = AXIS2_PLACEMENT_3D('',#2627,#2628,#2629);
#2627 = CARTESIAN_POINT('',(0.254,0.2285,1.776));
#2628 = DIRECTION('',(4.440892098501E-16,-1.,0.));
#2629 = DIRECTION('',(0.,0.,1.));
#2630 = ORIENTED_EDGE('',*,*,#2631,.T.);
#2631 = EDGE_CURVE('',#2623,#2632,#2634,.T.);
#2632 = VERTEX_POINT('',#2633);
#2633 = CARTESIAN_POINT('',(-0.127,0.2285,-2.843));
#2634 = LINE('',#2635,#2636);
#2635 = CARTESIAN_POINT('',(-0.127,0.2285,2.157));
#2636 = VECTOR('',#2637,1.);
#2637 = DIRECTION('',(-0.,0.,-1.));
#2638 = ORIENTED_EDGE('',*,*,#2639,.T.);
#2639 = EDGE_CURVE('',#2632,#2640,#2642,.T.);
#2640 = VERTEX_POINT('',#2641);
#2641 = CARTESIAN_POINT('',(0.127,0.2285,-2.843));
#2642 = LINE('',#2643,#2644);
#2643 = CARTESIAN_POINT('',(-0.127,0.2285,-2.843));
#2644 = VECTOR('',#2645,1.);
#2645 = DIRECTION('',(1.,4.440892098501E-16,0.));
#2646 = ORIENTED_EDGE('',*,*,#2647,.F.);
#2647 = EDGE_CURVE('',#2648,#2640,#2650,.T.);
#2648 = VERTEX_POINT('',#2649);
#2649 = CARTESIAN_POINT('',(0.127,0.2285,1.776));
#2650 = LINE('',#2651,#2652);
#2651 = CARTESIAN_POINT('',(0.127,0.2285,2.157));
#2652 = VECTOR('',#2653,1.);
#2653 = DIRECTION('',(-0.,0.,-1.));
#2654 = ORIENTED_EDGE('',*,*,#2655,.T.);
#2655 = EDGE_CURVE('',#2648,#971,#2656,.T.);
#2656 = CIRCLE('',#2657,0.127);
#2657 = AXIS2_PLACEMENT_3D('',#2658,#2659,#2660);
#2658 = CARTESIAN_POINT('',(0.254,0.2285,1.776));
#2659 = DIRECTION('',(-4.440892098501E-16,1.,0.));
#2660 = DIRECTION('',(0.,0.,-1.));
#2661 = ORIENTED_EDGE('',*,*,#970,.T.);
#2662 = ORIENTED_EDGE('',*,*,#918,.T.);
#2663 = PLANE('',#2664);
#2664 = AXIS2_PLACEMENT_3D('',#2665,#2666,#2667);
#2665 = CARTESIAN_POINT('',(0.254,0.2285,2.157));
#2666 = DIRECTION('',(4.440892098501E-16,-1.,0.));
#2667 = DIRECTION('',(0.,-0.,-1.));
#2668 = ADVANCED_FACE('',(#2669),#2721,.F.);
#2669 = FACE_BOUND('',#2670,.F.);
#2670 = EDGE_LOOP('',(#2671,#2681,#2690,#2696,#2697,#2698,#2707,#2715));
#2671 = ORIENTED_EDGE('',*,*,#2672,.F.);
#2672 = EDGE_CURVE('',#2673,#2675,#2677,.T.);
#2673 = VERTEX_POINT('',#2674);
#2674 = CARTESIAN_POINT('',(-0.127,-15.4685,1.776));
#2675 = VERTEX_POINT('',#2676);
#2676 = CARTESIAN_POINT('',(-0.127,-15.4685,-2.843));
#2677 = LINE('',#2678,#2679);
#2678 = CARTESIAN_POINT('',(-0.127,-15.4685,2.157));
#2679 = VECTOR('',#2680,1.);
#2680 = DIRECTION('',(-0.,0.,-1.));
#2681 = ORIENTED_EDGE('',*,*,#2682,.T.);
#2682 = EDGE_CURVE('',#2673,#2683,#2685,.T.);
#2683 = VERTEX_POINT('',#2684);
#2684 = CARTESIAN_POINT('',(0.254,-15.4685,2.157));
#2685 = CIRCLE('',#2686,0.381);
#2686 = AXIS2_PLACEMENT_3D('',#2687,#2688,#2689);
#2687 = CARTESIAN_POINT('',(0.254,-15.4685,1.776));
#2688 = DIRECTION('',(-4.440892098501E-16,1.,0.));
#2689 = DIRECTION('',(0.,0.,1.));
#2690 = ORIENTED_EDGE('',*,*,#2691,.F.);
#2691 = EDGE_CURVE('',#941,#2683,#2692,.T.);
#2692 = LINE('',#2693,#2694);
#2693 = CARTESIAN_POINT('',(3.81,-15.4685,2.157));
#2694 = VECTOR('',#2695,1.);
#2695 = DIRECTION('',(-1.,-4.440892098501E-16,0.));
#2696 = ORIENTED_EDGE('',*,*,#940,.T.);
#2697 = ORIENTED_EDGE('',*,*,#1017,.T.);
#2698 = ORIENTED_EDGE('',*,*,#2699,.F.);
#2699 = EDGE_CURVE('',#2700,#1010,#2702,.T.);
#2700 = VERTEX_POINT('',#2701);
#2701 = CARTESIAN_POINT('',(0.127,-15.4685,1.776));
#2702 = CIRCLE('',#2703,0.127);
#2703 = AXIS2_PLACEMENT_3D('',#2704,#2705,#2706);
#2704 = CARTESIAN_POINT('',(0.254,-15.4685,1.776));
#2705 = DIRECTION('',(-4.440892098501E-16,1.,0.));
#2706 = DIRECTION('',(0.,0.,1.));
#2707 = ORIENTED_EDGE('',*,*,#2708,.T.);
#2708 = EDGE_CURVE('',#2700,#2709,#2711,.T.);
#2709 = VERTEX_POINT('',#2710);
#2710 = CARTESIAN_POINT('',(0.127,-15.4685,-2.843));
#2711 = LINE('',#2712,#2713);
#2712 = CARTESIAN_POINT('',(0.127,-15.4685,2.157));
#2713 = VECTOR('',#2714,1.);
#2714 = DIRECTION('',(-0.,0.,-1.));
#2715 = ORIENTED_EDGE('',*,*,#2716,.F.);
#2716 = EDGE_CURVE('',#2675,#2709,#2717,.T.);
#2717 = LINE('',#2718,#2719);
#2718 = CARTESIAN_POINT('',(-0.127,-15.4685,-2.843));
#2719 = VECTOR('',#2720,1.);
#2720 = DIRECTION('',(1.,4.440892098501E-16,0.));
#2721 = PLANE('',#2722);
#2722 = AXIS2_PLACEMENT_3D('',#2723,#2724,#2725);
#2723 = CARTESIAN_POINT('',(-0.127,-15.4685,1.776));
#2724 = DIRECTION('',(-4.440892098501E-16,1.,0.));
#2725 = DIRECTION('',(0.,0.,1.));
#2726 = ADVANCED_FACE('',(#2727),#2751,.T.);
#2727 = FACE_BOUND('',#2728,.T.);
#2728 = EDGE_LOOP('',(#2729,#2737,#2738,#2745));
#2729 = ORIENTED_EDGE('',*,*,#2730,.T.);
#2730 = EDGE_CURVE('',#2731,#941,#2733,.T.);
#2731 = VERTEX_POINT('',#2732);
#2732 = CARTESIAN_POINT('',(0.71,-15.4685,2.157));
#2733 = LINE('',#2734,#2735);
#2734 = CARTESIAN_POINT('',(3.81,-15.4685,2.157));
#2735 = VECTOR('',#2736,1.);
#2736 = DIRECTION('',(-1.,-4.440892098501E-16,0.));
#2737 = ORIENTED_EDGE('',*,*,#956,.T.);
#2738 = ORIENTED_EDGE('',*,*,#2739,.T.);
#2739 = EDGE_CURVE('',#950,#2740,#2742,.T.);
#2740 = VERTEX_POINT('',#2741);
#2741 = CARTESIAN_POINT('',(0.71,-17.07,2.157));
#2742 = B_SPLINE_CURVE_WITH_KNOTS('',1,(#2743,#2744),.UNSPECIFIED.,.F.,
  .F.,(2,2),(0.,1.),.PIECEWISE_BEZIER_KNOTS.);
#2743 = CARTESIAN_POINT('',(0.635,-17.145,2.157));
#2744 = CARTESIAN_POINT('',(0.71,-17.07,2.157));
#2745 = ORIENTED_EDGE('',*,*,#2746,.F.);
#2746 = EDGE_CURVE('',#2731,#2740,#2747,.T.);
#2747 = LINE('',#2748,#2749);
#2748 = CARTESIAN_POINT('',(0.71,1.83,2.157));
#2749 = VECTOR('',#2750,1.);
#2750 = DIRECTION('',(4.440892098501E-16,-1.,0.));
#2751 = B_SPLINE_SURFACE_WITH_KNOTS('',1,1,(
    (#2752,#2753)
    ,(#2754,#2755
    )),.UNSPECIFIED.,.F.,.F.,.F.,(2,2),(2,2),(0.,19.05),(0.,1.),
  .PIECEWISE_BEZIER_KNOTS.);
#2752 = CARTESIAN_POINT('',(0.635,1.905,2.157));
#2753 = CARTESIAN_POINT('',(0.71,1.83,2.157));
#2754 = CARTESIAN_POINT('',(0.635,-17.145,2.157));
#2755 = CARTESIAN_POINT('',(0.71,-17.07,2.157));
#2756 = ADVANCED_FACE('',(#2757),#2809,.T.);
#2757 = FACE_BOUND('',#2758,.T.);
#2758 = EDGE_LOOP('',(#2759,#2770,#2778,#2786,#2794,#2801,#2802,#2803));
#2759 = ORIENTED_EDGE('',*,*,#2760,.T.);
#2760 = EDGE_CURVE('',#2761,#2763,#2765,.T.);
#2761 = VERTEX_POINT('',#2762);
#2762 = CARTESIAN_POINT('',(0.254,-0.762,2.157));
#2763 = VERTEX_POINT('',#2764);
#2764 = CARTESIAN_POINT('',(-0.127,-0.762,1.776));
#2765 = CIRCLE('',#2766,0.381);
#2766 = AXIS2_PLACEMENT_3D('',#2767,#2768,#2769);
#2767 = CARTESIAN_POINT('',(0.254,-0.762,1.776));
#2768 = DIRECTION('',(4.440892098501E-16,-1.,0.));
#2769 = DIRECTION('',(0.,0.,1.));
#2770 = ORIENTED_EDGE('',*,*,#2771,.F.);
#2771 = EDGE_CURVE('',#2772,#2763,#2774,.T.);
#2772 = VERTEX_POINT('',#2773);
#2773 = CARTESIAN_POINT('',(-0.127,-0.762,0.));
#2774 = LINE('',#2775,#2776);
#2775 = CARTESIAN_POINT('',(-0.127,-0.762,0.));
#2776 = VECTOR('',#2777,1.);
#2777 = DIRECTION('',(0.,0.,1.));
#2778 = ORIENTED_EDGE('',*,*,#2779,.T.);
#2779 = EDGE_CURVE('',#2772,#2780,#2782,.T.);
#2780 = VERTEX_POINT('',#2781);
#2781 = CARTESIAN_POINT('',(0.127,-0.762,0.));
#2782 = LINE('',#2783,#2784);
#2783 = CARTESIAN_POINT('',(-0.127,-0.762,0.));
#2784 = VECTOR('',#2785,1.);
#2785 = DIRECTION('',(1.,4.440892098501E-16,0.));
#2786 = ORIENTED_EDGE('',*,*,#2787,.T.);
#2787 = EDGE_CURVE('',#2780,#2788,#2790,.T.);
#2788 = VERTEX_POINT('',#2789);
#2789 = CARTESIAN_POINT('',(0.127,-0.762,1.776));
#2790 = LINE('',#2791,#2792);
#2791 = CARTESIAN_POINT('',(0.127,-0.762,0.));
#2792 = VECTOR('',#2793,1.);
#2793 = DIRECTION('',(0.,0.,1.));
#2794 = ORIENTED_EDGE('',*,*,#2795,.T.);
#2795 = EDGE_CURVE('',#2788,#979,#2796,.T.);
#2796 = CIRCLE('',#2797,0.127);
#2797 = AXIS2_PLACEMENT_3D('',#2798,#2799,#2800);
#2798 = CARTESIAN_POINT('',(0.254,-0.762,1.776));
#2799 = DIRECTION('',(-4.440892098501E-16,1.,0.));
#2800 = DIRECTION('',(0.,0.,-1.));
#2801 = ORIENTED_EDGE('',*,*,#986,.F.);
#2802 = ORIENTED_EDGE('',*,*,#1032,.T.);
#2803 = ORIENTED_EDGE('',*,*,#2804,.T.);
#2804 = EDGE_CURVE('',#1033,#2761,#2805,.T.);
#2805 = LINE('',#2806,#2807);
#2806 = CARTESIAN_POINT('',(3.81,-0.762,2.157));
#2807 = VECTOR('',#2808,1.);
#2808 = DIRECTION('',(-1.,-4.440892098501E-16,0.));
#2809 = PLANE('',#2810);
#2810 = AXIS2_PLACEMENT_3D('',#2811,#2812,#2813);
#2811 = CARTESIAN_POINT('',(-0.127,-0.762,0.));
#2812 = DIRECTION('',(4.440892098501E-16,-1.,0.));
#2813 = DIRECTION('',(0.,-0.,-1.));
#2814 = ADVANCED_FACE('',(#2815),#2826,.F.);
#2815 = FACE_BOUND('',#2816,.F.);
#2816 = EDGE_LOOP('',(#2817,#2823,#2824,#2825));
#2817 = ORIENTED_EDGE('',*,*,#2818,.T.);
#2818 = EDGE_CURVE('',#2648,#2788,#2819,.T.);
#2819 = LINE('',#2820,#2821);
#2820 = CARTESIAN_POINT('',(0.127,0.2285,1.776));
#2821 = VECTOR('',#2822,1.);
#2822 = DIRECTION('',(4.440892098501E-16,-1.,0.));
#2823 = ORIENTED_EDGE('',*,*,#2795,.T.);
#2824 = ORIENTED_EDGE('',*,*,#978,.F.);
#2825 = ORIENTED_EDGE('',*,*,#2655,.F.);
#2826 = CYLINDRICAL_SURFACE('',#2827,0.127);
#2827 = AXIS2_PLACEMENT_3D('',#2828,#2829,#2830);
#2828 = CARTESIAN_POINT('',(0.254,0.2285,1.776));
#2829 = DIRECTION('',(4.440892098501E-16,-1.,0.));
#2830 = DIRECTION('',(-1.,-4.440892098501E-16,0.));
#2831 = ADVANCED_FACE('',(#2832),#2884,.F.);
#2832 = FACE_BOUND('',#2833,.F.);
#2833 = EDGE_LOOP('',(#2834,#2842,#2851,#2859,#2867,#2875,#2882,#2883));
#2834 = ORIENTED_EDGE('',*,*,#2835,.F.);
#2835 = EDGE_CURVE('',#2836,#1073,#2838,.T.);
#2836 = VERTEX_POINT('',#2837);
#2837 = CARTESIAN_POINT('',(0.254,-14.478,2.157));
#2838 = LINE('',#2839,#2840);
#2839 = CARTESIAN_POINT('',(-0.127,-14.478,2.157));
#2840 = VECTOR('',#2841,1.);
#2841 = DIRECTION('',(1.,4.440892098501E-16,0.));
#2842 = ORIENTED_EDGE('',*,*,#2843,.F.);
#2843 = EDGE_CURVE('',#2844,#2836,#2846,.T.);
#2844 = VERTEX_POINT('',#2845);
#2845 = CARTESIAN_POINT('',(-0.127,-14.478,1.776));
#2846 = CIRCLE('',#2847,0.381);
#2847 = AXIS2_PLACEMENT_3D('',#2848,#2849,#2850);
#2848 = CARTESIAN_POINT('',(0.254,-14.478,1.776));
#2849 = DIRECTION('',(-4.440892098501E-16,1.,0.));
#2850 = DIRECTION('',(0.,0.,1.));
#2851 = ORIENTED_EDGE('',*,*,#2852,.F.);
#2852 = EDGE_CURVE('',#2853,#2844,#2855,.T.);
#2853 = VERTEX_POINT('',#2854);
#2854 = CARTESIAN_POINT('',(-0.127,-14.478,0.));
#2855 = LINE('',#2856,#2857);
#2856 = CARTESIAN_POINT('',(-0.127,-14.478,0.));
#2857 = VECTOR('',#2858,1.);
#2858 = DIRECTION('',(0.,0.,1.));
#2859 = ORIENTED_EDGE('',*,*,#2860,.T.);
#2860 = EDGE_CURVE('',#2853,#2861,#2863,.T.);
#2861 = VERTEX_POINT('',#2862);
#2862 = CARTESIAN_POINT('',(0.127,-14.478,0.));
#2863 = LINE('',#2864,#2865);
#2864 = CARTESIAN_POINT('',(-0.127,-14.478,0.));
#2865 = VECTOR('',#2866,1.);
#2866 = DIRECTION('',(1.,4.440892098501E-16,0.));
#2867 = ORIENTED_EDGE('',*,*,#2868,.T.);
#2868 = EDGE_CURVE('',#2861,#2869,#2871,.T.);
#2869 = VERTEX_POINT('',#2870);
#2870 = CARTESIAN_POINT('',(0.127,-14.478,1.776));
#2871 = LINE('',#2872,#2873);
#2872 = CARTESIAN_POINT('',(0.127,-14.478,0.));
#2873 = VECTOR('',#2874,1.);
#2874 = DIRECTION('',(0.,0.,1.));
#2875 = ORIENTED_EDGE('',*,*,#2876,.T.);
#2876 = EDGE_CURVE('',#2869,#1002,#2877,.T.);
#2877 = CIRCLE('',#2878,0.127);
#2878 = AXIS2_PLACEMENT_3D('',#2879,#2880,#2881);
#2879 = CARTESIAN_POINT('',(0.254,-14.478,1.776));
#2880 = DIRECTION('',(-4.440892098501E-16,1.,0.));
#2881 = DIRECTION('',(0.,0.,1.));
#2882 = ORIENTED_EDGE('',*,*,#1001,.T.);
#2883 = ORIENTED_EDGE('',*,*,#1072,.T.);
#2884 = PLANE('',#2885);
#2885 = AXIS2_PLACEMENT_3D('',#2886,#2887,#2888);
#2886 = CARTESIAN_POINT('',(0.254,-14.478,2.157));
#2887 = DIRECTION('',(4.440892098501E-16,-1.,1.740014167195E-14));
#2888 = DIRECTION('',(7.727215166377E-30,-1.740014167195E-14,-1.));
#2889 = ADVANCED_FACE('',(#2890),#2901,.F.);
#2890 = FACE_BOUND('',#2891,.F.);
#2891 = EDGE_LOOP('',(#2892,#2893,#2894,#2895));
#2892 = ORIENTED_EDGE('',*,*,#2699,.T.);
#2893 = ORIENTED_EDGE('',*,*,#1009,.T.);
#2894 = ORIENTED_EDGE('',*,*,#2876,.F.);
#2895 = ORIENTED_EDGE('',*,*,#2896,.F.);
#2896 = EDGE_CURVE('',#2700,#2869,#2897,.T.);
#2897 = LINE('',#2898,#2899);
#2898 = CARTESIAN_POINT('',(0.127,-15.4685,1.776));
#2899 = VECTOR('',#2900,1.);
#2900 = DIRECTION('',(-4.440892098501E-16,1.,0.));
#2901 = CYLINDRICAL_SURFACE('',#2902,0.127);
#2902 = AXIS2_PLACEMENT_3D('',#2903,#2904,#2905);
#2903 = CARTESIAN_POINT('',(0.254,-15.4685,1.776));
#2904 = DIRECTION('',(-4.440892098501E-16,1.,0.));
#2905 = DIRECTION('',(-1.,-4.440892098501E-16,0.));
#2906 = ADVANCED_FACE('',(#2907),#2932,.T.);
#2907 = FACE_BOUND('',#2908,.T.);
#2908 = EDGE_LOOP('',(#2909,#2917,#2918,#2926));
#2909 = ORIENTED_EDGE('',*,*,#2910,.T.);
#2910 = EDGE_CURVE('',#2911,#1033,#2913,.T.);
#2911 = VERTEX_POINT('',#2912);
#2912 = CARTESIAN_POINT('',(0.71,-0.762,2.157));
#2913 = LINE('',#2914,#2915);
#2914 = CARTESIAN_POINT('',(3.81,-0.762,2.157));
#2915 = VECTOR('',#2916,1.);
#2916 = DIRECTION('',(-1.,-4.440892098501E-16,0.));
#2917 = ORIENTED_EDGE('',*,*,#1049,.T.);
#2918 = ORIENTED_EDGE('',*,*,#2919,.T.);
#2919 = EDGE_CURVE('',#1042,#2920,#2922,.T.);
#2920 = VERTEX_POINT('',#2921);
#2921 = CARTESIAN_POINT('',(0.71,-1.778,2.157));
#2922 = LINE('',#2923,#2924);
#2923 = CARTESIAN_POINT('',(-3.552713678801E-15,-1.778,2.157));
#2924 = VECTOR('',#2925,1.);
#2925 = DIRECTION('',(1.,4.440892098501E-16,0.));
#2926 = ORIENTED_EDGE('',*,*,#2927,.F.);
#2927 = EDGE_CURVE('',#2911,#2920,#2928,.T.);
#2928 = LINE('',#2929,#2930);
#2929 = CARTESIAN_POINT('',(0.71,1.83,2.157));
#2930 = VECTOR('',#2931,1.);
#2931 = DIRECTION('',(4.440892098501E-16,-1.,0.));
#2932 = B_SPLINE_SURFACE_WITH_KNOTS('',1,1,(
    (#2933,#2934)
    ,(#2935,#2936
    )),.UNSPECIFIED.,.F.,.F.,.F.,(2,2),(2,2),(0.,19.05),(0.,1.),
  .PIECEWISE_BEZIER_KNOTS.);
#2933 = CARTESIAN_POINT('',(0.635,1.905,2.157));
#2934 = CARTESIAN_POINT('',(0.71,1.83,2.157));
#2935 = CARTESIAN_POINT('',(0.635,-17.145,2.157));
#2936 = CARTESIAN_POINT('',(0.71,-17.07,2.157));
#2937 = ADVANCED_FACE('',(#2938),#2990,.T.);
#2938 = FACE_BOUND('',#2939,.T.);
#2939 = EDGE_LOOP('',(#2940,#2951,#2957,#2958,#2959,#2968,#2976,#2984));
#2940 = ORIENTED_EDGE('',*,*,#2941,.F.);
#2941 = EDGE_CURVE('',#2942,#2944,#2946,.T.);
#2942 = VERTEX_POINT('',#2943);
#2943 = CARTESIAN_POINT('',(0.254,-1.778,2.157));
#2944 = VERTEX_POINT('',#2945);
#2945 = CARTESIAN_POINT('',(-0.127,-1.778,1.776));
#2946 = CIRCLE('',#2947,0.381);
#2947 = AXIS2_PLACEMENT_3D('',#2948,#2949,#2950);
#2948 = CARTESIAN_POINT('',(0.254,-1.778,1.776));
#2949 = DIRECTION('',(4.440892098501E-16,-1.,0.));
#2950 = DIRECTION('',(0.,0.,1.));
#2951 = ORIENTED_EDGE('',*,*,#2952,.T.);
#2952 = EDGE_CURVE('',#2942,#1042,#2953,.T.);
#2953 = LINE('',#2954,#2955);
#2954 = CARTESIAN_POINT('',(-3.552713678801E-15,-1.778,2.157));
#2955 = VECTOR('',#2956,1.);
#2956 = DIRECTION('',(1.,4.440892098501E-16,0.));
#2957 = ORIENTED_EDGE('',*,*,#1041,.T.);
#2958 = ORIENTED_EDGE('',*,*,#1094,.F.);
#2959 = ORIENTED_EDGE('',*,*,#2960,.F.);
#2960 = EDGE_CURVE('',#2961,#1095,#2963,.T.);
#2961 = VERTEX_POINT('',#2962);
#2962 = CARTESIAN_POINT('',(0.127,-1.778,1.776));
#2963 = CIRCLE('',#2964,0.127);
#2964 = AXIS2_PLACEMENT_3D('',#2965,#2966,#2967);
#2965 = CARTESIAN_POINT('',(0.254,-1.778,1.776));
#2966 = DIRECTION('',(-4.440892098501E-16,1.,0.));
#2967 = DIRECTION('',(0.,0.,-1.));
#2968 = ORIENTED_EDGE('',*,*,#2969,.T.);
#2969 = EDGE_CURVE('',#2961,#2970,#2972,.T.);
#2970 = VERTEX_POINT('',#2971);
#2971 = CARTESIAN_POINT('',(0.127,-1.778,0.));
#2972 = LINE('',#2973,#2974);
#2973 = CARTESIAN_POINT('',(0.127,-1.778,2.157));
#2974 = VECTOR('',#2975,1.);
#2975 = DIRECTION('',(1.828606641681E-31,-4.11765609504E-16,-1.));
#2976 = ORIENTED_EDGE('',*,*,#2977,.F.);
#2977 = EDGE_CURVE('',#2978,#2970,#2980,.T.);
#2978 = VERTEX_POINT('',#2979);
#2979 = CARTESIAN_POINT('',(-0.127,-1.778,0.));
#2980 = LINE('',#2981,#2982);
#2981 = CARTESIAN_POINT('',(-0.127,-1.778,0.));
#2982 = VECTOR('',#2983,1.);
#2983 = DIRECTION('',(1.,4.440892098501E-16,0.));
#2984 = ORIENTED_EDGE('',*,*,#2985,.F.);
#2985 = EDGE_CURVE('',#2944,#2978,#2986,.T.);
#2986 = LINE('',#2987,#2988);
#2987 = CARTESIAN_POINT('',(-0.127,-1.778,2.157));
#2988 = VECTOR('',#2989,1.);
#2989 = DIRECTION('',(1.828606641681E-31,-4.11765609504E-16,-1.));
#2990 = PLANE('',#2991);
#2991 = AXIS2_PLACEMENT_3D('',#2992,#2993,#2994);
#2992 = CARTESIAN_POINT('',(0.254,-1.778,2.157));
#2993 = DIRECTION('',(-4.440892098501E-16,1.,0.));
#2994 = DIRECTION('',(0.,0.,1.));
#2995 = ADVANCED_FACE('',(#2996),#3048,.F.);
#2996 = FACE_BOUND('',#2997,.F.);
#2997 = EDGE_LOOP('',(#2998,#3009,#3015,#3016,#3017,#3026,#3034,#3042));
#2998 = ORIENTED_EDGE('',*,*,#2999,.F.);
#2999 = EDGE_CURVE('',#3000,#3002,#3004,.T.);
#3000 = VERTEX_POINT('',#3001);
#3001 = CARTESIAN_POINT('',(0.254,-13.462,2.157));
#3002 = VERTEX_POINT('',#3003);
#3003 = CARTESIAN_POINT('',(-0.127,-13.462,1.776));
#3004 = CIRCLE('',#3005,0.381);
#3005 = AXIS2_PLACEMENT_3D('',#3006,#3007,#3008);
#3006 = CARTESIAN_POINT('',(0.254,-13.462,1.776));
#3007 = DIRECTION('',(4.440892098501E-16,-1.,0.));
#3008 = DIRECTION('',(0.,0.,1.));
#3009 = ORIENTED_EDGE('',*,*,#3010,.F.);
#3010 = EDGE_CURVE('',#1064,#3000,#3011,.T.);
#3011 = LINE('',#3012,#3013);
#3012 = CARTESIAN_POINT('',(3.937,-13.462,2.157));
#3013 = VECTOR('',#3014,1.);
#3014 = DIRECTION('',(-1.,-4.440892098501E-16,0.));
#3015 = ORIENTED_EDGE('',*,*,#1063,.T.);
#3016 = ORIENTED_EDGE('',*,*,#1141,.T.);
#3017 = ORIENTED_EDGE('',*,*,#3018,.F.);
#3018 = EDGE_CURVE('',#3019,#1134,#3021,.T.);
#3019 = VERTEX_POINT('',#3020);
#3020 = CARTESIAN_POINT('',(0.127,-13.462,1.776));
#3021 = CIRCLE('',#3022,0.127);
#3022 = AXIS2_PLACEMENT_3D('',#3023,#3024,#3025);
#3023 = CARTESIAN_POINT('',(0.254,-13.462,1.776));
#3024 = DIRECTION('',(-4.440892098501E-16,1.,0.));
#3025 = DIRECTION('',(0.,0.,-1.));
#3026 = ORIENTED_EDGE('',*,*,#3027,.F.);
#3027 = EDGE_CURVE('',#3028,#3019,#3030,.T.);
#3028 = VERTEX_POINT('',#3029);
#3029 = CARTESIAN_POINT('',(0.127,-13.462,0.));
#3030 = LINE('',#3031,#3032);
#3031 = CARTESIAN_POINT('',(0.127,-13.462,0.));
#3032 = VECTOR('',#3033,1.);
#3033 = DIRECTION('',(1.828606641681E-31,-4.11765609504E-16,1.));
#3034 = ORIENTED_EDGE('',*,*,#3035,.F.);
#3035 = EDGE_CURVE('',#3036,#3028,#3038,.T.);
#3036 = VERTEX_POINT('',#3037);
#3037 = CARTESIAN_POINT('',(-0.127,-13.462,0.));
#3038 = LINE('',#3039,#3040);
#3039 = CARTESIAN_POINT('',(-0.127,-13.462,0.));
#3040 = VECTOR('',#3041,1.);
#3041 = DIRECTION('',(1.,4.440892098501E-16,0.));
#3042 = ORIENTED_EDGE('',*,*,#3043,.T.);
#3043 = EDGE_CURVE('',#3036,#3002,#3044,.T.);
#3044 = LINE('',#3045,#3046);
#3045 = CARTESIAN_POINT('',(-0.127,-13.462,0.));
#3046 = VECTOR('',#3047,1.);
#3047 = DIRECTION('',(1.828606641681E-31,-4.11765609504E-16,1.));
#3048 = PLANE('',#3049);
#3049 = AXIS2_PLACEMENT_3D('',#3050,#3051,#3052);
#3050 = CARTESIAN_POINT('',(0.254,-13.462,2.157));
#3051 = DIRECTION('',(-4.440892098501E-16,1.,0.));
#3052 = DIRECTION('',(0.,0.,1.));
#3053 = ADVANCED_FACE('',(#3054),#3079,.T.);
#3054 = FACE_BOUND('',#3055,.T.);
#3055 = EDGE_LOOP('',(#3056,#3064,#3065,#3073));
#3056 = ORIENTED_EDGE('',*,*,#3057,.T.);
#3057 = EDGE_CURVE('',#3058,#1064,#3060,.T.);
#3058 = VERTEX_POINT('',#3059);
#3059 = CARTESIAN_POINT('',(0.71,-13.462,2.157));
#3060 = LINE('',#3061,#3062);
#3061 = CARTESIAN_POINT('',(3.937,-13.462,2.157));
#3062 = VECTOR('',#3063,1.);
#3063 = DIRECTION('',(-1.,-4.440892098501E-16,0.));
#3064 = ORIENTED_EDGE('',*,*,#1080,.T.);
#3065 = ORIENTED_EDGE('',*,*,#3066,.T.);
#3066 = EDGE_CURVE('',#1073,#3067,#3069,.T.);
#3067 = VERTEX_POINT('',#3068);
#3068 = CARTESIAN_POINT('',(0.71,-14.478,2.157));
#3069 = LINE('',#3070,#3071);
#3070 = CARTESIAN_POINT('',(-0.127,-14.478,2.157));
#3071 = VECTOR('',#3072,1.);
#3072 = DIRECTION('',(1.,4.440892098501E-16,0.));
#3073 = ORIENTED_EDGE('',*,*,#3074,.F.);
#3074 = EDGE_CURVE('',#3058,#3067,#3075,.T.);
#3075 = LINE('',#3076,#3077);
#3076 = CARTESIAN_POINT('',(0.71,1.83,2.157));
#3077 = VECTOR('',#3078,1.);
#3078 = DIRECTION('',(4.440892098501E-16,-1.,0.));
#3079 = B_SPLINE_SURFACE_WITH_KNOTS('',1,1,(
    (#3080,#3081)
    ,(#3082,#3083
    )),.UNSPECIFIED.,.F.,.F.,.F.,(2,2),(2,2),(0.,19.05),(0.,1.),
  .PIECEWISE_BEZIER_KNOTS.);
#3080 = CARTESIAN_POINT('',(0.635,1.905,2.157));
#3081 = CARTESIAN_POINT('',(0.71,1.83,2.157));
#3082 = CARTESIAN_POINT('',(0.635,-17.145,2.157));
#3083 = CARTESIAN_POINT('',(0.71,-17.07,2.157));
#3084 = ADVANCED_FACE('',(#3085),#3137,.F.);
#3085 = FACE_BOUND('',#3086,.F.);
#3086 = EDGE_LOOP('',(#3087,#3098,#3104,#3105,#3106,#3115,#3123,#3131));
#3087 = ORIENTED_EDGE('',*,*,#3088,.F.);
#3088 = EDGE_CURVE('',#3089,#3091,#3093,.T.);
#3089 = VERTEX_POINT('',#3090);
#3090 = CARTESIAN_POINT('',(0.254,-3.302,2.157));
#3091 = VERTEX_POINT('',#3092);
#3092 = CARTESIAN_POINT('',(-0.127,-3.302,1.776));
#3093 = CIRCLE('',#3094,0.381);
#3094 = AXIS2_PLACEMENT_3D('',#3095,#3096,#3097);
#3095 = CARTESIAN_POINT('',(0.254,-3.302,1.776));
#3096 = DIRECTION('',(4.440892098501E-16,-1.,0.));
#3097 = DIRECTION('',(0.,0.,1.));
#3098 = ORIENTED_EDGE('',*,*,#3099,.F.);
#3099 = EDGE_CURVE('',#1157,#3089,#3100,.T.);
#3100 = LINE('',#3101,#3102);
#3101 = CARTESIAN_POINT('',(3.937,-3.302,2.157));
#3102 = VECTOR('',#3103,1.);
#3103 = DIRECTION('',(-1.,-4.440892098501E-16,0.));
#3104 = ORIENTED_EDGE('',*,*,#1156,.T.);
#3105 = ORIENTED_EDGE('',*,*,#1110,.T.);
#3106 = ORIENTED_EDGE('',*,*,#3107,.F.);
#3107 = EDGE_CURVE('',#3108,#1103,#3110,.T.);
#3108 = VERTEX_POINT('',#3109);
#3109 = CARTESIAN_POINT('',(0.127,-3.302,1.776));
#3110 = CIRCLE('',#3111,0.127);
#3111 = AXIS2_PLACEMENT_3D('',#3112,#3113,#3114);
#3112 = CARTESIAN_POINT('',(0.254,-3.302,1.776));
#3113 = DIRECTION('',(-4.440892098501E-16,1.,0.));
#3114 = DIRECTION('',(0.,0.,-1.));
#3115 = ORIENTED_EDGE('',*,*,#3116,.F.);
#3116 = EDGE_CURVE('',#3117,#3108,#3119,.T.);
#3117 = VERTEX_POINT('',#3118);
#3118 = CARTESIAN_POINT('',(0.127,-3.302,0.));
#3119 = LINE('',#3120,#3121);
#3120 = CARTESIAN_POINT('',(0.127,-3.302,0.));
#3121 = VECTOR('',#3122,1.);
#3122 = DIRECTION('',(1.828606641681E-31,-4.11765609504E-16,1.));
#3123 = ORIENTED_EDGE('',*,*,#3124,.F.);
#3124 = EDGE_CURVE('',#3125,#3117,#3127,.T.);
#3125 = VERTEX_POINT('',#3126);
#3126 = CARTESIAN_POINT('',(-0.127,-3.302,0.));
#3127 = LINE('',#3128,#3129);
#3128 = CARTESIAN_POINT('',(-0.127,-3.302,0.));
#3129 = VECTOR('',#3130,1.);
#3130 = DIRECTION('',(1.,4.440892098501E-16,0.));
#3131 = ORIENTED_EDGE('',*,*,#3132,.T.);
#3132 = EDGE_CURVE('',#3125,#3091,#3133,.T.);
#3133 = LINE('',#3134,#3135);
#3134 = CARTESIAN_POINT('',(-0.127,-3.302,0.));
#3135 = VECTOR('',#3136,1.);
#3136 = DIRECTION('',(1.828606641681E-31,-4.11765609504E-16,1.));
#3137 = PLANE('',#3138);
#3138 = AXIS2_PLACEMENT_3D('',#3139,#3140,#3141);
#3139 = CARTESIAN_POINT('',(0.254,-3.302,2.157));
#3140 = DIRECTION('',(-4.440892098501E-16,1.,0.));
#3141 = DIRECTION('',(0.,0.,1.));
#3142 = ADVANCED_FACE('',(#3143),#3154,.F.);
#3143 = FACE_BOUND('',#3144,.F.);
#3144 = EDGE_LOOP('',(#3145,#3151,#3152,#3153));
#3145 = ORIENTED_EDGE('',*,*,#3146,.T.);
#3146 = EDGE_CURVE('',#2961,#3108,#3147,.T.);
#3147 = LINE('',#3148,#3149);
#3148 = CARTESIAN_POINT('',(0.127,-1.778,1.776));
#3149 = VECTOR('',#3150,1.);
#3150 = DIRECTION('',(4.440892098501E-16,-1.,0.));
#3151 = ORIENTED_EDGE('',*,*,#3107,.T.);
#3152 = ORIENTED_EDGE('',*,*,#1102,.F.);
#3153 = ORIENTED_EDGE('',*,*,#2960,.F.);
#3154 = CYLINDRICAL_SURFACE('',#3155,0.127);
#3155 = AXIS2_PLACEMENT_3D('',#3156,#3157,#3158);
#3156 = CARTESIAN_POINT('',(0.254,-1.778,1.776));
#3157 = DIRECTION('',(4.440892098501E-16,-1.,0.));
#3158 = DIRECTION('',(-1.,-4.440892098501E-16,0.));
#3159 = ADVANCED_FACE('',(#3160),#3212,.T.);
#3160 = FACE_BOUND('',#3161,.T.);
#3161 = EDGE_LOOP('',(#3162,#3173,#3179,#3180,#3181,#3190,#3198,#3206));
#3162 = ORIENTED_EDGE('',*,*,#3163,.F.);
#3163 = EDGE_CURVE('',#3164,#3166,#3168,.T.);
#3164 = VERTEX_POINT('',#3165);
#3165 = CARTESIAN_POINT('',(0.254,-11.938,2.157));
#3166 = VERTEX_POINT('',#3167);
#3167 = CARTESIAN_POINT('',(-0.127,-11.938,1.776));
#3168 = CIRCLE('',#3169,0.381);
#3169 = AXIS2_PLACEMENT_3D('',#3170,#3171,#3172);
#3170 = CARTESIAN_POINT('',(0.254,-11.938,1.776));
#3171 = DIRECTION('',(4.440892098501E-16,-1.,0.));
#3172 = DIRECTION('',(0.,0.,1.));
#3173 = ORIENTED_EDGE('',*,*,#3174,.T.);
#3174 = EDGE_CURVE('',#3164,#1197,#3175,.T.);
#3175 = LINE('',#3176,#3177);
#3176 = CARTESIAN_POINT('',(8.881784197001E-16,-11.938,2.157));
#3177 = VECTOR('',#3178,1.);
#3178 = DIRECTION('',(1.,4.440892098501E-16,0.));
#3179 = ORIENTED_EDGE('',*,*,#1196,.T.);
#3180 = ORIENTED_EDGE('',*,*,#1125,.F.);
#3181 = ORIENTED_EDGE('',*,*,#3182,.F.);
#3182 = EDGE_CURVE('',#3183,#1126,#3185,.T.);
#3183 = VERTEX_POINT('',#3184);
#3184 = CARTESIAN_POINT('',(0.127,-11.938,1.776));
#3185 = CIRCLE('',#3186,0.127);
#3186 = AXIS2_PLACEMENT_3D('',#3187,#3188,#3189);
#3187 = CARTESIAN_POINT('',(0.254,-11.938,1.776));
#3188 = DIRECTION('',(-4.440892098501E-16,1.,0.));
#3189 = DIRECTION('',(0.,0.,-1.));
#3190 = ORIENTED_EDGE('',*,*,#3191,.T.);
#3191 = EDGE_CURVE('',#3183,#3192,#3194,.T.);
#3192 = VERTEX_POINT('',#3193);
#3193 = CARTESIAN_POINT('',(0.127,-11.938,0.));
#3194 = LINE('',#3195,#3196);
#3195 = CARTESIAN_POINT('',(0.127,-11.938,2.157));
#3196 = VECTOR('',#3197,1.);
#3197 = DIRECTION('',(1.828606641681E-31,-4.11765609504E-16,-1.));
#3198 = ORIENTED_EDGE('',*,*,#3199,.F.);
#3199 = EDGE_CURVE('',#3200,#3192,#3202,.T.);
#3200 = VERTEX_POINT('',#3201);
#3201 = CARTESIAN_POINT('',(-0.127,-11.938,0.));
#3202 = LINE('',#3203,#3204);
#3203 = CARTESIAN_POINT('',(-0.127,-11.938,0.));
#3204 = VECTOR('',#3205,1.);
#3205 = DIRECTION('',(1.,4.440892098501E-16,0.));
#3206 = ORIENTED_EDGE('',*,*,#3207,.F.);
#3207 = EDGE_CURVE('',#3166,#3200,#3208,.T.);
#3208 = LINE('',#3209,#3210);
#3209 = CARTESIAN_POINT('',(-0.127,-11.938,2.157));
#3210 = VECTOR('',#3211,1.);
#3211 = DIRECTION('',(1.828606641681E-31,-4.11765609504E-16,-1.));
#3212 = PLANE('',#3213);
#3213 = AXIS2_PLACEMENT_3D('',#3214,#3215,#3216);
#3214 = CARTESIAN_POINT('',(0.254,-11.938,2.157));
#3215 = DIRECTION('',(-4.440892098501E-16,1.,0.));
#3216 = DIRECTION('',(0.,0.,1.));
#3217 = ADVANCED_FACE('',(#3218),#3229,.F.);
#3218 = FACE_BOUND('',#3219,.F.);
#3219 = EDGE_LOOP('',(#3220,#3226,#3227,#3228));
#3220 = ORIENTED_EDGE('',*,*,#3221,.T.);
#3221 = EDGE_CURVE('',#3183,#3019,#3222,.T.);
#3222 = LINE('',#3223,#3224);
#3223 = CARTESIAN_POINT('',(0.127,-11.938,1.776));
#3224 = VECTOR('',#3225,1.);
#3225 = DIRECTION('',(4.440892098501E-16,-1.,0.));
#3226 = ORIENTED_EDGE('',*,*,#3018,.T.);
#3227 = ORIENTED_EDGE('',*,*,#1133,.F.);
#3228 = ORIENTED_EDGE('',*,*,#3182,.F.);
#3229 = CYLINDRICAL_SURFACE('',#3230,0.127);
#3230 = AXIS2_PLACEMENT_3D('',#3231,#3232,#3233);
#3231 = CARTESIAN_POINT('',(0.254,-11.938,1.776));
#3232 = DIRECTION('',(4.440892098501E-16,-1.,0.));
#3233 = DIRECTION('',(-1.,-4.440892098501E-16,0.));
#3234 = ADVANCED_FACE('',(#3235),#3260,.T.);
#3235 = FACE_BOUND('',#3236,.T.);
#3236 = EDGE_LOOP('',(#3237,#3245,#3246,#3254));
#3237 = ORIENTED_EDGE('',*,*,#3238,.T.);
#3238 = EDGE_CURVE('',#3239,#1157,#3241,.T.);
#3239 = VERTEX_POINT('',#3240);
#3240 = CARTESIAN_POINT('',(0.71,-3.302,2.157));
#3241 = LINE('',#3242,#3243);
#3242 = CARTESIAN_POINT('',(3.937,-3.302,2.157));
#3243 = VECTOR('',#3244,1.);
#3244 = DIRECTION('',(-1.,-4.440892098501E-16,0.));
#3245 = ORIENTED_EDGE('',*,*,#1173,.T.);
#3246 = ORIENTED_EDGE('',*,*,#3247,.T.);
#3247 = EDGE_CURVE('',#1166,#3248,#3250,.T.);
#3248 = VERTEX_POINT('',#3249);
#3249 = CARTESIAN_POINT('',(0.71,-4.318,2.157));
#3250 = LINE('',#3251,#3252);
#3251 = CARTESIAN_POINT('',(-2.22044604925E-15,-4.318,2.157));
#3252 = VECTOR('',#3253,1.);
#3253 = DIRECTION('',(1.,4.440892098501E-16,0.));
#3254 = ORIENTED_EDGE('',*,*,#3255,.F.);
#3255 = EDGE_CURVE('',#3239,#3248,#3256,.T.);
#3256 = LINE('',#3257,#3258);
#3257 = CARTESIAN_POINT('',(0.71,1.83,2.157));
#3258 = VECTOR('',#3259,1.);
#3259 = DIRECTION('',(4.440892098501E-16,-1.,0.));
#3260 = B_SPLINE_SURFACE_WITH_KNOTS('',1,1,(
    (#3261,#3262)
    ,(#3263,#3264
    )),.UNSPECIFIED.,.F.,.F.,.F.,(2,2),(2,2),(0.,19.05),(0.,1.),
  .PIECEWISE_BEZIER_KNOTS.);
#3261 = CARTESIAN_POINT('',(0.635,1.905,2.157));
#3262 = CARTESIAN_POINT('',(0.71,1.83,2.157));
#3263 = CARTESIAN_POINT('',(0.635,-17.145,2.157));
#3264 = CARTESIAN_POINT('',(0.71,-17.07,2.157));
#3265 = ADVANCED_FACE('',(#3266),#3318,.T.);
#3266 = FACE_BOUND('',#3267,.T.);
#3267 = EDGE_LOOP('',(#3268,#3279,#3285,#3286,#3287,#3296,#3304,#3312));
#3268 = ORIENTED_EDGE('',*,*,#3269,.F.);
#3269 = EDGE_CURVE('',#3270,#3272,#3274,.T.);
#3270 = VERTEX_POINT('',#3271);
#3271 = CARTESIAN_POINT('',(0.254,-4.318,2.157));
#3272 = VERTEX_POINT('',#3273);
#3273 = CARTESIAN_POINT('',(-0.127,-4.318,1.776));
#3274 = CIRCLE('',#3275,0.381);
#3275 = AXIS2_PLACEMENT_3D('',#3276,#3277,#3278);
#3276 = CARTESIAN_POINT('',(0.254,-4.318,1.776));
#3277 = DIRECTION('',(4.440892098501E-16,-1.,0.));
#3278 = DIRECTION('',(0.,0.,1.));
#3279 = ORIENTED_EDGE('',*,*,#3280,.T.);
#3280 = EDGE_CURVE('',#3270,#1166,#3281,.T.);
#3281 = LINE('',#3282,#3283);
#3282 = CARTESIAN_POINT('',(-2.22044604925E-15,-4.318,2.157));
#3283 = VECTOR('',#3284,1.);
#3284 = DIRECTION('',(1.,4.440892098501E-16,0.));
#3285 = ORIENTED_EDGE('',*,*,#1165,.T.);
#3286 = ORIENTED_EDGE('',*,*,#1218,.F.);
#3287 = ORIENTED_EDGE('',*,*,#3288,.F.);
#3288 = EDGE_CURVE('',#3289,#1219,#3291,.T.);
#3289 = VERTEX_POINT('',#3290);
#3290 = CARTESIAN_POINT('',(0.127,-4.318,1.776));
#3291 = CIRCLE('',#3292,0.127);
#3292 = AXIS2_PLACEMENT_3D('',#3293,#3294,#3295);
#3293 = CARTESIAN_POINT('',(0.254,-4.318,1.776));
#3294 = DIRECTION('',(-4.440892098501E-16,1.,0.));
#3295 = DIRECTION('',(0.,0.,-1.));
#3296 = ORIENTED_EDGE('',*,*,#3297,.T.);
#3297 = EDGE_CURVE('',#3289,#3298,#3300,.T.);
#3298 = VERTEX_POINT('',#3299);
#3299 = CARTESIAN_POINT('',(0.127,-4.318,0.));
#3300 = LINE('',#3301,#3302);
#3301 = CARTESIAN_POINT('',(0.127,-4.318,2.157));
#3302 = VECTOR('',#3303,1.);
#3303 = DIRECTION('',(1.828606641681E-31,-4.11765609504E-16,-1.));
#3304 = ORIENTED_EDGE('',*,*,#3305,.F.);
#3305 = EDGE_CURVE('',#3306,#3298,#3308,.T.);
#3306 = VERTEX_POINT('',#3307);
#3307 = CARTESIAN_POINT('',(-0.127,-4.318,0.));
#3308 = LINE('',#3309,#3310);
#3309 = CARTESIAN_POINT('',(-0.127,-4.318,0.));
#3310 = VECTOR('',#3311,1.);
#3311 = DIRECTION('',(1.,4.440892098501E-16,0.));
#3312 = ORIENTED_EDGE('',*,*,#3313,.F.);
#3313 = EDGE_CURVE('',#3272,#3306,#3314,.T.);
#3314 = LINE('',#3315,#3316);
#3315 = CARTESIAN_POINT('',(-0.127,-4.318,2.157));
#3316 = VECTOR('',#3317,1.);
#3317 = DIRECTION('',(1.828606641681E-31,-4.11765609504E-16,-1.));
#3318 = PLANE('',#3319);
#3319 = AXIS2_PLACEMENT_3D('',#3320,#3321,#3322);
#3320 = CARTESIAN_POINT('',(0.254,-4.318,2.157));
#3321 = DIRECTION('',(-4.440892098501E-16,1.,0.));
#3322 = DIRECTION('',(0.,0.,1.));
#3323 = ADVANCED_FACE('',(#3324),#3376,.F.);
#3324 = FACE_BOUND('',#3325,.F.);
#3325 = EDGE_LOOP('',(#3326,#3337,#3343,#3344,#3345,#3354,#3362,#3370));
#3326 = ORIENTED_EDGE('',*,*,#3327,.F.);
#3327 = EDGE_CURVE('',#3328,#3330,#3332,.T.);
#3328 = VERTEX_POINT('',#3329);
#3329 = CARTESIAN_POINT('',(0.254,-10.922,2.157));
#3330 = VERTEX_POINT('',#3331);
#3331 = CARTESIAN_POINT('',(-0.127,-10.922,1.776));
#3332 = CIRCLE('',#3333,0.381);
#3333 = AXIS2_PLACEMENT_3D('',#3334,#3335,#3336);
#3334 = CARTESIAN_POINT('',(0.254,-10.922,1.776));
#3335 = DIRECTION('',(4.440892098501E-16,-1.,0.));
#3336 = DIRECTION('',(0.,0.,1.));
#3337 = ORIENTED_EDGE('',*,*,#3338,.F.);
#3338 = EDGE_CURVE('',#1188,#3328,#3339,.T.);
#3339 = LINE('',#3340,#3341);
#3340 = CARTESIAN_POINT('',(3.937,-10.922,2.157));
#3341 = VECTOR('',#3342,1.);
#3342 = DIRECTION('',(-1.,-4.440892098501E-16,0.));
#3343 = ORIENTED_EDGE('',*,*,#1187,.T.);
#3344 = ORIENTED_EDGE('',*,*,#1265,.T.);
#3345 = ORIENTED_EDGE('',*,*,#3346,.F.);
#3346 = EDGE_CURVE('',#3347,#1258,#3349,.T.);
#3347 = VERTEX_POINT('',#3348);
#3348 = CARTESIAN_POINT('',(0.127,-10.922,1.776));
#3349 = CIRCLE('',#3350,0.127);
#3350 = AXIS2_PLACEMENT_3D('',#3351,#3352,#3353);
#3351 = CARTESIAN_POINT('',(0.254,-10.922,1.776));
#3352 = DIRECTION('',(-4.440892098501E-16,1.,0.));
#3353 = DIRECTION('',(0.,0.,-1.));
#3354 = ORIENTED_EDGE('',*,*,#3355,.F.);
#3355 = EDGE_CURVE('',#3356,#3347,#3358,.T.);
#3356 = VERTEX_POINT('',#3357);
#3357 = CARTESIAN_POINT('',(0.127,-10.922,0.));
#3358 = LINE('',#3359,#3360);
#3359 = CARTESIAN_POINT('',(0.127,-10.922,0.));
#3360 = VECTOR('',#3361,1.);
#3361 = DIRECTION('',(1.828606641681E-31,-4.11765609504E-16,1.));
#3362 = ORIENTED_EDGE('',*,*,#3363,.F.);
#3363 = EDGE_CURVE('',#3364,#3356,#3366,.T.);
#3364 = VERTEX_POINT('',#3365);
#3365 = CARTESIAN_POINT('',(-0.127,-10.922,0.));
#3366 = LINE('',#3367,#3368);
#3367 = CARTESIAN_POINT('',(-0.127,-10.922,0.));
#3368 = VECTOR('',#3369,1.);
#3369 = DIRECTION('',(1.,4.440892098501E-16,0.));
#3370 = ORIENTED_EDGE('',*,*,#3371,.T.);
#3371 = EDGE_CURVE('',#3364,#3330,#3372,.T.);
#3372 = LINE('',#3373,#3374);
#3373 = CARTESIAN_POINT('',(-0.127,-10.922,0.));
#3374 = VECTOR('',#3375,1.);
#3375 = DIRECTION('',(1.828606641681E-31,-4.11765609504E-16,1.));
#3376 = PLANE('',#3377);
#3377 = AXIS2_PLACEMENT_3D('',#3378,#3379,#3380);
#3378 = CARTESIAN_POINT('',(0.254,-10.922,2.157));
#3379 = DIRECTION('',(-4.440892098501E-16,1.,0.));
#3380 = DIRECTION('',(0.,0.,1.));
#3381 = ADVANCED_FACE('',(#3382),#3407,.T.);
#3382 = FACE_BOUND('',#3383,.T.);
#3383 = EDGE_LOOP('',(#3384,#3392,#3393,#3401));
#3384 = ORIENTED_EDGE('',*,*,#3385,.T.);
#3385 = EDGE_CURVE('',#3386,#1188,#3388,.T.);
#3386 = VERTEX_POINT('',#3387);
#3387 = CARTESIAN_POINT('',(0.71,-10.922,2.157));
#3388 = LINE('',#3389,#3390);
#3389 = CARTESIAN_POINT('',(3.937,-10.922,2.157));
#3390 = VECTOR('',#3391,1.);
#3391 = DIRECTION('',(-1.,-4.440892098501E-16,0.));
#3392 = ORIENTED_EDGE('',*,*,#1204,.T.);
#3393 = ORIENTED_EDGE('',*,*,#3394,.T.);
#3394 = EDGE_CURVE('',#1197,#3395,#3397,.T.);
#3395 = VERTEX_POINT('',#3396);
#3396 = CARTESIAN_POINT('',(0.71,-11.938,2.157));
#3397 = LINE('',#3398,#3399);
#3398 = CARTESIAN_POINT('',(8.881784197001E-16,-11.938,2.157));
#3399 = VECTOR('',#3400,1.);
#3400 = DIRECTION('',(1.,4.440892098501E-16,0.));
#3401 = ORIENTED_EDGE('',*,*,#3402,.F.);
#3402 = EDGE_CURVE('',#3386,#3395,#3403,.T.);
#3403 = LINE('',#3404,#3405);
#3404 = CARTESIAN_POINT('',(0.71,1.83,2.157));
#3405 = VECTOR('',#3406,1.);
#3406 = DIRECTION('',(4.440892098501E-16,-1.,0.));
#3407 = B_SPLINE_SURFACE_WITH_KNOTS('',1,1,(
    (#3408,#3409)
    ,(#3410,#3411
    )),.UNSPECIFIED.,.F.,.F.,.F.,(2,2),(2,2),(0.,19.05),(0.,1.),
  .PIECEWISE_BEZIER_KNOTS.);
#3408 = CARTESIAN_POINT('',(0.635,1.905,2.157));
#3409 = CARTESIAN_POINT('',(0.71,1.83,2.157));
#3410 = CARTESIAN_POINT('',(0.635,-17.145,2.157));
#3411 = CARTESIAN_POINT('',(0.71,-17.07,2.157));
#3412 = ADVANCED_FACE('',(#3413),#3465,.F.);
#3413 = FACE_BOUND('',#3414,.F.);
#3414 = EDGE_LOOP('',(#3415,#3426,#3432,#3433,#3434,#3443,#3451,#3459));
#3415 = ORIENTED_EDGE('',*,*,#3416,.F.);
#3416 = EDGE_CURVE('',#3417,#3419,#3421,.T.);
#3417 = VERTEX_POINT('',#3418);
#3418 = CARTESIAN_POINT('',(0.254,-5.842,2.157));
#3419 = VERTEX_POINT('',#3420);
#3420 = CARTESIAN_POINT('',(-0.127,-5.842,1.776));
#3421 = CIRCLE('',#3422,0.381);
#3422 = AXIS2_PLACEMENT_3D('',#3423,#3424,#3425);
#3423 = CARTESIAN_POINT('',(0.254,-5.842,1.776));
#3424 = DIRECTION('',(4.440892098501E-16,-1.,0.));
#3425 = DIRECTION('',(0.,0.,1.));
#3426 = ORIENTED_EDGE('',*,*,#3427,.F.);
#3427 = EDGE_CURVE('',#1281,#3417,#3428,.T.);
#3428 = LINE('',#3429,#3430);
#3429 = CARTESIAN_POINT('',(3.937,-5.842,2.157));
#3430 = VECTOR('',#3431,1.);
#3431 = DIRECTION('',(-1.,-4.440892098501E-16,0.));
#3432 = ORIENTED_EDGE('',*,*,#1280,.T.);
#3433 = ORIENTED_EDGE('',*,*,#1234,.T.);
#3434 = ORIENTED_EDGE('',*,*,#3435,.F.);
#3435 = EDGE_CURVE('',#3436,#1227,#3438,.T.);
#3436 = VERTEX_POINT('',#3437);
#3437 = CARTESIAN_POINT('',(0.127,-5.842,1.776));
#3438 = CIRCLE('',#3439,0.127);
#3439 = AXIS2_PLACEMENT_3D('',#3440,#3441,#3442);
#3440 = CARTESIAN_POINT('',(0.254,-5.842,1.776));
#3441 = DIRECTION('',(-4.440892098501E-16,1.,0.));
#3442 = DIRECTION('',(0.,0.,-1.));
#3443 = ORIENTED_EDGE('',*,*,#3444,.F.);
#3444 = EDGE_CURVE('',#3445,#3436,#3447,.T.);
#3445 = VERTEX_POINT('',#3446);
#3446 = CARTESIAN_POINT('',(0.127,-5.842,0.));
#3447 = LINE('',#3448,#3449);
#3448 = CARTESIAN_POINT('',(0.127,-5.842,0.));
#3449 = VECTOR('',#3450,1.);
#3450 = DIRECTION('',(1.828606641681E-31,-4.11765609504E-16,1.));
#3451 = ORIENTED_EDGE('',*,*,#3452,.F.);
#3452 = EDGE_CURVE('',#3453,#3445,#3455,.T.);
#3453 = VERTEX_POINT('',#3454);
#3454 = CARTESIAN_POINT('',(-0.127,-5.842,0.));
#3455 = LINE('',#3456,#3457);
#3456 = CARTESIAN_POINT('',(-0.127,-5.842,0.));
#3457 = VECTOR('',#3458,1.);
#3458 = DIRECTION('',(1.,4.440892098501E-16,0.));
#3459 = ORIENTED_EDGE('',*,*,#3460,.T.);
#3460 = EDGE_CURVE('',#3453,#3419,#3461,.T.);
#3461 = LINE('',#3462,#3463);
#3462 = CARTESIAN_POINT('',(-0.127,-5.842,0.));
#3463 = VECTOR('',#3464,1.);
#3464 = DIRECTION('',(1.828606641681E-31,-4.11765609504E-16,1.));
#3465 = PLANE('',#3466);
#3466 = AXIS2_PLACEMENT_3D('',#3467,#3468,#3469);
#3467 = CARTESIAN_POINT('',(0.254,-5.842,2.157));
#3468 = DIRECTION('',(-4.440892098501E-16,1.,0.));
#3469 = DIRECTION('',(0.,0.,1.));
#3470 = ADVANCED_FACE('',(#3471),#3482,.F.);
#3471 = FACE_BOUND('',#3472,.F.);
#3472 = EDGE_LOOP('',(#3473,#3479,#3480,#3481));
#3473 = ORIENTED_EDGE('',*,*,#3474,.T.);
#3474 = EDGE_CURVE('',#3289,#3436,#3475,.T.);
#3475 = LINE('',#3476,#3477);
#3476 = CARTESIAN_POINT('',(0.127,-4.318,1.776));
#3477 = VECTOR('',#3478,1.);
#3478 = DIRECTION('',(4.440892098501E-16,-1.,0.));
#3479 = ORIENTED_EDGE('',*,*,#3435,.T.);
#3480 = ORIENTED_EDGE('',*,*,#1226,.F.);
#3481 = ORIENTED_EDGE('',*,*,#3288,.F.);
#3482 = CYLINDRICAL_SURFACE('',#3483,0.127);
#3483 = AXIS2_PLACEMENT_3D('',#3484,#3485,#3486);
#3484 = CARTESIAN_POINT('',(0.254,-4.318,1.776));
#3485 = DIRECTION('',(4.440892098501E-16,-1.,0.));
#3486 = DIRECTION('',(-1.,-4.440892098501E-16,0.));
#3487 = ADVANCED_FACE('',(#3488),#3540,.T.);
#3488 = FACE_BOUND('',#3489,.T.);
#3489 = EDGE_LOOP('',(#3490,#3501,#3507,#3508,#3509,#3518,#3526,#3534));
#3490 = ORIENTED_EDGE('',*,*,#3491,.F.);
#3491 = EDGE_CURVE('',#3492,#3494,#3496,.T.);
#3492 = VERTEX_POINT('',#3493);
#3493 = CARTESIAN_POINT('',(0.254,-9.398,2.157));
#3494 = VERTEX_POINT('',#3495);
#3495 = CARTESIAN_POINT('',(-0.127,-9.398,1.776));
#3496 = CIRCLE('',#3497,0.381);
#3497 = AXIS2_PLACEMENT_3D('',#3498,#3499,#3500);
#3498 = CARTESIAN_POINT('',(0.254,-9.398,1.776));
#3499 = DIRECTION('',(4.440892098501E-16,-1.,0.));
#3500 = DIRECTION('',(0.,0.,1.));
#3501 = ORIENTED_EDGE('',*,*,#3502,.T.);
#3502 = EDGE_CURVE('',#3492,#1321,#3503,.T.);
#3503 = LINE('',#3504,#3505);
#3504 = CARTESIAN_POINT('',(0.,-9.398,2.157));
#3505 = VECTOR('',#3506,1.);
#3506 = DIRECTION('',(1.,4.440892098501E-16,0.));
#3507 = ORIENTED_EDGE('',*,*,#1320,.T.);
#3508 = ORIENTED_EDGE('',*,*,#1249,.F.);
#3509 = ORIENTED_EDGE('',*,*,#3510,.F.);
#3510 = EDGE_CURVE('',#3511,#1250,#3513,.T.);
#3511 = VERTEX_POINT('',#3512);
#3512 = CARTESIAN_POINT('',(0.127,-9.398,1.776));
#3513 = CIRCLE('',#3514,0.127);
#3514 = AXIS2_PLACEMENT_3D('',#3515,#3516,#3517);
#3515 = CARTESIAN_POINT('',(0.254,-9.398,1.776));
#3516 = DIRECTION('',(-4.440892098501E-16,1.,0.));
#3517 = DIRECTION('',(0.,0.,-1.));
#3518 = ORIENTED_EDGE('',*,*,#3519,.T.);
#3519 = EDGE_CURVE('',#3511,#3520,#3522,.T.);
#3520 = VERTEX_POINT('',#3521);
#3521 = CARTESIAN_POINT('',(0.127,-9.398,0.));
#3522 = LINE('',#3523,#3524);
#3523 = CARTESIAN_POINT('',(0.127,-9.398,2.157));
#3524 = VECTOR('',#3525,1.);
#3525 = DIRECTION('',(1.828606641681E-31,-4.11765609504E-16,-1.));
#3526 = ORIENTED_EDGE('',*,*,#3527,.F.);
#3527 = EDGE_CURVE('',#3528,#3520,#3530,.T.);
#3528 = VERTEX_POINT('',#3529);
#3529 = CARTESIAN_POINT('',(-0.127,-9.398,0.));
#3530 = LINE('',#3531,#3532);
#3531 = CARTESIAN_POINT('',(-0.127,-9.398,0.));
#3532 = VECTOR('',#3533,1.);
#3533 = DIRECTION('',(1.,4.440892098501E-16,0.));
#3534 = ORIENTED_EDGE('',*,*,#3535,.F.);
#3535 = EDGE_CURVE('',#3494,#3528,#3536,.T.);
#3536 = LINE('',#3537,#3538);
#3537 = CARTESIAN_POINT('',(-0.127,-9.398,2.157));
#3538 = VECTOR('',#3539,1.);
#3539 = DIRECTION('',(1.828606641681E-31,-4.11765609504E-16,-1.));
#3540 = PLANE('',#3541);
#3541 = AXIS2_PLACEMENT_3D('',#3542,#3543,#3544);
#3542 = CARTESIAN_POINT('',(0.254,-9.398,2.157));
#3543 = DIRECTION('',(-4.440892098501E-16,1.,0.));
#3544 = DIRECTION('',(0.,0.,1.));
#3545 = ADVANCED_FACE('',(#3546),#3557,.F.);
#3546 = FACE_BOUND('',#3547,.F.);
#3547 = EDGE_LOOP('',(#3548,#3554,#3555,#3556));
#3548 = ORIENTED_EDGE('',*,*,#3549,.T.);
#3549 = EDGE_CURVE('',#3511,#3347,#3550,.T.);
#3550 = LINE('',#3551,#3552);
#3551 = CARTESIAN_POINT('',(0.127,-9.398,1.776));
#3552 = VECTOR('',#3553,1.);
#3553 = DIRECTION('',(4.440892098501E-16,-1.,0.));
#3554 = ORIENTED_EDGE('',*,*,#3346,.T.);
#3555 = ORIENTED_EDGE('',*,*,#1257,.F.);
#3556 = ORIENTED_EDGE('',*,*,#3510,.F.);
#3557 = CYLINDRICAL_SURFACE('',#3558,0.127);
#3558 = AXIS2_PLACEMENT_3D('',#3559,#3560,#3561);
#3559 = CARTESIAN_POINT('',(0.254,-9.398,1.776));
#3560 = DIRECTION('',(4.440892098501E-16,-1.,0.));
#3561 = DIRECTION('',(-1.,-4.440892098501E-16,0.));
#3562 = ADVANCED_FACE('',(#3563),#3588,.T.);
#3563 = FACE_BOUND('',#3564,.T.);
#3564 = EDGE_LOOP('',(#3565,#3573,#3574,#3582));
#3565 = ORIENTED_EDGE('',*,*,#3566,.T.);
#3566 = EDGE_CURVE('',#3567,#1281,#3569,.T.);
#3567 = VERTEX_POINT('',#3568);
#3568 = CARTESIAN_POINT('',(0.71,-5.842,2.157));
#3569 = LINE('',#3570,#3571);
#3570 = CARTESIAN_POINT('',(3.937,-5.842,2.157));
#3571 = VECTOR('',#3572,1.);
#3572 = DIRECTION('',(-1.,-4.440892098501E-16,0.));
#3573 = ORIENTED_EDGE('',*,*,#1297,.T.);
#3574 = ORIENTED_EDGE('',*,*,#3575,.T.);
#3575 = EDGE_CURVE('',#1290,#3576,#3578,.T.);
#3576 = VERTEX_POINT('',#3577);
#3577 = CARTESIAN_POINT('',(0.71,-6.858,2.157));
#3578 = LINE('',#3579,#3580);
#3579 = CARTESIAN_POINT('',(-1.33226762955E-15,-6.858,2.157));
#3580 = VECTOR('',#3581,1.);
#3581 = DIRECTION('',(1.,4.440892098501E-16,0.));
#3582 = ORIENTED_EDGE('',*,*,#3583,.F.);
#3583 = EDGE_CURVE('',#3567,#3576,#3584,.T.);
#3584 = LINE('',#3585,#3586);
#3585 = CARTESIAN_POINT('',(0.71,1.83,2.157));
#3586 = VECTOR('',#3587,1.);
#3587 = DIRECTION('',(4.440892098501E-16,-1.,0.));
#3588 = B_SPLINE_SURFACE_WITH_KNOTS('',1,1,(
    (#3589,#3590)
    ,(#3591,#3592
    )),.UNSPECIFIED.,.F.,.F.,.F.,(2,2),(2,2),(0.,19.05),(0.,1.),
  .PIECEWISE_BEZIER_KNOTS.);
#3589 = CARTESIAN_POINT('',(0.635,1.905,2.157));
#3590 = CARTESIAN_POINT('',(0.71,1.83,2.157));
#3591 = CARTESIAN_POINT('',(0.635,-17.145,2.157));
#3592 = CARTESIAN_POINT('',(0.71,-17.07,2.157));
#3593 = ADVANCED_FACE('',(#3594),#3646,.T.);
#3594 = FACE_BOUND('',#3595,.T.);
#3595 = EDGE_LOOP('',(#3596,#3607,#3613,#3614,#3615,#3624,#3632,#3640));
#3596 = ORIENTED_EDGE('',*,*,#3597,.F.);
#3597 = EDGE_CURVE('',#3598,#3600,#3602,.T.);
#3598 = VERTEX_POINT('',#3599);
#3599 = CARTESIAN_POINT('',(0.254,-6.858,2.157));
#3600 = VERTEX_POINT('',#3601);
#3601 = CARTESIAN_POINT('',(-0.127,-6.858,1.776));
#3602 = CIRCLE('',#3603,0.381);
#3603 = AXIS2_PLACEMENT_3D('',#3604,#3605,#3606);
#3604 = CARTESIAN_POINT('',(0.254,-6.858,1.776));
#3605 = DIRECTION('',(4.440892098501E-16,-1.,0.));
#3606 = DIRECTION('',(0.,0.,1.));
#3607 = ORIENTED_EDGE('',*,*,#3608,.T.);
#3608 = EDGE_CURVE('',#3598,#1290,#3609,.T.);
#3609 = LINE('',#3610,#3611);
#3610 = CARTESIAN_POINT('',(-1.33226762955E-15,-6.858,2.157));
#3611 = VECTOR('',#3612,1.);
#3612 = DIRECTION('',(1.,4.440892098501E-16,0.));
#3613 = ORIENTED_EDGE('',*,*,#1289,.T.);
#3614 = ORIENTED_EDGE('',*,*,#1342,.F.);
#3615 = ORIENTED_EDGE('',*,*,#3616,.F.);
#3616 = EDGE_CURVE('',#3617,#1343,#3619,.T.);
#3617 = VERTEX_POINT('',#3618);
#3618 = CARTESIAN_POINT('',(0.127,-6.858,1.776));
#3619 = CIRCLE('',#3620,0.127);
#3620 = AXIS2_PLACEMENT_3D('',#3621,#3622,#3623);
#3621 = CARTESIAN_POINT('',(0.254,-6.858,1.776));
#3622 = DIRECTION('',(-4.440892098501E-16,1.,0.));
#3623 = DIRECTION('',(0.,0.,-1.));
#3624 = ORIENTED_EDGE('',*,*,#3625,.T.);
#3625 = EDGE_CURVE('',#3617,#3626,#3628,.T.);
#3626 = VERTEX_POINT('',#3627);
#3627 = CARTESIAN_POINT('',(0.127,-6.858,0.));
#3628 = LINE('',#3629,#3630);
#3629 = CARTESIAN_POINT('',(0.127,-6.858,2.157));
#3630 = VECTOR('',#3631,1.);
#3631 = DIRECTION('',(1.828606641681E-31,-4.11765609504E-16,-1.));
#3632 = ORIENTED_EDGE('',*,*,#3633,.F.);
#3633 = EDGE_CURVE('',#3634,#3626,#3636,.T.);
#3634 = VERTEX_POINT('',#3635);
#3635 = CARTESIAN_POINT('',(-0.127,-6.858,0.));
#3636 = LINE('',#3637,#3638);
#3637 = CARTESIAN_POINT('',(-0.127,-6.858,0.));
#3638 = VECTOR('',#3639,1.);
#3639 = DIRECTION('',(1.,4.440892098501E-16,0.));
#3640 = ORIENTED_EDGE('',*,*,#3641,.F.);
#3641 = EDGE_CURVE('',#3600,#3634,#3642,.T.);
#3642 = LINE('',#3643,#3644);
#3643 = CARTESIAN_POINT('',(-0.127,-6.858,2.157));
#3644 = VECTOR('',#3645,1.);
#3645 = DIRECTION('',(1.828606641681E-31,-4.11765609504E-16,-1.));
#3646 = PLANE('',#3647);
#3647 = AXIS2_PLACEMENT_3D('',#3648,#3649,#3650);
#3648 = CARTESIAN_POINT('',(0.254,-6.858,2.157));
#3649 = DIRECTION('',(-4.440892098501E-16,1.,0.));
#3650 = DIRECTION('',(0.,0.,1.));
#3651 = ADVANCED_FACE('',(#3652),#3704,.F.);
#3652 = FACE_BOUND('',#3653,.F.);
#3653 = EDGE_LOOP('',(#3654,#3665,#3671,#3672,#3673,#3682,#3690,#3698));
#3654 = ORIENTED_EDGE('',*,*,#3655,.F.);
#3655 = EDGE_CURVE('',#3656,#3658,#3660,.T.);
#3656 = VERTEX_POINT('',#3657);
#3657 = CARTESIAN_POINT('',(0.254,-8.382,2.157));
#3658 = VERTEX_POINT('',#3659);
#3659 = CARTESIAN_POINT('',(-0.127,-8.382,1.776));
#3660 = CIRCLE('',#3661,0.381);
#3661 = AXIS2_PLACEMENT_3D('',#3662,#3663,#3664);
#3662 = CARTESIAN_POINT('',(0.254,-8.382,1.776));
#3663 = DIRECTION('',(4.440892098501E-16,-1.,0.));
#3664 = DIRECTION('',(0.,0.,1.));
#3665 = ORIENTED_EDGE('',*,*,#3666,.F.);
#3666 = EDGE_CURVE('',#1312,#3656,#3667,.T.);
#3667 = LINE('',#3668,#3669);
#3668 = CARTESIAN_POINT('',(3.937,-8.382,2.157));
#3669 = VECTOR('',#3670,1.);
#3670 = DIRECTION('',(-1.,-4.440892098501E-16,0.));
#3671 = ORIENTED_EDGE('',*,*,#1311,.T.);
#3672 = ORIENTED_EDGE('',*,*,#1358,.T.);
#3673 = ORIENTED_EDGE('',*,*,#3674,.F.);
#3674 = EDGE_CURVE('',#3675,#1351,#3677,.T.);
#3675 = VERTEX_POINT('',#3676);
#3676 = CARTESIAN_POINT('',(0.127,-8.382,1.776));
#3677 = CIRCLE('',#3678,0.127);
#3678 = AXIS2_PLACEMENT_3D('',#3679,#3680,#3681);
#3679 = CARTESIAN_POINT('',(0.254,-8.382,1.776));
#3680 = DIRECTION('',(-4.440892098501E-16,1.,0.));
#3681 = DIRECTION('',(0.,0.,-1.));
#3682 = ORIENTED_EDGE('',*,*,#3683,.F.);
#3683 = EDGE_CURVE('',#3684,#3675,#3686,.T.);
#3684 = VERTEX_POINT('',#3685);
#3685 = CARTESIAN_POINT('',(0.127,-8.382,0.));
#3686 = LINE('',#3687,#3688);
#3687 = CARTESIAN_POINT('',(0.127,-8.382,0.));
#3688 = VECTOR('',#3689,1.);
#3689 = DIRECTION('',(1.828606641681E-31,-4.11765609504E-16,1.));
#3690 = ORIENTED_EDGE('',*,*,#3691,.F.);
#3691 = EDGE_CURVE('',#3692,#3684,#3694,.T.);
#3692 = VERTEX_POINT('',#3693);
#3693 = CARTESIAN_POINT('',(-0.127,-8.382,0.));
#3694 = LINE('',#3695,#3696);
#3695 = CARTESIAN_POINT('',(-0.127,-8.382,0.));
#3696 = VECTOR('',#3697,1.);
#3697 = DIRECTION('',(1.,4.440892098501E-16,0.));
#3698 = ORIENTED_EDGE('',*,*,#3699,.T.);
#3699 = EDGE_CURVE('',#3692,#3658,#3700,.T.);
#3700 = LINE('',#3701,#3702);
#3701 = CARTESIAN_POINT('',(-0.127,-8.382,0.));
#3702 = VECTOR('',#3703,1.);
#3703 = DIRECTION('',(1.828606641681E-31,-4.11765609504E-16,1.));
#3704 = PLANE('',#3705);
#3705 = AXIS2_PLACEMENT_3D('',#3706,#3707,#3708);
#3706 = CARTESIAN_POINT('',(0.254,-8.382,2.157));
#3707 = DIRECTION('',(-4.440892098501E-16,1.,0.));
#3708 = DIRECTION('',(0.,0.,1.));
#3709 = ADVANCED_FACE('',(#3710),#3735,.T.);
#3710 = FACE_BOUND('',#3711,.T.);
#3711 = EDGE_LOOP('',(#3712,#3720,#3721,#3729));
#3712 = ORIENTED_EDGE('',*,*,#3713,.T.);
#3713 = EDGE_CURVE('',#3714,#1312,#3716,.T.);
#3714 = VERTEX_POINT('',#3715);
#3715 = CARTESIAN_POINT('',(0.71,-8.382,2.157));
#3716 = LINE('',#3717,#3718);
#3717 = CARTESIAN_POINT('',(3.937,-8.382,2.157));
#3718 = VECTOR('',#3719,1.);
#3719 = DIRECTION('',(-1.,-4.440892098501E-16,0.));
#3720 = ORIENTED_EDGE('',*,*,#1328,.T.);
#3721 = ORIENTED_EDGE('',*,*,#3722,.T.);
#3722 = EDGE_CURVE('',#1321,#3723,#3725,.T.);
#3723 = VERTEX_POINT('',#3724);
#3724 = CARTESIAN_POINT('',(0.71,-9.398,2.157));
#3725 = LINE('',#3726,#3727);
#3726 = CARTESIAN_POINT('',(0.,-9.398,2.157));
#3727 = VECTOR('',#3728,1.);
#3728 = DIRECTION('',(1.,4.440892098501E-16,0.));
#3729 = ORIENTED_EDGE('',*,*,#3730,.F.);
#3730 = EDGE_CURVE('',#3714,#3723,#3731,.T.);
#3731 = LINE('',#3732,#3733);
#3732 = CARTESIAN_POINT('',(0.71,1.83,2.157));
#3733 = VECTOR('',#3734,1.);
#3734 = DIRECTION('',(4.440892098501E-16,-1.,0.));
#3735 = B_SPLINE_SURFACE_WITH_KNOTS('',1,1,(
    (#3736,#3737)
    ,(#3738,#3739
    )),.UNSPECIFIED.,.F.,.F.,.F.,(2,2),(2,2),(0.,19.05),(0.,1.),
  .PIECEWISE_BEZIER_KNOTS.);
#3736 = CARTESIAN_POINT('',(0.635,1.905,2.157));
#3737 = CARTESIAN_POINT('',(0.71,1.83,2.157));
#3738 = CARTESIAN_POINT('',(0.635,-17.145,2.157));
#3739 = CARTESIAN_POINT('',(0.71,-17.07,2.157));
#3740 = ADVANCED_FACE('',(#3741),#3752,.F.);
#3741 = FACE_BOUND('',#3742,.F.);
#3742 = EDGE_LOOP('',(#3743,#3749,#3750,#3751));
#3743 = ORIENTED_EDGE('',*,*,#3744,.T.);
#3744 = EDGE_CURVE('',#3617,#3675,#3745,.T.);
#3745 = LINE('',#3746,#3747);
#3746 = CARTESIAN_POINT('',(0.127,-6.858,1.776));
#3747 = VECTOR('',#3748,1.);
#3748 = DIRECTION('',(4.440892098501E-16,-1.,0.));
#3749 = ORIENTED_EDGE('',*,*,#3674,.T.);
#3750 = ORIENTED_EDGE('',*,*,#1350,.F.);
#3751 = ORIENTED_EDGE('',*,*,#3616,.F.);
#3752 = CYLINDRICAL_SURFACE('',#3753,0.127);
#3753 = AXIS2_PLACEMENT_3D('',#3754,#3755,#3756);
#3754 = CARTESIAN_POINT('',(0.254,-6.858,1.776));
#3755 = DIRECTION('',(4.440892098501E-16,-1.,0.));
#3756 = DIRECTION('',(-1.,-4.440892098501E-16,0.));
#3757 = ADVANCED_FACE('',(#3758),#3769,.T.);
#3758 = FACE_BOUND('',#3759,.T.);
#3759 = EDGE_LOOP('',(#3760,#3761,#3762,#3768));
#3760 = ORIENTED_EDGE('',*,*,#1375,.T.);
#3761 = ORIENTED_EDGE('',*,*,#1390,.T.);
#3762 = ORIENTED_EDGE('',*,*,#3763,.F.);
#3763 = EDGE_CURVE('',#2740,#1391,#3764,.T.);
#3764 = LINE('',#3765,#3766);
#3765 = CARTESIAN_POINT('',(0.71,-17.07,2.157));
#3766 = VECTOR('',#3767,1.);
#3767 = DIRECTION('',(1.,4.440892098501E-16,0.));
#3768 = ORIENTED_EDGE('',*,*,#2739,.F.);
#3769 = B_SPLINE_SURFACE_WITH_KNOTS('',1,1,(
    (#3770,#3771)
    ,(#3772,#3773
    )),.UNSPECIFIED.,.F.,.F.,.F.,(2,2),(2,2),(0.,6.35),(0.,1.),
  .PIECEWISE_BEZIER_KNOTS.);
#3770 = CARTESIAN_POINT('',(0.635,-17.145,2.157));
#3771 = CARTESIAN_POINT('',(0.71,-17.07,2.157));
#3772 = CARTESIAN_POINT('',(6.985,-17.145,2.157));
#3773 = CARTESIAN_POINT('',(6.91,-17.07,2.157));
#3774 = ADVANCED_FACE('',(#3775),#3847,.T.);
#3775 = FACE_BOUND('',#3776,.T.);
#3776 = EDGE_LOOP('',(#3777,#3778,#3784,#3785,#3791,#3792,#3798,#3799,
    #3805,#3806,#3812,#3813,#3819,#3820,#3826,#3827,#3834,#3842));
#3777 = ORIENTED_EDGE('',*,*,#1406,.T.);
#3778 = ORIENTED_EDGE('',*,*,#3779,.T.);
#3779 = EDGE_CURVE('',#1399,#1717,#3780,.T.);
#3780 = LINE('',#3781,#3782);
#3781 = CARTESIAN_POINT('',(6.91,-17.07,2.157));
#3782 = VECTOR('',#3783,1.);
#3783 = DIRECTION('',(-4.440892098501E-16,1.,0.));
#3784 = ORIENTED_EDGE('',*,*,#1733,.T.);
#3785 = ORIENTED_EDGE('',*,*,#3786,.T.);
#3786 = EDGE_CURVE('',#1726,#2045,#3787,.T.);
#3787 = LINE('',#3788,#3789);
#3788 = CARTESIAN_POINT('',(6.91,-17.07,2.157));
#3789 = VECTOR('',#3790,1.);
#3790 = DIRECTION('',(-4.440892098501E-16,1.,0.));
#3791 = ORIENTED_EDGE('',*,*,#2061,.T.);
#3792 = ORIENTED_EDGE('',*,*,#3793,.T.);
#3793 = EDGE_CURVE('',#2054,#2373,#3794,.T.);
#3794 = LINE('',#3795,#3796);
#3795 = CARTESIAN_POINT('',(6.91,-17.07,2.157));
#3796 = VECTOR('',#3797,1.);
#3797 = DIRECTION('',(-4.440892098501E-16,1.,0.));
#3798 = ORIENTED_EDGE('',*,*,#2389,.T.);
#3799 = ORIENTED_EDGE('',*,*,#3800,.T.);
#3800 = EDGE_CURVE('',#2382,#2520,#3801,.T.);
#3801 = LINE('',#3802,#3803);
#3802 = CARTESIAN_POINT('',(6.91,-17.07,2.157));
#3803 = VECTOR('',#3804,1.);
#3804 = DIRECTION('',(-4.440892098501E-16,1.,0.));
#3805 = ORIENTED_EDGE('',*,*,#2536,.T.);
#3806 = ORIENTED_EDGE('',*,*,#3807,.T.);
#3807 = EDGE_CURVE('',#2529,#2192,#3808,.T.);
#3808 = LINE('',#3809,#3810);
#3809 = CARTESIAN_POINT('',(6.91,-17.07,2.157));
#3810 = VECTOR('',#3811,1.);
#3811 = DIRECTION('',(-4.440892098501E-16,1.,0.));
#3812 = ORIENTED_EDGE('',*,*,#2208,.T.);
#3813 = ORIENTED_EDGE('',*,*,#3814,.T.);
#3814 = EDGE_CURVE('',#2201,#1864,#3815,.T.);
#3815 = LINE('',#3816,#3817);
#3816 = CARTESIAN_POINT('',(6.91,-17.07,2.157));
#3817 = VECTOR('',#3818,1.);
#3818 = DIRECTION('',(-4.440892098501E-16,1.,0.));
#3819 = ORIENTED_EDGE('',*,*,#1880,.T.);
#3820 = ORIENTED_EDGE('',*,*,#3821,.T.);
#3821 = EDGE_CURVE('',#1873,#1537,#3822,.T.);
#3822 = LINE('',#3823,#3824);
#3823 = CARTESIAN_POINT('',(6.91,-17.07,2.157));
#3824 = VECTOR('',#3825,1.);
#3825 = DIRECTION('',(-4.440892098501E-16,1.,0.));
#3826 = ORIENTED_EDGE('',*,*,#1552,.T.);
#3827 = ORIENTED_EDGE('',*,*,#3828,.T.);
#3828 = EDGE_CURVE('',#1546,#3829,#3831,.T.);
#3829 = VERTEX_POINT('',#3830);
#3830 = CARTESIAN_POINT('',(6.586276356577,1.506276356577,3.68));
#3831 = B_SPLINE_CURVE_WITH_KNOTS('',1,(#3832,#3833),.UNSPECIFIED.,.F.,
  .F.,(2,2),(0.,1.),.PIECEWISE_BEZIER_KNOTS.);
#3832 = CARTESIAN_POINT('',(6.91,1.83,2.157));
#3833 = CARTESIAN_POINT('',(6.586276356577,1.506276356577,3.68));
#3834 = ORIENTED_EDGE('',*,*,#3835,.F.);
#3835 = EDGE_CURVE('',#3836,#3829,#3838,.T.);
#3836 = VERTEX_POINT('',#3837);
#3837 = CARTESIAN_POINT('',(6.586276356577,-16.74627635657,3.68));
#3838 = LINE('',#3839,#3840);
#3839 = CARTESIAN_POINT('',(6.586276356577,-16.74627635657,3.68));
#3840 = VECTOR('',#3841,1.);
#3841 = DIRECTION('',(-4.440892098501E-16,1.,0.));
#3842 = ORIENTED_EDGE('',*,*,#3843,.F.);
#3843 = EDGE_CURVE('',#1391,#3836,#3844,.T.);
#3844 = B_SPLINE_CURVE_WITH_KNOTS('',1,(#3845,#3846),.UNSPECIFIED.,.F.,
  .F.,(2,2),(0.,1.),.PIECEWISE_BEZIER_KNOTS.);
#3845 = CARTESIAN_POINT('',(6.91,-17.07,2.157));
#3846 = CARTESIAN_POINT('',(6.586276356577,-16.74627635657,3.68));
#3847 = B_SPLINE_SURFACE_WITH_KNOTS('',1,1,(
    (#3848,#3849)
    ,(#3850,#3851
    )),.UNSPECIFIED.,.F.,.F.,.F.,(2,2),(2,2),(0.,18.9),(0.,1.),
  .PIECEWISE_BEZIER_KNOTS.);
#3848 = CARTESIAN_POINT('',(6.91,-17.07,2.157));
#3849 = CARTESIAN_POINT('',(6.586276356577,-16.74627635657,3.68));
#3850 = CARTESIAN_POINT('',(6.91,1.83,2.157));
#3851 = CARTESIAN_POINT('',(6.586276356577,1.506276356577,3.68));
#3852 = ADVANCED_FACE('',(#3853),#3866,.T.);
#3853 = FACE_BOUND('',#3854,.T.);
#3854 = EDGE_LOOP('',(#3855,#3856,#3857,#3858,#3864,#3865));
#3855 = ORIENTED_EDGE('',*,*,#3779,.F.);
#3856 = ORIENTED_EDGE('',*,*,#1398,.F.);
#3857 = ORIENTED_EDGE('',*,*,#1422,.F.);
#3858 = ORIENTED_EDGE('',*,*,#3859,.F.);
#3859 = EDGE_CURVE('',#1602,#1423,#3860,.T.);
#3860 = LINE('',#3861,#3862);
#3861 = CARTESIAN_POINT('',(7.366,-14.478,2.157));
#3862 = VECTOR('',#3863,1.);
#3863 = DIRECTION('',(3.216245299353E-16,-1.,0.));
#3864 = ORIENTED_EDGE('',*,*,#1610,.F.);
#3865 = ORIENTED_EDGE('',*,*,#1716,.F.);
#3866 = PLANE('',#3867);
#3867 = AXIS2_PLACEMENT_3D('',#3868,#3869,#3870);
#3868 = CARTESIAN_POINT('',(3.81,-15.4685,2.157));
#3869 = DIRECTION('',(0.,0.,1.));
#3870 = DIRECTION('',(-4.440892098501E-16,1.,0.));
#3871 = ADVANCED_FACE('',(#3872),#3915,.T.);
#3872 = FACE_BOUND('',#3873,.T.);
#3873 = EDGE_LOOP('',(#3874,#3875,#3876,#3877,#3885,#3893,#3901,#3909));
#3874 = ORIENTED_EDGE('',*,*,#1455,.F.);
#3875 = ORIENTED_EDGE('',*,*,#1624,.T.);
#3876 = ORIENTED_EDGE('',*,*,#1577,.F.);
#3877 = ORIENTED_EDGE('',*,*,#3878,.F.);
#3878 = EDGE_CURVE('',#3879,#1578,#3881,.T.);
#3879 = VERTEX_POINT('',#3880);
#3880 = CARTESIAN_POINT('',(7.493,-15.0115,0.));
#3881 = LINE('',#3882,#3883);
#3882 = CARTESIAN_POINT('',(7.493,-15.0115,0.));
#3883 = VECTOR('',#3884,1.);
#3884 = DIRECTION('',(-3.216245299353E-16,1.,0.));
#3885 = ORIENTED_EDGE('',*,*,#3886,.F.);
#3886 = EDGE_CURVE('',#3887,#3879,#3889,.T.);
#3887 = VERTEX_POINT('',#3888);
#3888 = CARTESIAN_POINT('',(7.493,-15.0115,-2.843));
#3889 = LINE('',#3890,#3891);
#3890 = CARTESIAN_POINT('',(7.493,-15.0115,-2.843));
#3891 = VECTOR('',#3892,1.);
#3892 = DIRECTION('',(0.,0.,1.));
#3893 = ORIENTED_EDGE('',*,*,#3894,.F.);
#3894 = EDGE_CURVE('',#3895,#3887,#3897,.T.);
#3895 = VERTEX_POINT('',#3896);
#3896 = CARTESIAN_POINT('',(7.493,-15.12575,-3.3));
#3897 = LINE('',#3898,#3899);
#3898 = CARTESIAN_POINT('',(7.493,-15.12575,-3.3));
#3899 = VECTOR('',#3900,1.);
#3900 = DIRECTION('',(-7.800540639491E-17,0.242535625036,0.970142500145)
  );
#3901 = ORIENTED_EDGE('',*,*,#3902,.F.);
#3902 = EDGE_CURVE('',#3903,#3895,#3905,.T.);
#3903 = VERTEX_POINT('',#3904);
#3904 = CARTESIAN_POINT('',(7.493,-15.35425,-3.3));
#3905 = LINE('',#3906,#3907);
#3906 = CARTESIAN_POINT('',(7.493,-15.35425,-3.3));
#3907 = VECTOR('',#3908,1.);
#3908 = DIRECTION('',(-3.216245299353E-16,1.,0.));
#3909 = ORIENTED_EDGE('',*,*,#3910,.F.);
#3910 = EDGE_CURVE('',#1448,#3903,#3911,.T.);
#3911 = LINE('',#3912,#3913);
#3912 = CARTESIAN_POINT('',(7.493,-15.4685,-2.843));
#3913 = VECTOR('',#3914,1.);
#3914 = DIRECTION('',(-7.800540639491E-17,0.242535625036,-0.970142500145
    ));
#3915 = PLANE('',#3916);
#3916 = AXIS2_PLACEMENT_3D('',#3917,#3918,#3919);
#3917 = CARTESIAN_POINT('',(7.493,-15.4685,2.157));
#3918 = DIRECTION('',(-1.,-3.216245299353E-16,0.));
#3919 = DIRECTION('',(-0.,0.,-1.));
#3920 = ADVANCED_FACE('',(#3921),#3939,.T.);
#3921 = FACE_BOUND('',#3922,.T.);
#3922 = EDGE_LOOP('',(#3923,#3924,#3925,#3933));
#3923 = ORIENTED_EDGE('',*,*,#1447,.T.);
#3924 = ORIENTED_EDGE('',*,*,#3910,.T.);
#3925 = ORIENTED_EDGE('',*,*,#3926,.F.);
#3926 = EDGE_CURVE('',#3927,#3903,#3929,.T.);
#3927 = VERTEX_POINT('',#3928);
#3928 = CARTESIAN_POINT('',(7.747,-15.35425,-3.3));
#3929 = LINE('',#3930,#3931);
#3930 = CARTESIAN_POINT('',(7.747,-15.35425,-3.3));
#3931 = VECTOR('',#3932,1.);
#3932 = DIRECTION('',(-1.,-3.216245299353E-16,0.));
#3933 = ORIENTED_EDGE('',*,*,#3934,.F.);
#3934 = EDGE_CURVE('',#1440,#3927,#3935,.T.);
#3935 = LINE('',#3936,#3937);
#3936 = CARTESIAN_POINT('',(7.747,-15.4685,-2.843));
#3937 = VECTOR('',#3938,1.);
#3938 = DIRECTION('',(-7.800540639491E-17,0.242535625036,-0.970142500145
    ));
#3939 = PLANE('',#3940);
#3940 = AXIS2_PLACEMENT_3D('',#3941,#3942,#3943);
#3941 = CARTESIAN_POINT('',(7.747,-15.4685,-2.843));
#3942 = DIRECTION('',(3.120216255796E-16,-0.970142500145,-0.242535625036
    ));
#3943 = DIRECTION('',(-7.800540639491E-17,0.242535625036,-0.970142500145
    ));
#3944 = ADVANCED_FACE('',(#3945),#3986,.F.);
#3945 = FACE_BOUND('',#3946,.F.);
#3946 = EDGE_LOOP('',(#3947,#3948,#3954,#3955,#3963,#3971,#3979,#3985));
#3947 = ORIENTED_EDGE('',*,*,#1439,.F.);
#3948 = ORIENTED_EDGE('',*,*,#3949,.F.);
#3949 = EDGE_CURVE('',#1594,#1431,#3950,.T.);
#3950 = LINE('',#3951,#3952);
#3951 = CARTESIAN_POINT('',(7.747,-14.478,1.776));
#3952 = VECTOR('',#3953,1.);
#3953 = DIRECTION('',(3.216245299353E-16,-1.,0.));
#3954 = ORIENTED_EDGE('',*,*,#1593,.F.);
#3955 = ORIENTED_EDGE('',*,*,#3956,.F.);
#3956 = EDGE_CURVE('',#3957,#1586,#3959,.T.);
#3957 = VERTEX_POINT('',#3958);
#3958 = CARTESIAN_POINT('',(7.747,-15.0115,0.));
#3959 = LINE('',#3960,#3961);
#3960 = CARTESIAN_POINT('',(7.747,-15.0115,0.));
#3961 = VECTOR('',#3962,1.);
#3962 = DIRECTION('',(-3.216245299353E-16,1.,0.));
#3963 = ORIENTED_EDGE('',*,*,#3964,.F.);
#3964 = EDGE_CURVE('',#3965,#3957,#3967,.T.);
#3965 = VERTEX_POINT('',#3966);
#3966 = CARTESIAN_POINT('',(7.747,-15.0115,-2.843));
#3967 = LINE('',#3968,#3969);
#3968 = CARTESIAN_POINT('',(7.747,-15.0115,-2.843));
#3969 = VECTOR('',#3970,1.);
#3970 = DIRECTION('',(0.,0.,1.));
#3971 = ORIENTED_EDGE('',*,*,#3972,.F.);
#3972 = EDGE_CURVE('',#3973,#3965,#3975,.T.);
#3973 = VERTEX_POINT('',#3974);
#3974 = CARTESIAN_POINT('',(7.747,-15.12575,-3.3));
#3975 = LINE('',#3976,#3977);
#3976 = CARTESIAN_POINT('',(7.747,-15.12575,-3.3));
#3977 = VECTOR('',#3978,1.);
#3978 = DIRECTION('',(-7.800540639491E-17,0.242535625036,0.970142500145)
  );
#3979 = ORIENTED_EDGE('',*,*,#3980,.F.);
#3980 = EDGE_CURVE('',#3927,#3973,#3981,.T.);
#3981 = LINE('',#3982,#3983);
#3982 = CARTESIAN_POINT('',(7.747,-15.35425,-3.3));
#3983 = VECTOR('',#3984,1.);
#3984 = DIRECTION('',(-3.216245299353E-16,1.,0.));
#3985 = ORIENTED_EDGE('',*,*,#3934,.F.);
#3986 = PLANE('',#3987);
#3987 = AXIS2_PLACEMENT_3D('',#3988,#3989,#3990);
#3988 = CARTESIAN_POINT('',(7.747,-15.4685,2.157));
#3989 = DIRECTION('',(-1.,-3.216245299353E-16,0.));
#3990 = DIRECTION('',(-0.,0.,-1.));
#3991 = ADVANCED_FACE('',(#3992),#3998,.T.);
#3992 = FACE_BOUND('',#3993,.T.);
#3993 = EDGE_LOOP('',(#3994,#3995,#3996,#3997));
#3994 = ORIENTED_EDGE('',*,*,#3859,.T.);
#3995 = ORIENTED_EDGE('',*,*,#1430,.T.);
#3996 = ORIENTED_EDGE('',*,*,#3949,.F.);
#3997 = ORIENTED_EDGE('',*,*,#1601,.F.);
#3998 = CYLINDRICAL_SURFACE('',#3999,0.381);
#3999 = AXIS2_PLACEMENT_3D('',#4000,#4001,#4002);
#4000 = CARTESIAN_POINT('',(7.366,-14.478,1.776));
#4001 = DIRECTION('',(3.216245299353E-16,-1.,0.));
#4002 = DIRECTION('',(0.,0.,1.));
#4003 = ADVANCED_FACE('',(#4004),#4017,.T.);
#4004 = FACE_BOUND('',#4005,.T.);
#4005 = EDGE_LOOP('',(#4006,#4007,#4008,#4009,#4015,#4016));
#4006 = ORIENTED_EDGE('',*,*,#3821,.F.);
#4007 = ORIENTED_EDGE('',*,*,#1872,.F.);
#4008 = ORIENTED_EDGE('',*,*,#1702,.F.);
#4009 = ORIENTED_EDGE('',*,*,#4010,.F.);
#4010 = EDGE_CURVE('',#1514,#1694,#4011,.T.);
#4011 = LINE('',#4012,#4013);
#4012 = CARTESIAN_POINT('',(7.366,0.2285,2.157));
#4013 = VECTOR('',#4014,1.);
#4014 = DIRECTION('',(3.216245299353E-16,-1.,0.));
#4015 = ORIENTED_EDGE('',*,*,#1522,.F.);
#4016 = ORIENTED_EDGE('',*,*,#1536,.F.);
#4017 = PLANE('',#4018);
#4018 = AXIS2_PLACEMENT_3D('',#4019,#4020,#4021);
#4019 = CARTESIAN_POINT('',(3.81,-0.762,2.157));
#4020 = DIRECTION('',(0.,0.,1.));
#4021 = DIRECTION('',(-4.440892098501E-16,1.,0.));
#4022 = ADVANCED_FACE('',(#4023),#4034,.T.);
#4023 = FACE_BOUND('',#4024,.T.);
#4024 = EDGE_LOOP('',(#4025,#4026,#4027,#4028));
#4025 = ORIENTED_EDGE('',*,*,#1513,.T.);
#4026 = ORIENTED_EDGE('',*,*,#4010,.T.);
#4027 = ORIENTED_EDGE('',*,*,#1693,.F.);
#4028 = ORIENTED_EDGE('',*,*,#4029,.F.);
#4029 = EDGE_CURVE('',#1506,#1686,#4030,.T.);
#4030 = LINE('',#4031,#4032);
#4031 = CARTESIAN_POINT('',(7.747,0.2285,1.776));
#4032 = VECTOR('',#4033,1.);
#4033 = DIRECTION('',(3.216245299353E-16,-1.,0.));
#4034 = CYLINDRICAL_SURFACE('',#4035,0.381);
#4035 = AXIS2_PLACEMENT_3D('',#4036,#4037,#4038);
#4036 = CARTESIAN_POINT('',(7.366,0.2285,1.776));
#4037 = DIRECTION('',(3.216245299353E-16,-1.,0.));
#4038 = DIRECTION('',(1.,3.216245299353E-16,0.));
#4039 = ADVANCED_FACE('',(#4040),#4083,.T.);
#4040 = FACE_BOUND('',#4041,.T.);
#4041 = EDGE_LOOP('',(#4042,#4043,#4044,#4045,#4053,#4061,#4069,#4077));
#4042 = ORIENTED_EDGE('',*,*,#1505,.F.);
#4043 = ORIENTED_EDGE('',*,*,#4029,.T.);
#4044 = ORIENTED_EDGE('',*,*,#1685,.F.);
#4045 = ORIENTED_EDGE('',*,*,#4046,.F.);
#4046 = EDGE_CURVE('',#4047,#1678,#4049,.T.);
#4047 = VERTEX_POINT('',#4048);
#4048 = CARTESIAN_POINT('',(7.747,-0.2285,0.));
#4049 = LINE('',#4050,#4051);
#4050 = CARTESIAN_POINT('',(7.747,-0.2285,0.));
#4051 = VECTOR('',#4052,1.);
#4052 = DIRECTION('',(3.216245299353E-16,-1.,0.));
#4053 = ORIENTED_EDGE('',*,*,#4054,.F.);
#4054 = EDGE_CURVE('',#4055,#4047,#4057,.T.);
#4055 = VERTEX_POINT('',#4056);
#4056 = CARTESIAN_POINT('',(7.747,-0.2285,-2.843));
#4057 = LINE('',#4058,#4059);
#4058 = CARTESIAN_POINT('',(7.747,-0.2285,-2.843));
#4059 = VECTOR('',#4060,1.);
#4060 = DIRECTION('',(0.,0.,1.));
#4061 = ORIENTED_EDGE('',*,*,#4062,.F.);
#4062 = EDGE_CURVE('',#4063,#4055,#4065,.T.);
#4063 = VERTEX_POINT('',#4064);
#4064 = CARTESIAN_POINT('',(7.747,-0.11425,-3.3));
#4065 = LINE('',#4066,#4067);
#4066 = CARTESIAN_POINT('',(7.747,-0.11425,-3.3));
#4067 = VECTOR('',#4068,1.);
#4068 = DIRECTION('',(7.800540639491E-17,-0.242535625036,0.970142500145)
  );
#4069 = ORIENTED_EDGE('',*,*,#4070,.F.);
#4070 = EDGE_CURVE('',#4071,#4063,#4073,.T.);
#4071 = VERTEX_POINT('',#4072);
#4072 = CARTESIAN_POINT('',(7.747,0.11425,-3.3));
#4073 = LINE('',#4074,#4075);
#4074 = CARTESIAN_POINT('',(7.747,0.11425,-3.3));
#4075 = VECTOR('',#4076,1.);
#4076 = DIRECTION('',(3.216245299353E-16,-1.,0.));
#4077 = ORIENTED_EDGE('',*,*,#4078,.F.);
#4078 = EDGE_CURVE('',#1498,#4071,#4079,.T.);
#4079 = LINE('',#4080,#4081);
#4080 = CARTESIAN_POINT('',(7.747,0.2285,-2.843));
#4081 = VECTOR('',#4082,1.);
#4082 = DIRECTION('',(7.800540639491E-17,-0.242535625036,-0.970142500145
    ));
#4083 = PLANE('',#4084);
#4084 = AXIS2_PLACEMENT_3D('',#4085,#4086,#4087);
#4085 = CARTESIAN_POINT('',(7.747,0.2285,2.157));
#4086 = DIRECTION('',(1.,3.216245299353E-16,0.));
#4087 = DIRECTION('',(0.,-0.,1.));
#4088 = ADVANCED_FACE('',(#4089),#4107,.F.);
#4089 = FACE_BOUND('',#4090,.F.);
#4090 = EDGE_LOOP('',(#4091,#4092,#4100,#4106));
#4091 = ORIENTED_EDGE('',*,*,#1497,.T.);
#4092 = ORIENTED_EDGE('',*,*,#4093,.T.);
#4093 = EDGE_CURVE('',#1490,#4094,#4096,.T.);
#4094 = VERTEX_POINT('',#4095);
#4095 = CARTESIAN_POINT('',(7.493,0.11425,-3.3));
#4096 = LINE('',#4097,#4098);
#4097 = CARTESIAN_POINT('',(7.493,0.2285,-2.843));
#4098 = VECTOR('',#4099,1.);
#4099 = DIRECTION('',(7.800540639491E-17,-0.242535625036,-0.970142500145
    ));
#4100 = ORIENTED_EDGE('',*,*,#4101,.F.);
#4101 = EDGE_CURVE('',#4071,#4094,#4102,.T.);
#4102 = LINE('',#4103,#4104);
#4103 = CARTESIAN_POINT('',(7.747,0.11425,-3.3));
#4104 = VECTOR('',#4105,1.);
#4105 = DIRECTION('',(-1.,-3.216245299353E-16,0.));
#4106 = ORIENTED_EDGE('',*,*,#4078,.F.);
#4107 = PLANE('',#4108);
#4108 = AXIS2_PLACEMENT_3D('',#4109,#4110,#4111);
#4109 = CARTESIAN_POINT('',(7.747,0.2285,-2.843));
#4110 = DIRECTION('',(3.120216255796E-16,-0.970142500145,0.242535625036)
  );
#4111 = DIRECTION('',(7.800540639491E-17,-0.242535625036,-0.970142500145
    ));
#4112 = ADVANCED_FACE('',(#4113),#4149,.F.);
#4113 = FACE_BOUND('',#4114,.F.);
#4114 = EDGE_LOOP('',(#4115,#4116,#4117,#4118,#4126,#4134,#4142,#4148));
#4115 = ORIENTED_EDGE('',*,*,#1489,.F.);
#4116 = ORIENTED_EDGE('',*,*,#1652,.T.);
#4117 = ORIENTED_EDGE('',*,*,#1669,.F.);
#4118 = ORIENTED_EDGE('',*,*,#4119,.F.);
#4119 = EDGE_CURVE('',#4120,#1670,#4122,.T.);
#4120 = VERTEX_POINT('',#4121);
#4121 = CARTESIAN_POINT('',(7.493,-0.2285,0.));
#4122 = LINE('',#4123,#4124);
#4123 = CARTESIAN_POINT('',(7.493,-0.2285,0.));
#4124 = VECTOR('',#4125,1.);
#4125 = DIRECTION('',(3.216245299353E-16,-1.,0.));
#4126 = ORIENTED_EDGE('',*,*,#4127,.F.);
#4127 = EDGE_CURVE('',#4128,#4120,#4130,.T.);
#4128 = VERTEX_POINT('',#4129);
#4129 = CARTESIAN_POINT('',(7.493,-0.2285,-2.843));
#4130 = LINE('',#4131,#4132);
#4131 = CARTESIAN_POINT('',(7.493,-0.2285,-2.843));
#4132 = VECTOR('',#4133,1.);
#4133 = DIRECTION('',(0.,0.,1.));
#4134 = ORIENTED_EDGE('',*,*,#4135,.F.);
#4135 = EDGE_CURVE('',#4136,#4128,#4138,.T.);
#4136 = VERTEX_POINT('',#4137);
#4137 = CARTESIAN_POINT('',(7.493,-0.11425,-3.3));
#4138 = LINE('',#4139,#4140);
#4139 = CARTESIAN_POINT('',(7.493,-0.11425,-3.3));
#4140 = VECTOR('',#4141,1.);
#4141 = DIRECTION('',(7.800540639491E-17,-0.242535625036,0.970142500145)
  );
#4142 = ORIENTED_EDGE('',*,*,#4143,.F.);
#4143 = EDGE_CURVE('',#4094,#4136,#4144,.T.);
#4144 = LINE('',#4145,#4146);
#4145 = CARTESIAN_POINT('',(7.493,0.11425,-3.3));
#4146 = VECTOR('',#4147,1.);
#4147 = DIRECTION('',(3.216245299353E-16,-1.,0.));
#4148 = ORIENTED_EDGE('',*,*,#4093,.F.);
#4149 = PLANE('',#4150);
#4150 = AXIS2_PLACEMENT_3D('',#4151,#4152,#4153);
#4151 = CARTESIAN_POINT('',(7.493,0.2285,2.157));
#4152 = DIRECTION('',(1.,3.216245299353E-16,0.));
#4153 = DIRECTION('',(0.,-0.,1.));
#4154 = ADVANCED_FACE('',(#4155),#4166,.T.);
#4155 = FACE_BOUND('',#4156,.T.);
#4156 = EDGE_LOOP('',(#4157,#4163,#4164,#4165));
#4157 = ORIENTED_EDGE('',*,*,#4158,.T.);
#4158 = EDGE_CURVE('',#3957,#3879,#4159,.T.);
#4159 = LINE('',#4160,#4161);
#4160 = CARTESIAN_POINT('',(7.747,-15.0115,0.));
#4161 = VECTOR('',#4162,1.);
#4162 = DIRECTION('',(-1.,-3.216245299353E-16,0.));
#4163 = ORIENTED_EDGE('',*,*,#3878,.T.);
#4164 = ORIENTED_EDGE('',*,*,#1585,.F.);
#4165 = ORIENTED_EDGE('',*,*,#3956,.F.);
#4166 = PLANE('',#4167);
#4167 = AXIS2_PLACEMENT_3D('',#4168,#4169,#4170);
#4168 = CARTESIAN_POINT('',(7.747,-15.0115,0.));
#4169 = DIRECTION('',(-0.,0.,-1.));
#4170 = DIRECTION('',(-3.216245299353E-16,1.,0.));
#4171 = ADVANCED_FACE('',(#4172),#4183,.F.);
#4172 = FACE_BOUND('',#4173,.F.);
#4173 = EDGE_LOOP('',(#4174,#4180,#4181,#4182));
#4174 = ORIENTED_EDGE('',*,*,#4175,.T.);
#4175 = EDGE_CURVE('',#4047,#4120,#4176,.T.);
#4176 = LINE('',#4177,#4178);
#4177 = CARTESIAN_POINT('',(7.747,-0.2285,0.));
#4178 = VECTOR('',#4179,1.);
#4179 = DIRECTION('',(-1.,-3.216245299353E-16,0.));
#4180 = ORIENTED_EDGE('',*,*,#4119,.T.);
#4181 = ORIENTED_EDGE('',*,*,#1677,.F.);
#4182 = ORIENTED_EDGE('',*,*,#4046,.F.);
#4183 = PLANE('',#4184);
#4184 = AXIS2_PLACEMENT_3D('',#4185,#4186,#4187);
#4185 = CARTESIAN_POINT('',(7.747,-0.2285,0.));
#4186 = DIRECTION('',(0.,0.,1.));
#4187 = DIRECTION('',(3.216245299353E-16,-1.,0.));
#4188 = ADVANCED_FACE('',(#4189),#4202,.T.);
#4189 = FACE_BOUND('',#4190,.T.);
#4190 = EDGE_LOOP('',(#4191,#4192,#4193,#4194,#4200,#4201));
#4191 = ORIENTED_EDGE('',*,*,#3786,.F.);
#4192 = ORIENTED_EDGE('',*,*,#1725,.F.);
#4193 = ORIENTED_EDGE('',*,*,#1749,.F.);
#4194 = ORIENTED_EDGE('',*,*,#4195,.F.);
#4195 = EDGE_CURVE('',#1897,#1750,#4196,.T.);
#4196 = LINE('',#4197,#4198);
#4197 = CARTESIAN_POINT('',(7.366,-11.938,2.157));
#4198 = VECTOR('',#4199,1.);
#4199 = DIRECTION('',(3.216245299353E-16,-1.,0.));
#4200 = ORIENTED_EDGE('',*,*,#1896,.F.);
#4201 = ORIENTED_EDGE('',*,*,#2044,.F.);
#4202 = PLANE('',#4203);
#4203 = AXIS2_PLACEMENT_3D('',#4204,#4205,#4206);
#4204 = CARTESIAN_POINT('',(3.683,-13.462,2.157));
#4205 = DIRECTION('',(0.,0.,1.));
#4206 = DIRECTION('',(-4.440892098501E-16,1.,0.));
#4207 = ADVANCED_FACE('',(#4208),#4267,.T.);
#4208 = FACE_BOUND('',#4209,.T.);
#4209 = EDGE_LOOP('',(#4210,#4211,#4212,#4213,#4221,#4229,#4237,#4245,
    #4253,#4261));
#4210 = ORIENTED_EDGE('',*,*,#1782,.F.);
#4211 = ORIENTED_EDGE('',*,*,#1952,.T.);
#4212 = ORIENTED_EDGE('',*,*,#1929,.F.);
#4213 = ORIENTED_EDGE('',*,*,#4214,.F.);
#4214 = EDGE_CURVE('',#4215,#1922,#4217,.T.);
#4215 = VERTEX_POINT('',#4216);
#4216 = CARTESIAN_POINT('',(7.493,-12.4715,0.));
#4217 = LINE('',#4218,#4219);
#4218 = CARTESIAN_POINT('',(7.493,-12.4715,0.));
#4219 = VECTOR('',#4220,1.);
#4220 = DIRECTION('',(-3.216245299353E-16,1.,0.));
#4221 = ORIENTED_EDGE('',*,*,#4222,.F.);
#4222 = EDGE_CURVE('',#4223,#4215,#4225,.T.);
#4223 = VERTEX_POINT('',#4224);
#4224 = CARTESIAN_POINT('',(7.493,-12.4715,-2.843));
#4225 = LINE('',#4226,#4227);
#4226 = CARTESIAN_POINT('',(7.493,-12.4715,-2.843));
#4227 = VECTOR('',#4228,1.);
#4228 = DIRECTION('',(-1.004783562205E-31,3.124088708055E-16,1.));
#4229 = ORIENTED_EDGE('',*,*,#4230,.F.);
#4230 = EDGE_CURVE('',#4231,#4223,#4233,.T.);
#4231 = VERTEX_POINT('',#4232);
#4232 = CARTESIAN_POINT('',(7.493,-12.58575,-3.3));
#4233 = LINE('',#4234,#4235);
#4234 = CARTESIAN_POINT('',(7.493,-12.58575,-3.3));
#4235 = VECTOR('',#4236,1.);
#4236 = DIRECTION('',(-7.800540639491E-17,0.242535625036,0.970142500145)
  );
#4237 = ORIENTED_EDGE('',*,*,#4238,.F.);
#4238 = EDGE_CURVE('',#4239,#4231,#4241,.T.);
#4239 = VERTEX_POINT('',#4240);
#4240 = CARTESIAN_POINT('',(7.493,-12.81425,-3.3));
#4241 = LINE('',#4242,#4243);
#4242 = CARTESIAN_POINT('',(7.493,-12.81425,-3.3));
#4243 = VECTOR('',#4244,1.);
#4244 = DIRECTION('',(-3.216245299353E-16,1.,0.));
#4245 = ORIENTED_EDGE('',*,*,#4246,.F.);
#4246 = EDGE_CURVE('',#4247,#4239,#4249,.T.);
#4247 = VERTEX_POINT('',#4248);
#4248 = CARTESIAN_POINT('',(7.493,-12.9285,-2.843));
#4249 = LINE('',#4250,#4251);
#4250 = CARTESIAN_POINT('',(7.493,-12.9285,-2.843));
#4251 = VECTOR('',#4252,1.);
#4252 = DIRECTION('',(-7.800540639491E-17,0.242535625036,-0.970142500145
    ));
#4253 = ORIENTED_EDGE('',*,*,#4254,.F.);
#4254 = EDGE_CURVE('',#4255,#4247,#4257,.T.);
#4255 = VERTEX_POINT('',#4256);
#4256 = CARTESIAN_POINT('',(7.493,-12.9285,0.));
#4257 = LINE('',#4258,#4259);
#4258 = CARTESIAN_POINT('',(7.493,-12.9285,0.));
#4259 = VECTOR('',#4260,1.);
#4260 = DIRECTION('',(-1.004783562205E-31,3.124088708055E-16,-1.));
#4261 = ORIENTED_EDGE('',*,*,#4262,.F.);
#4262 = EDGE_CURVE('',#1775,#4255,#4263,.T.);
#4263 = LINE('',#4264,#4265);
#4264 = CARTESIAN_POINT('',(7.493,-13.462,0.));
#4265 = VECTOR('',#4266,1.);
#4266 = DIRECTION('',(-3.216245299353E-16,1.,0.));
#4267 = PLANE('',#4268);
#4268 = AXIS2_PLACEMENT_3D('',#4269,#4270,#4271);
#4269 = CARTESIAN_POINT('',(7.493,-13.462,2.157));
#4270 = DIRECTION('',(-1.,-3.216245299353E-16,0.));
#4271 = DIRECTION('',(0.,-0.,-1.));
#4272 = ADVANCED_FACE('',(#4273),#4291,.T.);
#4273 = FACE_BOUND('',#4274,.T.);
#4274 = EDGE_LOOP('',(#4275,#4276,#4277,#4285));
#4275 = ORIENTED_EDGE('',*,*,#1774,.T.);
#4276 = ORIENTED_EDGE('',*,*,#4262,.T.);
#4277 = ORIENTED_EDGE('',*,*,#4278,.F.);
#4278 = EDGE_CURVE('',#4279,#4255,#4281,.T.);
#4279 = VERTEX_POINT('',#4280);
#4280 = CARTESIAN_POINT('',(7.747,-12.9285,0.));
#4281 = LINE('',#4282,#4283);
#4282 = CARTESIAN_POINT('',(7.747,-12.9285,0.));
#4283 = VECTOR('',#4284,1.);
#4284 = DIRECTION('',(-1.,-3.216245299353E-16,0.));
#4285 = ORIENTED_EDGE('',*,*,#4286,.F.);
#4286 = EDGE_CURVE('',#1767,#4279,#4287,.T.);
#4287 = LINE('',#4288,#4289);
#4288 = CARTESIAN_POINT('',(7.747,-13.462,0.));
#4289 = VECTOR('',#4290,1.);
#4290 = DIRECTION('',(-3.216245299353E-16,1.,0.));
#4291 = PLANE('',#4292);
#4292 = AXIS2_PLACEMENT_3D('',#4293,#4294,#4295);
#4293 = CARTESIAN_POINT('',(7.747,-13.462,0.));
#4294 = DIRECTION('',(-0.,0.,-1.));
#4295 = DIRECTION('',(-3.216245299353E-16,1.,0.));
#4296 = ADVANCED_FACE('',(#4297),#4354,.F.);
#4297 = FACE_BOUND('',#4298,.F.);
#4298 = EDGE_LOOP('',(#4299,#4300,#4306,#4307,#4315,#4323,#4331,#4339,
    #4347,#4353));
#4299 = ORIENTED_EDGE('',*,*,#1766,.F.);
#4300 = ORIENTED_EDGE('',*,*,#4301,.F.);
#4301 = EDGE_CURVE('',#1905,#1758,#4302,.T.);
#4302 = LINE('',#4303,#4304);
#4303 = CARTESIAN_POINT('',(7.747,-11.938,1.776));
#4304 = VECTOR('',#4305,1.);
#4305 = DIRECTION('',(3.216245299353E-16,-1.,0.));
#4306 = ORIENTED_EDGE('',*,*,#1913,.F.);
#4307 = ORIENTED_EDGE('',*,*,#4308,.F.);
#4308 = EDGE_CURVE('',#4309,#1914,#4311,.T.);
#4309 = VERTEX_POINT('',#4310);
#4310 = CARTESIAN_POINT('',(7.747,-12.4715,0.));
#4311 = LINE('',#4312,#4313);
#4312 = CARTESIAN_POINT('',(7.747,-12.4715,0.));
#4313 = VECTOR('',#4314,1.);
#4314 = DIRECTION('',(-3.216245299353E-16,1.,0.));
#4315 = ORIENTED_EDGE('',*,*,#4316,.F.);
#4316 = EDGE_CURVE('',#4317,#4309,#4319,.T.);
#4317 = VERTEX_POINT('',#4318);
#4318 = CARTESIAN_POINT('',(7.747,-12.4715,-2.843));
#4319 = LINE('',#4320,#4321);
#4320 = CARTESIAN_POINT('',(7.747,-12.4715,-2.843));
#4321 = VECTOR('',#4322,1.);
#4322 = DIRECTION('',(-1.004783562205E-31,3.124088708055E-16,1.));
#4323 = ORIENTED_EDGE('',*,*,#4324,.F.);
#4324 = EDGE_CURVE('',#4325,#4317,#4327,.T.);
#4325 = VERTEX_POINT('',#4326);
#4326 = CARTESIAN_POINT('',(7.747,-12.58575,-3.3));
#4327 = LINE('',#4328,#4329);
#4328 = CARTESIAN_POINT('',(7.747,-12.58575,-3.3));
#4329 = VECTOR('',#4330,1.);
#4330 = DIRECTION('',(-7.800540639491E-17,0.242535625036,0.970142500145)
  );
#4331 = ORIENTED_EDGE('',*,*,#4332,.F.);
#4332 = EDGE_CURVE('',#4333,#4325,#4335,.T.);
#4333 = VERTEX_POINT('',#4334);
#4334 = CARTESIAN_POINT('',(7.747,-12.81425,-3.3));
#4335 = LINE('',#4336,#4337);
#4336 = CARTESIAN_POINT('',(7.747,-12.81425,-3.3));
#4337 = VECTOR('',#4338,1.);
#4338 = DIRECTION('',(-3.216245299353E-16,1.,0.));
#4339 = ORIENTED_EDGE('',*,*,#4340,.F.);
#4340 = EDGE_CURVE('',#4341,#4333,#4343,.T.);
#4341 = VERTEX_POINT('',#4342);
#4342 = CARTESIAN_POINT('',(7.747,-12.9285,-2.843));
#4343 = LINE('',#4344,#4345);
#4344 = CARTESIAN_POINT('',(7.747,-12.9285,-2.843));
#4345 = VECTOR('',#4346,1.);
#4346 = DIRECTION('',(-7.800540639491E-17,0.242535625036,-0.970142500145
    ));
#4347 = ORIENTED_EDGE('',*,*,#4348,.F.);
#4348 = EDGE_CURVE('',#4279,#4341,#4349,.T.);
#4349 = LINE('',#4350,#4351);
#4350 = CARTESIAN_POINT('',(7.747,-12.9285,0.));
#4351 = VECTOR('',#4352,1.);
#4352 = DIRECTION('',(-1.004783562205E-31,3.124088708055E-16,-1.));
#4353 = ORIENTED_EDGE('',*,*,#4286,.F.);
#4354 = PLANE('',#4355);
#4355 = AXIS2_PLACEMENT_3D('',#4356,#4357,#4358);
#4356 = CARTESIAN_POINT('',(7.747,-13.462,2.157));
#4357 = DIRECTION('',(-1.,-3.216245299353E-16,0.));
#4358 = DIRECTION('',(0.,-0.,-1.));
#4359 = ADVANCED_FACE('',(#4360),#4366,.T.);
#4360 = FACE_BOUND('',#4361,.T.);
#4361 = EDGE_LOOP('',(#4362,#4363,#4364,#4365));
#4362 = ORIENTED_EDGE('',*,*,#4195,.T.);
#4363 = ORIENTED_EDGE('',*,*,#1757,.T.);
#4364 = ORIENTED_EDGE('',*,*,#4301,.F.);
#4365 = ORIENTED_EDGE('',*,*,#1904,.F.);
#4366 = CYLINDRICAL_SURFACE('',#4367,0.381);
#4367 = AXIS2_PLACEMENT_3D('',#4368,#4369,#4370);
#4368 = CARTESIAN_POINT('',(7.366,-11.938,1.776));
#4369 = DIRECTION('',(3.216245299353E-16,-1.,0.));
#4370 = DIRECTION('',(0.,0.,1.));
#4371 = ADVANCED_FACE('',(#4372),#4431,.T.);
#4372 = FACE_BOUND('',#4373,.T.);
#4373 = EDGE_LOOP('',(#4374,#4375,#4376,#4377,#4385,#4393,#4401,#4409,
    #4417,#4425));
#4374 = ORIENTED_EDGE('',*,*,#2029,.F.);
#4375 = ORIENTED_EDGE('',*,*,#1969,.T.);
#4376 = ORIENTED_EDGE('',*,*,#1840,.F.);
#4377 = ORIENTED_EDGE('',*,*,#4378,.F.);
#4378 = EDGE_CURVE('',#4379,#1833,#4381,.T.);
#4379 = VERTEX_POINT('',#4380);
#4380 = CARTESIAN_POINT('',(7.493,-2.3115,0.));
#4381 = LINE('',#4382,#4383);
#4382 = CARTESIAN_POINT('',(7.493,-2.3115,0.));
#4383 = VECTOR('',#4384,1.);
#4384 = DIRECTION('',(-3.216245299353E-16,1.,0.));
#4385 = ORIENTED_EDGE('',*,*,#4386,.F.);
#4386 = EDGE_CURVE('',#4387,#4379,#4389,.T.);
#4387 = VERTEX_POINT('',#4388);
#4388 = CARTESIAN_POINT('',(7.493,-2.3115,-2.843));
#4389 = LINE('',#4390,#4391);
#4390 = CARTESIAN_POINT('',(7.493,-2.3115,-2.843));
#4391 = VECTOR('',#4392,1.);
#4392 = DIRECTION('',(-1.004783562205E-31,3.124088708055E-16,1.));
#4393 = ORIENTED_EDGE('',*,*,#4394,.F.);
#4394 = EDGE_CURVE('',#4395,#4387,#4397,.T.);
#4395 = VERTEX_POINT('',#4396);
#4396 = CARTESIAN_POINT('',(7.493,-2.42575,-3.3));
#4397 = LINE('',#4398,#4399);
#4398 = CARTESIAN_POINT('',(7.493,-2.42575,-3.3));
#4399 = VECTOR('',#4400,1.);
#4400 = DIRECTION('',(-7.800540639491E-17,0.242535625036,0.970142500145)
  );
#4401 = ORIENTED_EDGE('',*,*,#4402,.F.);
#4402 = EDGE_CURVE('',#4403,#4395,#4405,.T.);
#4403 = VERTEX_POINT('',#4404);
#4404 = CARTESIAN_POINT('',(7.493,-2.65425,-3.3));
#4405 = LINE('',#4406,#4407);
#4406 = CARTESIAN_POINT('',(7.493,-2.65425,-3.3));
#4407 = VECTOR('',#4408,1.);
#4408 = DIRECTION('',(-3.216245299353E-16,1.,0.));
#4409 = ORIENTED_EDGE('',*,*,#4410,.F.);
#4410 = EDGE_CURVE('',#4411,#4403,#4413,.T.);
#4411 = VERTEX_POINT('',#4412);
#4412 = CARTESIAN_POINT('',(7.493,-2.7685,-2.843));
#4413 = LINE('',#4414,#4415);
#4414 = CARTESIAN_POINT('',(7.493,-2.7685,-2.843));
#4415 = VECTOR('',#4416,1.);
#4416 = DIRECTION('',(-7.800540639491E-17,0.242535625036,-0.970142500145
    ));
#4417 = ORIENTED_EDGE('',*,*,#4418,.F.);
#4418 = EDGE_CURVE('',#4419,#4411,#4421,.T.);
#4419 = VERTEX_POINT('',#4420);
#4420 = CARTESIAN_POINT('',(7.493,-2.7685,0.));
#4421 = LINE('',#4422,#4423);
#4422 = CARTESIAN_POINT('',(7.493,-2.7685,0.));
#4423 = VECTOR('',#4424,1.);
#4424 = DIRECTION('',(-1.004783562205E-31,3.124088708055E-16,-1.));
#4425 = ORIENTED_EDGE('',*,*,#4426,.F.);
#4426 = EDGE_CURVE('',#2022,#4419,#4427,.T.);
#4427 = LINE('',#4428,#4429);
#4428 = CARTESIAN_POINT('',(7.493,-3.302,0.));
#4429 = VECTOR('',#4430,1.);
#4430 = DIRECTION('',(-3.216245299353E-16,1.,0.));
#4431 = PLANE('',#4432);
#4432 = AXIS2_PLACEMENT_3D('',#4433,#4434,#4435);
#4433 = CARTESIAN_POINT('',(7.493,-3.302,2.157));
#4434 = DIRECTION('',(-1.,-3.216245299353E-16,0.));
#4435 = DIRECTION('',(0.,-0.,-1.));
#4436 = ADVANCED_FACE('',(#4437),#4455,.T.);
#4437 = FACE_BOUND('',#4438,.T.);
#4438 = EDGE_LOOP('',(#4439,#4447,#4448,#4449));
#4439 = ORIENTED_EDGE('',*,*,#4440,.T.);
#4440 = EDGE_CURVE('',#4441,#4379,#4443,.T.);
#4441 = VERTEX_POINT('',#4442);
#4442 = CARTESIAN_POINT('',(7.747,-2.3115,0.));
#4443 = LINE('',#4444,#4445);
#4444 = CARTESIAN_POINT('',(7.747,-2.3115,0.));
#4445 = VECTOR('',#4446,1.);
#4446 = DIRECTION('',(-1.,-3.216245299353E-16,0.));
#4447 = ORIENTED_EDGE('',*,*,#4378,.T.);
#4448 = ORIENTED_EDGE('',*,*,#1832,.F.);
#4449 = ORIENTED_EDGE('',*,*,#4450,.F.);
#4450 = EDGE_CURVE('',#4441,#1825,#4451,.T.);
#4451 = LINE('',#4452,#4453);
#4452 = CARTESIAN_POINT('',(7.747,-2.3115,0.));
#4453 = VECTOR('',#4454,1.);
#4454 = DIRECTION('',(-3.216245299353E-16,1.,0.));
#4455 = PLANE('',#4456);
#4456 = AXIS2_PLACEMENT_3D('',#4457,#4458,#4459);
#4457 = CARTESIAN_POINT('',(7.747,-2.3115,0.));
#4458 = DIRECTION('',(-0.,0.,-1.));
#4459 = DIRECTION('',(-3.216245299353E-16,1.,0.));
#4460 = ADVANCED_FACE('',(#4461),#4518,.F.);
#4461 = FACE_BOUND('',#4462,.F.);
#4462 = EDGE_LOOP('',(#4463,#4464,#4470,#4471,#4472,#4480,#4488,#4496,
    #4504,#4512));
#4463 = ORIENTED_EDGE('',*,*,#2013,.F.);
#4464 = ORIENTED_EDGE('',*,*,#4465,.F.);
#4465 = EDGE_CURVE('',#1816,#2005,#4466,.T.);
#4466 = LINE('',#4467,#4468);
#4467 = CARTESIAN_POINT('',(7.747,-1.778,1.776));
#4468 = VECTOR('',#4469,1.);
#4469 = DIRECTION('',(3.216245299353E-16,-1.,0.));
#4470 = ORIENTED_EDGE('',*,*,#1824,.F.);
#4471 = ORIENTED_EDGE('',*,*,#4450,.F.);
#4472 = ORIENTED_EDGE('',*,*,#4473,.F.);
#4473 = EDGE_CURVE('',#4474,#4441,#4476,.T.);
#4474 = VERTEX_POINT('',#4475);
#4475 = CARTESIAN_POINT('',(7.747,-2.3115,-2.843));
#4476 = LINE('',#4477,#4478);
#4477 = CARTESIAN_POINT('',(7.747,-2.3115,-2.843));
#4478 = VECTOR('',#4479,1.);
#4479 = DIRECTION('',(-1.004783562205E-31,3.124088708055E-16,1.));
#4480 = ORIENTED_EDGE('',*,*,#4481,.F.);
#4481 = EDGE_CURVE('',#4482,#4474,#4484,.T.);
#4482 = VERTEX_POINT('',#4483);
#4483 = CARTESIAN_POINT('',(7.747,-2.42575,-3.3));
#4484 = LINE('',#4485,#4486);
#4485 = CARTESIAN_POINT('',(7.747,-2.42575,-3.3));
#4486 = VECTOR('',#4487,1.);
#4487 = DIRECTION('',(-7.800540639491E-17,0.242535625036,0.970142500145)
  );
#4488 = ORIENTED_EDGE('',*,*,#4489,.F.);
#4489 = EDGE_CURVE('',#4490,#4482,#4492,.T.);
#4490 = VERTEX_POINT('',#4491);
#4491 = CARTESIAN_POINT('',(7.747,-2.65425,-3.3));
#4492 = LINE('',#4493,#4494);
#4493 = CARTESIAN_POINT('',(7.747,-2.65425,-3.3));
#4494 = VECTOR('',#4495,1.);
#4495 = DIRECTION('',(-3.216245299353E-16,1.,0.));
#4496 = ORIENTED_EDGE('',*,*,#4497,.F.);
#4497 = EDGE_CURVE('',#4498,#4490,#4500,.T.);
#4498 = VERTEX_POINT('',#4499);
#4499 = CARTESIAN_POINT('',(7.747,-2.7685,-2.843));
#4500 = LINE('',#4501,#4502);
#4501 = CARTESIAN_POINT('',(7.747,-2.7685,-2.843));
#4502 = VECTOR('',#4503,1.);
#4503 = DIRECTION('',(-7.800540639491E-17,0.242535625036,-0.970142500145
    ));
#4504 = ORIENTED_EDGE('',*,*,#4505,.F.);
#4505 = EDGE_CURVE('',#4506,#4498,#4508,.T.);
#4506 = VERTEX_POINT('',#4507);
#4507 = CARTESIAN_POINT('',(7.747,-2.7685,0.));
#4508 = LINE('',#4509,#4510);
#4509 = CARTESIAN_POINT('',(7.747,-2.7685,0.));
#4510 = VECTOR('',#4511,1.);
#4511 = DIRECTION('',(-1.004783562205E-31,3.124088708055E-16,-1.));
#4512 = ORIENTED_EDGE('',*,*,#4513,.F.);
#4513 = EDGE_CURVE('',#2014,#4506,#4514,.T.);
#4514 = LINE('',#4515,#4516);
#4515 = CARTESIAN_POINT('',(7.747,-3.302,0.));
#4516 = VECTOR('',#4517,1.);
#4517 = DIRECTION('',(-3.216245299353E-16,1.,0.));
#4518 = PLANE('',#4519);
#4519 = AXIS2_PLACEMENT_3D('',#4520,#4521,#4522);
#4520 = CARTESIAN_POINT('',(7.747,-3.302,2.157));
#4521 = DIRECTION('',(-1.,-3.216245299353E-16,0.));
#4522 = DIRECTION('',(0.,-0.,-1.));
#4523 = ADVANCED_FACE('',(#4524),#4535,.T.);
#4524 = FACE_BOUND('',#4525,.T.);
#4525 = EDGE_LOOP('',(#4526,#4532,#4533,#4534));
#4526 = ORIENTED_EDGE('',*,*,#4527,.T.);
#4527 = EDGE_CURVE('',#1808,#1997,#4528,.T.);
#4528 = LINE('',#4529,#4530);
#4529 = CARTESIAN_POINT('',(7.366,-1.778,2.157));
#4530 = VECTOR('',#4531,1.);
#4531 = DIRECTION('',(3.216245299353E-16,-1.,0.));
#4532 = ORIENTED_EDGE('',*,*,#2004,.T.);
#4533 = ORIENTED_EDGE('',*,*,#4465,.F.);
#4534 = ORIENTED_EDGE('',*,*,#1815,.F.);
#4535 = CYLINDRICAL_SURFACE('',#4536,0.381);
#4536 = AXIS2_PLACEMENT_3D('',#4537,#4538,#4539);
#4537 = CARTESIAN_POINT('',(7.366,-1.778,1.776));
#4538 = DIRECTION('',(3.216245299353E-16,-1.,0.));
#4539 = DIRECTION('',(0.,0.,1.));
#4540 = ADVANCED_FACE('',(#4541),#4549,.T.);
#4541 = FACE_BOUND('',#4542,.T.);
#4542 = EDGE_LOOP('',(#4543,#4544,#4545,#4546,#4547,#4548));
#4543 = ORIENTED_EDGE('',*,*,#3814,.F.);
#4544 = ORIENTED_EDGE('',*,*,#2200,.F.);
#4545 = ORIENTED_EDGE('',*,*,#1996,.F.);
#4546 = ORIENTED_EDGE('',*,*,#4527,.F.);
#4547 = ORIENTED_EDGE('',*,*,#1807,.F.);
#4548 = ORIENTED_EDGE('',*,*,#1863,.F.);
#4549 = PLANE('',#4550);
#4550 = AXIS2_PLACEMENT_3D('',#4551,#4552,#4553);
#4551 = CARTESIAN_POINT('',(3.683,-3.302,2.157));
#4552 = DIRECTION('',(0.,0.,1.));
#4553 = DIRECTION('',(-4.440892098501E-16,1.,0.));
#4554 = ADVANCED_FACE('',(#4555),#4566,.T.);
#4555 = FACE_BOUND('',#4556,.T.);
#4556 = EDGE_LOOP('',(#4557,#4563,#4564,#4565));
#4557 = ORIENTED_EDGE('',*,*,#4558,.T.);
#4558 = EDGE_CURVE('',#4309,#4215,#4559,.T.);
#4559 = LINE('',#4560,#4561);
#4560 = CARTESIAN_POINT('',(7.747,-12.4715,0.));
#4561 = VECTOR('',#4562,1.);
#4562 = DIRECTION('',(-1.,-3.216245299353E-16,0.));
#4563 = ORIENTED_EDGE('',*,*,#4214,.T.);
#4564 = ORIENTED_EDGE('',*,*,#1921,.F.);
#4565 = ORIENTED_EDGE('',*,*,#4308,.F.);
#4566 = PLANE('',#4567);
#4567 = AXIS2_PLACEMENT_3D('',#4568,#4569,#4570);
#4568 = CARTESIAN_POINT('',(7.747,-12.4715,0.));
#4569 = DIRECTION('',(-0.,0.,-1.));
#4570 = DIRECTION('',(-3.216245299353E-16,1.,0.));
#4571 = ADVANCED_FACE('',(#4572),#4583,.T.);
#4572 = FACE_BOUND('',#4573,.T.);
#4573 = EDGE_LOOP('',(#4574,#4575,#4576,#4582));
#4574 = ORIENTED_EDGE('',*,*,#2021,.T.);
#4575 = ORIENTED_EDGE('',*,*,#4426,.T.);
#4576 = ORIENTED_EDGE('',*,*,#4577,.F.);
#4577 = EDGE_CURVE('',#4506,#4419,#4578,.T.);
#4578 = LINE('',#4579,#4580);
#4579 = CARTESIAN_POINT('',(7.747,-2.7685,0.));
#4580 = VECTOR('',#4581,1.);
#4581 = DIRECTION('',(-1.,-3.216245299353E-16,0.));
#4582 = ORIENTED_EDGE('',*,*,#4513,.F.);
#4583 = PLANE('',#4584);
#4584 = AXIS2_PLACEMENT_3D('',#4585,#4586,#4587);
#4585 = CARTESIAN_POINT('',(7.747,-3.302,0.));
#4586 = DIRECTION('',(-0.,0.,-1.));
#4587 = DIRECTION('',(-3.216245299353E-16,1.,0.));
#4588 = ADVANCED_FACE('',(#4589),#4602,.T.);
#4589 = FACE_BOUND('',#4590,.T.);
#4590 = EDGE_LOOP('',(#4591,#4592,#4593,#4594,#4600,#4601));
#4591 = ORIENTED_EDGE('',*,*,#3793,.F.);
#4592 = ORIENTED_EDGE('',*,*,#2053,.F.);
#4593 = ORIENTED_EDGE('',*,*,#2077,.F.);
#4594 = ORIENTED_EDGE('',*,*,#4595,.F.);
#4595 = EDGE_CURVE('',#2225,#2078,#4596,.T.);
#4596 = LINE('',#4597,#4598);
#4597 = CARTESIAN_POINT('',(7.366,-9.398,2.157));
#4598 = VECTOR('',#4599,1.);
#4599 = DIRECTION('',(3.216245299353E-16,-1.,0.));
#4600 = ORIENTED_EDGE('',*,*,#2224,.F.);
#4601 = ORIENTED_EDGE('',*,*,#2372,.F.);
#4602 = PLANE('',#4603);
#4603 = AXIS2_PLACEMENT_3D('',#4604,#4605,#4606);
#4604 = CARTESIAN_POINT('',(3.683,-10.922,2.157));
#4605 = DIRECTION('',(0.,0.,1.));
#4606 = DIRECTION('',(-4.440892098501E-16,1.,0.));
#4607 = ADVANCED_FACE('',(#4608),#4667,.T.);
#4608 = FACE_BOUND('',#4609,.T.);
#4609 = EDGE_LOOP('',(#4610,#4611,#4612,#4613,#4621,#4629,#4637,#4645,
    #4653,#4661));
#4610 = ORIENTED_EDGE('',*,*,#2110,.F.);
#4611 = ORIENTED_EDGE('',*,*,#2280,.T.);
#4612 = ORIENTED_EDGE('',*,*,#2257,.F.);
#4613 = ORIENTED_EDGE('',*,*,#4614,.F.);
#4614 = EDGE_CURVE('',#4615,#2250,#4617,.T.);
#4615 = VERTEX_POINT('',#4616);
#4616 = CARTESIAN_POINT('',(7.493,-9.9315,0.));
#4617 = LINE('',#4618,#4619);
#4618 = CARTESIAN_POINT('',(7.493,-9.9315,0.));
#4619 = VECTOR('',#4620,1.);
#4620 = DIRECTION('',(-3.216245299353E-16,1.,0.));
#4621 = ORIENTED_EDGE('',*,*,#4622,.F.);
#4622 = EDGE_CURVE('',#4623,#4615,#4625,.T.);
#4623 = VERTEX_POINT('',#4624);
#4624 = CARTESIAN_POINT('',(7.493,-9.9315,-2.843));
#4625 = LINE('',#4626,#4627);
#4626 = CARTESIAN_POINT('',(7.493,-9.9315,-2.843));
#4627 = VECTOR('',#4628,1.);
#4628 = DIRECTION('',(-1.004783562205E-31,3.124088708055E-16,1.));
#4629 = ORIENTED_EDGE('',*,*,#4630,.F.);
#4630 = EDGE_CURVE('',#4631,#4623,#4633,.T.);
#4631 = VERTEX_POINT('',#4632);
#4632 = CARTESIAN_POINT('',(7.493,-10.04575,-3.3));
#4633 = LINE('',#4634,#4635);
#4634 = CARTESIAN_POINT('',(7.493,-10.04575,-3.3));
#4635 = VECTOR('',#4636,1.);
#4636 = DIRECTION('',(-7.800540639491E-17,0.242535625036,0.970142500145)
  );
#4637 = ORIENTED_EDGE('',*,*,#4638,.F.);
#4638 = EDGE_CURVE('',#4639,#4631,#4641,.T.);
#4639 = VERTEX_POINT('',#4640);
#4640 = CARTESIAN_POINT('',(7.493,-10.27425,-3.3));
#4641 = LINE('',#4642,#4643);
#4642 = CARTESIAN_POINT('',(7.493,-10.27425,-3.3));
#4643 = VECTOR('',#4644,1.);
#4644 = DIRECTION('',(-3.216245299353E-16,1.,0.));
#4645 = ORIENTED_EDGE('',*,*,#4646,.F.);
#4646 = EDGE_CURVE('',#4647,#4639,#4649,.T.);
#4647 = VERTEX_POINT('',#4648);
#4648 = CARTESIAN_POINT('',(7.493,-10.3885,-2.843));
#4649 = LINE('',#4650,#4651);
#4650 = CARTESIAN_POINT('',(7.493,-10.3885,-2.843));
#4651 = VECTOR('',#4652,1.);
#4652 = DIRECTION('',(-7.800540639491E-17,0.242535625036,-0.970142500145
    ));
#4653 = ORIENTED_EDGE('',*,*,#4654,.F.);
#4654 = EDGE_CURVE('',#4655,#4647,#4657,.T.);
#4655 = VERTEX_POINT('',#4656);
#4656 = CARTESIAN_POINT('',(7.493,-10.3885,0.));
#4657 = LINE('',#4658,#4659);
#4658 = CARTESIAN_POINT('',(7.493,-10.3885,0.));
#4659 = VECTOR('',#4660,1.);
#4660 = DIRECTION('',(-1.004783562205E-31,3.124088708055E-16,-1.));
#4661 = ORIENTED_EDGE('',*,*,#4662,.F.);
#4662 = EDGE_CURVE('',#2103,#4655,#4663,.T.);
#4663 = LINE('',#4664,#4665);
#4664 = CARTESIAN_POINT('',(7.493,-10.922,0.));
#4665 = VECTOR('',#4666,1.);
#4666 = DIRECTION('',(-3.216245299353E-16,1.,0.));
#4667 = PLANE('',#4668);
#4668 = AXIS2_PLACEMENT_3D('',#4669,#4670,#4671);
#4669 = CARTESIAN_POINT('',(7.493,-10.922,2.157));
#4670 = DIRECTION('',(-1.,-3.216245299353E-16,0.));
#4671 = DIRECTION('',(0.,-0.,-1.));
#4672 = ADVANCED_FACE('',(#4673),#4691,.T.);
#4673 = FACE_BOUND('',#4674,.T.);
#4674 = EDGE_LOOP('',(#4675,#4676,#4677,#4685));
#4675 = ORIENTED_EDGE('',*,*,#2102,.T.);
#4676 = ORIENTED_EDGE('',*,*,#4662,.T.);
#4677 = ORIENTED_EDGE('',*,*,#4678,.F.);
#4678 = EDGE_CURVE('',#4679,#4655,#4681,.T.);
#4679 = VERTEX_POINT('',#4680);
#4680 = CARTESIAN_POINT('',(7.747,-10.3885,0.));
#4681 = LINE('',#4682,#4683);
#4682 = CARTESIAN_POINT('',(7.747,-10.3885,0.));
#4683 = VECTOR('',#4684,1.);
#4684 = DIRECTION('',(-1.,-3.216245299353E-16,0.));
#4685 = ORIENTED_EDGE('',*,*,#4686,.F.);
#4686 = EDGE_CURVE('',#2095,#4679,#4687,.T.);
#4687 = LINE('',#4688,#4689);
#4688 = CARTESIAN_POINT('',(7.747,-10.922,0.));
#4689 = VECTOR('',#4690,1.);
#4690 = DIRECTION('',(-3.216245299353E-16,1.,0.));
#4691 = PLANE('',#4692);
#4692 = AXIS2_PLACEMENT_3D('',#4693,#4694,#4695);
#4693 = CARTESIAN_POINT('',(7.747,-10.922,0.));
#4694 = DIRECTION('',(-0.,0.,-1.));
#4695 = DIRECTION('',(-3.216245299353E-16,1.,0.));
#4696 = ADVANCED_FACE('',(#4697),#4754,.F.);
#4697 = FACE_BOUND('',#4698,.F.);
#4698 = EDGE_LOOP('',(#4699,#4700,#4706,#4707,#4715,#4723,#4731,#4739,
    #4747,#4753));
#4699 = ORIENTED_EDGE('',*,*,#2094,.F.);
#4700 = ORIENTED_EDGE('',*,*,#4701,.F.);
#4701 = EDGE_CURVE('',#2233,#2086,#4702,.T.);
#4702 = LINE('',#4703,#4704);
#4703 = CARTESIAN_POINT('',(7.747,-9.398,1.776));
#4704 = VECTOR('',#4705,1.);
#4705 = DIRECTION('',(3.216245299353E-16,-1.,0.));
#4706 = ORIENTED_EDGE('',*,*,#2241,.F.);
#4707 = ORIENTED_EDGE('',*,*,#4708,.F.);
#4708 = EDGE_CURVE('',#4709,#2242,#4711,.T.);
#4709 = VERTEX_POINT('',#4710);
#4710 = CARTESIAN_POINT('',(7.747,-9.9315,0.));
#4711 = LINE('',#4712,#4713);
#4712 = CARTESIAN_POINT('',(7.747,-9.9315,0.));
#4713 = VECTOR('',#4714,1.);
#4714 = DIRECTION('',(-3.216245299353E-16,1.,0.));
#4715 = ORIENTED_EDGE('',*,*,#4716,.F.);
#4716 = EDGE_CURVE('',#4717,#4709,#4719,.T.);
#4717 = VERTEX_POINT('',#4718);
#4718 = CARTESIAN_POINT('',(7.747,-9.9315,-2.843));
#4719 = LINE('',#4720,#4721);
#4720 = CARTESIAN_POINT('',(7.747,-9.9315,-2.843));
#4721 = VECTOR('',#4722,1.);
#4722 = DIRECTION('',(-1.004783562205E-31,3.124088708055E-16,1.));
#4723 = ORIENTED_EDGE('',*,*,#4724,.F.);
#4724 = EDGE_CURVE('',#4725,#4717,#4727,.T.);
#4725 = VERTEX_POINT('',#4726);
#4726 = CARTESIAN_POINT('',(7.747,-10.04575,-3.3));
#4727 = LINE('',#4728,#4729);
#4728 = CARTESIAN_POINT('',(7.747,-10.04575,-3.3));
#4729 = VECTOR('',#4730,1.);
#4730 = DIRECTION('',(-7.800540639491E-17,0.242535625036,0.970142500145)
  );
#4731 = ORIENTED_EDGE('',*,*,#4732,.F.);
#4732 = EDGE_CURVE('',#4733,#4725,#4735,.T.);
#4733 = VERTEX_POINT('',#4734);
#4734 = CARTESIAN_POINT('',(7.747,-10.27425,-3.3));
#4735 = LINE('',#4736,#4737);
#4736 = CARTESIAN_POINT('',(7.747,-10.27425,-3.3));
#4737 = VECTOR('',#4738,1.);
#4738 = DIRECTION('',(-3.216245299353E-16,1.,0.));
#4739 = ORIENTED_EDGE('',*,*,#4740,.F.);
#4740 = EDGE_CURVE('',#4741,#4733,#4743,.T.);
#4741 = VERTEX_POINT('',#4742);
#4742 = CARTESIAN_POINT('',(7.747,-10.3885,-2.843));
#4743 = LINE('',#4744,#4745);
#4744 = CARTESIAN_POINT('',(7.747,-10.3885,-2.843));
#4745 = VECTOR('',#4746,1.);
#4746 = DIRECTION('',(-7.800540639491E-17,0.242535625036,-0.970142500145
    ));
#4747 = ORIENTED_EDGE('',*,*,#4748,.F.);
#4748 = EDGE_CURVE('',#4679,#4741,#4749,.T.);
#4749 = LINE('',#4750,#4751);
#4750 = CARTESIAN_POINT('',(7.747,-10.3885,0.));
#4751 = VECTOR('',#4752,1.);
#4752 = DIRECTION('',(-1.004783562205E-31,3.124088708055E-16,-1.));
#4753 = ORIENTED_EDGE('',*,*,#4686,.F.);
#4754 = PLANE('',#4755);
#4755 = AXIS2_PLACEMENT_3D('',#4756,#4757,#4758);
#4756 = CARTESIAN_POINT('',(7.747,-10.922,2.157));
#4757 = DIRECTION('',(-1.,-3.216245299353E-16,0.));
#4758 = DIRECTION('',(0.,-0.,-1.));
#4759 = ADVANCED_FACE('',(#4760),#4766,.T.);
#4760 = FACE_BOUND('',#4761,.T.);
#4761 = EDGE_LOOP('',(#4762,#4763,#4764,#4765));
#4762 = ORIENTED_EDGE('',*,*,#4595,.T.);
#4763 = ORIENTED_EDGE('',*,*,#2085,.T.);
#4764 = ORIENTED_EDGE('',*,*,#4701,.F.);
#4765 = ORIENTED_EDGE('',*,*,#2232,.F.);
#4766 = CYLINDRICAL_SURFACE('',#4767,0.381);
#4767 = AXIS2_PLACEMENT_3D('',#4768,#4769,#4770);
#4768 = CARTESIAN_POINT('',(7.366,-9.398,1.776));
#4769 = DIRECTION('',(3.216245299353E-16,-1.,0.));
#4770 = DIRECTION('',(0.,0.,1.));
#4771 = ADVANCED_FACE('',(#4772),#4831,.T.);
#4772 = FACE_BOUND('',#4773,.T.);
#4773 = EDGE_LOOP('',(#4774,#4775,#4776,#4777,#4785,#4793,#4801,#4809,
    #4817,#4825));
#4774 = ORIENTED_EDGE('',*,*,#2357,.F.);
#4775 = ORIENTED_EDGE('',*,*,#2297,.T.);
#4776 = ORIENTED_EDGE('',*,*,#2168,.F.);
#4777 = ORIENTED_EDGE('',*,*,#4778,.F.);
#4778 = EDGE_CURVE('',#4779,#2161,#4781,.T.);
#4779 = VERTEX_POINT('',#4780);
#4780 = CARTESIAN_POINT('',(7.493,-4.8515,0.));
#4781 = LINE('',#4782,#4783);
#4782 = CARTESIAN_POINT('',(7.493,-4.8515,0.));
#4783 = VECTOR('',#4784,1.);
#4784 = DIRECTION('',(-3.216245299353E-16,1.,0.));
#4785 = ORIENTED_EDGE('',*,*,#4786,.F.);
#4786 = EDGE_CURVE('',#4787,#4779,#4789,.T.);
#4787 = VERTEX_POINT('',#4788);
#4788 = CARTESIAN_POINT('',(7.493,-4.8515,-2.843));
#4789 = LINE('',#4790,#4791);
#4790 = CARTESIAN_POINT('',(7.493,-4.8515,-2.843));
#4791 = VECTOR('',#4792,1.);
#4792 = DIRECTION('',(-1.004783562205E-31,3.124088708055E-16,1.));
#4793 = ORIENTED_EDGE('',*,*,#4794,.F.);
#4794 = EDGE_CURVE('',#4795,#4787,#4797,.T.);
#4795 = VERTEX_POINT('',#4796);
#4796 = CARTESIAN_POINT('',(7.493,-4.96575,-3.3));
#4797 = LINE('',#4798,#4799);
#4798 = CARTESIAN_POINT('',(7.493,-4.96575,-3.3));
#4799 = VECTOR('',#4800,1.);
#4800 = DIRECTION('',(-7.800540639491E-17,0.242535625036,0.970142500145)
  );
#4801 = ORIENTED_EDGE('',*,*,#4802,.F.);
#4802 = EDGE_CURVE('',#4803,#4795,#4805,.T.);
#4803 = VERTEX_POINT('',#4804);
#4804 = CARTESIAN_POINT('',(7.493,-5.19425,-3.3));
#4805 = LINE('',#4806,#4807);
#4806 = CARTESIAN_POINT('',(7.493,-5.19425,-3.3));
#4807 = VECTOR('',#4808,1.);
#4808 = DIRECTION('',(-3.216245299353E-16,1.,0.));
#4809 = ORIENTED_EDGE('',*,*,#4810,.F.);
#4810 = EDGE_CURVE('',#4811,#4803,#4813,.T.);
#4811 = VERTEX_POINT('',#4812);
#4812 = CARTESIAN_POINT('',(7.493,-5.3085,-2.843));
#4813 = LINE('',#4814,#4815);
#4814 = CARTESIAN_POINT('',(7.493,-5.3085,-2.843));
#4815 = VECTOR('',#4816,1.);
#4816 = DIRECTION('',(-7.800540639491E-17,0.242535625036,-0.970142500145
    ));
#4817 = ORIENTED_EDGE('',*,*,#4818,.F.);
#4818 = EDGE_CURVE('',#4819,#4811,#4821,.T.);
#4819 = VERTEX_POINT('',#4820);
#4820 = CARTESIAN_POINT('',(7.493,-5.3085,0.));
#4821 = LINE('',#4822,#4823);
#4822 = CARTESIAN_POINT('',(7.493,-5.3085,0.));
#4823 = VECTOR('',#4824,1.);
#4824 = DIRECTION('',(-1.004783562205E-31,3.124088708055E-16,-1.));
#4825 = ORIENTED_EDGE('',*,*,#4826,.F.);
#4826 = EDGE_CURVE('',#2350,#4819,#4827,.T.);
#4827 = LINE('',#4828,#4829);
#4828 = CARTESIAN_POINT('',(7.493,-5.842,0.));
#4829 = VECTOR('',#4830,1.);
#4830 = DIRECTION('',(-3.216245299353E-16,1.,0.));
#4831 = PLANE('',#4832);
#4832 = AXIS2_PLACEMENT_3D('',#4833,#4834,#4835);
#4833 = CARTESIAN_POINT('',(7.493,-5.842,2.157));
#4834 = DIRECTION('',(-1.,-3.216245299353E-16,0.));
#4835 = DIRECTION('',(0.,-0.,-1.));
#4836 = ADVANCED_FACE('',(#4837),#4855,.T.);
#4837 = FACE_BOUND('',#4838,.T.);
#4838 = EDGE_LOOP('',(#4839,#4847,#4848,#4849));
#4839 = ORIENTED_EDGE('',*,*,#4840,.T.);
#4840 = EDGE_CURVE('',#4841,#4779,#4843,.T.);
#4841 = VERTEX_POINT('',#4842);
#4842 = CARTESIAN_POINT('',(7.747,-4.8515,0.));
#4843 = LINE('',#4844,#4845);
#4844 = CARTESIAN_POINT('',(7.747,-4.8515,0.));
#4845 = VECTOR('',#4846,1.);
#4846 = DIRECTION('',(-1.,-3.216245299353E-16,0.));
#4847 = ORIENTED_EDGE('',*,*,#4778,.T.);
#4848 = ORIENTED_EDGE('',*,*,#2160,.F.);
#4849 = ORIENTED_EDGE('',*,*,#4850,.F.);
#4850 = EDGE_CURVE('',#4841,#2153,#4851,.T.);
#4851 = LINE('',#4852,#4853);
#4852 = CARTESIAN_POINT('',(7.747,-4.8515,0.));
#4853 = VECTOR('',#4854,1.);
#4854 = DIRECTION('',(-3.216245299353E-16,1.,0.));
#4855 = PLANE('',#4856);
#4856 = AXIS2_PLACEMENT_3D('',#4857,#4858,#4859);
#4857 = CARTESIAN_POINT('',(7.747,-4.8515,0.));
#4858 = DIRECTION('',(-0.,0.,-1.));
#4859 = DIRECTION('',(-3.216245299353E-16,1.,0.));
#4860 = ADVANCED_FACE('',(#4861),#4918,.F.);
#4861 = FACE_BOUND('',#4862,.F.);
#4862 = EDGE_LOOP('',(#4863,#4864,#4870,#4871,#4872,#4880,#4888,#4896,
    #4904,#4912));
#4863 = ORIENTED_EDGE('',*,*,#2341,.F.);
#4864 = ORIENTED_EDGE('',*,*,#4865,.F.);
#4865 = EDGE_CURVE('',#2144,#2333,#4866,.T.);
#4866 = LINE('',#4867,#4868);
#4867 = CARTESIAN_POINT('',(7.747,-4.318,1.776));
#4868 = VECTOR('',#4869,1.);
#4869 = DIRECTION('',(3.216245299353E-16,-1.,0.));
#4870 = ORIENTED_EDGE('',*,*,#2152,.F.);
#4871 = ORIENTED_EDGE('',*,*,#4850,.F.);
#4872 = ORIENTED_EDGE('',*,*,#4873,.F.);
#4873 = EDGE_CURVE('',#4874,#4841,#4876,.T.);
#4874 = VERTEX_POINT('',#4875);
#4875 = CARTESIAN_POINT('',(7.747,-4.8515,-2.843));
#4876 = LINE('',#4877,#4878);
#4877 = CARTESIAN_POINT('',(7.747,-4.8515,-2.843));
#4878 = VECTOR('',#4879,1.);
#4879 = DIRECTION('',(-1.004783562205E-31,3.124088708055E-16,1.));
#4880 = ORIENTED_EDGE('',*,*,#4881,.F.);
#4881 = EDGE_CURVE('',#4882,#4874,#4884,.T.);
#4882 = VERTEX_POINT('',#4883);
#4883 = CARTESIAN_POINT('',(7.747,-4.96575,-3.3));
#4884 = LINE('',#4885,#4886);
#4885 = CARTESIAN_POINT('',(7.747,-4.96575,-3.3));
#4886 = VECTOR('',#4887,1.);
#4887 = DIRECTION('',(-7.800540639491E-17,0.242535625036,0.970142500145)
  );
#4888 = ORIENTED_EDGE('',*,*,#4889,.F.);
#4889 = EDGE_CURVE('',#4890,#4882,#4892,.T.);
#4890 = VERTEX_POINT('',#4891);
#4891 = CARTESIAN_POINT('',(7.747,-5.19425,-3.3));
#4892 = LINE('',#4893,#4894);
#4893 = CARTESIAN_POINT('',(7.747,-5.19425,-3.3));
#4894 = VECTOR('',#4895,1.);
#4895 = DIRECTION('',(-3.216245299353E-16,1.,0.));
#4896 = ORIENTED_EDGE('',*,*,#4897,.F.);
#4897 = EDGE_CURVE('',#4898,#4890,#4900,.T.);
#4898 = VERTEX_POINT('',#4899);
#4899 = CARTESIAN_POINT('',(7.747,-5.3085,-2.843));
#4900 = LINE('',#4901,#4902);
#4901 = CARTESIAN_POINT('',(7.747,-5.3085,-2.843));
#4902 = VECTOR('',#4903,1.);
#4903 = DIRECTION('',(-7.800540639491E-17,0.242535625036,-0.970142500145
    ));
#4904 = ORIENTED_EDGE('',*,*,#4905,.F.);
#4905 = EDGE_CURVE('',#4906,#4898,#4908,.T.);
#4906 = VERTEX_POINT('',#4907);
#4907 = CARTESIAN_POINT('',(7.747,-5.3085,0.));
#4908 = LINE('',#4909,#4910);
#4909 = CARTESIAN_POINT('',(7.747,-5.3085,0.));
#4910 = VECTOR('',#4911,1.);
#4911 = DIRECTION('',(-1.004783562205E-31,3.124088708055E-16,-1.));
#4912 = ORIENTED_EDGE('',*,*,#4913,.F.);
#4913 = EDGE_CURVE('',#2342,#4906,#4914,.T.);
#4914 = LINE('',#4915,#4916);
#4915 = CARTESIAN_POINT('',(7.747,-5.842,0.));
#4916 = VECTOR('',#4917,1.);
#4917 = DIRECTION('',(-3.216245299353E-16,1.,0.));
#4918 = PLANE('',#4919);
#4919 = AXIS2_PLACEMENT_3D('',#4920,#4921,#4922);
#4920 = CARTESIAN_POINT('',(7.747,-5.842,2.157));
#4921 = DIRECTION('',(-1.,-3.216245299353E-16,0.));
#4922 = DIRECTION('',(0.,-0.,-1.));
#4923 = ADVANCED_FACE('',(#4924),#4935,.T.);
#4924 = FACE_BOUND('',#4925,.T.);
#4925 = EDGE_LOOP('',(#4926,#4932,#4933,#4934));
#4926 = ORIENTED_EDGE('',*,*,#4927,.T.);
#4927 = EDGE_CURVE('',#2136,#2325,#4928,.T.);
#4928 = LINE('',#4929,#4930);
#4929 = CARTESIAN_POINT('',(7.366,-4.318,2.157));
#4930 = VECTOR('',#4931,1.);
#4931 = DIRECTION('',(3.216245299353E-16,-1.,0.));
#4932 = ORIENTED_EDGE('',*,*,#2332,.T.);
#4933 = ORIENTED_EDGE('',*,*,#4865,.F.);
#4934 = ORIENTED_EDGE('',*,*,#2143,.F.);
#4935 = CYLINDRICAL_SURFACE('',#4936,0.381);
#4936 = AXIS2_PLACEMENT_3D('',#4937,#4938,#4939);
#4937 = CARTESIAN_POINT('',(7.366,-4.318,1.776));
#4938 = DIRECTION('',(3.216245299353E-16,-1.,0.));
#4939 = DIRECTION('',(0.,0.,1.));
#4940 = ADVANCED_FACE('',(#4941),#4949,.T.);
#4941 = FACE_BOUND('',#4942,.T.);
#4942 = EDGE_LOOP('',(#4943,#4944,#4945,#4946,#4947,#4948));
#4943 = ORIENTED_EDGE('',*,*,#3807,.F.);
#4944 = ORIENTED_EDGE('',*,*,#2528,.F.);
#4945 = ORIENTED_EDGE('',*,*,#2324,.F.);
#4946 = ORIENTED_EDGE('',*,*,#4927,.F.);
#4947 = ORIENTED_EDGE('',*,*,#2135,.F.);
#4948 = ORIENTED_EDGE('',*,*,#2191,.F.);
#4949 = PLANE('',#4950);
#4950 = AXIS2_PLACEMENT_3D('',#4951,#4952,#4953);
#4951 = CARTESIAN_POINT('',(3.683,-5.842,2.157));
#4952 = DIRECTION('',(0.,0.,1.));
#4953 = DIRECTION('',(-4.440892098501E-16,1.,0.));
#4954 = ADVANCED_FACE('',(#4955),#4966,.T.);
#4955 = FACE_BOUND('',#4956,.T.);
#4956 = EDGE_LOOP('',(#4957,#4963,#4964,#4965));
#4957 = ORIENTED_EDGE('',*,*,#4958,.T.);
#4958 = EDGE_CURVE('',#4709,#4615,#4959,.T.);
#4959 = LINE('',#4960,#4961);
#4960 = CARTESIAN_POINT('',(7.747,-9.9315,0.));
#4961 = VECTOR('',#4962,1.);
#4962 = DIRECTION('',(-1.,-3.216245299353E-16,0.));
#4963 = ORIENTED_EDGE('',*,*,#4614,.T.);
#4964 = ORIENTED_EDGE('',*,*,#2249,.F.);
#4965 = ORIENTED_EDGE('',*,*,#4708,.F.);
#4966 = PLANE('',#4967);
#4967 = AXIS2_PLACEMENT_3D('',#4968,#4969,#4970);
#4968 = CARTESIAN_POINT('',(7.747,-9.9315,0.));
#4969 = DIRECTION('',(-0.,0.,-1.));
#4970 = DIRECTION('',(-3.216245299353E-16,1.,0.));
#4971 = ADVANCED_FACE('',(#4972),#4983,.T.);
#4972 = FACE_BOUND('',#4973,.T.);
#4973 = EDGE_LOOP('',(#4974,#4975,#4976,#4982));
#4974 = ORIENTED_EDGE('',*,*,#2349,.T.);
#4975 = ORIENTED_EDGE('',*,*,#4826,.T.);
#4976 = ORIENTED_EDGE('',*,*,#4977,.F.);
#4977 = EDGE_CURVE('',#4906,#4819,#4978,.T.);
#4978 = LINE('',#4979,#4980);
#4979 = CARTESIAN_POINT('',(7.747,-5.3085,0.));
#4980 = VECTOR('',#4981,1.);
#4981 = DIRECTION('',(-1.,-3.216245299353E-16,0.));
#4982 = ORIENTED_EDGE('',*,*,#4913,.F.);
#4983 = PLANE('',#4984);
#4984 = AXIS2_PLACEMENT_3D('',#4985,#4986,#4987);
#4985 = CARTESIAN_POINT('',(7.747,-5.842,0.));
#4986 = DIRECTION('',(-0.,0.,-1.));
#4987 = DIRECTION('',(-3.216245299353E-16,1.,0.));
#4988 = ADVANCED_FACE('',(#4989),#5002,.T.);
#4989 = FACE_BOUND('',#4990,.T.);
#4990 = EDGE_LOOP('',(#4991,#4992,#4993,#4994,#5000,#5001));
#4991 = ORIENTED_EDGE('',*,*,#3800,.F.);
#4992 = ORIENTED_EDGE('',*,*,#2381,.F.);
#4993 = ORIENTED_EDGE('',*,*,#2405,.F.);
#4994 = ORIENTED_EDGE('',*,*,#4995,.F.);
#4995 = EDGE_CURVE('',#2464,#2406,#4996,.T.);
#4996 = LINE('',#4997,#4998);
#4997 = CARTESIAN_POINT('',(7.366,-6.858,2.157));
#4998 = VECTOR('',#4999,1.);
#4999 = DIRECTION('',(3.216245299353E-16,-1.,0.));
#5000 = ORIENTED_EDGE('',*,*,#2463,.F.);
#5001 = ORIENTED_EDGE('',*,*,#2519,.F.);
#5002 = PLANE('',#5003);
#5003 = AXIS2_PLACEMENT_3D('',#5004,#5005,#5006);
#5004 = CARTESIAN_POINT('',(3.683,-8.382,2.157));
#5005 = DIRECTION('',(0.,0.,1.));
#5006 = DIRECTION('',(-4.440892098501E-16,1.,0.));
#5007 = ADVANCED_FACE('',(#5008),#5067,.T.);
#5008 = FACE_BOUND('',#5009,.T.);
#5009 = EDGE_LOOP('',(#5010,#5011,#5012,#5013,#5021,#5029,#5037,#5045,
    #5053,#5061));
#5010 = ORIENTED_EDGE('',*,*,#2438,.F.);
#5011 = ORIENTED_EDGE('',*,*,#2550,.T.);
#5012 = ORIENTED_EDGE('',*,*,#2496,.F.);
#5013 = ORIENTED_EDGE('',*,*,#5014,.F.);
#5014 = EDGE_CURVE('',#5015,#2489,#5017,.T.);
#5015 = VERTEX_POINT('',#5016);
#5016 = CARTESIAN_POINT('',(7.493,-7.3915,0.));
#5017 = LINE('',#5018,#5019);
#5018 = CARTESIAN_POINT('',(7.493,-7.3915,0.));
#5019 = VECTOR('',#5020,1.);
#5020 = DIRECTION('',(-3.216245299353E-16,1.,0.));
#5021 = ORIENTED_EDGE('',*,*,#5022,.F.);
#5022 = EDGE_CURVE('',#5023,#5015,#5025,.T.);
#5023 = VERTEX_POINT('',#5024);
#5024 = CARTESIAN_POINT('',(7.493,-7.3915,-2.843));
#5025 = LINE('',#5026,#5027);
#5026 = CARTESIAN_POINT('',(7.493,-7.3915,-2.843));
#5027 = VECTOR('',#5028,1.);
#5028 = DIRECTION('',(-1.004783562205E-31,3.124088708055E-16,1.));
#5029 = ORIENTED_EDGE('',*,*,#5030,.F.);
#5030 = EDGE_CURVE('',#5031,#5023,#5033,.T.);
#5031 = VERTEX_POINT('',#5032);
#5032 = CARTESIAN_POINT('',(7.493,-7.50575,-3.3));
#5033 = LINE('',#5034,#5035);
#5034 = CARTESIAN_POINT('',(7.493,-7.50575,-3.3));
#5035 = VECTOR('',#5036,1.);
#5036 = DIRECTION('',(-7.800540639491E-17,0.242535625036,0.970142500145)
  );
#5037 = ORIENTED_EDGE('',*,*,#5038,.F.);
#5038 = EDGE_CURVE('',#5039,#5031,#5041,.T.);
#5039 = VERTEX_POINT('',#5040);
#5040 = CARTESIAN_POINT('',(7.493,-7.73425,-3.3));
#5041 = LINE('',#5042,#5043);
#5042 = CARTESIAN_POINT('',(7.493,-7.73425,-3.3));
#5043 = VECTOR('',#5044,1.);
#5044 = DIRECTION('',(-3.216245299353E-16,1.,0.));
#5045 = ORIENTED_EDGE('',*,*,#5046,.F.);
#5046 = EDGE_CURVE('',#5047,#5039,#5049,.T.);
#5047 = VERTEX_POINT('',#5048);
#5048 = CARTESIAN_POINT('',(7.493,-7.8485,-2.843));
#5049 = LINE('',#5050,#5051);
#5050 = CARTESIAN_POINT('',(7.493,-7.8485,-2.843));
#5051 = VECTOR('',#5052,1.);
#5052 = DIRECTION('',(-7.800540639491E-17,0.242535625036,-0.970142500145
    ));
#5053 = ORIENTED_EDGE('',*,*,#5054,.F.);
#5054 = EDGE_CURVE('',#5055,#5047,#5057,.T.);
#5055 = VERTEX_POINT('',#5056);
#5056 = CARTESIAN_POINT('',(7.493,-7.8485,0.));
#5057 = LINE('',#5058,#5059);
#5058 = CARTESIAN_POINT('',(7.493,-7.8485,0.));
#5059 = VECTOR('',#5060,1.);
#5060 = DIRECTION('',(-1.004783562205E-31,3.124088708055E-16,-1.));
#5061 = ORIENTED_EDGE('',*,*,#5062,.F.);
#5062 = EDGE_CURVE('',#2431,#5055,#5063,.T.);
#5063 = LINE('',#5064,#5065);
#5064 = CARTESIAN_POINT('',(7.493,-8.382,0.));
#5065 = VECTOR('',#5066,1.);
#5066 = DIRECTION('',(-3.216245299353E-16,1.,0.));
#5067 = PLANE('',#5068);
#5068 = AXIS2_PLACEMENT_3D('',#5069,#5070,#5071);
#5069 = CARTESIAN_POINT('',(7.493,-8.382,2.157));
#5070 = DIRECTION('',(-1.,-3.216245299353E-16,0.));
#5071 = DIRECTION('',(0.,-0.,-1.));
#5072 = ADVANCED_FACE('',(#5073),#5091,.T.);
#5073 = FACE_BOUND('',#5074,.T.);
#5074 = EDGE_LOOP('',(#5075,#5076,#5077,#5085));
#5075 = ORIENTED_EDGE('',*,*,#2430,.T.);
#5076 = ORIENTED_EDGE('',*,*,#5062,.T.);
#5077 = ORIENTED_EDGE('',*,*,#5078,.F.);
#5078 = EDGE_CURVE('',#5079,#5055,#5081,.T.);
#5079 = VERTEX_POINT('',#5080);
#5080 = CARTESIAN_POINT('',(7.747,-7.8485,0.));
#5081 = LINE('',#5082,#5083);
#5082 = CARTESIAN_POINT('',(7.747,-7.8485,0.));
#5083 = VECTOR('',#5084,1.);
#5084 = DIRECTION('',(-1.,-3.216245299353E-16,0.));
#5085 = ORIENTED_EDGE('',*,*,#5086,.F.);
#5086 = EDGE_CURVE('',#2423,#5079,#5087,.T.);
#5087 = LINE('',#5088,#5089);
#5088 = CARTESIAN_POINT('',(7.747,-8.382,0.));
#5089 = VECTOR('',#5090,1.);
#5090 = DIRECTION('',(-3.216245299353E-16,1.,0.));
#5091 = PLANE('',#5092);
#5092 = AXIS2_PLACEMENT_3D('',#5093,#5094,#5095);
#5093 = CARTESIAN_POINT('',(7.747,-8.382,0.));
#5094 = DIRECTION('',(-0.,0.,-1.));
#5095 = DIRECTION('',(-3.216245299353E-16,1.,0.));
#5096 = ADVANCED_FACE('',(#5097),#5154,.F.);
#5097 = FACE_BOUND('',#5098,.F.);
#5098 = EDGE_LOOP('',(#5099,#5100,#5106,#5107,#5115,#5123,#5131,#5139,
    #5147,#5153));
#5099 = ORIENTED_EDGE('',*,*,#2422,.F.);
#5100 = ORIENTED_EDGE('',*,*,#5101,.F.);
#5101 = EDGE_CURVE('',#2472,#2414,#5102,.T.);
#5102 = LINE('',#5103,#5104);
#5103 = CARTESIAN_POINT('',(7.747,-6.858,1.776));
#5104 = VECTOR('',#5105,1.);
#5105 = DIRECTION('',(3.216245299353E-16,-1.,0.));
#5106 = ORIENTED_EDGE('',*,*,#2480,.F.);
#5107 = ORIENTED_EDGE('',*,*,#5108,.F.);
#5108 = EDGE_CURVE('',#5109,#2481,#5111,.T.);
#5109 = VERTEX_POINT('',#5110);
#5110 = CARTESIAN_POINT('',(7.747,-7.3915,0.));
#5111 = LINE('',#5112,#5113);
#5112 = CARTESIAN_POINT('',(7.747,-7.3915,0.));
#5113 = VECTOR('',#5114,1.);
#5114 = DIRECTION('',(-3.216245299353E-16,1.,0.));
#5115 = ORIENTED_EDGE('',*,*,#5116,.F.);
#5116 = EDGE_CURVE('',#5117,#5109,#5119,.T.);
#5117 = VERTEX_POINT('',#5118);
#5118 = CARTESIAN_POINT('',(7.747,-7.3915,-2.843));
#5119 = LINE('',#5120,#5121);
#5120 = CARTESIAN_POINT('',(7.747,-7.3915,-2.843));
#5121 = VECTOR('',#5122,1.);
#5122 = DIRECTION('',(-1.004783562205E-31,3.124088708055E-16,1.));
#5123 = ORIENTED_EDGE('',*,*,#5124,.F.);
#5124 = EDGE_CURVE('',#5125,#5117,#5127,.T.);
#5125 = VERTEX_POINT('',#5126);
#5126 = CARTESIAN_POINT('',(7.747,-7.50575,-3.3));
#5127 = LINE('',#5128,#5129);
#5128 = CARTESIAN_POINT('',(7.747,-7.50575,-3.3));
#5129 = VECTOR('',#5130,1.);
#5130 = DIRECTION('',(-7.800540639491E-17,0.242535625036,0.970142500145)
  );
#5131 = ORIENTED_EDGE('',*,*,#5132,.F.);
#5132 = EDGE_CURVE('',#5133,#5125,#5135,.T.);
#5133 = VERTEX_POINT('',#5134);
#5134 = CARTESIAN_POINT('',(7.747,-7.73425,-3.3));
#5135 = LINE('',#5136,#5137);
#5136 = CARTESIAN_POINT('',(7.747,-7.73425,-3.3));
#5137 = VECTOR('',#5138,1.);
#5138 = DIRECTION('',(-3.216245299353E-16,1.,0.));
#5139 = ORIENTED_EDGE('',*,*,#5140,.F.);
#5140 = EDGE_CURVE('',#5141,#5133,#5143,.T.);
#5141 = VERTEX_POINT('',#5142);
#5142 = CARTESIAN_POINT('',(7.747,-7.8485,-2.843));
#5143 = LINE('',#5144,#5145);
#5144 = CARTESIAN_POINT('',(7.747,-7.8485,-2.843));
#5145 = VECTOR('',#5146,1.);
#5146 = DIRECTION('',(-7.800540639491E-17,0.242535625036,-0.970142500145
    ));
#5147 = ORIENTED_EDGE('',*,*,#5148,.F.);
#5148 = EDGE_CURVE('',#5079,#5141,#5149,.T.);
#5149 = LINE('',#5150,#5151);
#5150 = CARTESIAN_POINT('',(7.747,-7.8485,0.));
#5151 = VECTOR('',#5152,1.);
#5152 = DIRECTION('',(-1.004783562205E-31,3.124088708055E-16,-1.));
#5153 = ORIENTED_EDGE('',*,*,#5086,.F.);
#5154 = PLANE('',#5155);
#5155 = AXIS2_PLACEMENT_3D('',#5156,#5157,#5158);
#5156 = CARTESIAN_POINT('',(7.747,-8.382,2.157));
#5157 = DIRECTION('',(-1.,-3.216245299353E-16,0.));
#5158 = DIRECTION('',(0.,-0.,-1.));
#5159 = ADVANCED_FACE('',(#5160),#5166,.T.);
#5160 = FACE_BOUND('',#5161,.T.);
#5161 = EDGE_LOOP('',(#5162,#5163,#5164,#5165));
#5162 = ORIENTED_EDGE('',*,*,#4995,.T.);
#5163 = ORIENTED_EDGE('',*,*,#2413,.T.);
#5164 = ORIENTED_EDGE('',*,*,#5101,.F.);
#5165 = ORIENTED_EDGE('',*,*,#2471,.F.);
#5166 = CYLINDRICAL_SURFACE('',#5167,0.381);
#5167 = AXIS2_PLACEMENT_3D('',#5168,#5169,#5170);
#5168 = CARTESIAN_POINT('',(7.366,-6.858,1.776));
#5169 = DIRECTION('',(3.216245299353E-16,-1.,0.));
#5170 = DIRECTION('',(0.,0.,1.));
#5171 = ADVANCED_FACE('',(#5172),#5183,.T.);
#5172 = FACE_BOUND('',#5173,.T.);
#5173 = EDGE_LOOP('',(#5174,#5180,#5181,#5182));
#5174 = ORIENTED_EDGE('',*,*,#5175,.T.);
#5175 = EDGE_CURVE('',#5109,#5015,#5176,.T.);
#5176 = LINE('',#5177,#5178);
#5177 = CARTESIAN_POINT('',(7.747,-7.3915,0.));
#5178 = VECTOR('',#5179,1.);
#5179 = DIRECTION('',(-1.,-3.216245299353E-16,0.));
#5180 = ORIENTED_EDGE('',*,*,#5014,.T.);
#5181 = ORIENTED_EDGE('',*,*,#2488,.F.);
#5182 = ORIENTED_EDGE('',*,*,#5108,.F.);
#5183 = PLANE('',#5184);
#5184 = AXIS2_PLACEMENT_3D('',#5185,#5186,#5187);
#5185 = CARTESIAN_POINT('',(7.747,-7.3915,0.));
#5186 = DIRECTION('',(-0.,0.,-1.));
#5187 = DIRECTION('',(-3.216245299353E-16,1.,0.));
#5188 = ADVANCED_FACE('',(#5189),#5532,.T.);
#5189 = FACE_BOUND('',#5190,.T.);
#5190 = EDGE_LOOP('',(#5191,#5192,#5193,#5200,#5208,#5314,#5420,#5526));
#5191 = ORIENTED_EDGE('',*,*,#3828,.F.);
#5192 = ORIENTED_EDGE('',*,*,#2575,.T.);
#5193 = ORIENTED_EDGE('',*,*,#5194,.T.);
#5194 = EDGE_CURVE('',#2569,#5195,#5197,.T.);
#5195 = VERTEX_POINT('',#5196);
#5196 = CARTESIAN_POINT('',(1.033723643423,1.506276356577,3.68));
#5197 = B_SPLINE_CURVE_WITH_KNOTS('',1,(#5198,#5199),.UNSPECIFIED.,.F.,
  .F.,(2,2),(0.,1.),.PIECEWISE_BEZIER_KNOTS.);
#5198 = CARTESIAN_POINT('',(0.71,1.83,2.157));
#5199 = CARTESIAN_POINT('',(1.033723643423,1.506276356577,3.68));
#5200 = ORIENTED_EDGE('',*,*,#5201,.F.);
#5201 = EDGE_CURVE('',#5202,#5195,#5204,.T.);
#5202 = VERTEX_POINT('',#5203);
#5203 = CARTESIAN_POINT('',(3.06375942217,1.506276356577,3.68));
#5204 = LINE('',#5205,#5206);
#5205 = CARTESIAN_POINT('',(6.586276356577,1.506276356577,3.68));
#5206 = VECTOR('',#5207,1.);
#5207 = DIRECTION('',(-1.,-4.440892098501E-16,0.));
#5208 = ORIENTED_EDGE('',*,*,#5209,.F.);
#5209 = EDGE_CURVE('',#5210,#5202,#5212,.T.);
#5210 = VERTEX_POINT('',#5211);
#5211 = CARTESIAN_POINT('',(3.060652504409,1.612554637412,3.18));
#5212 = B_SPLINE_CURVE_WITH_KNOTS('',4,(#5213,#5214,#5215,#5216,#5217,
    #5218,#5219,#5220,#5221,#5222,#5223,#5224,#5225,#5226,#5227,#5228,
    #5229,#5230,#5231,#5232,#5233,#5234,#5235,#5236,#5237,#5238,#5239,
    #5240,#5241,#5242,#5243,#5244,#5245,#5246,#5247,#5248,#5249,#5250,
    #5251,#5252,#5253,#5254,#5255,#5256,#5257,#5258,#5259,#5260,#5261,
    #5262,#5263,#5264,#5265,#5266,#5267,#5268,#5269,#5270,#5271,#5272,
    #5273,#5274,#5275,#5276,#5277,#5278,#5279,#5280,#5281,#5282,#5283,
    #5284,#5285,#5286,#5287,#5288,#5289,#5290,#5291,#5292,#5293,#5294,
    #5295,#5296,#5297,#5298,#5299,#5300,#5301,#5302,#5303,#5304,#5305,
    #5306,#5307,#5308,#5309,#5310,#5311,#5312,#5313),.UNSPECIFIED.,.F.,
  .F.,(5,3,3,3,3,3,3,3,3,3,3,3,3,3,3,3,3,3,3,3,3,3,3,3,3,3,3,3,3,3,3,3,3
    ,5),(0.,3.832661857544E-02,7.588616027405E-02,0.112697851853,
    0.148780767068,0.184153940431,0.218836486671,0.252847727222,
    0.286207325059,0.318935429062,0.351052828922,0.382581121221,
    0.413542886787,0.443961878574,0.47386321812,0.503273596996,
    0.532221477517,0.560737284348,0.588853575632,0.616605179129,
    0.644029276191,0.671165414825,0.698055433749,0.723856466375,
    0.750392376563,0.776817491054,0.80317991565,0.829528157021,
    0.855910545381,0.882374672274,0.908966882881,0.935731854039,
    0.962712277262,1.),.UNSPECIFIED.);
#5213 = CARTESIAN_POINT('',(3.102443253723,1.83,2.157));
#5214 = CARTESIAN_POINT('',(3.10159836505,1.827596502417,2.168307567096)
  );
#5215 = CARTESIAN_POINT('',(3.100760043871,1.825176893235,2.179690933308
    ));
#5216 = CARTESIAN_POINT('',(3.099928470497,1.822740885558,2.191151448372
    ));
#5217 = CARTESIAN_POINT('',(3.098295716868,1.817884563992,2.213998645033
    ));
#5218 = CARTESIAN_POINT('',(3.097494261506,1.815464911842,2.225382213394
    ));
#5219 = CARTESIAN_POINT('',(3.096699660478,1.813028942322,2.236842548942
    ));
#5220 = CARTESIAN_POINT('',(3.095140251405,1.808172618361,2.259689756871
    ));
#5221 = CARTESIAN_POINT('',(3.094375165256,1.805752918822,2.271073548177
    ));
#5222 = CARTESIAN_POINT('',(3.093617046982,1.80331699024,2.282533691129)
  );
#5223 = CARTESIAN_POINT('',(3.092130026932,1.798460661398,2.305380922018
    ));
#5224 = CARTESIAN_POINT('',(3.091400843964,1.796040908555,2.316764964101
    ));
#5225 = CARTESIAN_POINT('',(3.090678749632,1.79360502492,2.328224895597)
  );
#5226 = CARTESIAN_POINT('',(3.089263222812,1.788748688464,2.351072162308
    ));
#5227 = CARTESIAN_POINT('',(3.088569506013,1.786328874704,2.362456490983
    ));
#5228 = CARTESIAN_POINT('',(3.087883006017,1.783893041415,2.373916185615
    ));
#5229 = CARTESIAN_POINT('',(3.08653813337,1.779036694321,2.396763502377)
  );
#5230 = CARTESIAN_POINT('',(3.085879473324,1.776616810106,2.408148162516
    ));
#5231 = CARTESIAN_POINT('',(3.085228165819,1.774181034144,2.419607587444
    ));
#5232 = CARTESIAN_POINT('',(3.083953162281,1.769324673051,2.442454970066
    ));
#5233 = CARTESIAN_POINT('',(3.08332917589,1.766904706661,2.453840016811)
  );
#5234 = CARTESIAN_POINT('',(3.08271268547,1.764468996804,2.465299130741)
  );
#5235 = CARTESIAN_POINT('',(3.081506817467,1.75961261797,2.488146596824)
  );
#5236 = CARTESIAN_POINT('',(3.080917146787,1.757192555215,2.499532096932
    ));
#5237 = CARTESIAN_POINT('',(3.080335123266,1.754756922283,2.510990848958
    ));
#5238 = CARTESIAN_POINT('',(3.079197706436,1.749900521543,2.533838418102
    ));
#5239 = CARTESIAN_POINT('',(3.078642017638,1.747480345451,2.545224451414
    ));
#5240 = CARTESIAN_POINT('',(3.078094134929,1.745044802583,2.556682779723
    ));
#5241 = CARTESIAN_POINT('',(3.07702453204,1.74018837531,2.579530473698)
  );
#5242 = CARTESIAN_POINT('',(3.07650251448,1.737768065798,2.590917134701)
  );
#5243 = CARTESIAN_POINT('',(3.075988469554,1.735332628757,2.602374965137
    ));
#5244 = CARTESIAN_POINT('',(3.074986088616,1.730476169835,2.625222808007
    ));
#5245 = CARTESIAN_POINT('',(3.074497454016,1.728055703366,2.636610207432
    ));
#5246 = CARTESIAN_POINT('',(3.074016965933,1.725620390865,2.64806745195)
  );
#5247 = CARTESIAN_POINT('',(3.073081258485,1.720763894688,2.670915470094
    ));
#5248 = CARTESIAN_POINT('',(3.072625740214,1.718343243943,2.682303736473
    ));
#5249 = CARTESIAN_POINT('',(3.072178549227,1.715908077994,2.693760291517
    ));
#5250 = CARTESIAN_POINT('',(3.071309008778,1.711051538489,2.716608513501
    ));
#5251 = CARTESIAN_POINT('',(3.070886361242,1.708630672067,2.727997794563
    ));
#5252 = CARTESIAN_POINT('',(3.070472227939,1.706195678326,2.739453539431
    ));
#5253 = CARTESIAN_POINT('',(3.069668388574,1.701339089031,2.762301995656
    ));
#5254 = CARTESIAN_POINT('',(3.069278386703,1.698917971229,2.773692459367
    ));
#5255 = CARTESIAN_POINT('',(3.068897091202,1.696483179322,2.785147254684
    ));
#5256 = CARTESIAN_POINT('',(3.068158526316,1.691626533526,2.807995976726
    ));
#5257 = CARTESIAN_POINT('',(3.067800965147,1.689205124242,2.81938781175)
  );
#5258 = CARTESIAN_POINT('',(3.067452306324,1.686770568034,2.83084149819)
  );
#5259 = CARTESIAN_POINT('',(3.066778627491,1.681913859003,2.85369051773)
  );
#5260 = CARTESIAN_POINT('',(3.066453321841,1.679492113826,2.865083933008
    ));
#5261 = CARTESIAN_POINT('',(3.066137116583,1.677057831594,2.876536330492
    ));
#5262 = CARTESIAN_POINT('',(3.065527972543,1.672201052906,2.899385677745
    ));
#5263 = CARTESIAN_POINT('',(3.065234756765,1.669778923466,2.910780900835
    ));
#5264 = CARTESIAN_POINT('',(3.064950839246,1.667344957907,2.922231808487
    ));
#5265 = CARTESIAN_POINT('',(3.064405914993,1.662488103904,2.945081510067
    ));
#5266 = CARTESIAN_POINT('',(3.064144642791,1.660065538575,2.956478783859
    ));
#5267 = CARTESIAN_POINT('',(3.063892863774,1.657631936579,2.967927981082
    ));
#5268 = CARTESIAN_POINT('',(3.063411879734,1.652775002947,2.99077805729)
  );
#5269 = CARTESIAN_POINT('',(3.063182424021,1.650351947956,3.002177634756
    ));
#5270 = CARTESIAN_POINT('',(3.062962650185,1.647918760056,3.01362488381)
  );
#5271 = CARTESIAN_POINT('',(3.062545361468,1.643061744495,3.036475345463
    ));
#5272 = CARTESIAN_POINT('',(3.062347614228,1.640638145511,3.047877482217
    ));
#5273 = CARTESIAN_POINT('',(3.062159727543,1.638205424932,3.059322532699
    ));
#5274 = CARTESIAN_POINT('',(3.061805923247,1.633348327874,3.082173377761
    ));
#5275 = CARTESIAN_POINT('',(3.06163979537,1.630924132049,3.093578322432)
  );
#5276 = CARTESIAN_POINT('',(3.061483692536,1.628491933287,3.105020917961
    ));
#5277 = CARTESIAN_POINT('',(3.061193195095,1.623634758563,3.127872128414
    ));
#5278 = CARTESIAN_POINT('',(3.061058616139,1.621209916965,3.139280111208
    ));
#5279 = CARTESIAN_POINT('',(3.060934208127,1.618778293878,3.150719998397
    ));
#5280 = CARTESIAN_POINT('',(3.060710635538,1.614001445917,3.173193301142
    ));
#5281 = CARTESIAN_POINT('',(3.060610652449,1.611656709793,3.184224417312
    ));
#5282 = CARTESIAN_POINT('',(3.060520286222,1.609306845248,3.195279660803
    ));
#5283 = CARTESIAN_POINT('',(3.060356690777,1.604531015986,3.217748170946
    ));
#5284 = CARTESIAN_POINT('',(3.060284022745,1.602104789354,3.229162669811
    ));
#5285 = CARTESIAN_POINT('',(3.060221741893,1.599674441603,3.240596557019
    ));
#5286 = CARTESIAN_POINT('',(3.060118326142,1.594817097121,3.26344856612)
  );
#5287 = CARTESIAN_POINT('',(3.060077103863,1.592390127828,3.274866558929
    ));
#5288 = CARTESIAN_POINT('',(3.060046335552,1.589960487816,3.286297116485
    ));
#5289 = CARTESIAN_POINT('',(3.060005839486,1.585103118425,3.309149242777
    ));
#5290 = CARTESIAN_POINT('',(3.059996061896,1.582675397106,3.320570773588
    ));
#5291 = CARTESIAN_POINT('',(3.059996772537,1.580246491538,3.331997875857
    ));
#5292 = CARTESIAN_POINT('',(3.060019176318,1.57538911742,3.354850024389)
  );
#5293 = CARTESIAN_POINT('',(3.060040858167,1.572960648212,3.366275073744
    ));
#5294 = CARTESIAN_POINT('',(3.060073028876,1.570532491387,3.37769865345)
  );
#5295 = CARTESIAN_POINT('',(3.060158343526,1.565675133035,3.400550727806
    ));
#5296 = CARTESIAN_POINT('',(3.060211514682,1.563245933163,3.411979214666
    ));
#5297 = CARTESIAN_POINT('',(3.060275141935,1.560818526053,3.423399267246
    ));
#5298 = CARTESIAN_POINT('',(3.060423409398,1.555961202735,3.446251176778
    ));
#5299 = CARTESIAN_POINT('',(3.060508114269,1.553531301133,3.457682965016
    ));
#5300 = CARTESIAN_POINT('',(3.06060321063,1.551104631472,3.469099548169)
  );
#5301 = CARTESIAN_POINT('',(3.060814503999,1.546247359896,3.491951214278
    ));
#5302 = CARTESIAN_POINT('',(3.060930801132,1.543816795086,3.503386122664
    ));
#5303 = CARTESIAN_POINT('',(3.061057395988,1.541390838462,3.514799351241
    ));
#5304 = CARTESIAN_POINT('',(3.061331819874,1.536533631832,3.537650711804
    ));
#5305 = CARTESIAN_POINT('',(3.06147978178,1.534102449372,3.549088526007)
  );
#5306 = CARTESIAN_POINT('',(3.061637921998,1.531677171116,3.560498563111
    ));
#5307 = CARTESIAN_POINT('',(3.061975613012,1.526820038677,3.583349574633
    ));
#5308 = CARTESIAN_POINT('',(3.062155326198,1.524388288514,3.594790059667
    ));
#5309 = CARTESIAN_POINT('',(3.062345076673,1.521963646102,3.606197105365
    ));
#5310 = CARTESIAN_POINT('',(3.062820569592,1.516206135645,3.633284062415
    ));
#5311 = CARTESIAN_POINT('',(3.063115291368,1.512880166482,3.64893151708)
  );
#5312 = CARTESIAN_POINT('',(3.063428406313,1.50956992391,3.664504983956)
  );
#5313 = CARTESIAN_POINT('',(3.06375942217,1.506276356577,3.68));
#5314 = ORIENTED_EDGE('',*,*,#5315,.T.);
#5315 = EDGE_CURVE('',#5210,#5316,#5318,.T.);
#5316 = VERTEX_POINT('',#5317);
#5317 = CARTESIAN_POINT('',(4.559347495591,1.612554637412,3.18));
#5318 = B_SPLINE_CURVE_WITH_KNOTS('',4,(#5319,#5320,#5321,#5322,#5323,
    #5324,#5325,#5326,#5327,#5328,#5329,#5330,#5331,#5332,#5333,#5334,
    #5335,#5336,#5337,#5338,#5339,#5340,#5341,#5342,#5343,#5344,#5345,
    #5346,#5347,#5348,#5349,#5350,#5351,#5352,#5353,#5354,#5355,#5356,
    #5357,#5358,#5359,#5360,#5361,#5362,#5363,#5364,#5365,#5366,#5367,
    #5368,#5369,#5370,#5371,#5372,#5373,#5374,#5375,#5376,#5377,#5378,
    #5379,#5380,#5381,#5382,#5383,#5384,#5385,#5386,#5387,#5388,#5389,
    #5390,#5391,#5392,#5393,#5394,#5395,#5396,#5397,#5398,#5399,#5400,
    #5401,#5402,#5403,#5404,#5405,#5406,#5407,#5408,#5409,#5410,#5411,
    #5412,#5413,#5414,#5415,#5416,#5417,#5418,#5419),.UNSPECIFIED.,.F.,
  .F.,(5,3,3,3,3,3,3,3,3,3,3,3,3,3,3,3,3,3,3,3,3,3,3,3,3,3,3,3,3,3,3,3,3
    ,5),(0.,3.000000000005E-02,6.000000000007E-02,9.000000000007E-02,
    0.12,0.15,0.18,0.21,0.24,0.27,0.3,0.33,0.36,0.389,0.419,0.449,0.479,
    0.509,0.539,0.569,0.599,0.629,0.658,0.688,0.718,0.748,0.778,0.808,
    0.838,0.868,0.898,0.928,0.958,1.),.UNSPECIFIED.);
#5319 = CARTESIAN_POINT('',(0.927445362588,1.612554637412,3.18));
#5320 = CARTESIAN_POINT('',(0.97068368215,1.612554637412,3.18));
#5321 = CARTESIAN_POINT('',(1.013922001711,1.612554637412,3.18));
#5322 = CARTESIAN_POINT('',(1.057160321272,1.612554637412,3.18));
#5323 = CARTESIAN_POINT('',(1.143636960394,1.612554637412,3.18));
#5324 = CARTESIAN_POINT('',(1.186875279956,1.612554637412,3.18));
#5325 = CARTESIAN_POINT('',(1.230113599517,1.612554637412,3.18));
#5326 = CARTESIAN_POINT('',(1.316590238639,1.612554637412,3.18));
#5327 = CARTESIAN_POINT('',(1.3598285582,1.612554637412,3.18));
#5328 = CARTESIAN_POINT('',(1.403066877761,1.612554637412,3.18));
#5329 = CARTESIAN_POINT('',(1.489543516884,1.612554637412,3.18));
#5330 = CARTESIAN_POINT('',(1.532781836445,1.612554637412,3.18));
#5331 = CARTESIAN_POINT('',(1.576020156006,1.612554637412,3.18));
#5332 = CARTESIAN_POINT('',(1.662496795128,1.612554637412,3.18));
#5333 = CARTESIAN_POINT('',(1.70573511469,1.612554637412,3.18));
#5334 = CARTESIAN_POINT('',(1.748973434251,1.612554637412,3.18));
#5335 = CARTESIAN_POINT('',(1.835450073373,1.612554637412,3.18));
#5336 = CARTESIAN_POINT('',(1.878688392934,1.612554637412,3.18));
#5337 = CARTESIAN_POINT('',(1.921926712495,1.612554637412,3.18));
#5338 = CARTESIAN_POINT('',(2.008403351618,1.612554637412,3.18));
#5339 = CARTESIAN_POINT('',(2.051641671179,1.612554637412,3.18));
#5340 = CARTESIAN_POINT('',(2.09487999074,1.612554637412,3.18));
#5341 = CARTESIAN_POINT('',(2.181356629862,1.612554637412,3.18));
#5342 = CARTESIAN_POINT('',(2.224594949424,1.612554637412,3.18));
#5343 = CARTESIAN_POINT('',(2.267833268985,1.612554637412,3.18));
#5344 = CARTESIAN_POINT('',(2.354309908107,1.612554637412,3.18));
#5345 = CARTESIAN_POINT('',(2.397548227668,1.612554637412,3.18));
#5346 = CARTESIAN_POINT('',(2.440786547229,1.612554637412,3.18));
#5347 = CARTESIAN_POINT('',(2.527263186352,1.612554637412,3.18));
#5348 = CARTESIAN_POINT('',(2.570501505913,1.612554637412,3.18));
#5349 = CARTESIAN_POINT('',(2.613739825474,1.612554637412,3.18));
#5350 = CARTESIAN_POINT('',(2.700216464596,1.612554637412,3.18));
#5351 = CARTESIAN_POINT('',(2.743454784158,1.612554637412,3.18));
#5352 = CARTESIAN_POINT('',(2.786693103719,1.612554637412,3.18));
#5353 = CARTESIAN_POINT('',(2.873169742841,1.612554637412,3.18));
#5354 = CARTESIAN_POINT('',(2.916408062402,1.612554637412,3.18));
#5355 = CARTESIAN_POINT('',(2.959646381964,1.612554637412,3.18));
#5356 = CARTESIAN_POINT('',(3.044681743767,1.612554637412,3.18));
#5357 = CARTESIAN_POINT('',(3.08647878601,1.612554637412,3.18));
#5358 = CARTESIAN_POINT('',(3.128275828252,1.612554637412,3.18));
#5359 = CARTESIAN_POINT('',(3.213311190056,1.612554637412,3.18));
#5360 = CARTESIAN_POINT('',(3.256549509617,1.612554637412,3.18));
#5361 = CARTESIAN_POINT('',(3.299787829178,1.612554637412,3.18));
#5362 = CARTESIAN_POINT('',(3.3862644683,1.612554637412,3.18));
#5363 = CARTESIAN_POINT('',(3.429502787862,1.612554637412,3.18));
#5364 = CARTESIAN_POINT('',(3.472741107423,1.612554637412,3.18));
#5365 = CARTESIAN_POINT('',(3.559217746545,1.612554637412,3.18));
#5366 = CARTESIAN_POINT('',(3.602456066106,1.612554637412,3.18));
#5367 = CARTESIAN_POINT('',(3.645694385667,1.612554637412,3.18));
#5368 = CARTESIAN_POINT('',(3.73217102479,1.612554637412,3.18));
#5369 = CARTESIAN_POINT('',(3.775409344351,1.612554637412,3.18));
#5370 = CARTESIAN_POINT('',(3.818647663912,1.612554637412,3.18));
#5371 = CARTESIAN_POINT('',(3.905124303035,1.612554637412,3.18));
#5372 = CARTESIAN_POINT('',(3.948362622596,1.612554637412,3.18));
#5373 = CARTESIAN_POINT('',(3.991600942157,1.612554637412,3.18));
#5374 = CARTESIAN_POINT('',(4.078077581279,1.612554637412,3.18));
#5375 = CARTESIAN_POINT('',(4.12131590084,1.612554637412,3.18));
#5376 = CARTESIAN_POINT('',(4.164554220402,1.612554637412,3.18));
#5377 = CARTESIAN_POINT('',(4.251030859524,1.612554637412,3.18));
#5378 = CARTESIAN_POINT('',(4.294269179085,1.612554637412,3.18));
#5379 = CARTESIAN_POINT('',(4.337507498646,1.612554637412,3.18));
#5380 = CARTESIAN_POINT('',(4.423984137769,1.612554637412,3.18));
#5381 = CARTESIAN_POINT('',(4.46722245733,1.612554637412,3.18));
#5382 = CARTESIAN_POINT('',(4.510460776891,1.612554637412,3.18));
#5383 = CARTESIAN_POINT('',(4.595496138695,1.612554637412,3.18));
#5384 = CARTESIAN_POINT('',(4.637293180937,1.612554637412,3.18));
#5385 = CARTESIAN_POINT('',(4.67909022318,1.612554637412,3.18));
#5386 = CARTESIAN_POINT('',(4.764125584983,1.612554637412,3.18));
#5387 = CARTESIAN_POINT('',(4.807363904544,1.612554637412,3.18));
#5388 = CARTESIAN_POINT('',(4.850602224106,1.612554637412,3.18));
#5389 = CARTESIAN_POINT('',(4.937078863228,1.612554637412,3.18));
#5390 = CARTESIAN_POINT('',(4.980317182789,1.612554637412,3.18));
#5391 = CARTESIAN_POINT('',(5.02355550235,1.612554637412,3.18));
#5392 = CARTESIAN_POINT('',(5.110032141473,1.612554637412,3.18));
#5393 = CARTESIAN_POINT('',(5.153270461034,1.612554637412,3.18));
#5394 = CARTESIAN_POINT('',(5.196508780595,1.612554637412,3.18));
#5395 = CARTESIAN_POINT('',(5.282985419717,1.612554637412,3.18));
#5396 = CARTESIAN_POINT('',(5.326223739278,1.612554637412,3.18));
#5397 = CARTESIAN_POINT('',(5.36946205884,1.612554637412,3.18));
#5398 = CARTESIAN_POINT('',(5.455938697962,1.612554637412,3.18));
#5399 = CARTESIAN_POINT('',(5.499177017523,1.612554637412,3.18));
#5400 = CARTESIAN_POINT('',(5.542415337084,1.612554637412,3.18));
#5401 = CARTESIAN_POINT('',(5.628891976207,1.612554637412,3.18));
#5402 = CARTESIAN_POINT('',(5.672130295768,1.612554637412,3.18));
#5403 = CARTESIAN_POINT('',(5.715368615329,1.612554637412,3.18));
#5404 = CARTESIAN_POINT('',(5.801845254451,1.612554637412,3.18));
#5405 = CARTESIAN_POINT('',(5.845083574013,1.612554637412,3.18));
#5406 = CARTESIAN_POINT('',(5.888321893574,1.612554637412,3.18));
#5407 = CARTESIAN_POINT('',(5.974798532696,1.612554637412,3.18));
#5408 = CARTESIAN_POINT('',(6.018036852257,1.612554637412,3.18));
#5409 = CARTESIAN_POINT('',(6.061275171818,1.612554637412,3.18));
#5410 = CARTESIAN_POINT('',(6.147751810941,1.612554637412,3.18));
#5411 = CARTESIAN_POINT('',(6.190990130502,1.612554637412,3.18));
#5412 = CARTESIAN_POINT('',(6.234228450063,1.612554637412,3.18));
#5413 = CARTESIAN_POINT('',(6.320705089185,1.612554637412,3.18));
#5414 = CARTESIAN_POINT('',(6.363943408747,1.612554637412,3.18));
#5415 = CARTESIAN_POINT('',(6.407181728308,1.612554637412,3.18));
#5416 = CARTESIAN_POINT('',(6.510953695255,1.612554637412,3.18));
#5417 = CARTESIAN_POINT('',(6.57148734264,1.612554637412,3.18));
#5418 = CARTESIAN_POINT('',(6.632020990026,1.612554637412,3.18));
#5419 = CARTESIAN_POINT('',(6.692554637412,1.612554637412,3.18));
#5420 = ORIENTED_EDGE('',*,*,#5421,.T.);
#5421 = EDGE_CURVE('',#5316,#5422,#5424,.T.);
#5422 = VERTEX_POINT('',#5423);
#5423 = CARTESIAN_POINT('',(4.55624057783,1.506276356577,3.68));
#5424 = B_SPLINE_CURVE_WITH_KNOTS('',4,(#5425,#5426,#5427,#5428,#5429,
    #5430,#5431,#5432,#5433,#5434,#5435,#5436,#5437,#5438,#5439,#5440,
    #5441,#5442,#5443,#5444,#5445,#5446,#5447,#5448,#5449,#5450,#5451,
    #5452,#5453,#5454,#5455,#5456,#5457,#5458,#5459,#5460,#5461,#5462,
    #5463,#5464,#5465,#5466,#5467,#5468,#5469,#5470,#5471,#5472,#5473,
    #5474,#5475,#5476,#5477,#5478,#5479,#5480,#5481,#5482,#5483,#5484,
    #5485,#5486,#5487,#5488,#5489,#5490,#5491,#5492,#5493,#5494,#5495,
    #5496,#5497,#5498,#5499,#5500,#5501,#5502,#5503,#5504,#5505,#5506,
    #5507,#5508,#5509,#5510,#5511,#5512,#5513,#5514,#5515,#5516,#5517,
    #5518,#5519,#5520,#5521,#5522,#5523,#5524,#5525),.UNSPECIFIED.,.F.,
  .F.,(5,3,3,3,3,3,3,3,3,3,3,3,3,3,3,3,3,3,3,3,3,3,3,3,3,3,3,3,3,3,3,3,3
    ,5),(0.,3.832661857539E-02,7.588616027396E-02,0.112697851853,
    0.148780767068,0.184153940431,0.218836486671,0.252847727222,
    0.286207325058,0.318935429061,0.351052828922,0.38258112122,
    0.413542886786,0.443961878573,0.473863218119,0.503273596996,
    0.532221477517,0.560737284348,0.588853575631,0.616605179129,
    0.64402927619,0.671165414825,0.698055433749,0.723856466375,
    0.750392376563,0.776817491054,0.80317991565,0.829528157021,
    0.855910545381,0.882374672274,0.908966882881,0.935731854039,
    0.962712277261,1.),.UNSPECIFIED.);
#5425 = CARTESIAN_POINT('',(4.517556746277,1.83,2.157));
#5426 = CARTESIAN_POINT('',(4.51840163495,1.827596502417,2.168307567096)
  );
#5427 = CARTESIAN_POINT('',(4.519239956129,1.825176893235,2.179690933308
    ));
#5428 = CARTESIAN_POINT('',(4.520071529503,1.822740885558,2.191151448372
    ));
#5429 = CARTESIAN_POINT('',(4.521704283132,1.817884563992,2.213998645033
    ));
#5430 = CARTESIAN_POINT('',(4.522505738494,1.815464911842,2.225382213394
    ));
#5431 = CARTESIAN_POINT('',(4.523300339522,1.813028942322,2.236842548942
    ));
#5432 = CARTESIAN_POINT('',(4.524859748595,1.808172618361,2.259689756871
    ));
#5433 = CARTESIAN_POINT('',(4.525624834744,1.805752918822,2.271073548177
    ));
#5434 = CARTESIAN_POINT('',(4.526382953018,1.80331699024,2.282533691129)
  );
#5435 = CARTESIAN_POINT('',(4.527869973068,1.798460661398,2.305380922018
    ));
#5436 = CARTESIAN_POINT('',(4.528599156036,1.796040908555,2.316764964101
    ));
#5437 = CARTESIAN_POINT('',(4.529321250368,1.79360502492,2.328224895597)
  );
#5438 = CARTESIAN_POINT('',(4.530736777188,1.788748688464,2.351072162308
    ));
#5439 = CARTESIAN_POINT('',(4.531430493987,1.786328874704,2.362456490983
    ));
#5440 = CARTESIAN_POINT('',(4.532116993983,1.783893041415,2.373916185615
    ));
#5441 = CARTESIAN_POINT('',(4.53346186663,1.779036694321,2.396763502377)
  );
#5442 = CARTESIAN_POINT('',(4.534120526676,1.776616810106,2.408148162516
    ));
#5443 = CARTESIAN_POINT('',(4.534771834181,1.774181034144,2.419607587444
    ));
#5444 = CARTESIAN_POINT('',(4.536046837719,1.769324673051,2.442454970066
    ));
#5445 = CARTESIAN_POINT('',(4.53667082411,1.766904706661,2.453840016811)
  );
#5446 = CARTESIAN_POINT('',(4.53728731453,1.764468996804,2.465299130741)
  );
#5447 = CARTESIAN_POINT('',(4.538493182533,1.75961261797,2.488146596824)
  );
#5448 = CARTESIAN_POINT('',(4.539082853213,1.757192555215,2.499532096932
    ));
#5449 = CARTESIAN_POINT('',(4.539664876734,1.754756922283,2.510990848958
    ));
#5450 = CARTESIAN_POINT('',(4.540802293564,1.749900521543,2.533838418102
    ));
#5451 = CARTESIAN_POINT('',(4.541357982362,1.747480345451,2.545224451414
    ));
#5452 = CARTESIAN_POINT('',(4.541905865071,1.745044802583,2.556682779723
    ));
#5453 = CARTESIAN_POINT('',(4.54297546796,1.74018837531,2.579530473698)
  );
#5454 = CARTESIAN_POINT('',(4.54349748552,1.737768065798,2.590917134701)
  );
#5455 = CARTESIAN_POINT('',(4.544011530446,1.735332628757,2.602374965137
    ));
#5456 = CARTESIAN_POINT('',(4.545013911384,1.730476169835,2.625222808007
    ));
#5457 = CARTESIAN_POINT('',(4.545502545984,1.728055703366,2.636610207432
    ));
#5458 = CARTESIAN_POINT('',(4.545983034067,1.725620390865,2.64806745195)
  );
#5459 = CARTESIAN_POINT('',(4.546918741515,1.720763894688,2.670915470094
    ));
#5460 = CARTESIAN_POINT('',(4.547374259786,1.718343243943,2.682303736473
    ));
#5461 = CARTESIAN_POINT('',(4.547821450773,1.715908077994,2.693760291517
    ));
#5462 = CARTESIAN_POINT('',(4.548690991222,1.711051538489,2.716608513501
    ));
#5463 = CARTESIAN_POINT('',(4.549113638758,1.708630672067,2.727997794563
    ));
#5464 = CARTESIAN_POINT('',(4.549527772061,1.706195678326,2.739453539431
    ));
#5465 = CARTESIAN_POINT('',(4.550331611426,1.701339089031,2.762301995656
    ));
#5466 = CARTESIAN_POINT('',(4.550721613297,1.698917971229,2.773692459367
    ));
#5467 = CARTESIAN_POINT('',(4.551102908798,1.696483179322,2.785147254684
    ));
#5468 = CARTESIAN_POINT('',(4.551841473684,1.691626533526,2.807995976726
    ));
#5469 = CARTESIAN_POINT('',(4.552199034853,1.689205124242,2.81938781175)
  );
#5470 = CARTESIAN_POINT('',(4.552547693676,1.686770568034,2.83084149819)
  );
#5471 = CARTESIAN_POINT('',(4.553221372509,1.681913859003,2.85369051773)
  );
#5472 = CARTESIAN_POINT('',(4.553546678159,1.679492113826,2.865083933008
    ));
#5473 = CARTESIAN_POINT('',(4.553862883417,1.677057831594,2.876536330492
    ));
#5474 = CARTESIAN_POINT('',(4.554472027457,1.672201052906,2.899385677745
    ));
#5475 = CARTESIAN_POINT('',(4.554765243235,1.669778923466,2.910780900835
    ));
#5476 = CARTESIAN_POINT('',(4.555049160754,1.667344957907,2.922231808487
    ));
#5477 = CARTESIAN_POINT('',(4.555594085007,1.662488103904,2.945081510067
    ));
#5478 = CARTESIAN_POINT('',(4.555855357209,1.660065538575,2.956478783859
    ));
#5479 = CARTESIAN_POINT('',(4.556107136226,1.657631936579,2.967927981082
    ));
#5480 = CARTESIAN_POINT('',(4.556588120266,1.652775002947,2.99077805729)
  );
#5481 = CARTESIAN_POINT('',(4.556817575979,1.650351947956,3.002177634756
    ));
#5482 = CARTESIAN_POINT('',(4.557037349815,1.647918760056,3.01362488381)
  );
#5483 = CARTESIAN_POINT('',(4.557454638532,1.643061744495,3.036475345463
    ));
#5484 = CARTESIAN_POINT('',(4.557652385772,1.640638145511,3.047877482217
    ));
#5485 = CARTESIAN_POINT('',(4.557840272457,1.638205424932,3.059322532699
    ));
#5486 = CARTESIAN_POINT('',(4.558194076753,1.633348327874,3.082173377761
    ));
#5487 = CARTESIAN_POINT('',(4.55836020463,1.630924132049,3.093578322432)
  );
#5488 = CARTESIAN_POINT('',(4.558516307464,1.628491933287,3.105020917961
    ));
#5489 = CARTESIAN_POINT('',(4.558806804905,1.623634758563,3.127872128414
    ));
#5490 = CARTESIAN_POINT('',(4.558941383861,1.621209916965,3.139280111208
    ));
#5491 = CARTESIAN_POINT('',(4.559065791873,1.618778293878,3.150719998397
    ));
#5492 = CARTESIAN_POINT('',(4.559289364462,1.614001445917,3.173193301142
    ));
#5493 = CARTESIAN_POINT('',(4.559389347551,1.611656709793,3.184224417312
    ));
#5494 = CARTESIAN_POINT('',(4.559479713778,1.609306845248,3.195279660803
    ));
#5495 = CARTESIAN_POINT('',(4.559643309223,1.604531015986,3.217748170946
    ));
#5496 = CARTESIAN_POINT('',(4.559715977255,1.602104789354,3.229162669811
    ));
#5497 = CARTESIAN_POINT('',(4.559778258107,1.599674441603,3.240596557019
    ));
#5498 = CARTESIAN_POINT('',(4.559881673858,1.594817097121,3.26344856612)
  );
#5499 = CARTESIAN_POINT('',(4.559922896137,1.592390127828,3.274866558929
    ));
#5500 = CARTESIAN_POINT('',(4.559953664448,1.589960487816,3.286297116485
    ));
#5501 = CARTESIAN_POINT('',(4.559994160514,1.585103118425,3.309149242777
    ));
#5502 = CARTESIAN_POINT('',(4.560003938104,1.582675397106,3.320570773588
    ));
#5503 = CARTESIAN_POINT('',(4.560003227463,1.580246491538,3.331997875857
    ));
#5504 = CARTESIAN_POINT('',(4.559980823682,1.57538911742,3.354850024389)
  );
#5505 = CARTESIAN_POINT('',(4.559959141833,1.572960648212,3.366275073744
    ));
#5506 = CARTESIAN_POINT('',(4.559926971124,1.570532491387,3.37769865345)
  );
#5507 = CARTESIAN_POINT('',(4.559841656474,1.565675133035,3.400550727806
    ));
#5508 = CARTESIAN_POINT('',(4.559788485318,1.563245933163,3.411979214666
    ));
#5509 = CARTESIAN_POINT('',(4.559724858065,1.560818526053,3.423399267246
    ));
#5510 = CARTESIAN_POINT('',(4.559576590602,1.555961202735,3.446251176778
    ));
#5511 = CARTESIAN_POINT('',(4.559491885731,1.553531301133,3.457682965016
    ));
#5512 = CARTESIAN_POINT('',(4.55939678937,1.551104631472,3.469099548169)
  );
#5513 = CARTESIAN_POINT('',(4.559185496001,1.546247359896,3.491951214278
    ));
#5514 = CARTESIAN_POINT('',(4.559069198868,1.543816795086,3.503386122664
    ));
#5515 = CARTESIAN_POINT('',(4.558942604012,1.541390838462,3.514799351241
    ));
#5516 = CARTESIAN_POINT('',(4.558668180126,1.536533631832,3.537650711804
    ));
#5517 = CARTESIAN_POINT('',(4.55852021822,1.534102449372,3.549088526007)
  );
#5518 = CARTESIAN_POINT('',(4.558362078002,1.531677171116,3.560498563111
    ));
#5519 = CARTESIAN_POINT('',(4.558024386988,1.526820038677,3.583349574633
    ));
#5520 = CARTESIAN_POINT('',(4.557844673802,1.524388288514,3.594790059667
    ));
#5521 = CARTESIAN_POINT('',(4.557654923327,1.521963646102,3.606197105365
    ));
#5522 = CARTESIAN_POINT('',(4.557179430408,1.516206135645,3.633284062415
    ));
#5523 = CARTESIAN_POINT('',(4.556884708632,1.512880166482,3.64893151708)
  );
#5524 = CARTESIAN_POINT('',(4.556571593687,1.50956992391,3.664504983956)
  );
#5525 = CARTESIAN_POINT('',(4.55624057783,1.506276356577,3.68));
#5526 = ORIENTED_EDGE('',*,*,#5527,.F.);
#5527 = EDGE_CURVE('',#3829,#5422,#5528,.T.);
#5528 = LINE('',#5529,#5530);
#5529 = CARTESIAN_POINT('',(6.586276356577,1.506276356577,3.68));
#5530 = VECTOR('',#5531,1.);
#5531 = DIRECTION('',(-1.,-4.440892098501E-16,0.));
#5532 = B_SPLINE_SURFACE_WITH_KNOTS('',1,1,(
    (#5533,#5534)
    ,(#5535,#5536
    )),.UNSPECIFIED.,.F.,.F.,.F.,(2,2),(2,2),(0.,6.2),(0.,1.),
  .PIECEWISE_BEZIER_KNOTS.);
#5533 = CARTESIAN_POINT('',(6.91,1.83,2.157));
#5534 = CARTESIAN_POINT('',(6.586276356577,1.506276356577,3.68));
#5535 = CARTESIAN_POINT('',(0.71,1.83,2.157));
#5536 = CARTESIAN_POINT('',(1.033723643423,1.506276356577,3.68));
#5537 = ADVANCED_FACE('',(#5538),#5604,.T.);
#5538 = FACE_BOUND('',#5539,.T.);
#5539 = EDGE_LOOP('',(#5540,#5541,#5547,#5548,#5554,#5555,#5561,#5562,
    #5568,#5569,#5575,#5576,#5582,#5583,#5589,#5590,#5597,#5603));
#5540 = ORIENTED_EDGE('',*,*,#2600,.T.);
#5541 = ORIENTED_EDGE('',*,*,#5542,.T.);
#5542 = EDGE_CURVE('',#2593,#2911,#5543,.T.);
#5543 = LINE('',#5544,#5545);
#5544 = CARTESIAN_POINT('',(0.71,1.83,2.157));
#5545 = VECTOR('',#5546,1.);
#5546 = DIRECTION('',(4.440892098501E-16,-1.,0.));
#5547 = ORIENTED_EDGE('',*,*,#2927,.T.);
#5548 = ORIENTED_EDGE('',*,*,#5549,.T.);
#5549 = EDGE_CURVE('',#2920,#3239,#5550,.T.);
#5550 = LINE('',#5551,#5552);
#5551 = CARTESIAN_POINT('',(0.71,1.83,2.157));
#5552 = VECTOR('',#5553,1.);
#5553 = DIRECTION('',(4.440892098501E-16,-1.,0.));
#5554 = ORIENTED_EDGE('',*,*,#3255,.T.);
#5555 = ORIENTED_EDGE('',*,*,#5556,.T.);
#5556 = EDGE_CURVE('',#3248,#3567,#5557,.T.);
#5557 = LINE('',#5558,#5559);
#5558 = CARTESIAN_POINT('',(0.71,1.83,2.157));
#5559 = VECTOR('',#5560,1.);
#5560 = DIRECTION('',(4.440892098501E-16,-1.,0.));
#5561 = ORIENTED_EDGE('',*,*,#3583,.T.);
#5562 = ORIENTED_EDGE('',*,*,#5563,.T.);
#5563 = EDGE_CURVE('',#3576,#3714,#5564,.T.);
#5564 = LINE('',#5565,#5566);
#5565 = CARTESIAN_POINT('',(0.71,1.83,2.157));
#5566 = VECTOR('',#5567,1.);
#5567 = DIRECTION('',(4.440892098501E-16,-1.,0.));
#5568 = ORIENTED_EDGE('',*,*,#3730,.T.);
#5569 = ORIENTED_EDGE('',*,*,#5570,.T.);
#5570 = EDGE_CURVE('',#3723,#3386,#5571,.T.);
#5571 = LINE('',#5572,#5573);
#5572 = CARTESIAN_POINT('',(0.71,1.83,2.157));
#5573 = VECTOR('',#5574,1.);
#5574 = DIRECTION('',(4.440892098501E-16,-1.,0.));
#5575 = ORIENTED_EDGE('',*,*,#3402,.T.);
#5576 = ORIENTED_EDGE('',*,*,#5577,.T.);
#5577 = EDGE_CURVE('',#3395,#3058,#5578,.T.);
#5578 = LINE('',#5579,#5580);
#5579 = CARTESIAN_POINT('',(0.71,1.83,2.157));
#5580 = VECTOR('',#5581,1.);
#5581 = DIRECTION('',(4.440892098501E-16,-1.,0.));
#5582 = ORIENTED_EDGE('',*,*,#3074,.T.);
#5583 = ORIENTED_EDGE('',*,*,#5584,.T.);
#5584 = EDGE_CURVE('',#3067,#2731,#5585,.T.);
#5585 = LINE('',#5586,#5587);
#5586 = CARTESIAN_POINT('',(0.71,1.83,2.157));
#5587 = VECTOR('',#5588,1.);
#5588 = DIRECTION('',(4.440892098501E-16,-1.,0.));
#5589 = ORIENTED_EDGE('',*,*,#2746,.T.);
#5590 = ORIENTED_EDGE('',*,*,#5591,.T.);
#5591 = EDGE_CURVE('',#2740,#5592,#5594,.T.);
#5592 = VERTEX_POINT('',#5593);
#5593 = CARTESIAN_POINT('',(1.033723643423,-16.74627635657,3.68));
#5594 = B_SPLINE_CURVE_WITH_KNOTS('',1,(#5595,#5596),.UNSPECIFIED.,.F.,
  .F.,(2,2),(0.,1.),.PIECEWISE_BEZIER_KNOTS.);
#5595 = CARTESIAN_POINT('',(0.71,-17.07,2.157));
#5596 = CARTESIAN_POINT('',(1.033723643423,-16.74627635657,3.68));
#5597 = ORIENTED_EDGE('',*,*,#5598,.F.);
#5598 = EDGE_CURVE('',#5195,#5592,#5599,.T.);
#5599 = LINE('',#5600,#5601);
#5600 = CARTESIAN_POINT('',(1.033723643423,1.506276356577,3.68));
#5601 = VECTOR('',#5602,1.);
#5602 = DIRECTION('',(4.440892098501E-16,-1.,0.));
#5603 = ORIENTED_EDGE('',*,*,#5194,.F.);
#5604 = B_SPLINE_SURFACE_WITH_KNOTS('',1,1,(
    (#5605,#5606)
    ,(#5607,#5608
    )),.UNSPECIFIED.,.F.,.F.,.F.,(2,2),(2,2),(0.,18.9),(0.,1.),
  .PIECEWISE_BEZIER_KNOTS.);
#5605 = CARTESIAN_POINT('',(0.71,1.83,2.157));
#5606 = CARTESIAN_POINT('',(1.033723643423,1.506276356577,3.68));
#5607 = CARTESIAN_POINT('',(0.71,-17.07,2.157));
#5608 = CARTESIAN_POINT('',(1.033723643423,-16.74627635657,3.68));
#5609 = ADVANCED_FACE('',(#5610),#5623,.T.);
#5610 = FACE_BOUND('',#5611,.T.);
#5611 = EDGE_LOOP('',(#5612,#5613,#5614,#5615,#5616,#5622));
#5612 = ORIENTED_EDGE('',*,*,#2910,.F.);
#5613 = ORIENTED_EDGE('',*,*,#5542,.F.);
#5614 = ORIENTED_EDGE('',*,*,#2592,.F.);
#5615 = ORIENTED_EDGE('',*,*,#2614,.F.);
#5616 = ORIENTED_EDGE('',*,*,#5617,.F.);
#5617 = EDGE_CURVE('',#2761,#2615,#5618,.T.);
#5618 = LINE('',#5619,#5620);
#5619 = CARTESIAN_POINT('',(0.254,-0.762,2.157));
#5620 = VECTOR('',#5621,1.);
#5621 = DIRECTION('',(-4.440892098501E-16,1.,0.));
#5622 = ORIENTED_EDGE('',*,*,#2804,.F.);
#5623 = PLANE('',#5624);
#5624 = AXIS2_PLACEMENT_3D('',#5625,#5626,#5627);
#5625 = CARTESIAN_POINT('',(3.81,-0.762,2.157));
#5626 = DIRECTION('',(0.,0.,1.));
#5627 = DIRECTION('',(-4.440892098501E-16,1.,0.));
#5628 = ADVANCED_FACE('',(#5629),#5672,.T.);
#5629 = FACE_BOUND('',#5630,.T.);
#5630 = EDGE_LOOP('',(#5631,#5632,#5633,#5634,#5642,#5650,#5658,#5666));
#5631 = ORIENTED_EDGE('',*,*,#2647,.F.);
#5632 = ORIENTED_EDGE('',*,*,#2818,.T.);
#5633 = ORIENTED_EDGE('',*,*,#2787,.F.);
#5634 = ORIENTED_EDGE('',*,*,#5635,.F.);
#5635 = EDGE_CURVE('',#5636,#2780,#5638,.T.);
#5636 = VERTEX_POINT('',#5637);
#5637 = CARTESIAN_POINT('',(0.127,-0.2285,0.));
#5638 = LINE('',#5639,#5640);
#5639 = CARTESIAN_POINT('',(0.127,-0.2285,0.));
#5640 = VECTOR('',#5641,1.);
#5641 = DIRECTION('',(4.440892098501E-16,-1.,0.));
#5642 = ORIENTED_EDGE('',*,*,#5643,.F.);
#5643 = EDGE_CURVE('',#5644,#5636,#5646,.T.);
#5644 = VERTEX_POINT('',#5645);
#5645 = CARTESIAN_POINT('',(0.127,-0.2285,-2.843));
#5646 = LINE('',#5647,#5648);
#5647 = CARTESIAN_POINT('',(0.127,-0.2285,-2.843));
#5648 = VECTOR('',#5649,1.);
#5649 = DIRECTION('',(0.,0.,1.));
#5650 = ORIENTED_EDGE('',*,*,#5651,.F.);
#5651 = EDGE_CURVE('',#5652,#5644,#5654,.T.);
#5652 = VERTEX_POINT('',#5653);
#5653 = CARTESIAN_POINT('',(0.127,-0.11425,-3.3));
#5654 = LINE('',#5655,#5656);
#5655 = CARTESIAN_POINT('',(0.127,-0.11425,-3.3));
#5656 = VECTOR('',#5657,1.);
#5657 = DIRECTION('',(1.077074540829E-16,-0.242535625036,0.970142500145)
  );
#5658 = ORIENTED_EDGE('',*,*,#5659,.F.);
#5659 = EDGE_CURVE('',#5660,#5652,#5662,.T.);
#5660 = VERTEX_POINT('',#5661);
#5661 = CARTESIAN_POINT('',(0.127,0.11425,-3.3));
#5662 = LINE('',#5663,#5664);
#5663 = CARTESIAN_POINT('',(0.127,0.11425,-3.3));
#5664 = VECTOR('',#5665,1.);
#5665 = DIRECTION('',(4.440892098501E-16,-1.,0.));
#5666 = ORIENTED_EDGE('',*,*,#5667,.F.);
#5667 = EDGE_CURVE('',#2640,#5660,#5668,.T.);
#5668 = LINE('',#5669,#5670);
#5669 = CARTESIAN_POINT('',(0.127,0.2285,-2.843));
#5670 = VECTOR('',#5671,1.);
#5671 = DIRECTION('',(1.077074540829E-16,-0.242535625036,-0.970142500145
    ));
#5672 = PLANE('',#5673);
#5673 = AXIS2_PLACEMENT_3D('',#5674,#5675,#5676);
#5674 = CARTESIAN_POINT('',(0.127,0.2285,2.157));
#5675 = DIRECTION('',(1.,4.440892098501E-16,0.));
#5676 = DIRECTION('',(0.,0.,-1.));
#5677 = ADVANCED_FACE('',(#5678),#5696,.T.);
#5678 = FACE_BOUND('',#5679,.T.);
#5679 = EDGE_LOOP('',(#5680,#5681,#5682,#5690));
#5680 = ORIENTED_EDGE('',*,*,#2639,.T.);
#5681 = ORIENTED_EDGE('',*,*,#5667,.T.);
#5682 = ORIENTED_EDGE('',*,*,#5683,.F.);
#5683 = EDGE_CURVE('',#5684,#5660,#5686,.T.);
#5684 = VERTEX_POINT('',#5685);
#5685 = CARTESIAN_POINT('',(-0.127,0.11425,-3.3));
#5686 = LINE('',#5687,#5688);
#5687 = CARTESIAN_POINT('',(-0.127,0.11425,-3.3));
#5688 = VECTOR('',#5689,1.);
#5689 = DIRECTION('',(1.,4.440892098501E-16,0.));
#5690 = ORIENTED_EDGE('',*,*,#5691,.F.);
#5691 = EDGE_CURVE('',#2632,#5684,#5692,.T.);
#5692 = LINE('',#5693,#5694);
#5693 = CARTESIAN_POINT('',(-0.127,0.2285,-2.843));
#5694 = VECTOR('',#5695,1.);
#5695 = DIRECTION('',(1.077074540829E-16,-0.242535625036,-0.970142500145
    ));
#5696 = PLANE('',#5697);
#5697 = AXIS2_PLACEMENT_3D('',#5698,#5699,#5700);
#5698 = CARTESIAN_POINT('',(-0.127,0.2285,-2.843));
#5699 = DIRECTION('',(-4.308298163317E-16,0.970142500145,-0.242535625036
    ));
#5700 = DIRECTION('',(1.077074540829E-16,-0.242535625036,-0.970142500145
    ));
#5701 = ADVANCED_FACE('',(#5702),#5743,.F.);
#5702 = FACE_BOUND('',#5703,.F.);
#5703 = EDGE_LOOP('',(#5704,#5705,#5711,#5712,#5720,#5728,#5736,#5742));
#5704 = ORIENTED_EDGE('',*,*,#2631,.F.);
#5705 = ORIENTED_EDGE('',*,*,#5706,.F.);
#5706 = EDGE_CURVE('',#2763,#2623,#5707,.T.);
#5707 = LINE('',#5708,#5709);
#5708 = CARTESIAN_POINT('',(-0.127,-0.762,1.776));
#5709 = VECTOR('',#5710,1.);
#5710 = DIRECTION('',(-4.440892098501E-16,1.,0.));
#5711 = ORIENTED_EDGE('',*,*,#2771,.F.);
#5712 = ORIENTED_EDGE('',*,*,#5713,.F.);
#5713 = EDGE_CURVE('',#5714,#2772,#5716,.T.);
#5714 = VERTEX_POINT('',#5715);
#5715 = CARTESIAN_POINT('',(-0.127,-0.2285,0.));
#5716 = LINE('',#5717,#5718);
#5717 = CARTESIAN_POINT('',(-0.127,-0.2285,0.));
#5718 = VECTOR('',#5719,1.);
#5719 = DIRECTION('',(4.440892098501E-16,-1.,0.));
#5720 = ORIENTED_EDGE('',*,*,#5721,.F.);
#5721 = EDGE_CURVE('',#5722,#5714,#5724,.T.);
#5722 = VERTEX_POINT('',#5723);
#5723 = CARTESIAN_POINT('',(-0.127,-0.2285,-2.843));
#5724 = LINE('',#5725,#5726);
#5725 = CARTESIAN_POINT('',(-0.127,-0.2285,-2.843));
#5726 = VECTOR('',#5727,1.);
#5727 = DIRECTION('',(0.,0.,1.));
#5728 = ORIENTED_EDGE('',*,*,#5729,.F.);
#5729 = EDGE_CURVE('',#5730,#5722,#5732,.T.);
#5730 = VERTEX_POINT('',#5731);
#5731 = CARTESIAN_POINT('',(-0.127,-0.11425,-3.3));
#5732 = LINE('',#5733,#5734);
#5733 = CARTESIAN_POINT('',(-0.127,-0.11425,-3.3));
#5734 = VECTOR('',#5735,1.);
#5735 = DIRECTION('',(1.077074540829E-16,-0.242535625036,0.970142500145)
  );
#5736 = ORIENTED_EDGE('',*,*,#5737,.F.);
#5737 = EDGE_CURVE('',#5684,#5730,#5738,.T.);
#5738 = LINE('',#5739,#5740);
#5739 = CARTESIAN_POINT('',(-0.127,0.11425,-3.3));
#5740 = VECTOR('',#5741,1.);
#5741 = DIRECTION('',(4.440892098501E-16,-1.,0.));
#5742 = ORIENTED_EDGE('',*,*,#5691,.F.);
#5743 = PLANE('',#5744);
#5744 = AXIS2_PLACEMENT_3D('',#5745,#5746,#5747);
#5745 = CARTESIAN_POINT('',(-0.127,0.2285,2.157));
#5746 = DIRECTION('',(1.,4.440892098501E-16,0.));
#5747 = DIRECTION('',(0.,0.,-1.));
#5748 = ADVANCED_FACE('',(#5749),#5755,.T.);
#5749 = FACE_BOUND('',#5750,.T.);
#5750 = EDGE_LOOP('',(#5751,#5752,#5753,#5754));
#5751 = ORIENTED_EDGE('',*,*,#5617,.T.);
#5752 = ORIENTED_EDGE('',*,*,#2622,.T.);
#5753 = ORIENTED_EDGE('',*,*,#5706,.F.);
#5754 = ORIENTED_EDGE('',*,*,#2760,.F.);
#5755 = CYLINDRICAL_SURFACE('',#5756,0.381);
#5756 = AXIS2_PLACEMENT_3D('',#5757,#5758,#5759);
#5757 = CARTESIAN_POINT('',(0.254,-0.762,1.776));
#5758 = DIRECTION('',(-4.440892098501E-16,1.,0.));
#5759 = DIRECTION('',(0.,0.,1.));
#5760 = ADVANCED_FACE('',(#5761),#5809,.T.);
#5761 = FACE_BOUND('',#5762,.T.);
#5762 = EDGE_LOOP('',(#5763,#5764,#5770,#5771,#5779,#5787,#5795,#5803));
#5763 = ORIENTED_EDGE('',*,*,#2672,.F.);
#5764 = ORIENTED_EDGE('',*,*,#5765,.T.);
#5765 = EDGE_CURVE('',#2673,#2844,#5766,.T.);
#5766 = LINE('',#5767,#5768);
#5767 = CARTESIAN_POINT('',(-0.127,-15.4685,1.776));
#5768 = VECTOR('',#5769,1.);
#5769 = DIRECTION('',(-4.440892098501E-16,1.,0.));
#5770 = ORIENTED_EDGE('',*,*,#2852,.F.);
#5771 = ORIENTED_EDGE('',*,*,#5772,.F.);
#5772 = EDGE_CURVE('',#5773,#2853,#5775,.T.);
#5773 = VERTEX_POINT('',#5774);
#5774 = CARTESIAN_POINT('',(-0.127,-15.0115,0.));
#5775 = LINE('',#5776,#5777);
#5776 = CARTESIAN_POINT('',(-0.127,-15.0115,0.));
#5777 = VECTOR('',#5778,1.);
#5778 = DIRECTION('',(-4.440892098501E-16,1.,0.));
#5779 = ORIENTED_EDGE('',*,*,#5780,.F.);
#5780 = EDGE_CURVE('',#5781,#5773,#5783,.T.);
#5781 = VERTEX_POINT('',#5782);
#5782 = CARTESIAN_POINT('',(-0.127,-15.0115,-2.843));
#5783 = LINE('',#5784,#5785);
#5784 = CARTESIAN_POINT('',(-0.127,-15.0115,-2.843));
#5785 = VECTOR('',#5786,1.);
#5786 = DIRECTION('',(0.,0.,1.));
#5787 = ORIENTED_EDGE('',*,*,#5788,.F.);
#5788 = EDGE_CURVE('',#5789,#5781,#5791,.T.);
#5789 = VERTEX_POINT('',#5790);
#5790 = CARTESIAN_POINT('',(-0.127,-15.12575,-3.3));
#5791 = LINE('',#5792,#5793);
#5792 = CARTESIAN_POINT('',(-0.127,-15.12575,-3.3));
#5793 = VECTOR('',#5794,1.);
#5794 = DIRECTION('',(-1.077074540829E-16,0.242535625036,0.970142500145)
  );
#5795 = ORIENTED_EDGE('',*,*,#5796,.F.);
#5796 = EDGE_CURVE('',#5797,#5789,#5799,.T.);
#5797 = VERTEX_POINT('',#5798);
#5798 = CARTESIAN_POINT('',(-0.127,-15.35425,-3.3));
#5799 = LINE('',#5800,#5801);
#5800 = CARTESIAN_POINT('',(-0.127,-15.35425,-3.3));
#5801 = VECTOR('',#5802,1.);
#5802 = DIRECTION('',(-4.440892098501E-16,1.,0.));
#5803 = ORIENTED_EDGE('',*,*,#5804,.F.);
#5804 = EDGE_CURVE('',#2675,#5797,#5805,.T.);
#5805 = LINE('',#5806,#5807);
#5806 = CARTESIAN_POINT('',(-0.127,-15.4685,-2.843));
#5807 = VECTOR('',#5808,1.);
#5808 = DIRECTION('',(-1.077074540829E-16,0.242535625036,-0.970142500145
    ));
#5809 = PLANE('',#5810);
#5810 = AXIS2_PLACEMENT_3D('',#5811,#5812,#5813);
#5811 = CARTESIAN_POINT('',(-0.127,-15.4685,2.157));
#5812 = DIRECTION('',(-1.,-4.440892098501E-16,0.));
#5813 = DIRECTION('',(0.,0.,1.));
#5814 = ADVANCED_FACE('',(#5815),#5833,.F.);
#5815 = FACE_BOUND('',#5816,.F.);
#5816 = EDGE_LOOP('',(#5817,#5818,#5826,#5832));
#5817 = ORIENTED_EDGE('',*,*,#2716,.T.);
#5818 = ORIENTED_EDGE('',*,*,#5819,.T.);
#5819 = EDGE_CURVE('',#2709,#5820,#5822,.T.);
#5820 = VERTEX_POINT('',#5821);
#5821 = CARTESIAN_POINT('',(0.127,-15.35425,-3.3));
#5822 = LINE('',#5823,#5824);
#5823 = CARTESIAN_POINT('',(0.127,-15.4685,-2.843));
#5824 = VECTOR('',#5825,1.);
#5825 = DIRECTION('',(-1.077074540829E-16,0.242535625036,-0.970142500145
    ));
#5826 = ORIENTED_EDGE('',*,*,#5827,.F.);
#5827 = EDGE_CURVE('',#5797,#5820,#5828,.T.);
#5828 = LINE('',#5829,#5830);
#5829 = CARTESIAN_POINT('',(-0.127,-15.35425,-3.3));
#5830 = VECTOR('',#5831,1.);
#5831 = DIRECTION('',(1.,4.440892098501E-16,0.));
#5832 = ORIENTED_EDGE('',*,*,#5804,.F.);
#5833 = PLANE('',#5834);
#5834 = AXIS2_PLACEMENT_3D('',#5835,#5836,#5837);
#5835 = CARTESIAN_POINT('',(-0.127,-15.4685,-2.843));
#5836 = DIRECTION('',(-4.308298163317E-16,0.970142500145,0.242535625036)
  );
#5837 = DIRECTION('',(-1.077074540829E-16,0.242535625036,-0.970142500145
    ));
#5838 = ADVANCED_FACE('',(#5839),#5875,.F.);
#5839 = FACE_BOUND('',#5840,.F.);
#5840 = EDGE_LOOP('',(#5841,#5842,#5843,#5844,#5852,#5860,#5868,#5874));
#5841 = ORIENTED_EDGE('',*,*,#2708,.F.);
#5842 = ORIENTED_EDGE('',*,*,#2896,.T.);
#5843 = ORIENTED_EDGE('',*,*,#2868,.F.);
#5844 = ORIENTED_EDGE('',*,*,#5845,.F.);
#5845 = EDGE_CURVE('',#5846,#2861,#5848,.T.);
#5846 = VERTEX_POINT('',#5847);
#5847 = CARTESIAN_POINT('',(0.127,-15.0115,0.));
#5848 = LINE('',#5849,#5850);
#5849 = CARTESIAN_POINT('',(0.127,-15.0115,0.));
#5850 = VECTOR('',#5851,1.);
#5851 = DIRECTION('',(-4.440892098501E-16,1.,0.));
#5852 = ORIENTED_EDGE('',*,*,#5853,.F.);
#5853 = EDGE_CURVE('',#5854,#5846,#5856,.T.);
#5854 = VERTEX_POINT('',#5855);
#5855 = CARTESIAN_POINT('',(0.127,-15.0115,-2.843));
#5856 = LINE('',#5857,#5858);
#5857 = CARTESIAN_POINT('',(0.127,-15.0115,-2.843));
#5858 = VECTOR('',#5859,1.);
#5859 = DIRECTION('',(0.,0.,1.));
#5860 = ORIENTED_EDGE('',*,*,#5861,.F.);
#5861 = EDGE_CURVE('',#5862,#5854,#5864,.T.);
#5862 = VERTEX_POINT('',#5863);
#5863 = CARTESIAN_POINT('',(0.127,-15.12575,-3.3));
#5864 = LINE('',#5865,#5866);
#5865 = CARTESIAN_POINT('',(0.127,-15.12575,-3.3));
#5866 = VECTOR('',#5867,1.);
#5867 = DIRECTION('',(-1.077074540829E-16,0.242535625036,0.970142500145)
  );
#5868 = ORIENTED_EDGE('',*,*,#5869,.F.);
#5869 = EDGE_CURVE('',#5820,#5862,#5870,.T.);
#5870 = LINE('',#5871,#5872);
#5871 = CARTESIAN_POINT('',(0.127,-15.35425,-3.3));
#5872 = VECTOR('',#5873,1.);
#5873 = DIRECTION('',(-4.440892098501E-16,1.,0.));
#5874 = ORIENTED_EDGE('',*,*,#5819,.F.);
#5875 = PLANE('',#5876);
#5876 = AXIS2_PLACEMENT_3D('',#5877,#5878,#5879);
#5877 = CARTESIAN_POINT('',(0.127,-15.4685,2.157));
#5878 = DIRECTION('',(-1.,-4.440892098501E-16,0.));
#5879 = DIRECTION('',(0.,0.,1.));
#5880 = ADVANCED_FACE('',(#5881),#5894,.T.);
#5881 = FACE_BOUND('',#5882,.T.);
#5882 = EDGE_LOOP('',(#5883,#5884,#5885,#5886,#5887,#5893));
#5883 = ORIENTED_EDGE('',*,*,#2730,.F.);
#5884 = ORIENTED_EDGE('',*,*,#5584,.F.);
#5885 = ORIENTED_EDGE('',*,*,#3066,.F.);
#5886 = ORIENTED_EDGE('',*,*,#2835,.F.);
#5887 = ORIENTED_EDGE('',*,*,#5888,.F.);
#5888 = EDGE_CURVE('',#2683,#2836,#5889,.T.);
#5889 = LINE('',#5890,#5891);
#5890 = CARTESIAN_POINT('',(0.254,-15.4685,2.157));
#5891 = VECTOR('',#5892,1.);
#5892 = DIRECTION('',(-4.440892098501E-16,1.,0.));
#5893 = ORIENTED_EDGE('',*,*,#2691,.F.);
#5894 = PLANE('',#5895);
#5895 = AXIS2_PLACEMENT_3D('',#5896,#5897,#5898);
#5896 = CARTESIAN_POINT('',(3.81,-15.4685,2.157));
#5897 = DIRECTION('',(0.,0.,1.));
#5898 = DIRECTION('',(-4.440892098501E-16,1.,0.));
#5899 = ADVANCED_FACE('',(#5900),#5906,.T.);
#5900 = FACE_BOUND('',#5901,.T.);
#5901 = EDGE_LOOP('',(#5902,#5903,#5904,#5905));
#5902 = ORIENTED_EDGE('',*,*,#2682,.T.);
#5903 = ORIENTED_EDGE('',*,*,#5888,.T.);
#5904 = ORIENTED_EDGE('',*,*,#2843,.F.);
#5905 = ORIENTED_EDGE('',*,*,#5765,.F.);
#5906 = CYLINDRICAL_SURFACE('',#5907,0.381);
#5907 = AXIS2_PLACEMENT_3D('',#5908,#5909,#5910);
#5908 = CARTESIAN_POINT('',(0.254,-15.4685,1.776));
#5909 = DIRECTION('',(-4.440892098501E-16,1.,0.));
#5910 = DIRECTION('',(-1.,-4.440892098501E-16,0.));
#5911 = ADVANCED_FACE('',(#5912),#5923,.T.);
#5912 = FACE_BOUND('',#5913,.T.);
#5913 = EDGE_LOOP('',(#5914,#5920,#5921,#5922));
#5914 = ORIENTED_EDGE('',*,*,#5915,.T.);
#5915 = EDGE_CURVE('',#5714,#5636,#5916,.T.);
#5916 = LINE('',#5917,#5918);
#5917 = CARTESIAN_POINT('',(-0.127,-0.2285,0.));
#5918 = VECTOR('',#5919,1.);
#5919 = DIRECTION('',(1.,4.440892098501E-16,0.));
#5920 = ORIENTED_EDGE('',*,*,#5635,.T.);
#5921 = ORIENTED_EDGE('',*,*,#2779,.F.);
#5922 = ORIENTED_EDGE('',*,*,#5713,.F.);
#5923 = PLANE('',#5924);
#5924 = AXIS2_PLACEMENT_3D('',#5925,#5926,#5927);
#5925 = CARTESIAN_POINT('',(-0.127,-0.2285,0.));
#5926 = DIRECTION('',(0.,0.,-1.));
#5927 = DIRECTION('',(4.440892098501E-16,-1.,0.));
#5928 = ADVANCED_FACE('',(#5929),#5940,.F.);
#5929 = FACE_BOUND('',#5930,.F.);
#5930 = EDGE_LOOP('',(#5931,#5937,#5938,#5939));
#5931 = ORIENTED_EDGE('',*,*,#5932,.T.);
#5932 = EDGE_CURVE('',#5773,#5846,#5933,.T.);
#5933 = LINE('',#5934,#5935);
#5934 = CARTESIAN_POINT('',(-0.127,-15.0115,0.));
#5935 = VECTOR('',#5936,1.);
#5936 = DIRECTION('',(1.,4.440892098501E-16,0.));
#5937 = ORIENTED_EDGE('',*,*,#5845,.T.);
#5938 = ORIENTED_EDGE('',*,*,#2860,.F.);
#5939 = ORIENTED_EDGE('',*,*,#5772,.F.);
#5940 = PLANE('',#5941);
#5941 = AXIS2_PLACEMENT_3D('',#5942,#5943,#5944);
#5942 = CARTESIAN_POINT('',(-0.127,-15.0115,0.));
#5943 = DIRECTION('',(0.,0.,1.));
#5944 = DIRECTION('',(-4.440892098501E-16,1.,0.));
#5945 = ADVANCED_FACE('',(#5946),#5959,.T.);
#5946 = FACE_BOUND('',#5947,.T.);
#5947 = EDGE_LOOP('',(#5948,#5949,#5950,#5951,#5952,#5958));
#5948 = ORIENTED_EDGE('',*,*,#3238,.F.);
#5949 = ORIENTED_EDGE('',*,*,#5549,.F.);
#5950 = ORIENTED_EDGE('',*,*,#2919,.F.);
#5951 = ORIENTED_EDGE('',*,*,#2952,.F.);
#5952 = ORIENTED_EDGE('',*,*,#5953,.F.);
#5953 = EDGE_CURVE('',#3089,#2942,#5954,.T.);
#5954 = LINE('',#5955,#5956);
#5955 = CARTESIAN_POINT('',(0.254,-3.302,2.157));
#5956 = VECTOR('',#5957,1.);
#5957 = DIRECTION('',(-4.440892098501E-16,1.,0.));
#5958 = ORIENTED_EDGE('',*,*,#3099,.F.);
#5959 = PLANE('',#5960);
#5960 = AXIS2_PLACEMENT_3D('',#5961,#5962,#5963);
#5961 = CARTESIAN_POINT('',(3.683,-3.302,2.157));
#5962 = DIRECTION('',(0.,0.,1.));
#5963 = DIRECTION('',(-4.440892098501E-16,1.,0.));
#5964 = ADVANCED_FACE('',(#5965),#5976,.T.);
#5965 = FACE_BOUND('',#5966,.T.);
#5966 = EDGE_LOOP('',(#5967,#5968,#5969,#5975));
#5967 = ORIENTED_EDGE('',*,*,#5953,.T.);
#5968 = ORIENTED_EDGE('',*,*,#2941,.T.);
#5969 = ORIENTED_EDGE('',*,*,#5970,.F.);
#5970 = EDGE_CURVE('',#3091,#2944,#5971,.T.);
#5971 = LINE('',#5972,#5973);
#5972 = CARTESIAN_POINT('',(-0.127,-3.302,1.776));
#5973 = VECTOR('',#5974,1.);
#5974 = DIRECTION('',(-4.440892098501E-16,1.,0.));
#5975 = ORIENTED_EDGE('',*,*,#3088,.F.);
#5976 = CYLINDRICAL_SURFACE('',#5977,0.381);
#5977 = AXIS2_PLACEMENT_3D('',#5978,#5979,#5980);
#5978 = CARTESIAN_POINT('',(0.254,-3.302,1.776));
#5979 = DIRECTION('',(-4.440892098501E-16,1.,0.));
#5980 = DIRECTION('',(0.,0.,1.));
#5981 = ADVANCED_FACE('',(#5982),#6041,.F.);
#5982 = FACE_BOUND('',#5983,.F.);
#5983 = EDGE_LOOP('',(#5984,#5985,#5986,#5987,#5995,#6003,#6011,#6019,
    #6027,#6035));
#5984 = ORIENTED_EDGE('',*,*,#2985,.F.);
#5985 = ORIENTED_EDGE('',*,*,#5970,.F.);
#5986 = ORIENTED_EDGE('',*,*,#3132,.F.);
#5987 = ORIENTED_EDGE('',*,*,#5988,.F.);
#5988 = EDGE_CURVE('',#5989,#3125,#5991,.T.);
#5989 = VERTEX_POINT('',#5990);
#5990 = CARTESIAN_POINT('',(-0.127,-2.7685,0.));
#5991 = LINE('',#5992,#5993);
#5992 = CARTESIAN_POINT('',(-0.127,-2.7685,0.));
#5993 = VECTOR('',#5994,1.);
#5994 = DIRECTION('',(4.440892098501E-16,-1.,0.));
#5995 = ORIENTED_EDGE('',*,*,#5996,.F.);
#5996 = EDGE_CURVE('',#5997,#5989,#5999,.T.);
#5997 = VERTEX_POINT('',#5998);
#5998 = CARTESIAN_POINT('',(-0.127,-2.7685,-2.843));
#5999 = LINE('',#6000,#6001);
#6000 = CARTESIAN_POINT('',(-0.127,-2.7685,-2.843));
#6001 = VECTOR('',#6002,1.);
#6002 = DIRECTION('',(1.387374085862E-31,-3.124088708055E-16,1.));
#6003 = ORIENTED_EDGE('',*,*,#6004,.F.);
#6004 = EDGE_CURVE('',#6005,#5997,#6007,.T.);
#6005 = VERTEX_POINT('',#6006);
#6006 = CARTESIAN_POINT('',(-0.127,-2.65425,-3.3));
#6007 = LINE('',#6008,#6009);
#6008 = CARTESIAN_POINT('',(-0.127,-2.65425,-3.3));
#6009 = VECTOR('',#6010,1.);
#6010 = DIRECTION('',(1.077074540829E-16,-0.242535625036,0.970142500145)
  );
#6011 = ORIENTED_EDGE('',*,*,#6012,.F.);
#6012 = EDGE_CURVE('',#6013,#6005,#6015,.T.);
#6013 = VERTEX_POINT('',#6014);
#6014 = CARTESIAN_POINT('',(-0.127,-2.42575,-3.3));
#6015 = LINE('',#6016,#6017);
#6016 = CARTESIAN_POINT('',(-0.127,-2.42575,-3.3));
#6017 = VECTOR('',#6018,1.);
#6018 = DIRECTION('',(4.440892098501E-16,-1.,0.));
#6019 = ORIENTED_EDGE('',*,*,#6020,.F.);
#6020 = EDGE_CURVE('',#6021,#6013,#6023,.T.);
#6021 = VERTEX_POINT('',#6022);
#6022 = CARTESIAN_POINT('',(-0.127,-2.3115,-2.843));
#6023 = LINE('',#6024,#6025);
#6024 = CARTESIAN_POINT('',(-0.127,-2.3115,-2.843));
#6025 = VECTOR('',#6026,1.);
#6026 = DIRECTION('',(1.077074540829E-16,-0.242535625036,-0.970142500145
    ));
#6027 = ORIENTED_EDGE('',*,*,#6028,.F.);
#6028 = EDGE_CURVE('',#6029,#6021,#6031,.T.);
#6029 = VERTEX_POINT('',#6030);
#6030 = CARTESIAN_POINT('',(-0.127,-2.3115,0.));
#6031 = LINE('',#6032,#6033);
#6032 = CARTESIAN_POINT('',(-0.127,-2.3115,0.));
#6033 = VECTOR('',#6034,1.);
#6034 = DIRECTION('',(1.387374085862E-31,-3.124088708055E-16,-1.));
#6035 = ORIENTED_EDGE('',*,*,#6036,.F.);
#6036 = EDGE_CURVE('',#2978,#6029,#6037,.T.);
#6037 = LINE('',#6038,#6039);
#6038 = CARTESIAN_POINT('',(-0.127,-1.778,0.));
#6039 = VECTOR('',#6040,1.);
#6040 = DIRECTION('',(4.440892098501E-16,-1.,0.));
#6041 = PLANE('',#6042);
#6042 = AXIS2_PLACEMENT_3D('',#6043,#6044,#6045);
#6043 = CARTESIAN_POINT('',(-0.127,-1.778,2.157));
#6044 = DIRECTION('',(1.,4.440892098501E-16,0.));
#6045 = DIRECTION('',(0.,0.,-1.));
#6046 = ADVANCED_FACE('',(#6047),#6065,.T.);
#6047 = FACE_BOUND('',#6048,.T.);
#6048 = EDGE_LOOP('',(#6049,#6050,#6058,#6064));
#6049 = ORIENTED_EDGE('',*,*,#2977,.T.);
#6050 = ORIENTED_EDGE('',*,*,#6051,.T.);
#6051 = EDGE_CURVE('',#2970,#6052,#6054,.T.);
#6052 = VERTEX_POINT('',#6053);
#6053 = CARTESIAN_POINT('',(0.127,-2.3115,0.));
#6054 = LINE('',#6055,#6056);
#6055 = CARTESIAN_POINT('',(0.127,-1.778,0.));
#6056 = VECTOR('',#6057,1.);
#6057 = DIRECTION('',(4.440892098501E-16,-1.,0.));
#6058 = ORIENTED_EDGE('',*,*,#6059,.F.);
#6059 = EDGE_CURVE('',#6029,#6052,#6060,.T.);
#6060 = LINE('',#6061,#6062);
#6061 = CARTESIAN_POINT('',(-0.127,-2.3115,0.));
#6062 = VECTOR('',#6063,1.);
#6063 = DIRECTION('',(1.,4.440892098501E-16,0.));
#6064 = ORIENTED_EDGE('',*,*,#6036,.F.);
#6065 = PLANE('',#6066);
#6066 = AXIS2_PLACEMENT_3D('',#6067,#6068,#6069);
#6067 = CARTESIAN_POINT('',(-0.127,-1.778,0.));
#6068 = DIRECTION('',(0.,0.,-1.));
#6069 = DIRECTION('',(4.440892098501E-16,-1.,0.));
#6070 = ADVANCED_FACE('',(#6071),#6123,.T.);
#6071 = FACE_BOUND('',#6072,.T.);
#6072 = EDGE_LOOP('',(#6073,#6074,#6075,#6076,#6084,#6092,#6100,#6108,
    #6116,#6122));
#6073 = ORIENTED_EDGE('',*,*,#2969,.F.);
#6074 = ORIENTED_EDGE('',*,*,#3146,.T.);
#6075 = ORIENTED_EDGE('',*,*,#3116,.F.);
#6076 = ORIENTED_EDGE('',*,*,#6077,.F.);
#6077 = EDGE_CURVE('',#6078,#3117,#6080,.T.);
#6078 = VERTEX_POINT('',#6079);
#6079 = CARTESIAN_POINT('',(0.127,-2.7685,0.));
#6080 = LINE('',#6081,#6082);
#6081 = CARTESIAN_POINT('',(0.127,-2.7685,0.));
#6082 = VECTOR('',#6083,1.);
#6083 = DIRECTION('',(4.440892098501E-16,-1.,0.));
#6084 = ORIENTED_EDGE('',*,*,#6085,.F.);
#6085 = EDGE_CURVE('',#6086,#6078,#6088,.T.);
#6086 = VERTEX_POINT('',#6087);
#6087 = CARTESIAN_POINT('',(0.127,-2.7685,-2.843));
#6088 = LINE('',#6089,#6090);
#6089 = CARTESIAN_POINT('',(0.127,-2.7685,-2.843));
#6090 = VECTOR('',#6091,1.);
#6091 = DIRECTION('',(1.387374085862E-31,-3.124088708055E-16,1.));
#6092 = ORIENTED_EDGE('',*,*,#6093,.F.);
#6093 = EDGE_CURVE('',#6094,#6086,#6096,.T.);
#6094 = VERTEX_POINT('',#6095);
#6095 = CARTESIAN_POINT('',(0.127,-2.65425,-3.3));
#6096 = LINE('',#6097,#6098);
#6097 = CARTESIAN_POINT('',(0.127,-2.65425,-3.3));
#6098 = VECTOR('',#6099,1.);
#6099 = DIRECTION('',(1.077074540829E-16,-0.242535625036,0.970142500145)
  );
#6100 = ORIENTED_EDGE('',*,*,#6101,.F.);
#6101 = EDGE_CURVE('',#6102,#6094,#6104,.T.);
#6102 = VERTEX_POINT('',#6103);
#6103 = CARTESIAN_POINT('',(0.127,-2.42575,-3.3));
#6104 = LINE('',#6105,#6106);
#6105 = CARTESIAN_POINT('',(0.127,-2.42575,-3.3));
#6106 = VECTOR('',#6107,1.);
#6107 = DIRECTION('',(4.440892098501E-16,-1.,0.));
#6108 = ORIENTED_EDGE('',*,*,#6109,.F.);
#6109 = EDGE_CURVE('',#6110,#6102,#6112,.T.);
#6110 = VERTEX_POINT('',#6111);
#6111 = CARTESIAN_POINT('',(0.127,-2.3115,-2.843));
#6112 = LINE('',#6113,#6114);
#6113 = CARTESIAN_POINT('',(0.127,-2.3115,-2.843));
#6114 = VECTOR('',#6115,1.);
#6115 = DIRECTION('',(1.077074540829E-16,-0.242535625036,-0.970142500145
    ));
#6116 = ORIENTED_EDGE('',*,*,#6117,.F.);
#6117 = EDGE_CURVE('',#6052,#6110,#6118,.T.);
#6118 = LINE('',#6119,#6120);
#6119 = CARTESIAN_POINT('',(0.127,-2.3115,0.));
#6120 = VECTOR('',#6121,1.);
#6121 = DIRECTION('',(1.387374085862E-31,-3.124088708055E-16,-1.));
#6122 = ORIENTED_EDGE('',*,*,#6051,.F.);
#6123 = PLANE('',#6124);
#6124 = AXIS2_PLACEMENT_3D('',#6125,#6126,#6127);
#6125 = CARTESIAN_POINT('',(0.127,-1.778,2.157));
#6126 = DIRECTION('',(1.,4.440892098501E-16,0.));
#6127 = DIRECTION('',(0.,0.,-1.));
#6128 = ADVANCED_FACE('',(#6129),#6145,.T.);
#6129 = FACE_BOUND('',#6130,.T.);
#6130 = EDGE_LOOP('',(#6131,#6137,#6138,#6144));
#6131 = ORIENTED_EDGE('',*,*,#6132,.T.);
#6132 = EDGE_CURVE('',#3000,#3164,#6133,.T.);
#6133 = LINE('',#6134,#6135);
#6134 = CARTESIAN_POINT('',(0.254,-13.462,2.157));
#6135 = VECTOR('',#6136,1.);
#6136 = DIRECTION('',(-4.440892098501E-16,1.,0.));
#6137 = ORIENTED_EDGE('',*,*,#3163,.T.);
#6138 = ORIENTED_EDGE('',*,*,#6139,.F.);
#6139 = EDGE_CURVE('',#3002,#3166,#6140,.T.);
#6140 = LINE('',#6141,#6142);
#6141 = CARTESIAN_POINT('',(-0.127,-13.462,1.776));
#6142 = VECTOR('',#6143,1.);
#6143 = DIRECTION('',(-4.440892098501E-16,1.,0.));
#6144 = ORIENTED_EDGE('',*,*,#2999,.F.);
#6145 = CYLINDRICAL_SURFACE('',#6146,0.381);
#6146 = AXIS2_PLACEMENT_3D('',#6147,#6148,#6149);
#6147 = CARTESIAN_POINT('',(0.254,-13.462,1.776));
#6148 = DIRECTION('',(-4.440892098501E-16,1.,0.));
#6149 = DIRECTION('',(0.,0.,1.));
#6150 = ADVANCED_FACE('',(#6151),#6210,.F.);
#6151 = FACE_BOUND('',#6152,.F.);
#6152 = EDGE_LOOP('',(#6153,#6154,#6155,#6156,#6164,#6172,#6180,#6188,
    #6196,#6204));
#6153 = ORIENTED_EDGE('',*,*,#3207,.F.);
#6154 = ORIENTED_EDGE('',*,*,#6139,.F.);
#6155 = ORIENTED_EDGE('',*,*,#3043,.F.);
#6156 = ORIENTED_EDGE('',*,*,#6157,.F.);
#6157 = EDGE_CURVE('',#6158,#3036,#6160,.T.);
#6158 = VERTEX_POINT('',#6159);
#6159 = CARTESIAN_POINT('',(-0.127,-12.9285,0.));
#6160 = LINE('',#6161,#6162);
#6161 = CARTESIAN_POINT('',(-0.127,-12.9285,0.));
#6162 = VECTOR('',#6163,1.);
#6163 = DIRECTION('',(4.440892098501E-16,-1.,0.));
#6164 = ORIENTED_EDGE('',*,*,#6165,.F.);
#6165 = EDGE_CURVE('',#6166,#6158,#6168,.T.);
#6166 = VERTEX_POINT('',#6167);
#6167 = CARTESIAN_POINT('',(-0.127,-12.9285,-2.843));
#6168 = LINE('',#6169,#6170);
#6169 = CARTESIAN_POINT('',(-0.127,-12.9285,-2.843));
#6170 = VECTOR('',#6171,1.);
#6171 = DIRECTION('',(1.387374085862E-31,-3.124088708055E-16,1.));
#6172 = ORIENTED_EDGE('',*,*,#6173,.F.);
#6173 = EDGE_CURVE('',#6174,#6166,#6176,.T.);
#6174 = VERTEX_POINT('',#6175);
#6175 = CARTESIAN_POINT('',(-0.127,-12.81425,-3.3));
#6176 = LINE('',#6177,#6178);
#6177 = CARTESIAN_POINT('',(-0.127,-12.81425,-3.3));
#6178 = VECTOR('',#6179,1.);
#6179 = DIRECTION('',(1.077074540829E-16,-0.242535625036,0.970142500145)
  );
#6180 = ORIENTED_EDGE('',*,*,#6181,.F.);
#6181 = EDGE_CURVE('',#6182,#6174,#6184,.T.);
#6182 = VERTEX_POINT('',#6183);
#6183 = CARTESIAN_POINT('',(-0.127,-12.58575,-3.3));
#6184 = LINE('',#6185,#6186);
#6185 = CARTESIAN_POINT('',(-0.127,-12.58575,-3.3));
#6186 = VECTOR('',#6187,1.);
#6187 = DIRECTION('',(4.440892098501E-16,-1.,0.));
#6188 = ORIENTED_EDGE('',*,*,#6189,.F.);
#6189 = EDGE_CURVE('',#6190,#6182,#6192,.T.);
#6190 = VERTEX_POINT('',#6191);
#6191 = CARTESIAN_POINT('',(-0.127,-12.4715,-2.843));
#6192 = LINE('',#6193,#6194);
#6193 = CARTESIAN_POINT('',(-0.127,-12.4715,-2.843));
#6194 = VECTOR('',#6195,1.);
#6195 = DIRECTION('',(1.077074540829E-16,-0.242535625036,-0.970142500145
    ));
#6196 = ORIENTED_EDGE('',*,*,#6197,.F.);
#6197 = EDGE_CURVE('',#6198,#6190,#6200,.T.);
#6198 = VERTEX_POINT('',#6199);
#6199 = CARTESIAN_POINT('',(-0.127,-12.4715,0.));
#6200 = LINE('',#6201,#6202);
#6201 = CARTESIAN_POINT('',(-0.127,-12.4715,0.));
#6202 = VECTOR('',#6203,1.);
#6203 = DIRECTION('',(1.387374085862E-31,-3.124088708055E-16,-1.));
#6204 = ORIENTED_EDGE('',*,*,#6205,.F.);
#6205 = EDGE_CURVE('',#3200,#6198,#6206,.T.);
#6206 = LINE('',#6207,#6208);
#6207 = CARTESIAN_POINT('',(-0.127,-11.938,0.));
#6208 = VECTOR('',#6209,1.);
#6209 = DIRECTION('',(4.440892098501E-16,-1.,0.));
#6210 = PLANE('',#6211);
#6211 = AXIS2_PLACEMENT_3D('',#6212,#6213,#6214);
#6212 = CARTESIAN_POINT('',(-0.127,-11.938,2.157));
#6213 = DIRECTION('',(1.,4.440892098501E-16,0.));
#6214 = DIRECTION('',(0.,0.,-1.));
#6215 = ADVANCED_FACE('',(#6216),#6234,.T.);
#6216 = FACE_BOUND('',#6217,.T.);
#6217 = EDGE_LOOP('',(#6218,#6226,#6232,#6233));
#6218 = ORIENTED_EDGE('',*,*,#6219,.T.);
#6219 = EDGE_CURVE('',#6158,#6220,#6222,.T.);
#6220 = VERTEX_POINT('',#6221);
#6221 = CARTESIAN_POINT('',(0.127,-12.9285,0.));
#6222 = LINE('',#6223,#6224);
#6223 = CARTESIAN_POINT('',(-0.127,-12.9285,0.));
#6224 = VECTOR('',#6225,1.);
#6225 = DIRECTION('',(1.,4.440892098501E-16,0.));
#6226 = ORIENTED_EDGE('',*,*,#6227,.T.);
#6227 = EDGE_CURVE('',#6220,#3028,#6228,.T.);
#6228 = LINE('',#6229,#6230);
#6229 = CARTESIAN_POINT('',(0.127,-12.9285,0.));
#6230 = VECTOR('',#6231,1.);
#6231 = DIRECTION('',(4.440892098501E-16,-1.,0.));
#6232 = ORIENTED_EDGE('',*,*,#3035,.F.);
#6233 = ORIENTED_EDGE('',*,*,#6157,.F.);
#6234 = PLANE('',#6235);
#6235 = AXIS2_PLACEMENT_3D('',#6236,#6237,#6238);
#6236 = CARTESIAN_POINT('',(-0.127,-12.9285,0.));
#6237 = DIRECTION('',(0.,0.,-1.));
#6238 = DIRECTION('',(4.440892098501E-16,-1.,0.));
#6239 = ADVANCED_FACE('',(#6240),#6292,.T.);
#6240 = FACE_BOUND('',#6241,.T.);
#6241 = EDGE_LOOP('',(#6242,#6243,#6244,#6245,#6246,#6254,#6262,#6270,
    #6278,#6286));
#6242 = ORIENTED_EDGE('',*,*,#3191,.F.);
#6243 = ORIENTED_EDGE('',*,*,#3221,.T.);
#6244 = ORIENTED_EDGE('',*,*,#3027,.F.);
#6245 = ORIENTED_EDGE('',*,*,#6227,.F.);
#6246 = ORIENTED_EDGE('',*,*,#6247,.F.);
#6247 = EDGE_CURVE('',#6248,#6220,#6250,.T.);
#6248 = VERTEX_POINT('',#6249);
#6249 = CARTESIAN_POINT('',(0.127,-12.9285,-2.843));
#6250 = LINE('',#6251,#6252);
#6251 = CARTESIAN_POINT('',(0.127,-12.9285,-2.843));
#6252 = VECTOR('',#6253,1.);
#6253 = DIRECTION('',(1.387374085862E-31,-3.124088708055E-16,1.));
#6254 = ORIENTED_EDGE('',*,*,#6255,.F.);
#6255 = EDGE_CURVE('',#6256,#6248,#6258,.T.);
#6256 = VERTEX_POINT('',#6257);
#6257 = CARTESIAN_POINT('',(0.127,-12.81425,-3.3));
#6258 = LINE('',#6259,#6260);
#6259 = CARTESIAN_POINT('',(0.127,-12.81425,-3.3));
#6260 = VECTOR('',#6261,1.);
#6261 = DIRECTION('',(1.077074540829E-16,-0.242535625036,0.970142500145)
  );
#6262 = ORIENTED_EDGE('',*,*,#6263,.F.);
#6263 = EDGE_CURVE('',#6264,#6256,#6266,.T.);
#6264 = VERTEX_POINT('',#6265);
#6265 = CARTESIAN_POINT('',(0.127,-12.58575,-3.3));
#6266 = LINE('',#6267,#6268);
#6267 = CARTESIAN_POINT('',(0.127,-12.58575,-3.3));
#6268 = VECTOR('',#6269,1.);
#6269 = DIRECTION('',(4.440892098501E-16,-1.,0.));
#6270 = ORIENTED_EDGE('',*,*,#6271,.F.);
#6271 = EDGE_CURVE('',#6272,#6264,#6274,.T.);
#6272 = VERTEX_POINT('',#6273);
#6273 = CARTESIAN_POINT('',(0.127,-12.4715,-2.843));
#6274 = LINE('',#6275,#6276);
#6275 = CARTESIAN_POINT('',(0.127,-12.4715,-2.843));
#6276 = VECTOR('',#6277,1.);
#6277 = DIRECTION('',(1.077074540829E-16,-0.242535625036,-0.970142500145
    ));
#6278 = ORIENTED_EDGE('',*,*,#6279,.F.);
#6279 = EDGE_CURVE('',#6280,#6272,#6282,.T.);
#6280 = VERTEX_POINT('',#6281);
#6281 = CARTESIAN_POINT('',(0.127,-12.4715,0.));
#6282 = LINE('',#6283,#6284);
#6283 = CARTESIAN_POINT('',(0.127,-12.4715,0.));
#6284 = VECTOR('',#6285,1.);
#6285 = DIRECTION('',(1.387374085862E-31,-3.124088708055E-16,-1.));
#6286 = ORIENTED_EDGE('',*,*,#6287,.F.);
#6287 = EDGE_CURVE('',#3192,#6280,#6288,.T.);
#6288 = LINE('',#6289,#6290);
#6289 = CARTESIAN_POINT('',(0.127,-11.938,0.));
#6290 = VECTOR('',#6291,1.);
#6291 = DIRECTION('',(4.440892098501E-16,-1.,0.));
#6292 = PLANE('',#6293);
#6293 = AXIS2_PLACEMENT_3D('',#6294,#6295,#6296);
#6294 = CARTESIAN_POINT('',(0.127,-11.938,2.157));
#6295 = DIRECTION('',(1.,4.440892098501E-16,0.));
#6296 = DIRECTION('',(0.,0.,-1.));
#6297 = ADVANCED_FACE('',(#6298),#6306,.T.);
#6298 = FACE_BOUND('',#6299,.T.);
#6299 = EDGE_LOOP('',(#6300,#6301,#6302,#6303,#6304,#6305));
#6300 = ORIENTED_EDGE('',*,*,#3057,.F.);
#6301 = ORIENTED_EDGE('',*,*,#5577,.F.);
#6302 = ORIENTED_EDGE('',*,*,#3394,.F.);
#6303 = ORIENTED_EDGE('',*,*,#3174,.F.);
#6304 = ORIENTED_EDGE('',*,*,#6132,.F.);
#6305 = ORIENTED_EDGE('',*,*,#3010,.F.);
#6306 = PLANE('',#6307);
#6307 = AXIS2_PLACEMENT_3D('',#6308,#6309,#6310);
#6308 = CARTESIAN_POINT('',(3.683,-13.462,2.157));
#6309 = DIRECTION('',(0.,0.,1.));
#6310 = DIRECTION('',(-4.440892098501E-16,1.,0.));
#6311 = ADVANCED_FACE('',(#6312),#6323,.T.);
#6312 = FACE_BOUND('',#6313,.T.);
#6313 = EDGE_LOOP('',(#6314,#6320,#6321,#6322));
#6314 = ORIENTED_EDGE('',*,*,#6315,.T.);
#6315 = EDGE_CURVE('',#5989,#6078,#6316,.T.);
#6316 = LINE('',#6317,#6318);
#6317 = CARTESIAN_POINT('',(-0.127,-2.7685,0.));
#6318 = VECTOR('',#6319,1.);
#6319 = DIRECTION('',(1.,4.440892098501E-16,0.));
#6320 = ORIENTED_EDGE('',*,*,#6077,.T.);
#6321 = ORIENTED_EDGE('',*,*,#3124,.F.);
#6322 = ORIENTED_EDGE('',*,*,#5988,.F.);
#6323 = PLANE('',#6324);
#6324 = AXIS2_PLACEMENT_3D('',#6325,#6326,#6327);
#6325 = CARTESIAN_POINT('',(-0.127,-2.7685,0.));
#6326 = DIRECTION('',(0.,0.,-1.));
#6327 = DIRECTION('',(4.440892098501E-16,-1.,0.));
#6328 = ADVANCED_FACE('',(#6329),#6340,.T.);
#6329 = FACE_BOUND('',#6330,.T.);
#6330 = EDGE_LOOP('',(#6331,#6332,#6333,#6339));
#6331 = ORIENTED_EDGE('',*,*,#3199,.T.);
#6332 = ORIENTED_EDGE('',*,*,#6287,.T.);
#6333 = ORIENTED_EDGE('',*,*,#6334,.F.);
#6334 = EDGE_CURVE('',#6198,#6280,#6335,.T.);
#6335 = LINE('',#6336,#6337);
#6336 = CARTESIAN_POINT('',(-0.127,-12.4715,0.));
#6337 = VECTOR('',#6338,1.);
#6338 = DIRECTION('',(1.,4.440892098501E-16,0.));
#6339 = ORIENTED_EDGE('',*,*,#6205,.F.);
#6340 = PLANE('',#6341);
#6341 = AXIS2_PLACEMENT_3D('',#6342,#6343,#6344);
#6342 = CARTESIAN_POINT('',(-0.127,-11.938,0.));
#6343 = DIRECTION('',(0.,0.,-1.));
#6344 = DIRECTION('',(4.440892098501E-16,-1.,0.));
#6345 = ADVANCED_FACE('',(#6346),#6359,.T.);
#6346 = FACE_BOUND('',#6347,.T.);
#6347 = EDGE_LOOP('',(#6348,#6349,#6350,#6351,#6352,#6358));
#6348 = ORIENTED_EDGE('',*,*,#3566,.F.);
#6349 = ORIENTED_EDGE('',*,*,#5556,.F.);
#6350 = ORIENTED_EDGE('',*,*,#3247,.F.);
#6351 = ORIENTED_EDGE('',*,*,#3280,.F.);
#6352 = ORIENTED_EDGE('',*,*,#6353,.F.);
#6353 = EDGE_CURVE('',#3417,#3270,#6354,.T.);
#6354 = LINE('',#6355,#6356);
#6355 = CARTESIAN_POINT('',(0.254,-5.842,2.157));
#6356 = VECTOR('',#6357,1.);
#6357 = DIRECTION('',(-4.440892098501E-16,1.,0.));
#6358 = ORIENTED_EDGE('',*,*,#3427,.F.);
#6359 = PLANE('',#6360);
#6360 = AXIS2_PLACEMENT_3D('',#6361,#6362,#6363);
#6361 = CARTESIAN_POINT('',(3.683,-5.842,2.157));
#6362 = DIRECTION('',(0.,0.,1.));
#6363 = DIRECTION('',(-4.440892098501E-16,1.,0.));
#6364 = ADVANCED_FACE('',(#6365),#6376,.T.);
#6365 = FACE_BOUND('',#6366,.T.);
#6366 = EDGE_LOOP('',(#6367,#6368,#6369,#6375));
#6367 = ORIENTED_EDGE('',*,*,#6353,.T.);
#6368 = ORIENTED_EDGE('',*,*,#3269,.T.);
#6369 = ORIENTED_EDGE('',*,*,#6370,.F.);
#6370 = EDGE_CURVE('',#3419,#3272,#6371,.T.);
#6371 = LINE('',#6372,#6373);
#6372 = CARTESIAN_POINT('',(-0.127,-5.842,1.776));
#6373 = VECTOR('',#6374,1.);
#6374 = DIRECTION('',(-4.440892098501E-16,1.,0.));
#6375 = ORIENTED_EDGE('',*,*,#3416,.F.);
#6376 = CYLINDRICAL_SURFACE('',#6377,0.381);
#6377 = AXIS2_PLACEMENT_3D('',#6378,#6379,#6380);
#6378 = CARTESIAN_POINT('',(0.254,-5.842,1.776));
#6379 = DIRECTION('',(-4.440892098501E-16,1.,0.));
#6380 = DIRECTION('',(0.,0.,1.));
#6381 = ADVANCED_FACE('',(#6382),#6441,.F.);
#6382 = FACE_BOUND('',#6383,.F.);
#6383 = EDGE_LOOP('',(#6384,#6385,#6386,#6387,#6395,#6403,#6411,#6419,
    #6427,#6435));
#6384 = ORIENTED_EDGE('',*,*,#3313,.F.);
#6385 = ORIENTED_EDGE('',*,*,#6370,.F.);
#6386 = ORIENTED_EDGE('',*,*,#3460,.F.);
#6387 = ORIENTED_EDGE('',*,*,#6388,.F.);
#6388 = EDGE_CURVE('',#6389,#3453,#6391,.T.);
#6389 = VERTEX_POINT('',#6390);
#6390 = CARTESIAN_POINT('',(-0.127,-5.3085,0.));
#6391 = LINE('',#6392,#6393);
#6392 = CARTESIAN_POINT('',(-0.127,-5.3085,0.));
#6393 = VECTOR('',#6394,1.);
#6394 = DIRECTION('',(4.440892098501E-16,-1.,0.));
#6395 = ORIENTED_EDGE('',*,*,#6396,.F.);
#6396 = EDGE_CURVE('',#6397,#6389,#6399,.T.);
#6397 = VERTEX_POINT('',#6398);
#6398 = CARTESIAN_POINT('',(-0.127,-5.3085,-2.843));
#6399 = LINE('',#6400,#6401);
#6400 = CARTESIAN_POINT('',(-0.127,-5.3085,-2.843));
#6401 = VECTOR('',#6402,1.);
#6402 = DIRECTION('',(1.387374085862E-31,-3.124088708055E-16,1.));
#6403 = ORIENTED_EDGE('',*,*,#6404,.F.);
#6404 = EDGE_CURVE('',#6405,#6397,#6407,.T.);
#6405 = VERTEX_POINT('',#6406);
#6406 = CARTESIAN_POINT('',(-0.127,-5.19425,-3.3));
#6407 = LINE('',#6408,#6409);
#6408 = CARTESIAN_POINT('',(-0.127,-5.19425,-3.3));
#6409 = VECTOR('',#6410,1.);
#6410 = DIRECTION('',(1.077074540829E-16,-0.242535625036,0.970142500145)
  );
#6411 = ORIENTED_EDGE('',*,*,#6412,.F.);
#6412 = EDGE_CURVE('',#6413,#6405,#6415,.T.);
#6413 = VERTEX_POINT('',#6414);
#6414 = CARTESIAN_POINT('',(-0.127,-4.96575,-3.3));
#6415 = LINE('',#6416,#6417);
#6416 = CARTESIAN_POINT('',(-0.127,-4.96575,-3.3));
#6417 = VECTOR('',#6418,1.);
#6418 = DIRECTION('',(4.440892098501E-16,-1.,0.));
#6419 = ORIENTED_EDGE('',*,*,#6420,.F.);
#6420 = EDGE_CURVE('',#6421,#6413,#6423,.T.);
#6421 = VERTEX_POINT('',#6422);
#6422 = CARTESIAN_POINT('',(-0.127,-4.8515,-2.843));
#6423 = LINE('',#6424,#6425);
#6424 = CARTESIAN_POINT('',(-0.127,-4.8515,-2.843));
#6425 = VECTOR('',#6426,1.);
#6426 = DIRECTION('',(1.077074540829E-16,-0.242535625036,-0.970142500145
    ));
#6427 = ORIENTED_EDGE('',*,*,#6428,.F.);
#6428 = EDGE_CURVE('',#6429,#6421,#6431,.T.);
#6429 = VERTEX_POINT('',#6430);
#6430 = CARTESIAN_POINT('',(-0.127,-4.8515,0.));
#6431 = LINE('',#6432,#6433);
#6432 = CARTESIAN_POINT('',(-0.127,-4.8515,0.));
#6433 = VECTOR('',#6434,1.);
#6434 = DIRECTION('',(1.387374085862E-31,-3.124088708055E-16,-1.));
#6435 = ORIENTED_EDGE('',*,*,#6436,.F.);
#6436 = EDGE_CURVE('',#3306,#6429,#6437,.T.);
#6437 = LINE('',#6438,#6439);
#6438 = CARTESIAN_POINT('',(-0.127,-4.318,0.));
#6439 = VECTOR('',#6440,1.);
#6440 = DIRECTION('',(4.440892098501E-16,-1.,0.));
#6441 = PLANE('',#6442);
#6442 = AXIS2_PLACEMENT_3D('',#6443,#6444,#6445);
#6443 = CARTESIAN_POINT('',(-0.127,-4.318,2.157));
#6444 = DIRECTION('',(1.,4.440892098501E-16,0.));
#6445 = DIRECTION('',(0.,0.,-1.));
#6446 = ADVANCED_FACE('',(#6447),#6465,.T.);
#6447 = FACE_BOUND('',#6448,.T.);
#6448 = EDGE_LOOP('',(#6449,#6450,#6458,#6464));
#6449 = ORIENTED_EDGE('',*,*,#3305,.T.);
#6450 = ORIENTED_EDGE('',*,*,#6451,.T.);
#6451 = EDGE_CURVE('',#3298,#6452,#6454,.T.);
#6452 = VERTEX_POINT('',#6453);
#6453 = CARTESIAN_POINT('',(0.127,-4.8515,0.));
#6454 = LINE('',#6455,#6456);
#6455 = CARTESIAN_POINT('',(0.127,-4.318,0.));
#6456 = VECTOR('',#6457,1.);
#6457 = DIRECTION('',(4.440892098501E-16,-1.,0.));
#6458 = ORIENTED_EDGE('',*,*,#6459,.F.);
#6459 = EDGE_CURVE('',#6429,#6452,#6460,.T.);
#6460 = LINE('',#6461,#6462);
#6461 = CARTESIAN_POINT('',(-0.127,-4.8515,0.));
#6462 = VECTOR('',#6463,1.);
#6463 = DIRECTION('',(1.,4.440892098501E-16,0.));
#6464 = ORIENTED_EDGE('',*,*,#6436,.F.);
#6465 = PLANE('',#6466);
#6466 = AXIS2_PLACEMENT_3D('',#6467,#6468,#6469);
#6467 = CARTESIAN_POINT('',(-0.127,-4.318,0.));
#6468 = DIRECTION('',(0.,0.,-1.));
#6469 = DIRECTION('',(4.440892098501E-16,-1.,0.));
#6470 = ADVANCED_FACE('',(#6471),#6523,.T.);
#6471 = FACE_BOUND('',#6472,.T.);
#6472 = EDGE_LOOP('',(#6473,#6474,#6475,#6476,#6484,#6492,#6500,#6508,
    #6516,#6522));
#6473 = ORIENTED_EDGE('',*,*,#3297,.F.);
#6474 = ORIENTED_EDGE('',*,*,#3474,.T.);
#6475 = ORIENTED_EDGE('',*,*,#3444,.F.);
#6476 = ORIENTED_EDGE('',*,*,#6477,.F.);
#6477 = EDGE_CURVE('',#6478,#3445,#6480,.T.);
#6478 = VERTEX_POINT('',#6479);
#6479 = CARTESIAN_POINT('',(0.127,-5.3085,0.));
#6480 = LINE('',#6481,#6482);
#6481 = CARTESIAN_POINT('',(0.127,-5.3085,0.));
#6482 = VECTOR('',#6483,1.);
#6483 = DIRECTION('',(4.440892098501E-16,-1.,0.));
#6484 = ORIENTED_EDGE('',*,*,#6485,.F.);
#6485 = EDGE_CURVE('',#6486,#6478,#6488,.T.);
#6486 = VERTEX_POINT('',#6487);
#6487 = CARTESIAN_POINT('',(0.127,-5.3085,-2.843));
#6488 = LINE('',#6489,#6490);
#6489 = CARTESIAN_POINT('',(0.127,-5.3085,-2.843));
#6490 = VECTOR('',#6491,1.);
#6491 = DIRECTION('',(1.387374085862E-31,-3.124088708055E-16,1.));
#6492 = ORIENTED_EDGE('',*,*,#6493,.F.);
#6493 = EDGE_CURVE('',#6494,#6486,#6496,.T.);
#6494 = VERTEX_POINT('',#6495);
#6495 = CARTESIAN_POINT('',(0.127,-5.19425,-3.3));
#6496 = LINE('',#6497,#6498);
#6497 = CARTESIAN_POINT('',(0.127,-5.19425,-3.3));
#6498 = VECTOR('',#6499,1.);
#6499 = DIRECTION('',(1.077074540829E-16,-0.242535625036,0.970142500145)
  );
#6500 = ORIENTED_EDGE('',*,*,#6501,.F.);
#6501 = EDGE_CURVE('',#6502,#6494,#6504,.T.);
#6502 = VERTEX_POINT('',#6503);
#6503 = CARTESIAN_POINT('',(0.127,-4.96575,-3.3));
#6504 = LINE('',#6505,#6506);
#6505 = CARTESIAN_POINT('',(0.127,-4.96575,-3.3));
#6506 = VECTOR('',#6507,1.);
#6507 = DIRECTION('',(4.440892098501E-16,-1.,0.));
#6508 = ORIENTED_EDGE('',*,*,#6509,.F.);
#6509 = EDGE_CURVE('',#6510,#6502,#6512,.T.);
#6510 = VERTEX_POINT('',#6511);
#6511 = CARTESIAN_POINT('',(0.127,-4.8515,-2.843));
#6512 = LINE('',#6513,#6514);
#6513 = CARTESIAN_POINT('',(0.127,-4.8515,-2.843));
#6514 = VECTOR('',#6515,1.);
#6515 = DIRECTION('',(1.077074540829E-16,-0.242535625036,-0.970142500145
    ));
#6516 = ORIENTED_EDGE('',*,*,#6517,.F.);
#6517 = EDGE_CURVE('',#6452,#6510,#6518,.T.);
#6518 = LINE('',#6519,#6520);
#6519 = CARTESIAN_POINT('',(0.127,-4.8515,0.));
#6520 = VECTOR('',#6521,1.);
#6521 = DIRECTION('',(1.387374085862E-31,-3.124088708055E-16,-1.));
#6522 = ORIENTED_EDGE('',*,*,#6451,.F.);
#6523 = PLANE('',#6524);
#6524 = AXIS2_PLACEMENT_3D('',#6525,#6526,#6527);
#6525 = CARTESIAN_POINT('',(0.127,-4.318,2.157));
#6526 = DIRECTION('',(1.,4.440892098501E-16,0.));
#6527 = DIRECTION('',(0.,0.,-1.));
#6528 = ADVANCED_FACE('',(#6529),#6545,.T.);
#6529 = FACE_BOUND('',#6530,.T.);
#6530 = EDGE_LOOP('',(#6531,#6537,#6538,#6544));
#6531 = ORIENTED_EDGE('',*,*,#6532,.T.);
#6532 = EDGE_CURVE('',#3328,#3492,#6533,.T.);
#6533 = LINE('',#6534,#6535);
#6534 = CARTESIAN_POINT('',(0.254,-10.922,2.157));
#6535 = VECTOR('',#6536,1.);
#6536 = DIRECTION('',(-4.440892098501E-16,1.,0.));
#6537 = ORIENTED_EDGE('',*,*,#3491,.T.);
#6538 = ORIENTED_EDGE('',*,*,#6539,.F.);
#6539 = EDGE_CURVE('',#3330,#3494,#6540,.T.);
#6540 = LINE('',#6541,#6542);
#6541 = CARTESIAN_POINT('',(-0.127,-10.922,1.776));
#6542 = VECTOR('',#6543,1.);
#6543 = DIRECTION('',(-4.440892098501E-16,1.,0.));
#6544 = ORIENTED_EDGE('',*,*,#3327,.F.);
#6545 = CYLINDRICAL_SURFACE('',#6546,0.381);
#6546 = AXIS2_PLACEMENT_3D('',#6547,#6548,#6549);
#6547 = CARTESIAN_POINT('',(0.254,-10.922,1.776));
#6548 = DIRECTION('',(-4.440892098501E-16,1.,0.));
#6549 = DIRECTION('',(0.,0.,1.));
#6550 = ADVANCED_FACE('',(#6551),#6610,.F.);
#6551 = FACE_BOUND('',#6552,.F.);
#6552 = EDGE_LOOP('',(#6553,#6554,#6555,#6556,#6564,#6572,#6580,#6588,
    #6596,#6604));
#6553 = ORIENTED_EDGE('',*,*,#3535,.F.);
#6554 = ORIENTED_EDGE('',*,*,#6539,.F.);
#6555 = ORIENTED_EDGE('',*,*,#3371,.F.);
#6556 = ORIENTED_EDGE('',*,*,#6557,.F.);
#6557 = EDGE_CURVE('',#6558,#3364,#6560,.T.);
#6558 = VERTEX_POINT('',#6559);
#6559 = CARTESIAN_POINT('',(-0.127,-10.3885,0.));
#6560 = LINE('',#6561,#6562);
#6561 = CARTESIAN_POINT('',(-0.127,-10.3885,0.));
#6562 = VECTOR('',#6563,1.);
#6563 = DIRECTION('',(4.440892098501E-16,-1.,0.));
#6564 = ORIENTED_EDGE('',*,*,#6565,.F.);
#6565 = EDGE_CURVE('',#6566,#6558,#6568,.T.);
#6566 = VERTEX_POINT('',#6567);
#6567 = CARTESIAN_POINT('',(-0.127,-10.3885,-2.843));
#6568 = LINE('',#6569,#6570);
#6569 = CARTESIAN_POINT('',(-0.127,-10.3885,-2.843));
#6570 = VECTOR('',#6571,1.);
#6571 = DIRECTION('',(1.387374085862E-31,-3.124088708055E-16,1.));
#6572 = ORIENTED_EDGE('',*,*,#6573,.F.);
#6573 = EDGE_CURVE('',#6574,#6566,#6576,.T.);
#6574 = VERTEX_POINT('',#6575);
#6575 = CARTESIAN_POINT('',(-0.127,-10.27425,-3.3));
#6576 = LINE('',#6577,#6578);
#6577 = CARTESIAN_POINT('',(-0.127,-10.27425,-3.3));
#6578 = VECTOR('',#6579,1.);
#6579 = DIRECTION('',(1.077074540829E-16,-0.242535625036,0.970142500145)
  );
#6580 = ORIENTED_EDGE('',*,*,#6581,.F.);
#6581 = EDGE_CURVE('',#6582,#6574,#6584,.T.);
#6582 = VERTEX_POINT('',#6583);
#6583 = CARTESIAN_POINT('',(-0.127,-10.04575,-3.3));
#6584 = LINE('',#6585,#6586);
#6585 = CARTESIAN_POINT('',(-0.127,-10.04575,-3.3));
#6586 = VECTOR('',#6587,1.);
#6587 = DIRECTION('',(4.440892098501E-16,-1.,0.));
#6588 = ORIENTED_EDGE('',*,*,#6589,.F.);
#6589 = EDGE_CURVE('',#6590,#6582,#6592,.T.);
#6590 = VERTEX_POINT('',#6591);
#6591 = CARTESIAN_POINT('',(-0.127,-9.9315,-2.843));
#6592 = LINE('',#6593,#6594);
#6593 = CARTESIAN_POINT('',(-0.127,-9.9315,-2.843));
#6594 = VECTOR('',#6595,1.);
#6595 = DIRECTION('',(1.077074540829E-16,-0.242535625036,-0.970142500145
    ));
#6596 = ORIENTED_EDGE('',*,*,#6597,.F.);
#6597 = EDGE_CURVE('',#6598,#6590,#6600,.T.);
#6598 = VERTEX_POINT('',#6599);
#6599 = CARTESIAN_POINT('',(-0.127,-9.9315,0.));
#6600 = LINE('',#6601,#6602);
#6601 = CARTESIAN_POINT('',(-0.127,-9.9315,0.));
#6602 = VECTOR('',#6603,1.);
#6603 = DIRECTION('',(1.387374085862E-31,-3.124088708055E-16,-1.));
#6604 = ORIENTED_EDGE('',*,*,#6605,.F.);
#6605 = EDGE_CURVE('',#3528,#6598,#6606,.T.);
#6606 = LINE('',#6607,#6608);
#6607 = CARTESIAN_POINT('',(-0.127,-9.398,0.));
#6608 = VECTOR('',#6609,1.);
#6609 = DIRECTION('',(4.440892098501E-16,-1.,0.));
#6610 = PLANE('',#6611);
#6611 = AXIS2_PLACEMENT_3D('',#6612,#6613,#6614);
#6612 = CARTESIAN_POINT('',(-0.127,-9.398,2.157));
#6613 = DIRECTION('',(1.,4.440892098501E-16,0.));
#6614 = DIRECTION('',(0.,0.,-1.));
#6615 = ADVANCED_FACE('',(#6616),#6634,.T.);
#6616 = FACE_BOUND('',#6617,.T.);
#6617 = EDGE_LOOP('',(#6618,#6626,#6632,#6633));
#6618 = ORIENTED_EDGE('',*,*,#6619,.T.);
#6619 = EDGE_CURVE('',#6558,#6620,#6622,.T.);
#6620 = VERTEX_POINT('',#6621);
#6621 = CARTESIAN_POINT('',(0.127,-10.3885,0.));
#6622 = LINE('',#6623,#6624);
#6623 = CARTESIAN_POINT('',(-0.127,-10.3885,0.));
#6624 = VECTOR('',#6625,1.);
#6625 = DIRECTION('',(1.,4.440892098501E-16,0.));
#6626 = ORIENTED_EDGE('',*,*,#6627,.T.);
#6627 = EDGE_CURVE('',#6620,#3356,#6628,.T.);
#6628 = LINE('',#6629,#6630);
#6629 = CARTESIAN_POINT('',(0.127,-10.3885,0.));
#6630 = VECTOR('',#6631,1.);
#6631 = DIRECTION('',(4.440892098501E-16,-1.,0.));
#6632 = ORIENTED_EDGE('',*,*,#3363,.F.);
#6633 = ORIENTED_EDGE('',*,*,#6557,.F.);
#6634 = PLANE('',#6635);
#6635 = AXIS2_PLACEMENT_3D('',#6636,#6637,#6638);
#6636 = CARTESIAN_POINT('',(-0.127,-10.3885,0.));
#6637 = DIRECTION('',(0.,0.,-1.));
#6638 = DIRECTION('',(4.440892098501E-16,-1.,0.));
#6639 = ADVANCED_FACE('',(#6640),#6692,.T.);
#6640 = FACE_BOUND('',#6641,.T.);
#6641 = EDGE_LOOP('',(#6642,#6643,#6644,#6645,#6646,#6654,#6662,#6670,
    #6678,#6686));
#6642 = ORIENTED_EDGE('',*,*,#3519,.F.);
#6643 = ORIENTED_EDGE('',*,*,#3549,.T.);
#6644 = ORIENTED_EDGE('',*,*,#3355,.F.);
#6645 = ORIENTED_EDGE('',*,*,#6627,.F.);
#6646 = ORIENTED_EDGE('',*,*,#6647,.F.);
#6647 = EDGE_CURVE('',#6648,#6620,#6650,.T.);
#6648 = VERTEX_POINT('',#6649);
#6649 = CARTESIAN_POINT('',(0.127,-10.3885,-2.843));
#6650 = LINE('',#6651,#6652);
#6651 = CARTESIAN_POINT('',(0.127,-10.3885,-2.843));
#6652 = VECTOR('',#6653,1.);
#6653 = DIRECTION('',(1.387374085862E-31,-3.124088708055E-16,1.));
#6654 = ORIENTED_EDGE('',*,*,#6655,.F.);
#6655 = EDGE_CURVE('',#6656,#6648,#6658,.T.);
#6656 = VERTEX_POINT('',#6657);
#6657 = CARTESIAN_POINT('',(0.127,-10.27425,-3.3));
#6658 = LINE('',#6659,#6660);
#6659 = CARTESIAN_POINT('',(0.127,-10.27425,-3.3));
#6660 = VECTOR('',#6661,1.);
#6661 = DIRECTION('',(1.077074540829E-16,-0.242535625036,0.970142500145)
  );
#6662 = ORIENTED_EDGE('',*,*,#6663,.F.);
#6663 = EDGE_CURVE('',#6664,#6656,#6666,.T.);
#6664 = VERTEX_POINT('',#6665);
#6665 = CARTESIAN_POINT('',(0.127,-10.04575,-3.3));
#6666 = LINE('',#6667,#6668);
#6667 = CARTESIAN_POINT('',(0.127,-10.04575,-3.3));
#6668 = VECTOR('',#6669,1.);
#6669 = DIRECTION('',(4.440892098501E-16,-1.,0.));
#6670 = ORIENTED_EDGE('',*,*,#6671,.F.);
#6671 = EDGE_CURVE('',#6672,#6664,#6674,.T.);
#6672 = VERTEX_POINT('',#6673);
#6673 = CARTESIAN_POINT('',(0.127,-9.9315,-2.843));
#6674 = LINE('',#6675,#6676);
#6675 = CARTESIAN_POINT('',(0.127,-9.9315,-2.843));
#6676 = VECTOR('',#6677,1.);
#6677 = DIRECTION('',(1.077074540829E-16,-0.242535625036,-0.970142500145
    ));
#6678 = ORIENTED_EDGE('',*,*,#6679,.F.);
#6679 = EDGE_CURVE('',#6680,#6672,#6682,.T.);
#6680 = VERTEX_POINT('',#6681);
#6681 = CARTESIAN_POINT('',(0.127,-9.9315,0.));
#6682 = LINE('',#6683,#6684);
#6683 = CARTESIAN_POINT('',(0.127,-9.9315,0.));
#6684 = VECTOR('',#6685,1.);
#6685 = DIRECTION('',(1.387374085862E-31,-3.124088708055E-16,-1.));
#6686 = ORIENTED_EDGE('',*,*,#6687,.F.);
#6687 = EDGE_CURVE('',#3520,#6680,#6688,.T.);
#6688 = LINE('',#6689,#6690);
#6689 = CARTESIAN_POINT('',(0.127,-9.398,0.));
#6690 = VECTOR('',#6691,1.);
#6691 = DIRECTION('',(4.440892098501E-16,-1.,0.));
#6692 = PLANE('',#6693);
#6693 = AXIS2_PLACEMENT_3D('',#6694,#6695,#6696);
#6694 = CARTESIAN_POINT('',(0.127,-9.398,2.157));
#6695 = DIRECTION('',(1.,4.440892098501E-16,0.));
#6696 = DIRECTION('',(0.,0.,-1.));
#6697 = ADVANCED_FACE('',(#6698),#6706,.T.);
#6698 = FACE_BOUND('',#6699,.T.);
#6699 = EDGE_LOOP('',(#6700,#6701,#6702,#6703,#6704,#6705));
#6700 = ORIENTED_EDGE('',*,*,#3385,.F.);
#6701 = ORIENTED_EDGE('',*,*,#5570,.F.);
#6702 = ORIENTED_EDGE('',*,*,#3722,.F.);
#6703 = ORIENTED_EDGE('',*,*,#3502,.F.);
#6704 = ORIENTED_EDGE('',*,*,#6532,.F.);
#6705 = ORIENTED_EDGE('',*,*,#3338,.F.);
#6706 = PLANE('',#6707);
#6707 = AXIS2_PLACEMENT_3D('',#6708,#6709,#6710);
#6708 = CARTESIAN_POINT('',(3.683,-10.922,2.157));
#6709 = DIRECTION('',(0.,0.,1.));
#6710 = DIRECTION('',(-4.440892098501E-16,1.,0.));
#6711 = ADVANCED_FACE('',(#6712),#6723,.T.);
#6712 = FACE_BOUND('',#6713,.T.);
#6713 = EDGE_LOOP('',(#6714,#6720,#6721,#6722));
#6714 = ORIENTED_EDGE('',*,*,#6715,.T.);
#6715 = EDGE_CURVE('',#6389,#6478,#6716,.T.);
#6716 = LINE('',#6717,#6718);
#6717 = CARTESIAN_POINT('',(-0.127,-5.3085,0.));
#6718 = VECTOR('',#6719,1.);
#6719 = DIRECTION('',(1.,4.440892098501E-16,0.));
#6720 = ORIENTED_EDGE('',*,*,#6477,.T.);
#6721 = ORIENTED_EDGE('',*,*,#3452,.F.);
#6722 = ORIENTED_EDGE('',*,*,#6388,.F.);
#6723 = PLANE('',#6724);
#6724 = AXIS2_PLACEMENT_3D('',#6725,#6726,#6727);
#6725 = CARTESIAN_POINT('',(-0.127,-5.3085,0.));
#6726 = DIRECTION('',(0.,0.,-1.));
#6727 = DIRECTION('',(4.440892098501E-16,-1.,0.));
#6728 = ADVANCED_FACE('',(#6729),#6740,.T.);
#6729 = FACE_BOUND('',#6730,.T.);
#6730 = EDGE_LOOP('',(#6731,#6732,#6733,#6739));
#6731 = ORIENTED_EDGE('',*,*,#3527,.T.);
#6732 = ORIENTED_EDGE('',*,*,#6687,.T.);
#6733 = ORIENTED_EDGE('',*,*,#6734,.F.);
#6734 = EDGE_CURVE('',#6598,#6680,#6735,.T.);
#6735 = LINE('',#6736,#6737);
#6736 = CARTESIAN_POINT('',(-0.127,-9.9315,0.));
#6737 = VECTOR('',#6738,1.);
#6738 = DIRECTION('',(1.,4.440892098501E-16,0.));
#6739 = ORIENTED_EDGE('',*,*,#6605,.F.);
#6740 = PLANE('',#6741);
#6741 = AXIS2_PLACEMENT_3D('',#6742,#6743,#6744);
#6742 = CARTESIAN_POINT('',(-0.127,-9.398,0.));
#6743 = DIRECTION('',(0.,0.,-1.));
#6744 = DIRECTION('',(4.440892098501E-16,-1.,0.));
#6745 = ADVANCED_FACE('',(#6746),#6759,.T.);
#6746 = FACE_BOUND('',#6747,.T.);
#6747 = EDGE_LOOP('',(#6748,#6749,#6750,#6751,#6752,#6758));
#6748 = ORIENTED_EDGE('',*,*,#3713,.F.);
#6749 = ORIENTED_EDGE('',*,*,#5563,.F.);
#6750 = ORIENTED_EDGE('',*,*,#3575,.F.);
#6751 = ORIENTED_EDGE('',*,*,#3608,.F.);
#6752 = ORIENTED_EDGE('',*,*,#6753,.F.);
#6753 = EDGE_CURVE('',#3656,#3598,#6754,.T.);
#6754 = LINE('',#6755,#6756);
#6755 = CARTESIAN_POINT('',(0.254,-8.382,2.157));
#6756 = VECTOR('',#6757,1.);
#6757 = DIRECTION('',(-4.440892098501E-16,1.,0.));
#6758 = ORIENTED_EDGE('',*,*,#3666,.F.);
#6759 = PLANE('',#6760);
#6760 = AXIS2_PLACEMENT_3D('',#6761,#6762,#6763);
#6761 = CARTESIAN_POINT('',(3.683,-8.382,2.157));
#6762 = DIRECTION('',(0.,0.,1.));
#6763 = DIRECTION('',(-4.440892098501E-16,1.,0.));
#6764 = ADVANCED_FACE('',(#6765),#6776,.T.);
#6765 = FACE_BOUND('',#6766,.T.);
#6766 = EDGE_LOOP('',(#6767,#6768,#6769,#6775));
#6767 = ORIENTED_EDGE('',*,*,#6753,.T.);
#6768 = ORIENTED_EDGE('',*,*,#3597,.T.);
#6769 = ORIENTED_EDGE('',*,*,#6770,.F.);
#6770 = EDGE_CURVE('',#3658,#3600,#6771,.T.);
#6771 = LINE('',#6772,#6773);
#6772 = CARTESIAN_POINT('',(-0.127,-8.382,1.776));
#6773 = VECTOR('',#6774,1.);
#6774 = DIRECTION('',(-4.440892098501E-16,1.,0.));
#6775 = ORIENTED_EDGE('',*,*,#3655,.F.);
#6776 = CYLINDRICAL_SURFACE('',#6777,0.381);
#6777 = AXIS2_PLACEMENT_3D('',#6778,#6779,#6780);
#6778 = CARTESIAN_POINT('',(0.254,-8.382,1.776));
#6779 = DIRECTION('',(-4.440892098501E-16,1.,0.));
#6780 = DIRECTION('',(0.,0.,1.));
#6781 = ADVANCED_FACE('',(#6782),#6841,.F.);
#6782 = FACE_BOUND('',#6783,.F.);
#6783 = EDGE_LOOP('',(#6784,#6785,#6786,#6787,#6795,#6803,#6811,#6819,
    #6827,#6835));
#6784 = ORIENTED_EDGE('',*,*,#3641,.F.);
#6785 = ORIENTED_EDGE('',*,*,#6770,.F.);
#6786 = ORIENTED_EDGE('',*,*,#3699,.F.);
#6787 = ORIENTED_EDGE('',*,*,#6788,.F.);
#6788 = EDGE_CURVE('',#6789,#3692,#6791,.T.);
#6789 = VERTEX_POINT('',#6790);
#6790 = CARTESIAN_POINT('',(-0.127,-7.8485,0.));
#6791 = LINE('',#6792,#6793);
#6792 = CARTESIAN_POINT('',(-0.127,-7.8485,0.));
#6793 = VECTOR('',#6794,1.);
#6794 = DIRECTION('',(4.440892098501E-16,-1.,0.));
#6795 = ORIENTED_EDGE('',*,*,#6796,.F.);
#6796 = EDGE_CURVE('',#6797,#6789,#6799,.T.);
#6797 = VERTEX_POINT('',#6798);
#6798 = CARTESIAN_POINT('',(-0.127,-7.8485,-2.843));
#6799 = LINE('',#6800,#6801);
#6800 = CARTESIAN_POINT('',(-0.127,-7.8485,-2.843));
#6801 = VECTOR('',#6802,1.);
#6802 = DIRECTION('',(1.387374085862E-31,-3.124088708055E-16,1.));
#6803 = ORIENTED_EDGE('',*,*,#6804,.F.);
#6804 = EDGE_CURVE('',#6805,#6797,#6807,.T.);
#6805 = VERTEX_POINT('',#6806);
#6806 = CARTESIAN_POINT('',(-0.127,-7.73425,-3.3));
#6807 = LINE('',#6808,#6809);
#6808 = CARTESIAN_POINT('',(-0.127,-7.73425,-3.3));
#6809 = VECTOR('',#6810,1.);
#6810 = DIRECTION('',(1.077074540829E-16,-0.242535625036,0.970142500145)
  );
#6811 = ORIENTED_EDGE('',*,*,#6812,.F.);
#6812 = EDGE_CURVE('',#6813,#6805,#6815,.T.);
#6813 = VERTEX_POINT('',#6814);
#6814 = CARTESIAN_POINT('',(-0.127,-7.50575,-3.3));
#6815 = LINE('',#6816,#6817);
#6816 = CARTESIAN_POINT('',(-0.127,-7.50575,-3.3));
#6817 = VECTOR('',#6818,1.);
#6818 = DIRECTION('',(4.440892098501E-16,-1.,0.));
#6819 = ORIENTED_EDGE('',*,*,#6820,.F.);
#6820 = EDGE_CURVE('',#6821,#6813,#6823,.T.);
#6821 = VERTEX_POINT('',#6822);
#6822 = CARTESIAN_POINT('',(-0.127,-7.3915,-2.843));
#6823 = LINE('',#6824,#6825);
#6824 = CARTESIAN_POINT('',(-0.127,-7.3915,-2.843));
#6825 = VECTOR('',#6826,1.);
#6826 = DIRECTION('',(1.077074540829E-16,-0.242535625036,-0.970142500145
    ));
#6827 = ORIENTED_EDGE('',*,*,#6828,.F.);
#6828 = EDGE_CURVE('',#6829,#6821,#6831,.T.);
#6829 = VERTEX_POINT('',#6830);
#6830 = CARTESIAN_POINT('',(-0.127,-7.3915,0.));
#6831 = LINE('',#6832,#6833);
#6832 = CARTESIAN_POINT('',(-0.127,-7.3915,0.));
#6833 = VECTOR('',#6834,1.);
#6834 = DIRECTION('',(1.387374085862E-31,-3.124088708055E-16,-1.));
#6835 = ORIENTED_EDGE('',*,*,#6836,.F.);
#6836 = EDGE_CURVE('',#3634,#6829,#6837,.T.);
#6837 = LINE('',#6838,#6839);
#6838 = CARTESIAN_POINT('',(-0.127,-6.858,0.));
#6839 = VECTOR('',#6840,1.);
#6840 = DIRECTION('',(4.440892098501E-16,-1.,0.));
#6841 = PLANE('',#6842);
#6842 = AXIS2_PLACEMENT_3D('',#6843,#6844,#6845);
#6843 = CARTESIAN_POINT('',(-0.127,-6.858,2.157));
#6844 = DIRECTION('',(1.,4.440892098501E-16,0.));
#6845 = DIRECTION('',(0.,0.,-1.));
#6846 = ADVANCED_FACE('',(#6847),#6865,.T.);
#6847 = FACE_BOUND('',#6848,.T.);
#6848 = EDGE_LOOP('',(#6849,#6850,#6858,#6864));
#6849 = ORIENTED_EDGE('',*,*,#3633,.T.);
#6850 = ORIENTED_EDGE('',*,*,#6851,.T.);
#6851 = EDGE_CURVE('',#3626,#6852,#6854,.T.);
#6852 = VERTEX_POINT('',#6853);
#6853 = CARTESIAN_POINT('',(0.127,-7.3915,0.));
#6854 = LINE('',#6855,#6856);
#6855 = CARTESIAN_POINT('',(0.127,-6.858,0.));
#6856 = VECTOR('',#6857,1.);
#6857 = DIRECTION('',(4.440892098501E-16,-1.,0.));
#6858 = ORIENTED_EDGE('',*,*,#6859,.F.);
#6859 = EDGE_CURVE('',#6829,#6852,#6860,.T.);
#6860 = LINE('',#6861,#6862);
#6861 = CARTESIAN_POINT('',(-0.127,-7.3915,0.));
#6862 = VECTOR('',#6863,1.);
#6863 = DIRECTION('',(1.,4.440892098501E-16,0.));
#6864 = ORIENTED_EDGE('',*,*,#6836,.F.);
#6865 = PLANE('',#6866);
#6866 = AXIS2_PLACEMENT_3D('',#6867,#6868,#6869);
#6867 = CARTESIAN_POINT('',(-0.127,-6.858,0.));
#6868 = DIRECTION('',(0.,0.,-1.));
#6869 = DIRECTION('',(4.440892098501E-16,-1.,0.));
#6870 = ADVANCED_FACE('',(#6871),#6923,.T.);
#6871 = FACE_BOUND('',#6872,.T.);
#6872 = EDGE_LOOP('',(#6873,#6874,#6875,#6876,#6884,#6892,#6900,#6908,
    #6916,#6922));
#6873 = ORIENTED_EDGE('',*,*,#3625,.F.);
#6874 = ORIENTED_EDGE('',*,*,#3744,.T.);
#6875 = ORIENTED_EDGE('',*,*,#3683,.F.);
#6876 = ORIENTED_EDGE('',*,*,#6877,.F.);
#6877 = EDGE_CURVE('',#6878,#3684,#6880,.T.);
#6878 = VERTEX_POINT('',#6879);
#6879 = CARTESIAN_POINT('',(0.127,-7.8485,0.));
#6880 = LINE('',#6881,#6882);
#6881 = CARTESIAN_POINT('',(0.127,-7.8485,0.));
#6882 = VECTOR('',#6883,1.);
#6883 = DIRECTION('',(4.440892098501E-16,-1.,0.));
#6884 = ORIENTED_EDGE('',*,*,#6885,.F.);
#6885 = EDGE_CURVE('',#6886,#6878,#6888,.T.);
#6886 = VERTEX_POINT('',#6887);
#6887 = CARTESIAN_POINT('',(0.127,-7.8485,-2.843));
#6888 = LINE('',#6889,#6890);
#6889 = CARTESIAN_POINT('',(0.127,-7.8485,-2.843));
#6890 = VECTOR('',#6891,1.);
#6891 = DIRECTION('',(1.387374085862E-31,-3.124088708055E-16,1.));
#6892 = ORIENTED_EDGE('',*,*,#6893,.F.);
#6893 = EDGE_CURVE('',#6894,#6886,#6896,.T.);
#6894 = VERTEX_POINT('',#6895);
#6895 = CARTESIAN_POINT('',(0.127,-7.73425,-3.3));
#6896 = LINE('',#6897,#6898);
#6897 = CARTESIAN_POINT('',(0.127,-7.73425,-3.3));
#6898 = VECTOR('',#6899,1.);
#6899 = DIRECTION('',(1.077074540829E-16,-0.242535625036,0.970142500145)
  );
#6900 = ORIENTED_EDGE('',*,*,#6901,.F.);
#6901 = EDGE_CURVE('',#6902,#6894,#6904,.T.);
#6902 = VERTEX_POINT('',#6903);
#6903 = CARTESIAN_POINT('',(0.127,-7.50575,-3.3));
#6904 = LINE('',#6905,#6906);
#6905 = CARTESIAN_POINT('',(0.127,-7.50575,-3.3));
#6906 = VECTOR('',#6907,1.);
#6907 = DIRECTION('',(4.440892098501E-16,-1.,0.));
#6908 = ORIENTED_EDGE('',*,*,#6909,.F.);
#6909 = EDGE_CURVE('',#6910,#6902,#6912,.T.);
#6910 = VERTEX_POINT('',#6911);
#6911 = CARTESIAN_POINT('',(0.127,-7.3915,-2.843));
#6912 = LINE('',#6913,#6914);
#6913 = CARTESIAN_POINT('',(0.127,-7.3915,-2.843));
#6914 = VECTOR('',#6915,1.);
#6915 = DIRECTION('',(1.077074540829E-16,-0.242535625036,-0.970142500145
    ));
#6916 = ORIENTED_EDGE('',*,*,#6917,.F.);
#6917 = EDGE_CURVE('',#6852,#6910,#6918,.T.);
#6918 = LINE('',#6919,#6920);
#6919 = CARTESIAN_POINT('',(0.127,-7.3915,0.));
#6920 = VECTOR('',#6921,1.);
#6921 = DIRECTION('',(1.387374085862E-31,-3.124088708055E-16,-1.));
#6922 = ORIENTED_EDGE('',*,*,#6851,.F.);
#6923 = PLANE('',#6924);
#6924 = AXIS2_PLACEMENT_3D('',#6925,#6926,#6927);
#6925 = CARTESIAN_POINT('',(0.127,-6.858,2.157));
#6926 = DIRECTION('',(1.,4.440892098501E-16,0.));
#6927 = DIRECTION('',(0.,0.,-1.));
#6928 = ADVANCED_FACE('',(#6929),#6940,.T.);
#6929 = FACE_BOUND('',#6930,.T.);
#6930 = EDGE_LOOP('',(#6931,#6937,#6938,#6939));
#6931 = ORIENTED_EDGE('',*,*,#6932,.T.);
#6932 = EDGE_CURVE('',#6789,#6878,#6933,.T.);
#6933 = LINE('',#6934,#6935);
#6934 = CARTESIAN_POINT('',(-0.127,-7.8485,0.));
#6935 = VECTOR('',#6936,1.);
#6936 = DIRECTION('',(1.,4.440892098501E-16,0.));
#6937 = ORIENTED_EDGE('',*,*,#6877,.T.);
#6938 = ORIENTED_EDGE('',*,*,#3691,.F.);
#6939 = ORIENTED_EDGE('',*,*,#6788,.F.);
#6940 = PLANE('',#6941);
#6941 = AXIS2_PLACEMENT_3D('',#6942,#6943,#6944);
#6942 = CARTESIAN_POINT('',(-0.127,-7.8485,0.));
#6943 = DIRECTION('',(0.,0.,-1.));
#6944 = DIRECTION('',(4.440892098501E-16,-1.,0.));
#6945 = ADVANCED_FACE('',(#6946),#6957,.T.);
#6946 = FACE_BOUND('',#6947,.T.);
#6947 = EDGE_LOOP('',(#6948,#6949,#6950,#6956));
#6948 = ORIENTED_EDGE('',*,*,#3763,.T.);
#6949 = ORIENTED_EDGE('',*,*,#3843,.T.);
#6950 = ORIENTED_EDGE('',*,*,#6951,.F.);
#6951 = EDGE_CURVE('',#5592,#3836,#6952,.T.);
#6952 = LINE('',#6953,#6954);
#6953 = CARTESIAN_POINT('',(1.033723643423,-16.74627635657,3.68));
#6954 = VECTOR('',#6955,1.);
#6955 = DIRECTION('',(1.,4.440892098501E-16,0.));
#6956 = ORIENTED_EDGE('',*,*,#5591,.F.);
#6957 = B_SPLINE_SURFACE_WITH_KNOTS('',1,1,(
    (#6958,#6959)
    ,(#6960,#6961
    )),.UNSPECIFIED.,.F.,.F.,.F.,(2,2),(2,2),(0.,6.2),(0.,1.),
  .PIECEWISE_BEZIER_KNOTS.);
#6958 = CARTESIAN_POINT('',(0.71,-17.07,2.157));
#6959 = CARTESIAN_POINT('',(1.033723643423,-16.74627635657,3.68));
#6960 = CARTESIAN_POINT('',(6.91,-17.07,2.157));
#6961 = CARTESIAN_POINT('',(6.586276356577,-16.74627635657,3.68));
#6962 = ADVANCED_FACE('',(#6963),#6986,.F.);
#6963 = FACE_BOUND('',#6964,.F.);
#6964 = EDGE_LOOP('',(#6965,#6966,#6967,#6968,#6969,#6978,#6985));
#6965 = ORIENTED_EDGE('',*,*,#3835,.F.);
#6966 = ORIENTED_EDGE('',*,*,#6951,.F.);
#6967 = ORIENTED_EDGE('',*,*,#5598,.F.);
#6968 = ORIENTED_EDGE('',*,*,#5201,.F.);
#6969 = ORIENTED_EDGE('',*,*,#6970,.F.);
#6970 = EDGE_CURVE('',#6971,#5202,#6973,.T.);
#6971 = VERTEX_POINT('',#6972);
#6972 = CARTESIAN_POINT('',(3.81,0.831276356577,3.68));
#6973 = CIRCLE('',#6974,0.75);
#6974 = AXIS2_PLACEMENT_3D('',#6975,#6976,#6977);
#6975 = CARTESIAN_POINT('',(3.81,1.581276356577,3.68));
#6976 = DIRECTION('',(0.,-0.,-1.));
#6977 = DIRECTION('',(4.440892098501E-16,-1.,0.));
#6978 = ORIENTED_EDGE('',*,*,#6979,.F.);
#6979 = EDGE_CURVE('',#5422,#6971,#6980,.T.);
#6980 = CIRCLE('',#6981,0.75);
#6981 = AXIS2_PLACEMENT_3D('',#6982,#6983,#6984);
#6982 = CARTESIAN_POINT('',(3.81,1.581276356577,3.68));
#6983 = DIRECTION('',(0.,-0.,-1.));
#6984 = DIRECTION('',(4.440892098501E-16,-1.,0.));
#6985 = ORIENTED_EDGE('',*,*,#5527,.F.);
#6986 = PLANE('',#6987);
#6987 = AXIS2_PLACEMENT_3D('',#6988,#6989,#6990);
#6988 = CARTESIAN_POINT('',(6.586276356577,-16.74627635657,3.68));
#6989 = DIRECTION('',(-0.,0.,-1.));
#6990 = DIRECTION('',(-0.291038228898,0.956711424265,0.));
#6991 = ADVANCED_FACE('',(#6992),#7003,.T.);
#6992 = FACE_BOUND('',#6993,.T.);
#6993 = EDGE_LOOP('',(#6994,#6995,#6996,#7002));
#6994 = ORIENTED_EDGE('',*,*,#3926,.T.);
#6995 = ORIENTED_EDGE('',*,*,#3902,.T.);
#6996 = ORIENTED_EDGE('',*,*,#6997,.F.);
#6997 = EDGE_CURVE('',#3973,#3895,#6998,.T.);
#6998 = LINE('',#6999,#7000);
#6999 = CARTESIAN_POINT('',(7.747,-15.12575,-3.3));
#7000 = VECTOR('',#7001,1.);
#7001 = DIRECTION('',(-1.,-3.216245299353E-16,0.));
#7002 = ORIENTED_EDGE('',*,*,#3980,.F.);
#7003 = PLANE('',#7004);
#7004 = AXIS2_PLACEMENT_3D('',#7005,#7006,#7007);
#7005 = CARTESIAN_POINT('',(7.747,-15.35425,-3.3));
#7006 = DIRECTION('',(-0.,0.,-1.));
#7007 = DIRECTION('',(-3.216245299353E-16,1.,0.));
#7008 = ADVANCED_FACE('',(#7009),#7020,.T.);
#7009 = FACE_BOUND('',#7010,.T.);
#7010 = EDGE_LOOP('',(#7011,#7012,#7013,#7019));
#7011 = ORIENTED_EDGE('',*,*,#6997,.T.);
#7012 = ORIENTED_EDGE('',*,*,#3894,.T.);
#7013 = ORIENTED_EDGE('',*,*,#7014,.F.);
#7014 = EDGE_CURVE('',#3965,#3887,#7015,.T.);
#7015 = LINE('',#7016,#7017);
#7016 = CARTESIAN_POINT('',(7.747,-15.0115,-2.843));
#7017 = VECTOR('',#7018,1.);
#7018 = DIRECTION('',(-1.,-3.216245299353E-16,0.));
#7019 = ORIENTED_EDGE('',*,*,#3972,.F.);
#7020 = PLANE('',#7021);
#7021 = AXIS2_PLACEMENT_3D('',#7022,#7023,#7024);
#7022 = CARTESIAN_POINT('',(7.747,-15.12575,-3.3));
#7023 = DIRECTION('',(-3.120216255796E-16,0.970142500145,-0.242535625036
    ));
#7024 = DIRECTION('',(-7.800540639491E-17,0.242535625036,0.970142500145)
  );
#7025 = ADVANCED_FACE('',(#7026),#7032,.T.);
#7026 = FACE_BOUND('',#7027,.T.);
#7027 = EDGE_LOOP('',(#7028,#7029,#7030,#7031));
#7028 = ORIENTED_EDGE('',*,*,#7014,.T.);
#7029 = ORIENTED_EDGE('',*,*,#3886,.T.);
#7030 = ORIENTED_EDGE('',*,*,#4158,.F.);
#7031 = ORIENTED_EDGE('',*,*,#3964,.F.);
#7032 = PLANE('',#7033);
#7033 = AXIS2_PLACEMENT_3D('',#7034,#7035,#7036);
#7034 = CARTESIAN_POINT('',(7.747,-15.0115,-2.843));
#7035 = DIRECTION('',(-3.216245299353E-16,1.,0.));
#7036 = DIRECTION('',(0.,0.,1.));
#7037 = ADVANCED_FACE('',(#7038),#7049,.F.);
#7038 = FACE_BOUND('',#7039,.F.);
#7039 = EDGE_LOOP('',(#7040,#7041,#7042,#7048));
#7040 = ORIENTED_EDGE('',*,*,#4101,.T.);
#7041 = ORIENTED_EDGE('',*,*,#4143,.T.);
#7042 = ORIENTED_EDGE('',*,*,#7043,.F.);
#7043 = EDGE_CURVE('',#4063,#4136,#7044,.T.);
#7044 = LINE('',#7045,#7046);
#7045 = CARTESIAN_POINT('',(7.747,-0.11425,-3.3));
#7046 = VECTOR('',#7047,1.);
#7047 = DIRECTION('',(-1.,-3.216245299353E-16,0.));
#7048 = ORIENTED_EDGE('',*,*,#4070,.F.);
#7049 = PLANE('',#7050);
#7050 = AXIS2_PLACEMENT_3D('',#7051,#7052,#7053);
#7051 = CARTESIAN_POINT('',(7.747,0.11425,-3.3));
#7052 = DIRECTION('',(0.,0.,1.));
#7053 = DIRECTION('',(3.216245299353E-16,-1.,0.));
#7054 = ADVANCED_FACE('',(#7055),#7066,.F.);
#7055 = FACE_BOUND('',#7056,.F.);
#7056 = EDGE_LOOP('',(#7057,#7058,#7059,#7065));
#7057 = ORIENTED_EDGE('',*,*,#7043,.T.);
#7058 = ORIENTED_EDGE('',*,*,#4135,.T.);
#7059 = ORIENTED_EDGE('',*,*,#7060,.F.);
#7060 = EDGE_CURVE('',#4055,#4128,#7061,.T.);
#7061 = LINE('',#7062,#7063);
#7062 = CARTESIAN_POINT('',(7.747,-0.2285,-2.843));
#7063 = VECTOR('',#7064,1.);
#7064 = DIRECTION('',(-1.,-3.216245299353E-16,0.));
#7065 = ORIENTED_EDGE('',*,*,#4062,.F.);
#7066 = PLANE('',#7067);
#7067 = AXIS2_PLACEMENT_3D('',#7068,#7069,#7070);
#7068 = CARTESIAN_POINT('',(7.747,-0.11425,-3.3));
#7069 = DIRECTION('',(-3.120216255796E-16,0.970142500145,0.242535625036)
  );
#7070 = DIRECTION('',(7.800540639491E-17,-0.242535625036,0.970142500145)
  );
#7071 = ADVANCED_FACE('',(#7072),#7078,.F.);
#7072 = FACE_BOUND('',#7073,.F.);
#7073 = EDGE_LOOP('',(#7074,#7075,#7076,#7077));
#7074 = ORIENTED_EDGE('',*,*,#7060,.T.);
#7075 = ORIENTED_EDGE('',*,*,#4127,.T.);
#7076 = ORIENTED_EDGE('',*,*,#4175,.F.);
#7077 = ORIENTED_EDGE('',*,*,#4054,.F.);
#7078 = PLANE('',#7079);
#7079 = AXIS2_PLACEMENT_3D('',#7080,#7081,#7082);
#7080 = CARTESIAN_POINT('',(7.747,-0.2285,-2.843));
#7081 = DIRECTION('',(-3.216245299353E-16,1.,0.));
#7082 = DIRECTION('',(0.,0.,1.));
#7083 = ADVANCED_FACE('',(#7084),#7095,.T.);
#7084 = FACE_BOUND('',#7085,.T.);
#7085 = EDGE_LOOP('',(#7086,#7087,#7088,#7094));
#7086 = ORIENTED_EDGE('',*,*,#4278,.T.);
#7087 = ORIENTED_EDGE('',*,*,#4254,.T.);
#7088 = ORIENTED_EDGE('',*,*,#7089,.F.);
#7089 = EDGE_CURVE('',#4341,#4247,#7090,.T.);
#7090 = LINE('',#7091,#7092);
#7091 = CARTESIAN_POINT('',(7.747,-12.9285,-2.843));
#7092 = VECTOR('',#7093,1.);
#7093 = DIRECTION('',(-1.,-3.216245299353E-16,0.));
#7094 = ORIENTED_EDGE('',*,*,#4348,.F.);
#7095 = PLANE('',#7096);
#7096 = AXIS2_PLACEMENT_3D('',#7097,#7098,#7099);
#7097 = CARTESIAN_POINT('',(7.747,-12.9285,0.));
#7098 = DIRECTION('',(3.216245299353E-16,-1.,-3.124088708055E-16));
#7099 = DIRECTION('',(-1.004783562205E-31,3.124088708055E-16,-1.));
#7100 = ADVANCED_FACE('',(#7101),#7112,.T.);
#7101 = FACE_BOUND('',#7102,.T.);
#7102 = EDGE_LOOP('',(#7103,#7104,#7105,#7111));
#7103 = ORIENTED_EDGE('',*,*,#7089,.T.);
#7104 = ORIENTED_EDGE('',*,*,#4246,.T.);
#7105 = ORIENTED_EDGE('',*,*,#7106,.F.);
#7106 = EDGE_CURVE('',#4333,#4239,#7107,.T.);
#7107 = LINE('',#7108,#7109);
#7108 = CARTESIAN_POINT('',(7.747,-12.81425,-3.3));
#7109 = VECTOR('',#7110,1.);
#7110 = DIRECTION('',(-1.,-3.216245299353E-16,0.));
#7111 = ORIENTED_EDGE('',*,*,#4340,.F.);
#7112 = PLANE('',#7113);
#7113 = AXIS2_PLACEMENT_3D('',#7114,#7115,#7116);
#7114 = CARTESIAN_POINT('',(7.747,-12.9285,-2.843));
#7115 = DIRECTION('',(3.120216255796E-16,-0.970142500145,-0.242535625036
    ));
#7116 = DIRECTION('',(-7.800540639491E-17,0.242535625036,-0.970142500145
    ));
#7117 = ADVANCED_FACE('',(#7118),#7129,.T.);
#7118 = FACE_BOUND('',#7119,.T.);
#7119 = EDGE_LOOP('',(#7120,#7126,#7127,#7128));
#7120 = ORIENTED_EDGE('',*,*,#7121,.T.);
#7121 = EDGE_CURVE('',#4317,#4223,#7122,.T.);
#7122 = LINE('',#7123,#7124);
#7123 = CARTESIAN_POINT('',(7.747,-12.4715,-2.843));
#7124 = VECTOR('',#7125,1.);
#7125 = DIRECTION('',(-1.,-3.216245299353E-16,0.));
#7126 = ORIENTED_EDGE('',*,*,#4222,.T.);
#7127 = ORIENTED_EDGE('',*,*,#4558,.F.);
#7128 = ORIENTED_EDGE('',*,*,#4316,.F.);
#7129 = PLANE('',#7130);
#7130 = AXIS2_PLACEMENT_3D('',#7131,#7132,#7133);
#7131 = CARTESIAN_POINT('',(7.747,-12.4715,-2.843));
#7132 = DIRECTION('',(-3.216245299353E-16,1.,-3.124088708055E-16));
#7133 = DIRECTION('',(-1.004783562205E-31,3.124088708055E-16,1.));
#7134 = ADVANCED_FACE('',(#7135),#7146,.T.);
#7135 = FACE_BOUND('',#7136,.T.);
#7136 = EDGE_LOOP('',(#7137,#7138,#7139,#7145));
#7137 = ORIENTED_EDGE('',*,*,#7106,.T.);
#7138 = ORIENTED_EDGE('',*,*,#4238,.T.);
#7139 = ORIENTED_EDGE('',*,*,#7140,.F.);
#7140 = EDGE_CURVE('',#4325,#4231,#7141,.T.);
#7141 = LINE('',#7142,#7143);
#7142 = CARTESIAN_POINT('',(7.747,-12.58575,-3.3));
#7143 = VECTOR('',#7144,1.);
#7144 = DIRECTION('',(-1.,-3.216245299353E-16,0.));
#7145 = ORIENTED_EDGE('',*,*,#4332,.F.);
#7146 = PLANE('',#7147);
#7147 = AXIS2_PLACEMENT_3D('',#7148,#7149,#7150);
#7148 = CARTESIAN_POINT('',(7.747,-12.81425,-3.3));
#7149 = DIRECTION('',(-0.,0.,-1.));
#7150 = DIRECTION('',(-3.216245299353E-16,1.,0.));
#7151 = ADVANCED_FACE('',(#7152),#7158,.T.);
#7152 = FACE_BOUND('',#7153,.T.);
#7153 = EDGE_LOOP('',(#7154,#7155,#7156,#7157));
#7154 = ORIENTED_EDGE('',*,*,#7140,.T.);
#7155 = ORIENTED_EDGE('',*,*,#4230,.T.);
#7156 = ORIENTED_EDGE('',*,*,#7121,.F.);
#7157 = ORIENTED_EDGE('',*,*,#4324,.F.);
#7158 = PLANE('',#7159);
#7159 = AXIS2_PLACEMENT_3D('',#7160,#7161,#7162);
#7160 = CARTESIAN_POINT('',(7.747,-12.58575,-3.3));
#7161 = DIRECTION('',(-3.120216255796E-16,0.970142500145,-0.242535625036
    ));
#7162 = DIRECTION('',(-7.800540639491E-17,0.242535625036,0.970142500145)
  );
#7163 = ADVANCED_FACE('',(#7164),#7175,.T.);
#7164 = FACE_BOUND('',#7165,.T.);
#7165 = EDGE_LOOP('',(#7166,#7167,#7168,#7174));
#7166 = ORIENTED_EDGE('',*,*,#4577,.T.);
#7167 = ORIENTED_EDGE('',*,*,#4418,.T.);
#7168 = ORIENTED_EDGE('',*,*,#7169,.F.);
#7169 = EDGE_CURVE('',#4498,#4411,#7170,.T.);
#7170 = LINE('',#7171,#7172);
#7171 = CARTESIAN_POINT('',(7.747,-2.7685,-2.843));
#7172 = VECTOR('',#7173,1.);
#7173 = DIRECTION('',(-1.,-3.216245299353E-16,0.));
#7174 = ORIENTED_EDGE('',*,*,#4505,.F.);
#7175 = PLANE('',#7176);
#7176 = AXIS2_PLACEMENT_3D('',#7177,#7178,#7179);
#7177 = CARTESIAN_POINT('',(7.747,-2.7685,0.));
#7178 = DIRECTION('',(3.216245299353E-16,-1.,-3.124088708055E-16));
#7179 = DIRECTION('',(-1.004783562205E-31,3.124088708055E-16,-1.));
#7180 = ADVANCED_FACE('',(#7181),#7192,.T.);
#7181 = FACE_BOUND('',#7182,.T.);
#7182 = EDGE_LOOP('',(#7183,#7184,#7185,#7191));
#7183 = ORIENTED_EDGE('',*,*,#7169,.T.);
#7184 = ORIENTED_EDGE('',*,*,#4410,.T.);
#7185 = ORIENTED_EDGE('',*,*,#7186,.F.);
#7186 = EDGE_CURVE('',#4490,#4403,#7187,.T.);
#7187 = LINE('',#7188,#7189);
#7188 = CARTESIAN_POINT('',(7.747,-2.65425,-3.3));
#7189 = VECTOR('',#7190,1.);
#7190 = DIRECTION('',(-1.,-3.216245299353E-16,0.));
#7191 = ORIENTED_EDGE('',*,*,#4497,.F.);
#7192 = PLANE('',#7193);
#7193 = AXIS2_PLACEMENT_3D('',#7194,#7195,#7196);
#7194 = CARTESIAN_POINT('',(7.747,-2.7685,-2.843));
#7195 = DIRECTION('',(3.120216255796E-16,-0.970142500145,-0.242535625036
    ));
#7196 = DIRECTION('',(-7.800540639491E-17,0.242535625036,-0.970142500145
    ));
#7197 = ADVANCED_FACE('',(#7198),#7209,.T.);
#7198 = FACE_BOUND('',#7199,.T.);
#7199 = EDGE_LOOP('',(#7200,#7206,#7207,#7208));
#7200 = ORIENTED_EDGE('',*,*,#7201,.T.);
#7201 = EDGE_CURVE('',#4474,#4387,#7202,.T.);
#7202 = LINE('',#7203,#7204);
#7203 = CARTESIAN_POINT('',(7.747,-2.3115,-2.843));
#7204 = VECTOR('',#7205,1.);
#7205 = DIRECTION('',(-1.,-3.216245299353E-16,0.));
#7206 = ORIENTED_EDGE('',*,*,#4386,.T.);
#7207 = ORIENTED_EDGE('',*,*,#4440,.F.);
#7208 = ORIENTED_EDGE('',*,*,#4473,.F.);
#7209 = PLANE('',#7210);
#7210 = AXIS2_PLACEMENT_3D('',#7211,#7212,#7213);
#7211 = CARTESIAN_POINT('',(7.747,-2.3115,-2.843));
#7212 = DIRECTION('',(-3.216245299353E-16,1.,-3.124088708055E-16));
#7213 = DIRECTION('',(-1.004783562205E-31,3.124088708055E-16,1.));
#7214 = ADVANCED_FACE('',(#7215),#7226,.T.);
#7215 = FACE_BOUND('',#7216,.T.);
#7216 = EDGE_LOOP('',(#7217,#7218,#7219,#7225));
#7217 = ORIENTED_EDGE('',*,*,#7186,.T.);
#7218 = ORIENTED_EDGE('',*,*,#4402,.T.);
#7219 = ORIENTED_EDGE('',*,*,#7220,.F.);
#7220 = EDGE_CURVE('',#4482,#4395,#7221,.T.);
#7221 = LINE('',#7222,#7223);
#7222 = CARTESIAN_POINT('',(7.747,-2.42575,-3.3));
#7223 = VECTOR('',#7224,1.);
#7224 = DIRECTION('',(-1.,-3.216245299353E-16,0.));
#7225 = ORIENTED_EDGE('',*,*,#4489,.F.);
#7226 = PLANE('',#7227);
#7227 = AXIS2_PLACEMENT_3D('',#7228,#7229,#7230);
#7228 = CARTESIAN_POINT('',(7.747,-2.65425,-3.3));
#7229 = DIRECTION('',(-0.,0.,-1.));
#7230 = DIRECTION('',(-3.216245299353E-16,1.,0.));
#7231 = ADVANCED_FACE('',(#7232),#7238,.T.);
#7232 = FACE_BOUND('',#7233,.T.);
#7233 = EDGE_LOOP('',(#7234,#7235,#7236,#7237));
#7234 = ORIENTED_EDGE('',*,*,#7220,.T.);
#7235 = ORIENTED_EDGE('',*,*,#4394,.T.);
#7236 = ORIENTED_EDGE('',*,*,#7201,.F.);
#7237 = ORIENTED_EDGE('',*,*,#4481,.F.);
#7238 = PLANE('',#7239);
#7239 = AXIS2_PLACEMENT_3D('',#7240,#7241,#7242);
#7240 = CARTESIAN_POINT('',(7.747,-2.42575,-3.3));
#7241 = DIRECTION('',(-3.120216255796E-16,0.970142500145,-0.242535625036
    ));
#7242 = DIRECTION('',(-7.800540639491E-17,0.242535625036,0.970142500145)
  );
#7243 = ADVANCED_FACE('',(#7244),#7255,.T.);
#7244 = FACE_BOUND('',#7245,.T.);
#7245 = EDGE_LOOP('',(#7246,#7247,#7248,#7254));
#7246 = ORIENTED_EDGE('',*,*,#4678,.T.);
#7247 = ORIENTED_EDGE('',*,*,#4654,.T.);
#7248 = ORIENTED_EDGE('',*,*,#7249,.F.);
#7249 = EDGE_CURVE('',#4741,#4647,#7250,.T.);
#7250 = LINE('',#7251,#7252);
#7251 = CARTESIAN_POINT('',(7.747,-10.3885,-2.843));
#7252 = VECTOR('',#7253,1.);
#7253 = DIRECTION('',(-1.,-3.216245299353E-16,0.));
#7254 = ORIENTED_EDGE('',*,*,#4748,.F.);
#7255 = PLANE('',#7256);
#7256 = AXIS2_PLACEMENT_3D('',#7257,#7258,#7259);
#7257 = CARTESIAN_POINT('',(7.747,-10.3885,0.));
#7258 = DIRECTION('',(3.216245299353E-16,-1.,-3.124088708055E-16));
#7259 = DIRECTION('',(-1.004783562205E-31,3.124088708055E-16,-1.));
#7260 = ADVANCED_FACE('',(#7261),#7272,.T.);
#7261 = FACE_BOUND('',#7262,.T.);
#7262 = EDGE_LOOP('',(#7263,#7264,#7265,#7271));
#7263 = ORIENTED_EDGE('',*,*,#7249,.T.);
#7264 = ORIENTED_EDGE('',*,*,#4646,.T.);
#7265 = ORIENTED_EDGE('',*,*,#7266,.F.);
#7266 = EDGE_CURVE('',#4733,#4639,#7267,.T.);
#7267 = LINE('',#7268,#7269);
#7268 = CARTESIAN_POINT('',(7.747,-10.27425,-3.3));
#7269 = VECTOR('',#7270,1.);
#7270 = DIRECTION('',(-1.,-3.216245299353E-16,0.));
#7271 = ORIENTED_EDGE('',*,*,#4740,.F.);
#7272 = PLANE('',#7273);
#7273 = AXIS2_PLACEMENT_3D('',#7274,#7275,#7276);
#7274 = CARTESIAN_POINT('',(7.747,-10.3885,-2.843));
#7275 = DIRECTION('',(3.120216255796E-16,-0.970142500145,-0.242535625036
    ));
#7276 = DIRECTION('',(-7.800540639491E-17,0.242535625036,-0.970142500145
    ));
#7277 = ADVANCED_FACE('',(#7278),#7289,.T.);
#7278 = FACE_BOUND('',#7279,.T.);
#7279 = EDGE_LOOP('',(#7280,#7286,#7287,#7288));
#7280 = ORIENTED_EDGE('',*,*,#7281,.T.);
#7281 = EDGE_CURVE('',#4717,#4623,#7282,.T.);
#7282 = LINE('',#7283,#7284);
#7283 = CARTESIAN_POINT('',(7.747,-9.9315,-2.843));
#7284 = VECTOR('',#7285,1.);
#7285 = DIRECTION('',(-1.,-3.216245299353E-16,0.));
#7286 = ORIENTED_EDGE('',*,*,#4622,.T.);
#7287 = ORIENTED_EDGE('',*,*,#4958,.F.);
#7288 = ORIENTED_EDGE('',*,*,#4716,.F.);
#7289 = PLANE('',#7290);
#7290 = AXIS2_PLACEMENT_3D('',#7291,#7292,#7293);
#7291 = CARTESIAN_POINT('',(7.747,-9.9315,-2.843));
#7292 = DIRECTION('',(-3.216245299353E-16,1.,-3.124088708055E-16));
#7293 = DIRECTION('',(-1.004783562205E-31,3.124088708055E-16,1.));
#7294 = ADVANCED_FACE('',(#7295),#7306,.T.);
#7295 = FACE_BOUND('',#7296,.T.);
#7296 = EDGE_LOOP('',(#7297,#7298,#7299,#7305));
#7297 = ORIENTED_EDGE('',*,*,#7266,.T.);
#7298 = ORIENTED_EDGE('',*,*,#4638,.T.);
#7299 = ORIENTED_EDGE('',*,*,#7300,.F.);
#7300 = EDGE_CURVE('',#4725,#4631,#7301,.T.);
#7301 = LINE('',#7302,#7303);
#7302 = CARTESIAN_POINT('',(7.747,-10.04575,-3.3));
#7303 = VECTOR('',#7304,1.);
#7304 = DIRECTION('',(-1.,-3.216245299353E-16,0.));
#7305 = ORIENTED_EDGE('',*,*,#4732,.F.);
#7306 = PLANE('',#7307);
#7307 = AXIS2_PLACEMENT_3D('',#7308,#7309,#7310);
#7308 = CARTESIAN_POINT('',(7.747,-10.27425,-3.3));
#7309 = DIRECTION('',(-0.,0.,-1.));
#7310 = DIRECTION('',(-3.216245299353E-16,1.,0.));
#7311 = ADVANCED_FACE('',(#7312),#7318,.T.);
#7312 = FACE_BOUND('',#7313,.T.);
#7313 = EDGE_LOOP('',(#7314,#7315,#7316,#7317));
#7314 = ORIENTED_EDGE('',*,*,#7300,.T.);
#7315 = ORIENTED_EDGE('',*,*,#4630,.T.);
#7316 = ORIENTED_EDGE('',*,*,#7281,.F.);
#7317 = ORIENTED_EDGE('',*,*,#4724,.F.);
#7318 = PLANE('',#7319);
#7319 = AXIS2_PLACEMENT_3D('',#7320,#7321,#7322);
#7320 = CARTESIAN_POINT('',(7.747,-10.04575,-3.3));
#7321 = DIRECTION('',(-3.120216255796E-16,0.970142500145,-0.242535625036
    ));
#7322 = DIRECTION('',(-7.800540639491E-17,0.242535625036,0.970142500145)
  );
#7323 = ADVANCED_FACE('',(#7324),#7335,.T.);
#7324 = FACE_BOUND('',#7325,.T.);
#7325 = EDGE_LOOP('',(#7326,#7327,#7328,#7334));
#7326 = ORIENTED_EDGE('',*,*,#4977,.T.);
#7327 = ORIENTED_EDGE('',*,*,#4818,.T.);
#7328 = ORIENTED_EDGE('',*,*,#7329,.F.);
#7329 = EDGE_CURVE('',#4898,#4811,#7330,.T.);
#7330 = LINE('',#7331,#7332);
#7331 = CARTESIAN_POINT('',(7.747,-5.3085,-2.843));
#7332 = VECTOR('',#7333,1.);
#7333 = DIRECTION('',(-1.,-3.216245299353E-16,0.));
#7334 = ORIENTED_EDGE('',*,*,#4905,.F.);
#7335 = PLANE('',#7336);
#7336 = AXIS2_PLACEMENT_3D('',#7337,#7338,#7339);
#7337 = CARTESIAN_POINT('',(7.747,-5.3085,0.));
#7338 = DIRECTION('',(3.216245299353E-16,-1.,-3.124088708055E-16));
#7339 = DIRECTION('',(-1.004783562205E-31,3.124088708055E-16,-1.));
#7340 = ADVANCED_FACE('',(#7341),#7352,.T.);
#7341 = FACE_BOUND('',#7342,.T.);
#7342 = EDGE_LOOP('',(#7343,#7344,#7345,#7351));
#7343 = ORIENTED_EDGE('',*,*,#7329,.T.);
#7344 = ORIENTED_EDGE('',*,*,#4810,.T.);
#7345 = ORIENTED_EDGE('',*,*,#7346,.F.);
#7346 = EDGE_CURVE('',#4890,#4803,#7347,.T.);
#7347 = LINE('',#7348,#7349);
#7348 = CARTESIAN_POINT('',(7.747,-5.19425,-3.3));
#7349 = VECTOR('',#7350,1.);
#7350 = DIRECTION('',(-1.,-3.216245299353E-16,0.));
#7351 = ORIENTED_EDGE('',*,*,#4897,.F.);
#7352 = PLANE('',#7353);
#7353 = AXIS2_PLACEMENT_3D('',#7354,#7355,#7356);
#7354 = CARTESIAN_POINT('',(7.747,-5.3085,-2.843));
#7355 = DIRECTION('',(3.120216255796E-16,-0.970142500145,-0.242535625036
    ));
#7356 = DIRECTION('',(-7.800540639491E-17,0.242535625036,-0.970142500145
    ));
#7357 = ADVANCED_FACE('',(#7358),#7369,.T.);
#7358 = FACE_BOUND('',#7359,.T.);
#7359 = EDGE_LOOP('',(#7360,#7366,#7367,#7368));
#7360 = ORIENTED_EDGE('',*,*,#7361,.T.);
#7361 = EDGE_CURVE('',#4874,#4787,#7362,.T.);
#7362 = LINE('',#7363,#7364);
#7363 = CARTESIAN_POINT('',(7.747,-4.8515,-2.843));
#7364 = VECTOR('',#7365,1.);
#7365 = DIRECTION('',(-1.,-3.216245299353E-16,0.));
#7366 = ORIENTED_EDGE('',*,*,#4786,.T.);
#7367 = ORIENTED_EDGE('',*,*,#4840,.F.);
#7368 = ORIENTED_EDGE('',*,*,#4873,.F.);
#7369 = PLANE('',#7370);
#7370 = AXIS2_PLACEMENT_3D('',#7371,#7372,#7373);
#7371 = CARTESIAN_POINT('',(7.747,-4.8515,-2.843));
#7372 = DIRECTION('',(-3.216245299353E-16,1.,-3.124088708055E-16));
#7373 = DIRECTION('',(-1.004783562205E-31,3.124088708055E-16,1.));
#7374 = ADVANCED_FACE('',(#7375),#7386,.T.);
#7375 = FACE_BOUND('',#7376,.T.);
#7376 = EDGE_LOOP('',(#7377,#7378,#7379,#7385));
#7377 = ORIENTED_EDGE('',*,*,#7346,.T.);
#7378 = ORIENTED_EDGE('',*,*,#4802,.T.);
#7379 = ORIENTED_EDGE('',*,*,#7380,.F.);
#7380 = EDGE_CURVE('',#4882,#4795,#7381,.T.);
#7381 = LINE('',#7382,#7383);
#7382 = CARTESIAN_POINT('',(7.747,-4.96575,-3.3));
#7383 = VECTOR('',#7384,1.);
#7384 = DIRECTION('',(-1.,-3.216245299353E-16,0.));
#7385 = ORIENTED_EDGE('',*,*,#4889,.F.);
#7386 = PLANE('',#7387);
#7387 = AXIS2_PLACEMENT_3D('',#7388,#7389,#7390);
#7388 = CARTESIAN_POINT('',(7.747,-5.19425,-3.3));
#7389 = DIRECTION('',(-0.,0.,-1.));
#7390 = DIRECTION('',(-3.216245299353E-16,1.,0.));
#7391 = ADVANCED_FACE('',(#7392),#7398,.T.);
#7392 = FACE_BOUND('',#7393,.T.);
#7393 = EDGE_LOOP('',(#7394,#7395,#7396,#7397));
#7394 = ORIENTED_EDGE('',*,*,#7380,.T.);
#7395 = ORIENTED_EDGE('',*,*,#4794,.T.);
#7396 = ORIENTED_EDGE('',*,*,#7361,.F.);
#7397 = ORIENTED_EDGE('',*,*,#4881,.F.);
#7398 = PLANE('',#7399);
#7399 = AXIS2_PLACEMENT_3D('',#7400,#7401,#7402);
#7400 = CARTESIAN_POINT('',(7.747,-4.96575,-3.3));
#7401 = DIRECTION('',(-3.120216255796E-16,0.970142500145,-0.242535625036
    ));
#7402 = DIRECTION('',(-7.800540639491E-17,0.242535625036,0.970142500145)
  );
#7403 = ADVANCED_FACE('',(#7404),#7415,.T.);
#7404 = FACE_BOUND('',#7405,.T.);
#7405 = EDGE_LOOP('',(#7406,#7407,#7408,#7414));
#7406 = ORIENTED_EDGE('',*,*,#5078,.T.);
#7407 = ORIENTED_EDGE('',*,*,#5054,.T.);
#7408 = ORIENTED_EDGE('',*,*,#7409,.F.);
#7409 = EDGE_CURVE('',#5141,#5047,#7410,.T.);
#7410 = LINE('',#7411,#7412);
#7411 = CARTESIAN_POINT('',(7.747,-7.8485,-2.843));
#7412 = VECTOR('',#7413,1.);
#7413 = DIRECTION('',(-1.,-3.216245299353E-16,0.));
#7414 = ORIENTED_EDGE('',*,*,#5148,.F.);
#7415 = PLANE('',#7416);
#7416 = AXIS2_PLACEMENT_3D('',#7417,#7418,#7419);
#7417 = CARTESIAN_POINT('',(7.747,-7.8485,0.));
#7418 = DIRECTION('',(3.216245299353E-16,-1.,-3.124088708055E-16));
#7419 = DIRECTION('',(-1.004783562205E-31,3.124088708055E-16,-1.));
#7420 = ADVANCED_FACE('',(#7421),#7432,.T.);
#7421 = FACE_BOUND('',#7422,.T.);
#7422 = EDGE_LOOP('',(#7423,#7424,#7425,#7431));
#7423 = ORIENTED_EDGE('',*,*,#7409,.T.);
#7424 = ORIENTED_EDGE('',*,*,#5046,.T.);
#7425 = ORIENTED_EDGE('',*,*,#7426,.F.);
#7426 = EDGE_CURVE('',#5133,#5039,#7427,.T.);
#7427 = LINE('',#7428,#7429);
#7428 = CARTESIAN_POINT('',(7.747,-7.73425,-3.3));
#7429 = VECTOR('',#7430,1.);
#7430 = DIRECTION('',(-1.,-3.216245299353E-16,0.));
#7431 = ORIENTED_EDGE('',*,*,#5140,.F.);
#7432 = PLANE('',#7433);
#7433 = AXIS2_PLACEMENT_3D('',#7434,#7435,#7436);
#7434 = CARTESIAN_POINT('',(7.747,-7.8485,-2.843));
#7435 = DIRECTION('',(3.120216255796E-16,-0.970142500145,-0.242535625036
    ));
#7436 = DIRECTION('',(-7.800540639491E-17,0.242535625036,-0.970142500145
    ));
#7437 = ADVANCED_FACE('',(#7438),#7449,.T.);
#7438 = FACE_BOUND('',#7439,.T.);
#7439 = EDGE_LOOP('',(#7440,#7446,#7447,#7448));
#7440 = ORIENTED_EDGE('',*,*,#7441,.T.);
#7441 = EDGE_CURVE('',#5117,#5023,#7442,.T.);
#7442 = LINE('',#7443,#7444);
#7443 = CARTESIAN_POINT('',(7.747,-7.3915,-2.843));
#7444 = VECTOR('',#7445,1.);
#7445 = DIRECTION('',(-1.,-3.216245299353E-16,0.));
#7446 = ORIENTED_EDGE('',*,*,#5022,.T.);
#7447 = ORIENTED_EDGE('',*,*,#5175,.F.);
#7448 = ORIENTED_EDGE('',*,*,#5116,.F.);
#7449 = PLANE('',#7450);
#7450 = AXIS2_PLACEMENT_3D('',#7451,#7452,#7453);
#7451 = CARTESIAN_POINT('',(7.747,-7.3915,-2.843));
#7452 = DIRECTION('',(-3.216245299353E-16,1.,-3.124088708055E-16));
#7453 = DIRECTION('',(-1.004783562205E-31,3.124088708055E-16,1.));
#7454 = ADVANCED_FACE('',(#7455),#7466,.T.);
#7455 = FACE_BOUND('',#7456,.T.);
#7456 = EDGE_LOOP('',(#7457,#7458,#7459,#7465));
#7457 = ORIENTED_EDGE('',*,*,#7426,.T.);
#7458 = ORIENTED_EDGE('',*,*,#5038,.T.);
#7459 = ORIENTED_EDGE('',*,*,#7460,.F.);
#7460 = EDGE_CURVE('',#5125,#5031,#7461,.T.);
#7461 = LINE('',#7462,#7463);
#7462 = CARTESIAN_POINT('',(7.747,-7.50575,-3.3));
#7463 = VECTOR('',#7464,1.);
#7464 = DIRECTION('',(-1.,-3.216245299353E-16,0.));
#7465 = ORIENTED_EDGE('',*,*,#5132,.F.);
#7466 = PLANE('',#7467);
#7467 = AXIS2_PLACEMENT_3D('',#7468,#7469,#7470);
#7468 = CARTESIAN_POINT('',(7.747,-7.73425,-3.3));
#7469 = DIRECTION('',(-0.,0.,-1.));
#7470 = DIRECTION('',(-3.216245299353E-16,1.,0.));
#7471 = ADVANCED_FACE('',(#7472),#7478,.T.);
#7472 = FACE_BOUND('',#7473,.T.);
#7473 = EDGE_LOOP('',(#7474,#7475,#7476,#7477));
#7474 = ORIENTED_EDGE('',*,*,#7460,.T.);
#7475 = ORIENTED_EDGE('',*,*,#5030,.T.);
#7476 = ORIENTED_EDGE('',*,*,#7441,.F.);
#7477 = ORIENTED_EDGE('',*,*,#5124,.F.);
#7478 = PLANE('',#7479);
#7479 = AXIS2_PLACEMENT_3D('',#7480,#7481,#7482);
#7480 = CARTESIAN_POINT('',(7.747,-7.50575,-3.3));
#7481 = DIRECTION('',(-3.120216255796E-16,0.970142500145,-0.242535625036
    ));
#7482 = DIRECTION('',(-7.800540639491E-17,0.242535625036,0.970142500145)
  );
#7483 = ADVANCED_FACE('',(#7484),#7506,.F.);
#7484 = FACE_BOUND('',#7485,.F.);
#7485 = EDGE_LOOP('',(#7486,#7487,#7496,#7503,#7504,#7505));
#7486 = ORIENTED_EDGE('',*,*,#5209,.F.);
#7487 = ORIENTED_EDGE('',*,*,#7488,.F.);
#7488 = EDGE_CURVE('',#7489,#5210,#7491,.T.);
#7489 = VERTEX_POINT('',#7490);
#7490 = CARTESIAN_POINT('',(3.81,0.831276356577,3.18));
#7491 = CIRCLE('',#7492,0.75);
#7492 = AXIS2_PLACEMENT_3D('',#7493,#7494,#7495);
#7493 = CARTESIAN_POINT('',(3.81,1.581276356577,3.18));
#7494 = DIRECTION('',(0.,-0.,-1.));
#7495 = DIRECTION('',(4.440892098501E-16,-1.,0.));
#7496 = ORIENTED_EDGE('',*,*,#7497,.F.);
#7497 = EDGE_CURVE('',#5316,#7489,#7498,.T.);
#7498 = CIRCLE('',#7499,0.75);
#7499 = AXIS2_PLACEMENT_3D('',#7500,#7501,#7502);
#7500 = CARTESIAN_POINT('',(3.81,1.581276356577,3.18));
#7501 = DIRECTION('',(0.,-0.,-1.));
#7502 = DIRECTION('',(4.440892098501E-16,-1.,0.));
#7503 = ORIENTED_EDGE('',*,*,#5421,.T.);
#7504 = ORIENTED_EDGE('',*,*,#6979,.T.);
#7505 = ORIENTED_EDGE('',*,*,#6970,.T.);
#7506 = CYLINDRICAL_SURFACE('',#7507,0.75);
#7507 = AXIS2_PLACEMENT_3D('',#7508,#7509,#7510);
#7508 = CARTESIAN_POINT('',(3.81,1.581276356577,3.68));
#7509 = DIRECTION('',(-0.,0.,-1.));
#7510 = DIRECTION('',(4.440892098501E-16,-1.,-0.));
#7511 = ADVANCED_FACE('',(#7512),#7517,.F.);
#7512 = FACE_BOUND('',#7513,.F.);
#7513 = EDGE_LOOP('',(#7514,#7515,#7516));
#7514 = ORIENTED_EDGE('',*,*,#7497,.T.);
#7515 = ORIENTED_EDGE('',*,*,#7488,.T.);
#7516 = ORIENTED_EDGE('',*,*,#5315,.T.);
#7517 = PLANE('',#7518);
#7518 = AXIS2_PLACEMENT_3D('',#7519,#7520,#7521);
#7519 = CARTESIAN_POINT('',(3.81,1.581276356577,3.18));
#7520 = DIRECTION('',(-0.,0.,-1.));
#7521 = DIRECTION('',(4.440892098501E-16,-1.,-0.));
#7522 = ADVANCED_FACE('',(#7523),#7534,.T.);
#7523 = FACE_BOUND('',#7524,.T.);
#7524 = EDGE_LOOP('',(#7525,#7526,#7527,#7533));
#7525 = ORIENTED_EDGE('',*,*,#5683,.T.);
#7526 = ORIENTED_EDGE('',*,*,#5659,.T.);
#7527 = ORIENTED_EDGE('',*,*,#7528,.F.);
#7528 = EDGE_CURVE('',#5730,#5652,#7529,.T.);
#7529 = LINE('',#7530,#7531);
#7530 = CARTESIAN_POINT('',(-0.127,-0.11425,-3.3));
#7531 = VECTOR('',#7532,1.);
#7532 = DIRECTION('',(1.,4.440892098501E-16,0.));
#7533 = ORIENTED_EDGE('',*,*,#5737,.F.);
#7534 = PLANE('',#7535);
#7535 = AXIS2_PLACEMENT_3D('',#7536,#7537,#7538);
#7536 = CARTESIAN_POINT('',(-0.127,0.11425,-3.3));
#7537 = DIRECTION('',(0.,0.,-1.));
#7538 = DIRECTION('',(4.440892098501E-16,-1.,0.));
#7539 = ADVANCED_FACE('',(#7540),#7551,.T.);
#7540 = FACE_BOUND('',#7541,.T.);
#7541 = EDGE_LOOP('',(#7542,#7543,#7544,#7550));
#7542 = ORIENTED_EDGE('',*,*,#7528,.T.);
#7543 = ORIENTED_EDGE('',*,*,#5651,.T.);
#7544 = ORIENTED_EDGE('',*,*,#7545,.F.);
#7545 = EDGE_CURVE('',#5722,#5644,#7546,.T.);
#7546 = LINE('',#7547,#7548);
#7547 = CARTESIAN_POINT('',(-0.127,-0.2285,-2.843));
#7548 = VECTOR('',#7549,1.);
#7549 = DIRECTION('',(1.,4.440892098501E-16,0.));
#7550 = ORIENTED_EDGE('',*,*,#5729,.F.);
#7551 = PLANE('',#7552);
#7552 = AXIS2_PLACEMENT_3D('',#7553,#7554,#7555);
#7553 = CARTESIAN_POINT('',(-0.127,-0.11425,-3.3));
#7554 = DIRECTION('',(4.308298163317E-16,-0.970142500145,-0.242535625036
    ));
#7555 = DIRECTION('',(1.077074540829E-16,-0.242535625036,0.970142500145)
  );
#7556 = ADVANCED_FACE('',(#7557),#7563,.T.);
#7557 = FACE_BOUND('',#7558,.T.);
#7558 = EDGE_LOOP('',(#7559,#7560,#7561,#7562));
#7559 = ORIENTED_EDGE('',*,*,#7545,.T.);
#7560 = ORIENTED_EDGE('',*,*,#5643,.T.);
#7561 = ORIENTED_EDGE('',*,*,#5915,.F.);
#7562 = ORIENTED_EDGE('',*,*,#5721,.F.);
#7563 = PLANE('',#7564);
#7564 = AXIS2_PLACEMENT_3D('',#7565,#7566,#7567);
#7565 = CARTESIAN_POINT('',(-0.127,-0.2285,-2.843));
#7566 = DIRECTION('',(4.440892098501E-16,-1.,0.));
#7567 = DIRECTION('',(0.,0.,1.));
#7568 = ADVANCED_FACE('',(#7569),#7580,.F.);
#7569 = FACE_BOUND('',#7570,.F.);
#7570 = EDGE_LOOP('',(#7571,#7572,#7573,#7579));
#7571 = ORIENTED_EDGE('',*,*,#5827,.T.);
#7572 = ORIENTED_EDGE('',*,*,#5869,.T.);
#7573 = ORIENTED_EDGE('',*,*,#7574,.F.);
#7574 = EDGE_CURVE('',#5789,#5862,#7575,.T.);
#7575 = LINE('',#7576,#7577);
#7576 = CARTESIAN_POINT('',(-0.127,-15.12575,-3.3));
#7577 = VECTOR('',#7578,1.);
#7578 = DIRECTION('',(1.,4.440892098501E-16,0.));
#7579 = ORIENTED_EDGE('',*,*,#5796,.F.);
#7580 = PLANE('',#7581);
#7581 = AXIS2_PLACEMENT_3D('',#7582,#7583,#7584);
#7582 = CARTESIAN_POINT('',(-0.127,-15.35425,-3.3));
#7583 = DIRECTION('',(0.,0.,1.));
#7584 = DIRECTION('',(-4.440892098501E-16,1.,0.));
#7585 = ADVANCED_FACE('',(#7586),#7597,.F.);
#7586 = FACE_BOUND('',#7587,.F.);
#7587 = EDGE_LOOP('',(#7588,#7589,#7590,#7596));
#7588 = ORIENTED_EDGE('',*,*,#7574,.T.);
#7589 = ORIENTED_EDGE('',*,*,#5861,.T.);
#7590 = ORIENTED_EDGE('',*,*,#7591,.F.);
#7591 = EDGE_CURVE('',#5781,#5854,#7592,.T.);
#7592 = LINE('',#7593,#7594);
#7593 = CARTESIAN_POINT('',(-0.127,-15.0115,-2.843));
#7594 = VECTOR('',#7595,1.);
#7595 = DIRECTION('',(1.,4.440892098501E-16,0.));
#7596 = ORIENTED_EDGE('',*,*,#5788,.F.);
#7597 = PLANE('',#7598);
#7598 = AXIS2_PLACEMENT_3D('',#7599,#7600,#7601);
#7599 = CARTESIAN_POINT('',(-0.127,-15.12575,-3.3));
#7600 = DIRECTION('',(4.308298163317E-16,-0.970142500145,0.242535625036)
  );
#7601 = DIRECTION('',(-1.077074540829E-16,0.242535625036,0.970142500145)
  );
#7602 = ADVANCED_FACE('',(#7603),#7609,.F.);
#7603 = FACE_BOUND('',#7604,.F.);
#7604 = EDGE_LOOP('',(#7605,#7606,#7607,#7608));
#7605 = ORIENTED_EDGE('',*,*,#7591,.T.);
#7606 = ORIENTED_EDGE('',*,*,#5853,.T.);
#7607 = ORIENTED_EDGE('',*,*,#5932,.F.);
#7608 = ORIENTED_EDGE('',*,*,#5780,.F.);
#7609 = PLANE('',#7610);
#7610 = AXIS2_PLACEMENT_3D('',#7611,#7612,#7613);
#7611 = CARTESIAN_POINT('',(-0.127,-15.0115,-2.843));
#7612 = DIRECTION('',(4.440892098501E-16,-1.,0.));
#7613 = DIRECTION('',(0.,0.,1.));
#7614 = ADVANCED_FACE('',(#7615),#7626,.T.);
#7615 = FACE_BOUND('',#7616,.T.);
#7616 = EDGE_LOOP('',(#7617,#7618,#7619,#7625));
#7617 = ORIENTED_EDGE('',*,*,#6059,.T.);
#7618 = ORIENTED_EDGE('',*,*,#6117,.T.);
#7619 = ORIENTED_EDGE('',*,*,#7620,.F.);
#7620 = EDGE_CURVE('',#6021,#6110,#7621,.T.);
#7621 = LINE('',#7622,#7623);
#7622 = CARTESIAN_POINT('',(-0.127,-2.3115,-2.843));
#7623 = VECTOR('',#7624,1.);
#7624 = DIRECTION('',(1.,4.440892098501E-16,0.));
#7625 = ORIENTED_EDGE('',*,*,#6028,.F.);
#7626 = PLANE('',#7627);
#7627 = AXIS2_PLACEMENT_3D('',#7628,#7629,#7630);
#7628 = CARTESIAN_POINT('',(-0.127,-2.3115,0.));
#7629 = DIRECTION('',(-4.440892098501E-16,1.,-3.124088708055E-16));
#7630 = DIRECTION('',(1.387374085862E-31,-3.124088708055E-16,-1.));
#7631 = ADVANCED_FACE('',(#7632),#7643,.T.);
#7632 = FACE_BOUND('',#7633,.T.);
#7633 = EDGE_LOOP('',(#7634,#7635,#7636,#7642));
#7634 = ORIENTED_EDGE('',*,*,#7620,.T.);
#7635 = ORIENTED_EDGE('',*,*,#6109,.T.);
#7636 = ORIENTED_EDGE('',*,*,#7637,.F.);
#7637 = EDGE_CURVE('',#6013,#6102,#7638,.T.);
#7638 = LINE('',#7639,#7640);
#7639 = CARTESIAN_POINT('',(-0.127,-2.42575,-3.3));
#7640 = VECTOR('',#7641,1.);
#7641 = DIRECTION('',(1.,4.440892098501E-16,0.));
#7642 = ORIENTED_EDGE('',*,*,#6020,.F.);
#7643 = PLANE('',#7644);
#7644 = AXIS2_PLACEMENT_3D('',#7645,#7646,#7647);
#7645 = CARTESIAN_POINT('',(-0.127,-2.3115,-2.843));
#7646 = DIRECTION('',(-4.308298163317E-16,0.970142500145,-0.242535625036
    ));
#7647 = DIRECTION('',(1.077074540829E-16,-0.242535625036,-0.970142500145
    ));
#7648 = ADVANCED_FACE('',(#7649),#7660,.T.);
#7649 = FACE_BOUND('',#7650,.T.);
#7650 = EDGE_LOOP('',(#7651,#7657,#7658,#7659));
#7651 = ORIENTED_EDGE('',*,*,#7652,.T.);
#7652 = EDGE_CURVE('',#5997,#6086,#7653,.T.);
#7653 = LINE('',#7654,#7655);
#7654 = CARTESIAN_POINT('',(-0.127,-2.7685,-2.843));
#7655 = VECTOR('',#7656,1.);
#7656 = DIRECTION('',(1.,4.440892098501E-16,0.));
#7657 = ORIENTED_EDGE('',*,*,#6085,.T.);
#7658 = ORIENTED_EDGE('',*,*,#6315,.F.);
#7659 = ORIENTED_EDGE('',*,*,#5996,.F.);
#7660 = PLANE('',#7661);
#7661 = AXIS2_PLACEMENT_3D('',#7662,#7663,#7664);
#7662 = CARTESIAN_POINT('',(-0.127,-2.7685,-2.843));
#7663 = DIRECTION('',(4.440892098501E-16,-1.,-3.124088708055E-16));
#7664 = DIRECTION('',(1.387374085862E-31,-3.124088708055E-16,1.));
#7665 = ADVANCED_FACE('',(#7666),#7677,.T.);
#7666 = FACE_BOUND('',#7667,.T.);
#7667 = EDGE_LOOP('',(#7668,#7669,#7670,#7676));
#7668 = ORIENTED_EDGE('',*,*,#7637,.T.);
#7669 = ORIENTED_EDGE('',*,*,#6101,.T.);
#7670 = ORIENTED_EDGE('',*,*,#7671,.F.);
#7671 = EDGE_CURVE('',#6005,#6094,#7672,.T.);
#7672 = LINE('',#7673,#7674);
#7673 = CARTESIAN_POINT('',(-0.127,-2.65425,-3.3));
#7674 = VECTOR('',#7675,1.);
#7675 = DIRECTION('',(1.,4.440892098501E-16,0.));
#7676 = ORIENTED_EDGE('',*,*,#6012,.F.);
#7677 = PLANE('',#7678);
#7678 = AXIS2_PLACEMENT_3D('',#7679,#7680,#7681);
#7679 = CARTESIAN_POINT('',(-0.127,-2.42575,-3.3));
#7680 = DIRECTION('',(0.,0.,-1.));
#7681 = DIRECTION('',(4.440892098501E-16,-1.,0.));
#7682 = ADVANCED_FACE('',(#7683),#7689,.T.);
#7683 = FACE_BOUND('',#7684,.T.);
#7684 = EDGE_LOOP('',(#7685,#7686,#7687,#7688));
#7685 = ORIENTED_EDGE('',*,*,#7671,.T.);
#7686 = ORIENTED_EDGE('',*,*,#6093,.T.);
#7687 = ORIENTED_EDGE('',*,*,#7652,.F.);
#7688 = ORIENTED_EDGE('',*,*,#6004,.F.);
#7689 = PLANE('',#7690);
#7690 = AXIS2_PLACEMENT_3D('',#7691,#7692,#7693);
#7691 = CARTESIAN_POINT('',(-0.127,-2.65425,-3.3));
#7692 = DIRECTION('',(4.308298163317E-16,-0.970142500145,-0.242535625036
    ));
#7693 = DIRECTION('',(1.077074540829E-16,-0.242535625036,0.970142500145)
  );
#7694 = ADVANCED_FACE('',(#7695),#7706,.T.);
#7695 = FACE_BOUND('',#7696,.T.);
#7696 = EDGE_LOOP('',(#7697,#7698,#7699,#7705));
#7697 = ORIENTED_EDGE('',*,*,#6334,.T.);
#7698 = ORIENTED_EDGE('',*,*,#6279,.T.);
#7699 = ORIENTED_EDGE('',*,*,#7700,.F.);
#7700 = EDGE_CURVE('',#6190,#6272,#7701,.T.);
#7701 = LINE('',#7702,#7703);
#7702 = CARTESIAN_POINT('',(-0.127,-12.4715,-2.843));
#7703 = VECTOR('',#7704,1.);
#7704 = DIRECTION('',(1.,4.440892098501E-16,0.));
#7705 = ORIENTED_EDGE('',*,*,#6197,.F.);
#7706 = PLANE('',#7707);
#7707 = AXIS2_PLACEMENT_3D('',#7708,#7709,#7710);
#7708 = CARTESIAN_POINT('',(-0.127,-12.4715,0.));
#7709 = DIRECTION('',(-4.440892098501E-16,1.,-3.124088708055E-16));
#7710 = DIRECTION('',(1.387374085862E-31,-3.124088708055E-16,-1.));
#7711 = ADVANCED_FACE('',(#7712),#7723,.T.);
#7712 = FACE_BOUND('',#7713,.T.);
#7713 = EDGE_LOOP('',(#7714,#7715,#7716,#7722));
#7714 = ORIENTED_EDGE('',*,*,#7700,.T.);
#7715 = ORIENTED_EDGE('',*,*,#6271,.T.);
#7716 = ORIENTED_EDGE('',*,*,#7717,.F.);
#7717 = EDGE_CURVE('',#6182,#6264,#7718,.T.);
#7718 = LINE('',#7719,#7720);
#7719 = CARTESIAN_POINT('',(-0.127,-12.58575,-3.3));
#7720 = VECTOR('',#7721,1.);
#7721 = DIRECTION('',(1.,4.440892098501E-16,0.));
#7722 = ORIENTED_EDGE('',*,*,#6189,.F.);
#7723 = PLANE('',#7724);
#7724 = AXIS2_PLACEMENT_3D('',#7725,#7726,#7727);
#7725 = CARTESIAN_POINT('',(-0.127,-12.4715,-2.843));
#7726 = DIRECTION('',(-4.308298163317E-16,0.970142500145,-0.242535625036
    ));
#7727 = DIRECTION('',(1.077074540829E-16,-0.242535625036,-0.970142500145
    ));
#7728 = ADVANCED_FACE('',(#7729),#7740,.T.);
#7729 = FACE_BOUND('',#7730,.T.);
#7730 = EDGE_LOOP('',(#7731,#7737,#7738,#7739));
#7731 = ORIENTED_EDGE('',*,*,#7732,.T.);
#7732 = EDGE_CURVE('',#6166,#6248,#7733,.T.);
#7733 = LINE('',#7734,#7735);
#7734 = CARTESIAN_POINT('',(-0.127,-12.9285,-2.843));
#7735 = VECTOR('',#7736,1.);
#7736 = DIRECTION('',(1.,4.440892098501E-16,0.));
#7737 = ORIENTED_EDGE('',*,*,#6247,.T.);
#7738 = ORIENTED_EDGE('',*,*,#6219,.F.);
#7739 = ORIENTED_EDGE('',*,*,#6165,.F.);
#7740 = PLANE('',#7741);
#7741 = AXIS2_PLACEMENT_3D('',#7742,#7743,#7744);
#7742 = CARTESIAN_POINT('',(-0.127,-12.9285,-2.843));
#7743 = DIRECTION('',(4.440892098501E-16,-1.,-3.124088708055E-16));
#7744 = DIRECTION('',(1.387374085862E-31,-3.124088708055E-16,1.));
#7745 = ADVANCED_FACE('',(#7746),#7757,.T.);
#7746 = FACE_BOUND('',#7747,.T.);
#7747 = EDGE_LOOP('',(#7748,#7749,#7750,#7756));
#7748 = ORIENTED_EDGE('',*,*,#7717,.T.);
#7749 = ORIENTED_EDGE('',*,*,#6263,.T.);
#7750 = ORIENTED_EDGE('',*,*,#7751,.F.);
#7751 = EDGE_CURVE('',#6174,#6256,#7752,.T.);
#7752 = LINE('',#7753,#7754);
#7753 = CARTESIAN_POINT('',(-0.127,-12.81425,-3.3));
#7754 = VECTOR('',#7755,1.);
#7755 = DIRECTION('',(1.,4.440892098501E-16,0.));
#7756 = ORIENTED_EDGE('',*,*,#6181,.F.);
#7757 = PLANE('',#7758);
#7758 = AXIS2_PLACEMENT_3D('',#7759,#7760,#7761);
#7759 = CARTESIAN_POINT('',(-0.127,-12.58575,-3.3));
#7760 = DIRECTION('',(0.,0.,-1.));
#7761 = DIRECTION('',(4.440892098501E-16,-1.,0.));
#7762 = ADVANCED_FACE('',(#7763),#7769,.T.);
#7763 = FACE_BOUND('',#7764,.T.);
#7764 = EDGE_LOOP('',(#7765,#7766,#7767,#7768));
#7765 = ORIENTED_EDGE('',*,*,#7751,.T.);
#7766 = ORIENTED_EDGE('',*,*,#6255,.T.);
#7767 = ORIENTED_EDGE('',*,*,#7732,.F.);
#7768 = ORIENTED_EDGE('',*,*,#6173,.F.);
#7769 = PLANE('',#7770);
#7770 = AXIS2_PLACEMENT_3D('',#7771,#7772,#7773);
#7771 = CARTESIAN_POINT('',(-0.127,-12.81425,-3.3));
#7772 = DIRECTION('',(4.308298163317E-16,-0.970142500145,-0.242535625036
    ));
#7773 = DIRECTION('',(1.077074540829E-16,-0.242535625036,0.970142500145)
  );
#7774 = ADVANCED_FACE('',(#7775),#7786,.T.);
#7775 = FACE_BOUND('',#7776,.T.);
#7776 = EDGE_LOOP('',(#7777,#7778,#7779,#7785));
#7777 = ORIENTED_EDGE('',*,*,#6459,.T.);
#7778 = ORIENTED_EDGE('',*,*,#6517,.T.);
#7779 = ORIENTED_EDGE('',*,*,#7780,.F.);
#7780 = EDGE_CURVE('',#6421,#6510,#7781,.T.);
#7781 = LINE('',#7782,#7783);
#7782 = CARTESIAN_POINT('',(-0.127,-4.8515,-2.843));
#7783 = VECTOR('',#7784,1.);
#7784 = DIRECTION('',(1.,4.440892098501E-16,0.));
#7785 = ORIENTED_EDGE('',*,*,#6428,.F.);
#7786 = PLANE('',#7787);
#7787 = AXIS2_PLACEMENT_3D('',#7788,#7789,#7790);
#7788 = CARTESIAN_POINT('',(-0.127,-4.8515,0.));
#7789 = DIRECTION('',(-4.440892098501E-16,1.,-3.124088708055E-16));
#7790 = DIRECTION('',(1.387374085862E-31,-3.124088708055E-16,-1.));
#7791 = ADVANCED_FACE('',(#7792),#7803,.T.);
#7792 = FACE_BOUND('',#7793,.T.);
#7793 = EDGE_LOOP('',(#7794,#7795,#7796,#7802));
#7794 = ORIENTED_EDGE('',*,*,#7780,.T.);
#7795 = ORIENTED_EDGE('',*,*,#6509,.T.);
#7796 = ORIENTED_EDGE('',*,*,#7797,.F.);
#7797 = EDGE_CURVE('',#6413,#6502,#7798,.T.);
#7798 = LINE('',#7799,#7800);
#7799 = CARTESIAN_POINT('',(-0.127,-4.96575,-3.3));
#7800 = VECTOR('',#7801,1.);
#7801 = DIRECTION('',(1.,4.440892098501E-16,0.));
#7802 = ORIENTED_EDGE('',*,*,#6420,.F.);
#7803 = PLANE('',#7804);
#7804 = AXIS2_PLACEMENT_3D('',#7805,#7806,#7807);
#7805 = CARTESIAN_POINT('',(-0.127,-4.8515,-2.843));
#7806 = DIRECTION('',(-4.308298163317E-16,0.970142500145,-0.242535625036
    ));
#7807 = DIRECTION('',(1.077074540829E-16,-0.242535625036,-0.970142500145
    ));
#7808 = ADVANCED_FACE('',(#7809),#7820,.T.);
#7809 = FACE_BOUND('',#7810,.T.);
#7810 = EDGE_LOOP('',(#7811,#7817,#7818,#7819));
#7811 = ORIENTED_EDGE('',*,*,#7812,.T.);
#7812 = EDGE_CURVE('',#6397,#6486,#7813,.T.);
#7813 = LINE('',#7814,#7815);
#7814 = CARTESIAN_POINT('',(-0.127,-5.3085,-2.843));
#7815 = VECTOR('',#7816,1.);
#7816 = DIRECTION('',(1.,4.440892098501E-16,0.));
#7817 = ORIENTED_EDGE('',*,*,#6485,.T.);
#7818 = ORIENTED_EDGE('',*,*,#6715,.F.);
#7819 = ORIENTED_EDGE('',*,*,#6396,.F.);
#7820 = PLANE('',#7821);
#7821 = AXIS2_PLACEMENT_3D('',#7822,#7823,#7824);
#7822 = CARTESIAN_POINT('',(-0.127,-5.3085,-2.843));
#7823 = DIRECTION('',(4.440892098501E-16,-1.,-3.124088708055E-16));
#7824 = DIRECTION('',(1.387374085862E-31,-3.124088708055E-16,1.));
#7825 = ADVANCED_FACE('',(#7826),#7837,.T.);
#7826 = FACE_BOUND('',#7827,.T.);
#7827 = EDGE_LOOP('',(#7828,#7829,#7830,#7836));
#7828 = ORIENTED_EDGE('',*,*,#7797,.T.);
#7829 = ORIENTED_EDGE('',*,*,#6501,.T.);
#7830 = ORIENTED_EDGE('',*,*,#7831,.F.);
#7831 = EDGE_CURVE('',#6405,#6494,#7832,.T.);
#7832 = LINE('',#7833,#7834);
#7833 = CARTESIAN_POINT('',(-0.127,-5.19425,-3.3));
#7834 = VECTOR('',#7835,1.);
#7835 = DIRECTION('',(1.,4.440892098501E-16,0.));
#7836 = ORIENTED_EDGE('',*,*,#6412,.F.);
#7837 = PLANE('',#7838);
#7838 = AXIS2_PLACEMENT_3D('',#7839,#7840,#7841);
#7839 = CARTESIAN_POINT('',(-0.127,-4.96575,-3.3));
#7840 = DIRECTION('',(0.,0.,-1.));
#7841 = DIRECTION('',(4.440892098501E-16,-1.,0.));
#7842 = ADVANCED_FACE('',(#7843),#7849,.T.);
#7843 = FACE_BOUND('',#7844,.T.);
#7844 = EDGE_LOOP('',(#7845,#7846,#7847,#7848));
#7845 = ORIENTED_EDGE('',*,*,#7831,.T.);
#7846 = ORIENTED_EDGE('',*,*,#6493,.T.);
#7847 = ORIENTED_EDGE('',*,*,#7812,.F.);
#7848 = ORIENTED_EDGE('',*,*,#6404,.F.);
#7849 = PLANE('',#7850);
#7850 = AXIS2_PLACEMENT_3D('',#7851,#7852,#7853);
#7851 = CARTESIAN_POINT('',(-0.127,-5.19425,-3.3));
#7852 = DIRECTION('',(4.308298163317E-16,-0.970142500145,-0.242535625036
    ));
#7853 = DIRECTION('',(1.077074540829E-16,-0.242535625036,0.970142500145)
  );
#7854 = ADVANCED_FACE('',(#7855),#7866,.T.);
#7855 = FACE_BOUND('',#7856,.T.);
#7856 = EDGE_LOOP('',(#7857,#7858,#7859,#7865));
#7857 = ORIENTED_EDGE('',*,*,#6734,.T.);
#7858 = ORIENTED_EDGE('',*,*,#6679,.T.);
#7859 = ORIENTED_EDGE('',*,*,#7860,.F.);
#7860 = EDGE_CURVE('',#6590,#6672,#7861,.T.);
#7861 = LINE('',#7862,#7863);
#7862 = CARTESIAN_POINT('',(-0.127,-9.9315,-2.843));
#7863 = VECTOR('',#7864,1.);
#7864 = DIRECTION('',(1.,4.440892098501E-16,0.));
#7865 = ORIENTED_EDGE('',*,*,#6597,.F.);
#7866 = PLANE('',#7867);
#7867 = AXIS2_PLACEMENT_3D('',#7868,#7869,#7870);
#7868 = CARTESIAN_POINT('',(-0.127,-9.9315,0.));
#7869 = DIRECTION('',(-4.440892098501E-16,1.,-3.124088708055E-16));
#7870 = DIRECTION('',(1.387374085862E-31,-3.124088708055E-16,-1.));
#7871 = ADVANCED_FACE('',(#7872),#7883,.T.);
#7872 = FACE_BOUND('',#7873,.T.);
#7873 = EDGE_LOOP('',(#7874,#7875,#7876,#7882));
#7874 = ORIENTED_EDGE('',*,*,#7860,.T.);
#7875 = ORIENTED_EDGE('',*,*,#6671,.T.);
#7876 = ORIENTED_EDGE('',*,*,#7877,.F.);
#7877 = EDGE_CURVE('',#6582,#6664,#7878,.T.);
#7878 = LINE('',#7879,#7880);
#7879 = CARTESIAN_POINT('',(-0.127,-10.04575,-3.3));
#7880 = VECTOR('',#7881,1.);
#7881 = DIRECTION('',(1.,4.440892098501E-16,0.));
#7882 = ORIENTED_EDGE('',*,*,#6589,.F.);
#7883 = PLANE('',#7884);
#7884 = AXIS2_PLACEMENT_3D('',#7885,#7886,#7887);
#7885 = CARTESIAN_POINT('',(-0.127,-9.9315,-2.843));
#7886 = DIRECTION('',(-4.308298163317E-16,0.970142500145,-0.242535625036
    ));
#7887 = DIRECTION('',(1.077074540829E-16,-0.242535625036,-0.970142500145
    ));
#7888 = ADVANCED_FACE('',(#7889),#7900,.T.);
#7889 = FACE_BOUND('',#7890,.T.);
#7890 = EDGE_LOOP('',(#7891,#7897,#7898,#7899));
#7891 = ORIENTED_EDGE('',*,*,#7892,.T.);
#7892 = EDGE_CURVE('',#6566,#6648,#7893,.T.);
#7893 = LINE('',#7894,#7895);
#7894 = CARTESIAN_POINT('',(-0.127,-10.3885,-2.843));
#7895 = VECTOR('',#7896,1.);
#7896 = DIRECTION('',(1.,4.440892098501E-16,0.));
#7897 = ORIENTED_EDGE('',*,*,#6647,.T.);
#7898 = ORIENTED_EDGE('',*,*,#6619,.F.);
#7899 = ORIENTED_EDGE('',*,*,#6565,.F.);
#7900 = PLANE('',#7901);
#7901 = AXIS2_PLACEMENT_3D('',#7902,#7903,#7904);
#7902 = CARTESIAN_POINT('',(-0.127,-10.3885,-2.843));
#7903 = DIRECTION('',(4.440892098501E-16,-1.,-3.124088708055E-16));
#7904 = DIRECTION('',(1.387374085862E-31,-3.124088708055E-16,1.));
#7905 = ADVANCED_FACE('',(#7906),#7917,.T.);
#7906 = FACE_BOUND('',#7907,.T.);
#7907 = EDGE_LOOP('',(#7908,#7909,#7910,#7916));
#7908 = ORIENTED_EDGE('',*,*,#7877,.T.);
#7909 = ORIENTED_EDGE('',*,*,#6663,.T.);
#7910 = ORIENTED_EDGE('',*,*,#7911,.F.);
#7911 = EDGE_CURVE('',#6574,#6656,#7912,.T.);
#7912 = LINE('',#7913,#7914);
#7913 = CARTESIAN_POINT('',(-0.127,-10.27425,-3.3));
#7914 = VECTOR('',#7915,1.);
#7915 = DIRECTION('',(1.,4.440892098501E-16,0.));
#7916 = ORIENTED_EDGE('',*,*,#6581,.F.);
#7917 = PLANE('',#7918);
#7918 = AXIS2_PLACEMENT_3D('',#7919,#7920,#7921);
#7919 = CARTESIAN_POINT('',(-0.127,-10.04575,-3.3));
#7920 = DIRECTION('',(0.,0.,-1.));
#7921 = DIRECTION('',(4.440892098501E-16,-1.,0.));
#7922 = ADVANCED_FACE('',(#7923),#7929,.T.);
#7923 = FACE_BOUND('',#7924,.T.);
#7924 = EDGE_LOOP('',(#7925,#7926,#7927,#7928));
#7925 = ORIENTED_EDGE('',*,*,#7911,.T.);
#7926 = ORIENTED_EDGE('',*,*,#6655,.T.);
#7927 = ORIENTED_EDGE('',*,*,#7892,.F.);
#7928 = ORIENTED_EDGE('',*,*,#6573,.F.);
#7929 = PLANE('',#7930);
#7930 = AXIS2_PLACEMENT_3D('',#7931,#7932,#7933);
#7931 = CARTESIAN_POINT('',(-0.127,-10.27425,-3.3));
#7932 = DIRECTION('',(4.308298163317E-16,-0.970142500145,-0.242535625036
    ));
#7933 = DIRECTION('',(1.077074540829E-16,-0.242535625036,0.970142500145)
  );
#7934 = ADVANCED_FACE('',(#7935),#7946,.T.);
#7935 = FACE_BOUND('',#7936,.T.);
#7936 = EDGE_LOOP('',(#7937,#7938,#7939,#7945));
#7937 = ORIENTED_EDGE('',*,*,#6859,.T.);
#7938 = ORIENTED_EDGE('',*,*,#6917,.T.);
#7939 = ORIENTED_EDGE('',*,*,#7940,.F.);
#7940 = EDGE_CURVE('',#6821,#6910,#7941,.T.);
#7941 = LINE('',#7942,#7943);
#7942 = CARTESIAN_POINT('',(-0.127,-7.3915,-2.843));
#7943 = VECTOR('',#7944,1.);
#7944 = DIRECTION('',(1.,4.440892098501E-16,0.));
#7945 = ORIENTED_EDGE('',*,*,#6828,.F.);
#7946 = PLANE('',#7947);
#7947 = AXIS2_PLACEMENT_3D('',#7948,#7949,#7950);
#7948 = CARTESIAN_POINT('',(-0.127,-7.3915,0.));
#7949 = DIRECTION('',(-4.440892098501E-16,1.,-3.124088708055E-16));
#7950 = DIRECTION('',(1.387374085862E-31,-3.124088708055E-16,-1.));
#7951 = ADVANCED_FACE('',(#7952),#7963,.T.);
#7952 = FACE_BOUND('',#7953,.T.);
#7953 = EDGE_LOOP('',(#7954,#7955,#7956,#7962));
#7954 = ORIENTED_EDGE('',*,*,#7940,.T.);
#7955 = ORIENTED_EDGE('',*,*,#6909,.T.);
#7956 = ORIENTED_EDGE('',*,*,#7957,.F.);
#7957 = EDGE_CURVE('',#6813,#6902,#7958,.T.);
#7958 = LINE('',#7959,#7960);
#7959 = CARTESIAN_POINT('',(-0.127,-7.50575,-3.3));
#7960 = VECTOR('',#7961,1.);
#7961 = DIRECTION('',(1.,4.440892098501E-16,0.));
#7962 = ORIENTED_EDGE('',*,*,#6820,.F.);
#7963 = PLANE('',#7964);
#7964 = AXIS2_PLACEMENT_3D('',#7965,#7966,#7967);
#7965 = CARTESIAN_POINT('',(-0.127,-7.3915,-2.843));
#7966 = DIRECTION('',(-4.308298163317E-16,0.970142500145,-0.242535625036
    ));
#7967 = DIRECTION('',(1.077074540829E-16,-0.242535625036,-0.970142500145
    ));
#7968 = ADVANCED_FACE('',(#7969),#7980,.T.);
#7969 = FACE_BOUND('',#7970,.T.);
#7970 = EDGE_LOOP('',(#7971,#7977,#7978,#7979));
#7971 = ORIENTED_EDGE('',*,*,#7972,.T.);
#7972 = EDGE_CURVE('',#6797,#6886,#7973,.T.);
#7973 = LINE('',#7974,#7975);
#7974 = CARTESIAN_POINT('',(-0.127,-7.8485,-2.843));
#7975 = VECTOR('',#7976,1.);
#7976 = DIRECTION('',(1.,4.440892098501E-16,0.));
#7977 = ORIENTED_EDGE('',*,*,#6885,.T.);
#7978 = ORIENTED_EDGE('',*,*,#6932,.F.);
#7979 = ORIENTED_EDGE('',*,*,#6796,.F.);
#7980 = PLANE('',#7981);
#7981 = AXIS2_PLACEMENT_3D('',#7982,#7983,#7984);
#7982 = CARTESIAN_POINT('',(-0.127,-7.8485,-2.843));
#7983 = DIRECTION('',(4.440892098501E-16,-1.,-3.124088708055E-16));
#7984 = DIRECTION('',(1.387374085862E-31,-3.124088708055E-16,1.));
#7985 = ADVANCED_FACE('',(#7986),#7997,.T.);
#7986 = FACE_BOUND('',#7987,.T.);
#7987 = EDGE_LOOP('',(#7988,#7989,#7990,#7996));
#7988 = ORIENTED_EDGE('',*,*,#7957,.T.);
#7989 = ORIENTED_EDGE('',*,*,#6901,.T.);
#7990 = ORIENTED_EDGE('',*,*,#7991,.F.);
#7991 = EDGE_CURVE('',#6805,#6894,#7992,.T.);
#7992 = LINE('',#7993,#7994);
#7993 = CARTESIAN_POINT('',(-0.127,-7.73425,-3.3));
#7994 = VECTOR('',#7995,1.);
#7995 = DIRECTION('',(1.,4.440892098501E-16,0.));
#7996 = ORIENTED_EDGE('',*,*,#6812,.F.);
#7997 = PLANE('',#7998);
#7998 = AXIS2_PLACEMENT_3D('',#7999,#8000,#8001);
#7999 = CARTESIAN_POINT('',(-0.127,-7.50575,-3.3));
#8000 = DIRECTION('',(0.,0.,-1.));
#8001 = DIRECTION('',(4.440892098501E-16,-1.,0.));
#8002 = ADVANCED_FACE('',(#8003),#8009,.T.);
#8003 = FACE_BOUND('',#8004,.T.);
#8004 = EDGE_LOOP('',(#8005,#8006,#8007,#8008));
#8005 = ORIENTED_EDGE('',*,*,#7991,.T.);
#8006 = ORIENTED_EDGE('',*,*,#6893,.T.);
#8007 = ORIENTED_EDGE('',*,*,#7972,.F.);
#8008 = ORIENTED_EDGE('',*,*,#6804,.F.);
#8009 = PLANE('',#8010);
#8010 = AXIS2_PLACEMENT_3D('',#8011,#8012,#8013);
#8011 = CARTESIAN_POINT('',(-0.127,-7.73425,-3.3));
#8012 = DIRECTION('',(4.308298163317E-16,-0.970142500145,-0.242535625036
    ));
#8013 = DIRECTION('',(1.077074540829E-16,-0.242535625036,0.970142500145)
  );
#8014 = ( GEOMETRIC_REPRESENTATION_CONTEXT(3) 
GLOBAL_UNCERTAINTY_ASSIGNED_CONTEXT((#8018)) 
GLOBAL_UNIT_ASSIGNED_CONTEXT((#8015,#8016,#8017)) REPRESENTATION_CONTEXT
('Context #1','3D Context with UNIT and UNCERTAINTY') );
#8015 = ( LENGTH_UNIT() NAMED_UNIT(*) SI_UNIT(.MILLI.,.METRE.) );
#8016 = ( NAMED_UNIT(*) PLANE_ANGLE_UNIT() SI_UNIT($,.RADIAN.) );
#8017 = ( NAMED_UNIT(*) SI_UNIT($,.STERADIAN.) SOLID_ANGLE_UNIT() );
#8018 = UNCERTAINTY_MEASURE_WITH_UNIT(LENGTH_MEASURE(1.E-07),#8015,
  'distance_accuracy_value','confusion accuracy');
#8019 = CONTEXT_DEPENDENT_SHAPE_REPRESENTATION(#8020,#8022);
#8020 = ( REPRESENTATION_RELATIONSHIP('','',#67,#44) 
REPRESENTATION_RELATIONSHIP_WITH_TRANSFORMATION(#8021) 
SHAPE_REPRESENTATION_RELATIONSHIP() );
#8021 = ITEM_DEFINED_TRANSFORMATION('','',#11,#45);
#8022 = PRODUCT_DEFINITION_SHAPE('Placement','Placement of an item',
  #8023);
#8023 = NEXT_ASSEMBLY_USAGE_OCCURRENCE('1','=>[0:1:1:3]','',#39,#62,$);
#8024 = PRODUCT_RELATED_PRODUCT_CATEGORY('part',$,(#64));
#8025 = CONTEXT_DEPENDENT_SHAPE_REPRESENTATION(#8026,#8028);
#8026 = ( REPRESENTATION_RELATIONSHIP('','',#44,#10) 
REPRESENTATION_RELATIONSHIP_WITH_TRANSFORMATION(#8027) 
SHAPE_REPRESENTATION_RELATIONSHIP() );
#8027 = ITEM_DEFINED_TRANSFORMATION('','',#11,#19);
#8028 = PRODUCT_DEFINITION_SHAPE('Placement','Placement of an item',
  #8029);
#8029 = NEXT_ASSEMBLY_USAGE_OCCURRENCE('3','U2','',#5,#39,$);
#8030 = CONTEXT_DEPENDENT_SHAPE_REPRESENTATION(#8031,#8033);
#8031 = ( REPRESENTATION_RELATIONSHIP('','',#44,#10) 
REPRESENTATION_RELATIONSHIP_WITH_TRANSFORMATION(#8032) 
SHAPE_REPRESENTATION_RELATIONSHIP() );
#8032 = ITEM_DEFINED_TRANSFORMATION('','',#11,#23);
#8033 = PRODUCT_DEFINITION_SHAPE('Placement','Placement of an item',
  #8034);
#8034 = NEXT_ASSEMBLY_USAGE_OCCURRENCE('4','J1','',#5,#39,$);
#8035 = SHAPE_DEFINITION_REPRESENTATION(#8036,#8042);
#8036 = PRODUCT_DEFINITION_SHAPE('','',#8037);
#8037 = PRODUCT_DEFINITION('design','',#8038,#8041);
#8038 = PRODUCT_DEFINITION_FORMATION('','',#8039);
#8039 = PRODUCT('ACE RAM Patch_PCB','ACE RAM Patch_PCB','',(#8040));
#8040 = PRODUCT_CONTEXT('',#2,'mechanical');
#8041 = PRODUCT_DEFINITION_CONTEXT('part definition',#2,'design');
#8042 = ADVANCED_BREP_SHAPE_REPRESENTATION('',(#11,#8043),#10243);
#8043 = MANIFOLD_SOLID_BREP('',#8044);
#8044 = CLOSED_SHELL('',(#8045,#8087,#8118,#8149,#8731,#9313,#9330,#9347
    ,#9364,#9381,#9398,#9415,#9432,#9449,#9466,#9483,#9500,#9517,#9529,
    #9546,#9563,#9580,#9597,#9614,#9631,#9648,#9665,#9682,#9699,#9716,
    #9733,#9750,#9767,#9784,#9801,#9818,#9835,#9852,#9869,#9886,#9903,
    #9920,#9937,#9954,#9971,#9988,#10005,#10022,#10039,#10056,#10073,
    #10090,#10107,#10124,#10141,#10158,#10175,#10192,#10209,#10226));
#8045 = ADVANCED_FACE('',(#8046),#8082,.T.);
#8046 = FACE_BOUND('',#8047,.T.);
#8047 = EDGE_LOOP('',(#8048,#8058,#8067,#8075));
#8048 = ORIENTED_EDGE('',*,*,#8049,.T.);
#8049 = EDGE_CURVE('',#8050,#8052,#8054,.T.);
#8050 = VERTEX_POINT('',#8051);
#8051 = CARTESIAN_POINT('',(148.,-80.,0.));
#8052 = VERTEX_POINT('',#8053);
#8053 = CARTESIAN_POINT('',(148.,-80.,1.51));
#8054 = LINE('',#8055,#8056);
#8055 = CARTESIAN_POINT('',(148.,-80.,0.));
#8056 = VECTOR('',#8057,1.);
#8057 = DIRECTION('',(0.,0.,1.));
#8058 = ORIENTED_EDGE('',*,*,#8059,.T.);
#8059 = EDGE_CURVE('',#8052,#8060,#8062,.T.);
#8060 = VERTEX_POINT('',#8061);
#8061 = CARTESIAN_POINT('',(149.,-81.,1.51));
#8062 = CIRCLE('',#8063,0.999999252925);
#8063 = AXIS2_PLACEMENT_3D('',#8064,#8065,#8066);
#8064 = CARTESIAN_POINT('',(148.00000074707,-80.99999925292,1.51));
#8065 = DIRECTION('',(0.,0.,-1.));
#8066 = DIRECTION('',(-7.470757349539E-07,1.,0.));
#8067 = ORIENTED_EDGE('',*,*,#8068,.F.);
#8068 = EDGE_CURVE('',#8069,#8060,#8071,.T.);
#8069 = VERTEX_POINT('',#8070);
#8070 = CARTESIAN_POINT('',(149.,-81.,0.));
#8071 = LINE('',#8072,#8073);
#8072 = CARTESIAN_POINT('',(149.,-81.,0.));
#8073 = VECTOR('',#8074,1.);
#8074 = DIRECTION('',(0.,0.,1.));
#8075 = ORIENTED_EDGE('',*,*,#8076,.F.);
#8076 = EDGE_CURVE('',#8050,#8069,#8077,.T.);
#8077 = CIRCLE('',#8078,0.999999252925);
#8078 = AXIS2_PLACEMENT_3D('',#8079,#8080,#8081);
#8079 = CARTESIAN_POINT('',(148.00000074707,-80.99999925292,0.));
#8080 = DIRECTION('',(0.,0.,-1.));
#8081 = DIRECTION('',(-7.470757349539E-07,1.,0.));
#8082 = CYLINDRICAL_SURFACE('',#8083,0.999999252925);
#8083 = AXIS2_PLACEMENT_3D('',#8084,#8085,#8086);
#8084 = CARTESIAN_POINT('',(148.00000074707,-80.99999925292,0.));
#8085 = DIRECTION('',(0.,0.,-1.));
#8086 = DIRECTION('',(-7.470757349539E-07,1.,0.));
#8087 = ADVANCED_FACE('',(#8088),#8113,.T.);
#8088 = FACE_BOUND('',#8089,.T.);
#8089 = EDGE_LOOP('',(#8090,#8100,#8106,#8107));
#8090 = ORIENTED_EDGE('',*,*,#8091,.T.);
#8091 = EDGE_CURVE('',#8092,#8094,#8096,.T.);
#8092 = VERTEX_POINT('',#8093);
#8093 = CARTESIAN_POINT('',(125.,-80.,0.));
#8094 = VERTEX_POINT('',#8095);
#8095 = CARTESIAN_POINT('',(125.,-80.,1.51));
#8096 = LINE('',#8097,#8098);
#8097 = CARTESIAN_POINT('',(125.,-80.,0.));
#8098 = VECTOR('',#8099,1.);
#8099 = DIRECTION('',(0.,0.,1.));
#8100 = ORIENTED_EDGE('',*,*,#8101,.T.);
#8101 = EDGE_CURVE('',#8094,#8052,#8102,.T.);
#8102 = LINE('',#8103,#8104);
#8103 = CARTESIAN_POINT('',(125.,-80.,1.51));
#8104 = VECTOR('',#8105,1.);
#8105 = DIRECTION('',(1.,0.,0.));
#8106 = ORIENTED_EDGE('',*,*,#8049,.F.);
#8107 = ORIENTED_EDGE('',*,*,#8108,.F.);
#8108 = EDGE_CURVE('',#8092,#8050,#8109,.T.);
#8109 = LINE('',#8110,#8111);
#8110 = CARTESIAN_POINT('',(125.,-80.,0.));
#8111 = VECTOR('',#8112,1.);
#8112 = DIRECTION('',(1.,0.,0.));
#8113 = PLANE('',#8114);
#8114 = AXIS2_PLACEMENT_3D('',#8115,#8116,#8117);
#8115 = CARTESIAN_POINT('',(125.,-80.,0.));
#8116 = DIRECTION('',(0.,1.,0.));
#8117 = DIRECTION('',(1.,0.,0.));
#8118 = ADVANCED_FACE('',(#8119),#8144,.T.);
#8119 = FACE_BOUND('',#8120,.T.);
#8120 = EDGE_LOOP('',(#8121,#8122,#8130,#8138));
#8121 = ORIENTED_EDGE('',*,*,#8068,.T.);
#8122 = ORIENTED_EDGE('',*,*,#8123,.T.);
#8123 = EDGE_CURVE('',#8060,#8124,#8126,.T.);
#8124 = VERTEX_POINT('',#8125);
#8125 = CARTESIAN_POINT('',(149.,-101.,1.51));
#8126 = LINE('',#8127,#8128);
#8127 = CARTESIAN_POINT('',(149.,-81.,1.51));
#8128 = VECTOR('',#8129,1.);
#8129 = DIRECTION('',(0.,-1.,0.));
#8130 = ORIENTED_EDGE('',*,*,#8131,.F.);
#8131 = EDGE_CURVE('',#8132,#8124,#8134,.T.);
#8132 = VERTEX_POINT('',#8133);
#8133 = CARTESIAN_POINT('',(149.,-101.,0.));
#8134 = LINE('',#8135,#8136);
#8135 = CARTESIAN_POINT('',(149.,-101.,0.));
#8136 = VECTOR('',#8137,1.);
#8137 = DIRECTION('',(0.,0.,1.));
#8138 = ORIENTED_EDGE('',*,*,#8139,.F.);
#8139 = EDGE_CURVE('',#8069,#8132,#8140,.T.);
#8140 = LINE('',#8141,#8142);
#8141 = CARTESIAN_POINT('',(149.,-81.,0.));
#8142 = VECTOR('',#8143,1.);
#8143 = DIRECTION('',(0.,-1.,0.));
#8144 = PLANE('',#8145);
#8145 = AXIS2_PLACEMENT_3D('',#8146,#8147,#8148);
#8146 = CARTESIAN_POINT('',(149.,-81.,0.));
#8147 = DIRECTION('',(1.,0.,-0.));
#8148 = DIRECTION('',(0.,-1.,0.));
#8149 = ADVANCED_FACE('',(#8150,#8264,#8275,#8286,#8297,#8308,#8319,
    #8330,#8341,#8352,#8363,#8374,#8385,#8396,#8407,#8418,#8429,#8440,
    #8451,#8462,#8473,#8484,#8495,#8506,#8517,#8528,#8539,#8550,#8561,
    #8572,#8583,#8594,#8605,#8616,#8627,#8638,#8649,#8660,#8671,#8682,
    #8693,#8704,#8715),#8726,.F.);
#8150 = FACE_BOUND('',#8151,.F.);
#8151 = EDGE_LOOP('',(#8152,#8153,#8154,#8163,#8171,#8180,#8188,#8197,
    #8205,#8214,#8222,#8231,#8239,#8248,#8256,#8263));
#8152 = ORIENTED_EDGE('',*,*,#8076,.F.);
#8153 = ORIENTED_EDGE('',*,*,#8108,.F.);
#8154 = ORIENTED_EDGE('',*,*,#8155,.F.);
#8155 = EDGE_CURVE('',#8156,#8092,#8158,.T.);
#8156 = VERTEX_POINT('',#8157);
#8157 = CARTESIAN_POINT('',(124.,-81.,0.));
#8158 = CIRCLE('',#8159,0.999999252925);
#8159 = AXIS2_PLACEMENT_3D('',#8160,#8161,#8162);
#8160 = CARTESIAN_POINT('',(124.99999925292,-80.99999925292,0.));
#8161 = DIRECTION('',(0.,0.,-1.));
#8162 = DIRECTION('',(-1.,-7.47075720743E-07,-0.));
#8163 = ORIENTED_EDGE('',*,*,#8164,.F.);
#8164 = EDGE_CURVE('',#8165,#8156,#8167,.T.);
#8165 = VERTEX_POINT('',#8166);
#8166 = CARTESIAN_POINT('',(124.,-83.,0.));
#8167 = LINE('',#8168,#8169);
#8168 = CARTESIAN_POINT('',(124.,-83.,0.));
#8169 = VECTOR('',#8170,1.);
#8170 = DIRECTION('',(0.,1.,0.));
#8171 = ORIENTED_EDGE('',*,*,#8172,.F.);
#8172 = EDGE_CURVE('',#8173,#8165,#8175,.T.);
#8173 = VERTEX_POINT('',#8174);
#8174 = CARTESIAN_POINT('',(123.,-84.,0.));
#8175 = CIRCLE('',#8176,0.999999252925);
#8176 = AXIS2_PLACEMENT_3D('',#8177,#8178,#8179);
#8177 = CARTESIAN_POINT('',(123.00000074707,-83.00000074707,0.));
#8178 = DIRECTION('',(0.,0.,1.));
#8179 = DIRECTION('',(-7.47075720743E-07,-1.,0.));
#8180 = ORIENTED_EDGE('',*,*,#8181,.F.);
#8181 = EDGE_CURVE('',#8182,#8173,#8184,.T.);
#8182 = VERTEX_POINT('',#8183);
#8183 = CARTESIAN_POINT('',(104.,-84.,0.));
#8184 = LINE('',#8185,#8186);
#8185 = CARTESIAN_POINT('',(104.,-84.,0.));
#8186 = VECTOR('',#8187,1.);
#8187 = DIRECTION('',(1.,0.,0.));
#8188 = ORIENTED_EDGE('',*,*,#8189,.F.);
#8189 = EDGE_CURVE('',#8190,#8182,#8192,.T.);
#8190 = VERTEX_POINT('',#8191);
#8191 = CARTESIAN_POINT('',(103.,-85.,0.));
#8192 = CIRCLE('',#8193,0.999999252925);
#8193 = AXIS2_PLACEMENT_3D('',#8194,#8195,#8196);
#8194 = CARTESIAN_POINT('',(103.99999925292,-84.99999925292,0.));
#8195 = DIRECTION('',(0.,0.,-1.));
#8196 = DIRECTION('',(-1.,-7.47075720743E-07,-0.));
#8197 = ORIENTED_EDGE('',*,*,#8198,.F.);
#8198 = EDGE_CURVE('',#8199,#8190,#8201,.T.);
#8199 = VERTEX_POINT('',#8200);
#8200 = CARTESIAN_POINT('',(103.,-97.,0.));
#8201 = LINE('',#8202,#8203);
#8202 = CARTESIAN_POINT('',(103.,-97.,0.));
#8203 = VECTOR('',#8204,1.);
#8204 = DIRECTION('',(0.,1.,0.));
#8205 = ORIENTED_EDGE('',*,*,#8206,.F.);
#8206 = EDGE_CURVE('',#8207,#8199,#8209,.T.);
#8207 = VERTEX_POINT('',#8208);
#8208 = CARTESIAN_POINT('',(104.,-98.,0.));
#8209 = CIRCLE('',#8210,0.999999252925);
#8210 = AXIS2_PLACEMENT_3D('',#8211,#8212,#8213);
#8211 = CARTESIAN_POINT('',(103.99999925292,-97.00000074707,0.));
#8212 = DIRECTION('',(0.,0.,-1.));
#8213 = DIRECTION('',(7.47075720743E-07,-1.,0.));
#8214 = ORIENTED_EDGE('',*,*,#8215,.F.);
#8215 = EDGE_CURVE('',#8216,#8207,#8218,.T.);
#8216 = VERTEX_POINT('',#8217);
#8217 = CARTESIAN_POINT('',(123.,-98.,0.));
#8218 = LINE('',#8219,#8220);
#8219 = CARTESIAN_POINT('',(123.,-98.,0.));
#8220 = VECTOR('',#8221,1.);
#8221 = DIRECTION('',(-1.,0.,0.));
#8222 = ORIENTED_EDGE('',*,*,#8223,.F.);
#8223 = EDGE_CURVE('',#8224,#8216,#8226,.T.);
#8224 = VERTEX_POINT('',#8225);
#8225 = CARTESIAN_POINT('',(124.,-99.,0.));
#8226 = CIRCLE('',#8227,0.999999252925);
#8227 = AXIS2_PLACEMENT_3D('',#8228,#8229,#8230);
#8228 = CARTESIAN_POINT('',(123.00000074707,-98.99999925292,0.));
#8229 = DIRECTION('',(0.,0.,1.));
#8230 = DIRECTION('',(1.,-7.47075720743E-07,0.));
#8231 = ORIENTED_EDGE('',*,*,#8232,.F.);
#8232 = EDGE_CURVE('',#8233,#8224,#8235,.T.);
#8233 = VERTEX_POINT('',#8234);
#8234 = CARTESIAN_POINT('',(124.,-101.,0.));
#8235 = LINE('',#8236,#8237);
#8236 = CARTESIAN_POINT('',(124.,-101.,0.));
#8237 = VECTOR('',#8238,1.);
#8238 = DIRECTION('',(0.,1.,0.));
#8239 = ORIENTED_EDGE('',*,*,#8240,.F.);
#8240 = EDGE_CURVE('',#8241,#8233,#8243,.T.);
#8241 = VERTEX_POINT('',#8242);
#8242 = CARTESIAN_POINT('',(125.,-102.,0.));
#8243 = CIRCLE('',#8244,0.999999252925);
#8244 = AXIS2_PLACEMENT_3D('',#8245,#8246,#8247);
#8245 = CARTESIAN_POINT('',(124.99999925292,-101.000000747,0.));
#8246 = DIRECTION('',(0.,0.,-1.));
#8247 = DIRECTION('',(7.47075720743E-07,-1.,0.));
#8248 = ORIENTED_EDGE('',*,*,#8249,.F.);
#8249 = EDGE_CURVE('',#8250,#8241,#8252,.T.);
#8250 = VERTEX_POINT('',#8251);
#8251 = CARTESIAN_POINT('',(148.,-102.,0.));
#8252 = LINE('',#8253,#8254);
#8253 = CARTESIAN_POINT('',(148.,-102.,0.));
#8254 = VECTOR('',#8255,1.);
#8255 = DIRECTION('',(-1.,0.,0.));
#8256 = ORIENTED_EDGE('',*,*,#8257,.F.);
#8257 = EDGE_CURVE('',#8132,#8250,#8258,.T.);
#8258 = CIRCLE('',#8259,0.999999252925);
#8259 = AXIS2_PLACEMENT_3D('',#8260,#8261,#8262);
#8260 = CARTESIAN_POINT('',(148.00000074707,-101.000000747,0.));
#8261 = DIRECTION('',(0.,0.,-1.));
#8262 = DIRECTION('',(1.,7.470757491648E-07,0.));
#8263 = ORIENTED_EDGE('',*,*,#8139,.F.);
#8264 = FACE_BOUND('',#8265,.F.);
#8265 = EDGE_LOOP('',(#8266));
#8266 = ORIENTED_EDGE('',*,*,#8267,.T.);
#8267 = EDGE_CURVE('',#8268,#8268,#8270,.T.);
#8268 = VERTEX_POINT('',#8269);
#8269 = CARTESIAN_POINT('',(106.57,-95.22,0.));
#8270 = CIRCLE('',#8271,0.4);
#8271 = AXIS2_PLACEMENT_3D('',#8272,#8273,#8274);
#8272 = CARTESIAN_POINT('',(106.57,-94.82,0.));
#8273 = DIRECTION('',(-0.,0.,-1.));
#8274 = DIRECTION('',(-0.,-1.,0.));
#8275 = FACE_BOUND('',#8276,.F.);
#8276 = EDGE_LOOP('',(#8277));
#8277 = ORIENTED_EDGE('',*,*,#8278,.T.);
#8278 = EDGE_CURVE('',#8279,#8279,#8281,.T.);
#8279 = VERTEX_POINT('',#8280);
#8280 = CARTESIAN_POINT('',(109.11,-95.22,0.));
#8281 = CIRCLE('',#8282,0.4);
#8282 = AXIS2_PLACEMENT_3D('',#8283,#8284,#8285);
#8283 = CARTESIAN_POINT('',(109.11,-94.82,0.));
#8284 = DIRECTION('',(-0.,0.,-1.));
#8285 = DIRECTION('',(-0.,-1.,0.));
#8286 = FACE_BOUND('',#8287,.F.);
#8287 = EDGE_LOOP('',(#8288));
#8288 = ORIENTED_EDGE('',*,*,#8289,.T.);
#8289 = EDGE_CURVE('',#8290,#8290,#8292,.T.);
#8290 = VERTEX_POINT('',#8291);
#8291 = CARTESIAN_POINT('',(111.65,-95.22,0.));
#8292 = CIRCLE('',#8293,0.4);
#8293 = AXIS2_PLACEMENT_3D('',#8294,#8295,#8296);
#8294 = CARTESIAN_POINT('',(111.65,-94.82,0.));
#8295 = DIRECTION('',(-0.,0.,-1.));
#8296 = DIRECTION('',(-0.,-1.,0.));
#8297 = FACE_BOUND('',#8298,.F.);
#8298 = EDGE_LOOP('',(#8299));
#8299 = ORIENTED_EDGE('',*,*,#8300,.T.);
#8300 = EDGE_CURVE('',#8301,#8301,#8303,.T.);
#8301 = VERTEX_POINT('',#8302);
#8302 = CARTESIAN_POINT('',(114.19,-95.22,0.));
#8303 = CIRCLE('',#8304,0.4);
#8304 = AXIS2_PLACEMENT_3D('',#8305,#8306,#8307);
#8305 = CARTESIAN_POINT('',(114.19,-94.82,0.));
#8306 = DIRECTION('',(-0.,0.,-1.));
#8307 = DIRECTION('',(-0.,-1.,0.));
#8308 = FACE_BOUND('',#8309,.F.);
#8309 = EDGE_LOOP('',(#8310));
#8310 = ORIENTED_EDGE('',*,*,#8311,.T.);
#8311 = EDGE_CURVE('',#8312,#8312,#8314,.T.);
#8312 = VERTEX_POINT('',#8313);
#8313 = CARTESIAN_POINT('',(116.73,-95.22,0.));
#8314 = CIRCLE('',#8315,0.4);
#8315 = AXIS2_PLACEMENT_3D('',#8316,#8317,#8318);
#8316 = CARTESIAN_POINT('',(116.73,-94.82,0.));
#8317 = DIRECTION('',(-0.,0.,-1.));
#8318 = DIRECTION('',(3.5527136788E-14,-1.,-0.));
#8319 = FACE_BOUND('',#8320,.F.);
#8320 = EDGE_LOOP('',(#8321));
#8321 = ORIENTED_EDGE('',*,*,#8322,.T.);
#8322 = EDGE_CURVE('',#8323,#8323,#8325,.T.);
#8323 = VERTEX_POINT('',#8324);
#8324 = CARTESIAN_POINT('',(119.27,-95.22,0.));
#8325 = CIRCLE('',#8326,0.4);
#8326 = AXIS2_PLACEMENT_3D('',#8327,#8328,#8329);
#8327 = CARTESIAN_POINT('',(119.27,-94.82,0.));
#8328 = DIRECTION('',(-0.,0.,-1.));
#8329 = DIRECTION('',(-3.552713678801E-14,-1.,0.));
#8330 = FACE_BOUND('',#8331,.F.);
#8331 = EDGE_LOOP('',(#8332));
#8332 = ORIENTED_EDGE('',*,*,#8333,.T.);
#8333 = EDGE_CURVE('',#8334,#8334,#8336,.T.);
#8334 = VERTEX_POINT('',#8335);
#8335 = CARTESIAN_POINT('',(121.81,-95.22,0.));
#8336 = CIRCLE('',#8337,0.4);
#8337 = AXIS2_PLACEMENT_3D('',#8338,#8339,#8340);
#8338 = CARTESIAN_POINT('',(121.81,-94.82,0.));
#8339 = DIRECTION('',(-0.,0.,-1.));
#8340 = DIRECTION('',(-0.,-1.,0.));
#8341 = FACE_BOUND('',#8342,.F.);
#8342 = EDGE_LOOP('',(#8343));
#8343 = ORIENTED_EDGE('',*,*,#8344,.T.);
#8344 = EDGE_CURVE('',#8345,#8345,#8347,.T.);
#8345 = VERTEX_POINT('',#8346);
#8346 = CARTESIAN_POINT('',(127.06,-99.13,0.));
#8347 = CIRCLE('',#8348,0.4);
#8348 = AXIS2_PLACEMENT_3D('',#8349,#8350,#8351);
#8349 = CARTESIAN_POINT('',(127.06,-98.73,0.));
#8350 = DIRECTION('',(-0.,0.,-1.));
#8351 = DIRECTION('',(-0.,-1.,0.));
#8352 = FACE_BOUND('',#8353,.F.);
#8353 = EDGE_LOOP('',(#8354));
#8354 = ORIENTED_EDGE('',*,*,#8355,.T.);
#8355 = EDGE_CURVE('',#8356,#8356,#8358,.T.);
#8356 = VERTEX_POINT('',#8357);
#8357 = CARTESIAN_POINT('',(134.68,-99.13,0.));
#8358 = CIRCLE('',#8359,0.4);
#8359 = AXIS2_PLACEMENT_3D('',#8360,#8361,#8362);
#8360 = CARTESIAN_POINT('',(134.68,-98.73,0.));
#8361 = DIRECTION('',(-0.,0.,-1.));
#8362 = DIRECTION('',(-0.,-1.,0.));
#8363 = FACE_BOUND('',#8364,.F.);
#8364 = EDGE_LOOP('',(#8365));
#8365 = ORIENTED_EDGE('',*,*,#8366,.T.);
#8366 = EDGE_CURVE('',#8367,#8367,#8369,.T.);
#8367 = VERTEX_POINT('',#8368);
#8368 = CARTESIAN_POINT('',(127.06,-96.59,0.));
#8369 = CIRCLE('',#8370,0.4);
#8370 = AXIS2_PLACEMENT_3D('',#8371,#8372,#8373);
#8371 = CARTESIAN_POINT('',(127.06,-96.19,0.));
#8372 = DIRECTION('',(-0.,0.,-1.));
#8373 = DIRECTION('',(-0.,-1.,0.));
#8374 = FACE_BOUND('',#8375,.F.);
#8375 = EDGE_LOOP('',(#8376));
#8376 = ORIENTED_EDGE('',*,*,#8377,.T.);
#8377 = EDGE_CURVE('',#8378,#8378,#8380,.T.);
#8378 = VERTEX_POINT('',#8379);
#8379 = CARTESIAN_POINT('',(134.68,-96.59,0.));
#8380 = CIRCLE('',#8381,0.4);
#8381 = AXIS2_PLACEMENT_3D('',#8382,#8383,#8384);
#8382 = CARTESIAN_POINT('',(134.68,-96.19,0.));
#8383 = DIRECTION('',(-0.,0.,-1.));
#8384 = DIRECTION('',(-0.,-1.,0.));
#8385 = FACE_BOUND('',#8386,.F.);
#8386 = EDGE_LOOP('',(#8387));
#8387 = ORIENTED_EDGE('',*,*,#8388,.T.);
#8388 = EDGE_CURVE('',#8389,#8389,#8391,.T.);
#8389 = VERTEX_POINT('',#8390);
#8390 = CARTESIAN_POINT('',(138.42,-99.14,0.));
#8391 = CIRCLE('',#8392,0.4);
#8392 = AXIS2_PLACEMENT_3D('',#8393,#8394,#8395);
#8393 = CARTESIAN_POINT('',(138.42,-98.74,0.));
#8394 = DIRECTION('',(-0.,0.,-1.));
#8395 = DIRECTION('',(-7.105427357601E-14,-1.,0.));
#8396 = FACE_BOUND('',#8397,.F.);
#8397 = EDGE_LOOP('',(#8398));
#8398 = ORIENTED_EDGE('',*,*,#8399,.T.);
#8399 = EDGE_CURVE('',#8400,#8400,#8402,.T.);
#8400 = VERTEX_POINT('',#8401);
#8401 = CARTESIAN_POINT('',(146.04,-99.14,0.));
#8402 = CIRCLE('',#8403,0.4);
#8403 = AXIS2_PLACEMENT_3D('',#8404,#8405,#8406);
#8404 = CARTESIAN_POINT('',(146.04,-98.74,0.));
#8405 = DIRECTION('',(-0.,0.,-1.));
#8406 = DIRECTION('',(-0.,-1.,0.));
#8407 = FACE_BOUND('',#8408,.F.);
#8408 = EDGE_LOOP('',(#8409));
#8409 = ORIENTED_EDGE('',*,*,#8410,.T.);
#8410 = EDGE_CURVE('',#8411,#8411,#8413,.T.);
#8411 = VERTEX_POINT('',#8412);
#8412 = CARTESIAN_POINT('',(138.42,-96.6,0.));
#8413 = CIRCLE('',#8414,0.4);
#8414 = AXIS2_PLACEMENT_3D('',#8415,#8416,#8417);
#8415 = CARTESIAN_POINT('',(138.42,-96.2,0.));
#8416 = DIRECTION('',(-0.,0.,-1.));
#8417 = DIRECTION('',(-7.105427357601E-14,-1.,0.));
#8418 = FACE_BOUND('',#8419,.F.);
#8419 = EDGE_LOOP('',(#8420));
#8420 = ORIENTED_EDGE('',*,*,#8421,.T.);
#8421 = EDGE_CURVE('',#8422,#8422,#8424,.T.);
#8422 = VERTEX_POINT('',#8423);
#8423 = CARTESIAN_POINT('',(146.04,-96.6,0.));
#8424 = CIRCLE('',#8425,0.4);
#8425 = AXIS2_PLACEMENT_3D('',#8426,#8427,#8428);
#8426 = CARTESIAN_POINT('',(146.04,-96.2,0.));
#8427 = DIRECTION('',(-0.,0.,-1.));
#8428 = DIRECTION('',(-0.,-1.,0.));
#8429 = FACE_BOUND('',#8430,.F.);
#8430 = EDGE_LOOP('',(#8431));
#8431 = ORIENTED_EDGE('',*,*,#8432,.T.);
#8432 = EDGE_CURVE('',#8433,#8433,#8435,.T.);
#8433 = VERTEX_POINT('',#8434);
#8434 = CARTESIAN_POINT('',(127.06,-94.05,0.));
#8435 = CIRCLE('',#8436,0.4);
#8436 = AXIS2_PLACEMENT_3D('',#8437,#8438,#8439);
#8437 = CARTESIAN_POINT('',(127.06,-93.65,0.));
#8438 = DIRECTION('',(-0.,0.,-1.));
#8439 = DIRECTION('',(-0.,-1.,0.));
#8440 = FACE_BOUND('',#8441,.F.);
#8441 = EDGE_LOOP('',(#8442));
#8442 = ORIENTED_EDGE('',*,*,#8443,.T.);
#8443 = EDGE_CURVE('',#8444,#8444,#8446,.T.);
#8444 = VERTEX_POINT('',#8445);
#8445 = CARTESIAN_POINT('',(134.68,-94.05,0.));
#8446 = CIRCLE('',#8447,0.4);
#8447 = AXIS2_PLACEMENT_3D('',#8448,#8449,#8450);
#8448 = CARTESIAN_POINT('',(134.68,-93.65,0.));
#8449 = DIRECTION('',(-0.,0.,-1.));
#8450 = DIRECTION('',(-0.,-1.,0.));
#8451 = FACE_BOUND('',#8452,.F.);
#8452 = EDGE_LOOP('',(#8453));
#8453 = ORIENTED_EDGE('',*,*,#8454,.T.);
#8454 = EDGE_CURVE('',#8455,#8455,#8457,.T.);
#8455 = VERTEX_POINT('',#8456);
#8456 = CARTESIAN_POINT('',(138.42,-94.06,0.));
#8457 = CIRCLE('',#8458,0.4);
#8458 = AXIS2_PLACEMENT_3D('',#8459,#8460,#8461);
#8459 = CARTESIAN_POINT('',(138.42,-93.66,0.));
#8460 = DIRECTION('',(-0.,0.,-1.));
#8461 = DIRECTION('',(-7.105427357601E-14,-1.,0.));
#8462 = FACE_BOUND('',#8463,.F.);
#8463 = EDGE_LOOP('',(#8464));
#8464 = ORIENTED_EDGE('',*,*,#8465,.T.);
#8465 = EDGE_CURVE('',#8466,#8466,#8468,.T.);
#8466 = VERTEX_POINT('',#8467);
#8467 = CARTESIAN_POINT('',(146.04,-94.06,0.));
#8468 = CIRCLE('',#8469,0.4);
#8469 = AXIS2_PLACEMENT_3D('',#8470,#8471,#8472);
#8470 = CARTESIAN_POINT('',(146.04,-93.66,0.));
#8471 = DIRECTION('',(-0.,0.,-1.));
#8472 = DIRECTION('',(-0.,-1.,0.));
#8473 = FACE_BOUND('',#8474,.F.);
#8474 = EDGE_LOOP('',(#8475));
#8475 = ORIENTED_EDGE('',*,*,#8476,.T.);
#8476 = EDGE_CURVE('',#8477,#8477,#8479,.T.);
#8477 = VERTEX_POINT('',#8478);
#8478 = CARTESIAN_POINT('',(138.42,-91.52,0.));
#8479 = CIRCLE('',#8480,0.4);
#8480 = AXIS2_PLACEMENT_3D('',#8481,#8482,#8483);
#8481 = CARTESIAN_POINT('',(138.42,-91.12,0.));
#8482 = DIRECTION('',(-0.,0.,-1.));
#8483 = DIRECTION('',(-7.105427357601E-14,-1.,0.));
#8484 = FACE_BOUND('',#8485,.F.);
#8485 = EDGE_LOOP('',(#8486));
#8486 = ORIENTED_EDGE('',*,*,#8487,.T.);
#8487 = EDGE_CURVE('',#8488,#8488,#8490,.T.);
#8488 = VERTEX_POINT('',#8489);
#8489 = CARTESIAN_POINT('',(146.04,-91.52,0.));
#8490 = CIRCLE('',#8491,0.4);
#8491 = AXIS2_PLACEMENT_3D('',#8492,#8493,#8494);
#8492 = CARTESIAN_POINT('',(146.04,-91.12,0.));
#8493 = DIRECTION('',(-0.,0.,-1.));
#8494 = DIRECTION('',(-0.,-1.,0.));
#8495 = FACE_BOUND('',#8496,.F.);
#8496 = EDGE_LOOP('',(#8497));
#8497 = ORIENTED_EDGE('',*,*,#8498,.T.);
#8498 = EDGE_CURVE('',#8499,#8499,#8501,.T.);
#8499 = VERTEX_POINT('',#8500);
#8500 = CARTESIAN_POINT('',(106.57,-87.6,0.));
#8501 = CIRCLE('',#8502,0.4);
#8502 = AXIS2_PLACEMENT_3D('',#8503,#8504,#8505);
#8503 = CARTESIAN_POINT('',(106.57,-87.2,0.));
#8504 = DIRECTION('',(-0.,0.,-1.));
#8505 = DIRECTION('',(-0.,-1.,0.));
#8506 = FACE_BOUND('',#8507,.F.);
#8507 = EDGE_LOOP('',(#8508));
#8508 = ORIENTED_EDGE('',*,*,#8509,.T.);
#8509 = EDGE_CURVE('',#8510,#8510,#8512,.T.);
#8510 = VERTEX_POINT('',#8511);
#8511 = CARTESIAN_POINT('',(109.11,-87.6,0.));
#8512 = CIRCLE('',#8513,0.4);
#8513 = AXIS2_PLACEMENT_3D('',#8514,#8515,#8516);
#8514 = CARTESIAN_POINT('',(109.11,-87.2,0.));
#8515 = DIRECTION('',(-0.,0.,-1.));
#8516 = DIRECTION('',(-0.,-1.,0.));
#8517 = FACE_BOUND('',#8518,.F.);
#8518 = EDGE_LOOP('',(#8519));
#8519 = ORIENTED_EDGE('',*,*,#8520,.T.);
#8520 = EDGE_CURVE('',#8521,#8521,#8523,.T.);
#8521 = VERTEX_POINT('',#8522);
#8522 = CARTESIAN_POINT('',(111.65,-87.6,0.));
#8523 = CIRCLE('',#8524,0.4);
#8524 = AXIS2_PLACEMENT_3D('',#8525,#8526,#8527);
#8525 = CARTESIAN_POINT('',(111.65,-87.2,0.));
#8526 = DIRECTION('',(-0.,0.,-1.));
#8527 = DIRECTION('',(-0.,-1.,0.));
#8528 = FACE_BOUND('',#8529,.F.);
#8529 = EDGE_LOOP('',(#8530));
#8530 = ORIENTED_EDGE('',*,*,#8531,.T.);
#8531 = EDGE_CURVE('',#8532,#8532,#8534,.T.);
#8532 = VERTEX_POINT('',#8533);
#8533 = CARTESIAN_POINT('',(114.19,-87.6,0.));
#8534 = CIRCLE('',#8535,0.4);
#8535 = AXIS2_PLACEMENT_3D('',#8536,#8537,#8538);
#8536 = CARTESIAN_POINT('',(114.19,-87.2,0.));
#8537 = DIRECTION('',(-0.,0.,-1.));
#8538 = DIRECTION('',(-0.,-1.,0.));
#8539 = FACE_BOUND('',#8540,.F.);
#8540 = EDGE_LOOP('',(#8541));
#8541 = ORIENTED_EDGE('',*,*,#8542,.T.);
#8542 = EDGE_CURVE('',#8543,#8543,#8545,.T.);
#8543 = VERTEX_POINT('',#8544);
#8544 = CARTESIAN_POINT('',(116.73,-87.6,0.));
#8545 = CIRCLE('',#8546,0.4);
#8546 = AXIS2_PLACEMENT_3D('',#8547,#8548,#8549);
#8547 = CARTESIAN_POINT('',(116.73,-87.2,0.));
#8548 = DIRECTION('',(-0.,0.,-1.));
#8549 = DIRECTION('',(3.5527136788E-14,-1.,-0.));
#8550 = FACE_BOUND('',#8551,.F.);
#8551 = EDGE_LOOP('',(#8552));
#8552 = ORIENTED_EDGE('',*,*,#8553,.T.);
#8553 = EDGE_CURVE('',#8554,#8554,#8556,.T.);
#8554 = VERTEX_POINT('',#8555);
#8555 = CARTESIAN_POINT('',(119.27,-87.6,0.));
#8556 = CIRCLE('',#8557,0.4);
#8557 = AXIS2_PLACEMENT_3D('',#8558,#8559,#8560);
#8558 = CARTESIAN_POINT('',(119.27,-87.2,0.));
#8559 = DIRECTION('',(-0.,0.,-1.));
#8560 = DIRECTION('',(-3.552713678801E-14,-1.,0.));
#8561 = FACE_BOUND('',#8562,.F.);
#8562 = EDGE_LOOP('',(#8563));
#8563 = ORIENTED_EDGE('',*,*,#8564,.T.);
#8564 = EDGE_CURVE('',#8565,#8565,#8567,.T.);
#8565 = VERTEX_POINT('',#8566);
#8566 = CARTESIAN_POINT('',(121.81,-87.6,0.));
#8567 = CIRCLE('',#8568,0.4);
#8568 = AXIS2_PLACEMENT_3D('',#8569,#8570,#8571);
#8569 = CARTESIAN_POINT('',(121.81,-87.2,0.));
#8570 = DIRECTION('',(-0.,0.,-1.));
#8571 = DIRECTION('',(-0.,-1.,0.));
#8572 = FACE_BOUND('',#8573,.F.);
#8573 = EDGE_LOOP('',(#8574));
#8574 = ORIENTED_EDGE('',*,*,#8575,.T.);
#8575 = EDGE_CURVE('',#8576,#8576,#8578,.T.);
#8576 = VERTEX_POINT('',#8577);
#8577 = CARTESIAN_POINT('',(127.06,-91.51,0.));
#8578 = CIRCLE('',#8579,0.4);
#8579 = AXIS2_PLACEMENT_3D('',#8580,#8581,#8582);
#8580 = CARTESIAN_POINT('',(127.06,-91.11,0.));
#8581 = DIRECTION('',(-0.,0.,-1.));
#8582 = DIRECTION('',(-0.,-1.,0.));
#8583 = FACE_BOUND('',#8584,.F.);
#8584 = EDGE_LOOP('',(#8585));
#8585 = ORIENTED_EDGE('',*,*,#8586,.T.);
#8586 = EDGE_CURVE('',#8587,#8587,#8589,.T.);
#8587 = VERTEX_POINT('',#8588);
#8588 = CARTESIAN_POINT('',(134.68,-91.51,0.));
#8589 = CIRCLE('',#8590,0.4);
#8590 = AXIS2_PLACEMENT_3D('',#8591,#8592,#8593);
#8591 = CARTESIAN_POINT('',(134.68,-91.11,0.));
#8592 = DIRECTION('',(-0.,0.,-1.));
#8593 = DIRECTION('',(-0.,-1.,0.));
#8594 = FACE_BOUND('',#8595,.F.);
#8595 = EDGE_LOOP('',(#8596));
#8596 = ORIENTED_EDGE('',*,*,#8597,.T.);
#8597 = EDGE_CURVE('',#8598,#8598,#8600,.T.);
#8598 = VERTEX_POINT('',#8599);
#8599 = CARTESIAN_POINT('',(127.06,-88.97,0.));
#8600 = CIRCLE('',#8601,0.4);
#8601 = AXIS2_PLACEMENT_3D('',#8602,#8603,#8604);
#8602 = CARTESIAN_POINT('',(127.06,-88.57,0.));
#8603 = DIRECTION('',(-0.,0.,-1.));
#8604 = DIRECTION('',(-0.,-1.,0.));
#8605 = FACE_BOUND('',#8606,.F.);
#8606 = EDGE_LOOP('',(#8607));
#8607 = ORIENTED_EDGE('',*,*,#8608,.T.);
#8608 = EDGE_CURVE('',#8609,#8609,#8611,.T.);
#8609 = VERTEX_POINT('',#8610);
#8610 = CARTESIAN_POINT('',(134.68,-88.97,0.));
#8611 = CIRCLE('',#8612,0.4);
#8612 = AXIS2_PLACEMENT_3D('',#8613,#8614,#8615);
#8613 = CARTESIAN_POINT('',(134.68,-88.57,0.));
#8614 = DIRECTION('',(-0.,0.,-1.));
#8615 = DIRECTION('',(-0.,-1.,0.));
#8616 = FACE_BOUND('',#8617,.F.);
#8617 = EDGE_LOOP('',(#8618));
#8618 = ORIENTED_EDGE('',*,*,#8619,.T.);
#8619 = EDGE_CURVE('',#8620,#8620,#8622,.T.);
#8620 = VERTEX_POINT('',#8621);
#8621 = CARTESIAN_POINT('',(138.42,-88.98,0.));
#8622 = CIRCLE('',#8623,0.4);
#8623 = AXIS2_PLACEMENT_3D('',#8624,#8625,#8626);
#8624 = CARTESIAN_POINT('',(138.42,-88.58,0.));
#8625 = DIRECTION('',(-0.,0.,-1.));
#8626 = DIRECTION('',(-7.105427357601E-14,-1.,0.));
#8627 = FACE_BOUND('',#8628,.F.);
#8628 = EDGE_LOOP('',(#8629));
#8629 = ORIENTED_EDGE('',*,*,#8630,.T.);
#8630 = EDGE_CURVE('',#8631,#8631,#8633,.T.);
#8631 = VERTEX_POINT('',#8632);
#8632 = CARTESIAN_POINT('',(146.04,-88.98,0.));
#8633 = CIRCLE('',#8634,0.4);
#8634 = AXIS2_PLACEMENT_3D('',#8635,#8636,#8637);
#8635 = CARTESIAN_POINT('',(146.04,-88.58,0.));
#8636 = DIRECTION('',(-0.,0.,-1.));
#8637 = DIRECTION('',(-0.,-1.,0.));
#8638 = FACE_BOUND('',#8639,.F.);
#8639 = EDGE_LOOP('',(#8640));
#8640 = ORIENTED_EDGE('',*,*,#8641,.T.);
#8641 = EDGE_CURVE('',#8642,#8642,#8644,.T.);
#8642 = VERTEX_POINT('',#8643);
#8643 = CARTESIAN_POINT('',(127.06,-86.43,0.));
#8644 = CIRCLE('',#8645,0.4);
#8645 = AXIS2_PLACEMENT_3D('',#8646,#8647,#8648);
#8646 = CARTESIAN_POINT('',(127.06,-86.03,0.));
#8647 = DIRECTION('',(-0.,0.,-1.));
#8648 = DIRECTION('',(-0.,-1.,0.));
#8649 = FACE_BOUND('',#8650,.F.);
#8650 = EDGE_LOOP('',(#8651));
#8651 = ORIENTED_EDGE('',*,*,#8652,.T.);
#8652 = EDGE_CURVE('',#8653,#8653,#8655,.T.);
#8653 = VERTEX_POINT('',#8654);
#8654 = CARTESIAN_POINT('',(134.68,-86.43,0.));
#8655 = CIRCLE('',#8656,0.4);
#8656 = AXIS2_PLACEMENT_3D('',#8657,#8658,#8659);
#8657 = CARTESIAN_POINT('',(134.68,-86.03,0.));
#8658 = DIRECTION('',(-0.,0.,-1.));
#8659 = DIRECTION('',(-0.,-1.,0.));
#8660 = FACE_BOUND('',#8661,.F.);
#8661 = EDGE_LOOP('',(#8662));
#8662 = ORIENTED_EDGE('',*,*,#8663,.T.);
#8663 = EDGE_CURVE('',#8664,#8664,#8666,.T.);
#8664 = VERTEX_POINT('',#8665);
#8665 = CARTESIAN_POINT('',(127.06,-83.89,0.));
#8666 = CIRCLE('',#8667,0.4);
#8667 = AXIS2_PLACEMENT_3D('',#8668,#8669,#8670);
#8668 = CARTESIAN_POINT('',(127.06,-83.49,0.));
#8669 = DIRECTION('',(-0.,0.,-1.));
#8670 = DIRECTION('',(-0.,-1.,0.));
#8671 = FACE_BOUND('',#8672,.F.);
#8672 = EDGE_LOOP('',(#8673));
#8673 = ORIENTED_EDGE('',*,*,#8674,.T.);
#8674 = EDGE_CURVE('',#8675,#8675,#8677,.T.);
#8675 = VERTEX_POINT('',#8676);
#8676 = CARTESIAN_POINT('',(134.68,-83.89,0.));
#8677 = CIRCLE('',#8678,0.4);
#8678 = AXIS2_PLACEMENT_3D('',#8679,#8680,#8681);
#8679 = CARTESIAN_POINT('',(134.68,-83.49,0.));
#8680 = DIRECTION('',(-0.,0.,-1.));
#8681 = DIRECTION('',(-0.,-1.,0.));
#8682 = FACE_BOUND('',#8683,.F.);
#8683 = EDGE_LOOP('',(#8684));
#8684 = ORIENTED_EDGE('',*,*,#8685,.T.);
#8685 = EDGE_CURVE('',#8686,#8686,#8688,.T.);
#8686 = VERTEX_POINT('',#8687);
#8687 = CARTESIAN_POINT('',(138.42,-86.44,0.));
#8688 = CIRCLE('',#8689,0.4);
#8689 = AXIS2_PLACEMENT_3D('',#8690,#8691,#8692);
#8690 = CARTESIAN_POINT('',(138.42,-86.04,0.));
#8691 = DIRECTION('',(-0.,0.,-1.));
#8692 = DIRECTION('',(-7.105427357601E-14,-1.,0.));
#8693 = FACE_BOUND('',#8694,.F.);
#8694 = EDGE_LOOP('',(#8695));
#8695 = ORIENTED_EDGE('',*,*,#8696,.T.);
#8696 = EDGE_CURVE('',#8697,#8697,#8699,.T.);
#8697 = VERTEX_POINT('',#8698);
#8698 = CARTESIAN_POINT('',(146.04,-86.44,0.));
#8699 = CIRCLE('',#8700,0.4);
#8700 = AXIS2_PLACEMENT_3D('',#8701,#8702,#8703);
#8701 = CARTESIAN_POINT('',(146.04,-86.04,0.));
#8702 = DIRECTION('',(-0.,0.,-1.));
#8703 = DIRECTION('',(-0.,-1.,0.));
#8704 = FACE_BOUND('',#8705,.F.);
#8705 = EDGE_LOOP('',(#8706));
#8706 = ORIENTED_EDGE('',*,*,#8707,.T.);
#8707 = EDGE_CURVE('',#8708,#8708,#8710,.T.);
#8708 = VERTEX_POINT('',#8709);
#8709 = CARTESIAN_POINT('',(138.42,-83.9,0.));
#8710 = CIRCLE('',#8711,0.4);
#8711 = AXIS2_PLACEMENT_3D('',#8712,#8713,#8714);
#8712 = CARTESIAN_POINT('',(138.42,-83.5,0.));
#8713 = DIRECTION('',(-0.,0.,-1.));
#8714 = DIRECTION('',(-7.105427357601E-14,-1.,0.));
#8715 = FACE_BOUND('',#8716,.F.);
#8716 = EDGE_LOOP('',(#8717));
#8717 = ORIENTED_EDGE('',*,*,#8718,.T.);
#8718 = EDGE_CURVE('',#8719,#8719,#8721,.T.);
#8719 = VERTEX_POINT('',#8720);
#8720 = CARTESIAN_POINT('',(146.04,-83.9,0.));
#8721 = CIRCLE('',#8722,0.4);
#8722 = AXIS2_PLACEMENT_3D('',#8723,#8724,#8725);
#8723 = CARTESIAN_POINT('',(146.04,-83.5,0.));
#8724 = DIRECTION('',(-0.,0.,-1.));
#8725 = DIRECTION('',(-0.,-1.,0.));
#8726 = PLANE('',#8727);
#8727 = AXIS2_PLACEMENT_3D('',#8728,#8729,#8730);
#8728 = CARTESIAN_POINT('',(0.,0.,0.));
#8729 = DIRECTION('',(0.,0.,1.));
#8730 = DIRECTION('',(1.,0.,-0.));
#8731 = ADVANCED_FACE('',(#8732,#8846,#8857,#8868,#8879,#8890,#8901,
    #8912,#8923,#8934,#8945,#8956,#8967,#8978,#8989,#9000,#9011,#9022,
    #9033,#9044,#9055,#9066,#9077,#9088,#9099,#9110,#9121,#9132,#9143,
    #9154,#9165,#9176,#9187,#9198,#9209,#9220,#9231,#9242,#9253,#9264,
    #9275,#9286,#9297),#9308,.T.);
#8732 = FACE_BOUND('',#8733,.T.);
#8733 = EDGE_LOOP('',(#8734,#8735,#8736,#8745,#8753,#8762,#8770,#8779,
    #8787,#8796,#8804,#8813,#8821,#8830,#8838,#8845));
#8734 = ORIENTED_EDGE('',*,*,#8059,.F.);
#8735 = ORIENTED_EDGE('',*,*,#8101,.F.);
#8736 = ORIENTED_EDGE('',*,*,#8737,.F.);
#8737 = EDGE_CURVE('',#8738,#8094,#8740,.T.);
#8738 = VERTEX_POINT('',#8739);
#8739 = CARTESIAN_POINT('',(124.,-81.,1.51));
#8740 = CIRCLE('',#8741,0.999999252925);
#8741 = AXIS2_PLACEMENT_3D('',#8742,#8743,#8744);
#8742 = CARTESIAN_POINT('',(124.99999925292,-80.99999925292,1.51));
#8743 = DIRECTION('',(0.,0.,-1.));
#8744 = DIRECTION('',(-1.,-7.47075720743E-07,-0.));
#8745 = ORIENTED_EDGE('',*,*,#8746,.F.);
#8746 = EDGE_CURVE('',#8747,#8738,#8749,.T.);
#8747 = VERTEX_POINT('',#8748);
#8748 = CARTESIAN_POINT('',(124.,-83.,1.51));
#8749 = LINE('',#8750,#8751);
#8750 = CARTESIAN_POINT('',(124.,-83.,1.51));
#8751 = VECTOR('',#8752,1.);
#8752 = DIRECTION('',(0.,1.,0.));
#8753 = ORIENTED_EDGE('',*,*,#8754,.F.);
#8754 = EDGE_CURVE('',#8755,#8747,#8757,.T.);
#8755 = VERTEX_POINT('',#8756);
#8756 = CARTESIAN_POINT('',(123.,-84.,1.51));
#8757 = CIRCLE('',#8758,0.999999252925);
#8758 = AXIS2_PLACEMENT_3D('',#8759,#8760,#8761);
#8759 = CARTESIAN_POINT('',(123.00000074707,-83.00000074707,1.51));
#8760 = DIRECTION('',(0.,0.,1.));
#8761 = DIRECTION('',(-7.47075720743E-07,-1.,0.));
#8762 = ORIENTED_EDGE('',*,*,#8763,.F.);
#8763 = EDGE_CURVE('',#8764,#8755,#8766,.T.);
#8764 = VERTEX_POINT('',#8765);
#8765 = CARTESIAN_POINT('',(104.,-84.,1.51));
#8766 = LINE('',#8767,#8768);
#8767 = CARTESIAN_POINT('',(104.,-84.,1.51));
#8768 = VECTOR('',#8769,1.);
#8769 = DIRECTION('',(1.,0.,0.));
#8770 = ORIENTED_EDGE('',*,*,#8771,.F.);
#8771 = EDGE_CURVE('',#8772,#8764,#8774,.T.);
#8772 = VERTEX_POINT('',#8773);
#8773 = CARTESIAN_POINT('',(103.,-85.,1.51));
#8774 = CIRCLE('',#8775,0.999999252925);
#8775 = AXIS2_PLACEMENT_3D('',#8776,#8777,#8778);
#8776 = CARTESIAN_POINT('',(103.99999925292,-84.99999925292,1.51));
#8777 = DIRECTION('',(0.,0.,-1.));
#8778 = DIRECTION('',(-1.,-7.47075720743E-07,-0.));
#8779 = ORIENTED_EDGE('',*,*,#8780,.F.);
#8780 = EDGE_CURVE('',#8781,#8772,#8783,.T.);
#8781 = VERTEX_POINT('',#8782);
#8782 = CARTESIAN_POINT('',(103.,-97.,1.51));
#8783 = LINE('',#8784,#8785);
#8784 = CARTESIAN_POINT('',(103.,-97.,1.51));
#8785 = VECTOR('',#8786,1.);
#8786 = DIRECTION('',(0.,1.,0.));
#8787 = ORIENTED_EDGE('',*,*,#8788,.F.);
#8788 = EDGE_CURVE('',#8789,#8781,#8791,.T.);
#8789 = VERTEX_POINT('',#8790);
#8790 = CARTESIAN_POINT('',(104.,-98.,1.51));
#8791 = CIRCLE('',#8792,0.999999252925);
#8792 = AXIS2_PLACEMENT_3D('',#8793,#8794,#8795);
#8793 = CARTESIAN_POINT('',(103.99999925292,-97.00000074707,1.51));
#8794 = DIRECTION('',(0.,0.,-1.));
#8795 = DIRECTION('',(7.47075720743E-07,-1.,0.));
#8796 = ORIENTED_EDGE('',*,*,#8797,.F.);
#8797 = EDGE_CURVE('',#8798,#8789,#8800,.T.);
#8798 = VERTEX_POINT('',#8799);
#8799 = CARTESIAN_POINT('',(123.,-98.,1.51));
#8800 = LINE('',#8801,#8802);
#8801 = CARTESIAN_POINT('',(123.,-98.,1.51));
#8802 = VECTOR('',#8803,1.);
#8803 = DIRECTION('',(-1.,0.,0.));
#8804 = ORIENTED_EDGE('',*,*,#8805,.F.);
#8805 = EDGE_CURVE('',#8806,#8798,#8808,.T.);
#8806 = VERTEX_POINT('',#8807);
#8807 = CARTESIAN_POINT('',(124.,-99.,1.51));
#8808 = CIRCLE('',#8809,0.999999252925);
#8809 = AXIS2_PLACEMENT_3D('',#8810,#8811,#8812);
#8810 = CARTESIAN_POINT('',(123.00000074707,-98.99999925292,1.51));
#8811 = DIRECTION('',(0.,0.,1.));
#8812 = DIRECTION('',(1.,-7.47075720743E-07,0.));
#8813 = ORIENTED_EDGE('',*,*,#8814,.F.);
#8814 = EDGE_CURVE('',#8815,#8806,#8817,.T.);
#8815 = VERTEX_POINT('',#8816);
#8816 = CARTESIAN_POINT('',(124.,-101.,1.51));
#8817 = LINE('',#8818,#8819);
#8818 = CARTESIAN_POINT('',(124.,-101.,1.51));
#8819 = VECTOR('',#8820,1.);
#8820 = DIRECTION('',(0.,1.,0.));
#8821 = ORIENTED_EDGE('',*,*,#8822,.F.);
#8822 = EDGE_CURVE('',#8823,#8815,#8825,.T.);
#8823 = VERTEX_POINT('',#8824);
#8824 = CARTESIAN_POINT('',(125.,-102.,1.51));
#8825 = CIRCLE('',#8826,0.999999252925);
#8826 = AXIS2_PLACEMENT_3D('',#8827,#8828,#8829);
#8827 = CARTESIAN_POINT('',(124.99999925292,-101.000000747,1.51));
#8828 = DIRECTION('',(0.,0.,-1.));
#8829 = DIRECTION('',(7.47075720743E-07,-1.,0.));
#8830 = ORIENTED_EDGE('',*,*,#8831,.F.);
#8831 = EDGE_CURVE('',#8832,#8823,#8834,.T.);
#8832 = VERTEX_POINT('',#8833);
#8833 = CARTESIAN_POINT('',(148.,-102.,1.51));
#8834 = LINE('',#8835,#8836);
#8835 = CARTESIAN_POINT('',(148.,-102.,1.51));
#8836 = VECTOR('',#8837,1.);
#8837 = DIRECTION('',(-1.,0.,0.));
#8838 = ORIENTED_EDGE('',*,*,#8839,.F.);
#8839 = EDGE_CURVE('',#8124,#8832,#8840,.T.);
#8840 = CIRCLE('',#8841,0.999999252925);
#8841 = AXIS2_PLACEMENT_3D('',#8842,#8843,#8844);
#8842 = CARTESIAN_POINT('',(148.00000074707,-101.000000747,1.51));
#8843 = DIRECTION('',(0.,0.,-1.));
#8844 = DIRECTION('',(1.,7.470757491648E-07,0.));
#8845 = ORIENTED_EDGE('',*,*,#8123,.F.);
#8846 = FACE_BOUND('',#8847,.T.);
#8847 = EDGE_LOOP('',(#8848));
#8848 = ORIENTED_EDGE('',*,*,#8849,.T.);
#8849 = EDGE_CURVE('',#8850,#8850,#8852,.T.);
#8850 = VERTEX_POINT('',#8851);
#8851 = CARTESIAN_POINT('',(106.57,-95.22,1.51));
#8852 = CIRCLE('',#8853,0.4);
#8853 = AXIS2_PLACEMENT_3D('',#8854,#8855,#8856);
#8854 = CARTESIAN_POINT('',(106.57,-94.82,1.51));
#8855 = DIRECTION('',(-0.,0.,-1.));
#8856 = DIRECTION('',(-0.,-1.,0.));
#8857 = FACE_BOUND('',#8858,.T.);
#8858 = EDGE_LOOP('',(#8859));
#8859 = ORIENTED_EDGE('',*,*,#8860,.T.);
#8860 = EDGE_CURVE('',#8861,#8861,#8863,.T.);
#8861 = VERTEX_POINT('',#8862);
#8862 = CARTESIAN_POINT('',(109.11,-95.22,1.51));
#8863 = CIRCLE('',#8864,0.4);
#8864 = AXIS2_PLACEMENT_3D('',#8865,#8866,#8867);
#8865 = CARTESIAN_POINT('',(109.11,-94.82,1.51));
#8866 = DIRECTION('',(-0.,0.,-1.));
#8867 = DIRECTION('',(-0.,-1.,0.));
#8868 = FACE_BOUND('',#8869,.T.);
#8869 = EDGE_LOOP('',(#8870));
#8870 = ORIENTED_EDGE('',*,*,#8871,.T.);
#8871 = EDGE_CURVE('',#8872,#8872,#8874,.T.);
#8872 = VERTEX_POINT('',#8873);
#8873 = CARTESIAN_POINT('',(111.65,-95.22,1.51));
#8874 = CIRCLE('',#8875,0.4);
#8875 = AXIS2_PLACEMENT_3D('',#8876,#8877,#8878);
#8876 = CARTESIAN_POINT('',(111.65,-94.82,1.51));
#8877 = DIRECTION('',(-0.,0.,-1.));
#8878 = DIRECTION('',(-0.,-1.,0.));
#8879 = FACE_BOUND('',#8880,.T.);
#8880 = EDGE_LOOP('',(#8881));
#8881 = ORIENTED_EDGE('',*,*,#8882,.T.);
#8882 = EDGE_CURVE('',#8883,#8883,#8885,.T.);
#8883 = VERTEX_POINT('',#8884);
#8884 = CARTESIAN_POINT('',(114.19,-95.22,1.51));
#8885 = CIRCLE('',#8886,0.4);
#8886 = AXIS2_PLACEMENT_3D('',#8887,#8888,#8889);
#8887 = CARTESIAN_POINT('',(114.19,-94.82,1.51));
#8888 = DIRECTION('',(-0.,0.,-1.));
#8889 = DIRECTION('',(-0.,-1.,0.));
#8890 = FACE_BOUND('',#8891,.T.);
#8891 = EDGE_LOOP('',(#8892));
#8892 = ORIENTED_EDGE('',*,*,#8893,.T.);
#8893 = EDGE_CURVE('',#8894,#8894,#8896,.T.);
#8894 = VERTEX_POINT('',#8895);
#8895 = CARTESIAN_POINT('',(116.73,-95.22,1.51));
#8896 = CIRCLE('',#8897,0.4);
#8897 = AXIS2_PLACEMENT_3D('',#8898,#8899,#8900);
#8898 = CARTESIAN_POINT('',(116.73,-94.82,1.51));
#8899 = DIRECTION('',(-0.,0.,-1.));
#8900 = DIRECTION('',(3.5527136788E-14,-1.,-0.));
#8901 = FACE_BOUND('',#8902,.T.);
#8902 = EDGE_LOOP('',(#8903));
#8903 = ORIENTED_EDGE('',*,*,#8904,.T.);
#8904 = EDGE_CURVE('',#8905,#8905,#8907,.T.);
#8905 = VERTEX_POINT('',#8906);
#8906 = CARTESIAN_POINT('',(119.27,-95.22,1.51));
#8907 = CIRCLE('',#8908,0.4);
#8908 = AXIS2_PLACEMENT_3D('',#8909,#8910,#8911);
#8909 = CARTESIAN_POINT('',(119.27,-94.82,1.51));
#8910 = DIRECTION('',(-0.,0.,-1.));
#8911 = DIRECTION('',(-3.552713678801E-14,-1.,0.));
#8912 = FACE_BOUND('',#8913,.T.);
#8913 = EDGE_LOOP('',(#8914));
#8914 = ORIENTED_EDGE('',*,*,#8915,.T.);
#8915 = EDGE_CURVE('',#8916,#8916,#8918,.T.);
#8916 = VERTEX_POINT('',#8917);
#8917 = CARTESIAN_POINT('',(121.81,-95.22,1.51));
#8918 = CIRCLE('',#8919,0.4);
#8919 = AXIS2_PLACEMENT_3D('',#8920,#8921,#8922);
#8920 = CARTESIAN_POINT('',(121.81,-94.82,1.51));
#8921 = DIRECTION('',(-0.,0.,-1.));
#8922 = DIRECTION('',(-0.,-1.,0.));
#8923 = FACE_BOUND('',#8924,.T.);
#8924 = EDGE_LOOP('',(#8925));
#8925 = ORIENTED_EDGE('',*,*,#8926,.T.);
#8926 = EDGE_CURVE('',#8927,#8927,#8929,.T.);
#8927 = VERTEX_POINT('',#8928);
#8928 = CARTESIAN_POINT('',(127.06,-99.13,1.51));
#8929 = CIRCLE('',#8930,0.4);
#8930 = AXIS2_PLACEMENT_3D('',#8931,#8932,#8933);
#8931 = CARTESIAN_POINT('',(127.06,-98.73,1.51));
#8932 = DIRECTION('',(-0.,0.,-1.));
#8933 = DIRECTION('',(-0.,-1.,0.));
#8934 = FACE_BOUND('',#8935,.T.);
#8935 = EDGE_LOOP('',(#8936));
#8936 = ORIENTED_EDGE('',*,*,#8937,.T.);
#8937 = EDGE_CURVE('',#8938,#8938,#8940,.T.);
#8938 = VERTEX_POINT('',#8939);
#8939 = CARTESIAN_POINT('',(134.68,-99.13,1.51));
#8940 = CIRCLE('',#8941,0.4);
#8941 = AXIS2_PLACEMENT_3D('',#8942,#8943,#8944);
#8942 = CARTESIAN_POINT('',(134.68,-98.73,1.51));
#8943 = DIRECTION('',(-0.,0.,-1.));
#8944 = DIRECTION('',(-0.,-1.,0.));
#8945 = FACE_BOUND('',#8946,.T.);
#8946 = EDGE_LOOP('',(#8947));
#8947 = ORIENTED_EDGE('',*,*,#8948,.T.);
#8948 = EDGE_CURVE('',#8949,#8949,#8951,.T.);
#8949 = VERTEX_POINT('',#8950);
#8950 = CARTESIAN_POINT('',(127.06,-96.59,1.51));
#8951 = CIRCLE('',#8952,0.4);
#8952 = AXIS2_PLACEMENT_3D('',#8953,#8954,#8955);
#8953 = CARTESIAN_POINT('',(127.06,-96.19,1.51));
#8954 = DIRECTION('',(-0.,0.,-1.));
#8955 = DIRECTION('',(-0.,-1.,0.));
#8956 = FACE_BOUND('',#8957,.T.);
#8957 = EDGE_LOOP('',(#8958));
#8958 = ORIENTED_EDGE('',*,*,#8959,.T.);
#8959 = EDGE_CURVE('',#8960,#8960,#8962,.T.);
#8960 = VERTEX_POINT('',#8961);
#8961 = CARTESIAN_POINT('',(134.68,-96.59,1.51));
#8962 = CIRCLE('',#8963,0.4);
#8963 = AXIS2_PLACEMENT_3D('',#8964,#8965,#8966);
#8964 = CARTESIAN_POINT('',(134.68,-96.19,1.51));
#8965 = DIRECTION('',(-0.,0.,-1.));
#8966 = DIRECTION('',(-0.,-1.,0.));
#8967 = FACE_BOUND('',#8968,.T.);
#8968 = EDGE_LOOP('',(#8969));
#8969 = ORIENTED_EDGE('',*,*,#8970,.T.);
#8970 = EDGE_CURVE('',#8971,#8971,#8973,.T.);
#8971 = VERTEX_POINT('',#8972);
#8972 = CARTESIAN_POINT('',(138.42,-99.14,1.51));
#8973 = CIRCLE('',#8974,0.4);
#8974 = AXIS2_PLACEMENT_3D('',#8975,#8976,#8977);
#8975 = CARTESIAN_POINT('',(138.42,-98.74,1.51));
#8976 = DIRECTION('',(-0.,0.,-1.));
#8977 = DIRECTION('',(-7.105427357601E-14,-1.,0.));
#8978 = FACE_BOUND('',#8979,.T.);
#8979 = EDGE_LOOP('',(#8980));
#8980 = ORIENTED_EDGE('',*,*,#8981,.T.);
#8981 = EDGE_CURVE('',#8982,#8982,#8984,.T.);
#8982 = VERTEX_POINT('',#8983);
#8983 = CARTESIAN_POINT('',(146.04,-99.14,1.51));
#8984 = CIRCLE('',#8985,0.4);
#8985 = AXIS2_PLACEMENT_3D('',#8986,#8987,#8988);
#8986 = CARTESIAN_POINT('',(146.04,-98.74,1.51));
#8987 = DIRECTION('',(-0.,0.,-1.));
#8988 = DIRECTION('',(-0.,-1.,0.));
#8989 = FACE_BOUND('',#8990,.T.);
#8990 = EDGE_LOOP('',(#8991));
#8991 = ORIENTED_EDGE('',*,*,#8992,.T.);
#8992 = EDGE_CURVE('',#8993,#8993,#8995,.T.);
#8993 = VERTEX_POINT('',#8994);
#8994 = CARTESIAN_POINT('',(138.42,-96.6,1.51));
#8995 = CIRCLE('',#8996,0.4);
#8996 = AXIS2_PLACEMENT_3D('',#8997,#8998,#8999);
#8997 = CARTESIAN_POINT('',(138.42,-96.2,1.51));
#8998 = DIRECTION('',(-0.,0.,-1.));
#8999 = DIRECTION('',(-7.105427357601E-14,-1.,0.));
#9000 = FACE_BOUND('',#9001,.T.);
#9001 = EDGE_LOOP('',(#9002));
#9002 = ORIENTED_EDGE('',*,*,#9003,.T.);
#9003 = EDGE_CURVE('',#9004,#9004,#9006,.T.);
#9004 = VERTEX_POINT('',#9005);
#9005 = CARTESIAN_POINT('',(146.04,-96.6,1.51));
#9006 = CIRCLE('',#9007,0.4);
#9007 = AXIS2_PLACEMENT_3D('',#9008,#9009,#9010);
#9008 = CARTESIAN_POINT('',(146.04,-96.2,1.51));
#9009 = DIRECTION('',(-0.,0.,-1.));
#9010 = DIRECTION('',(-0.,-1.,0.));
#9011 = FACE_BOUND('',#9012,.T.);
#9012 = EDGE_LOOP('',(#9013));
#9013 = ORIENTED_EDGE('',*,*,#9014,.T.);
#9014 = EDGE_CURVE('',#9015,#9015,#9017,.T.);
#9015 = VERTEX_POINT('',#9016);
#9016 = CARTESIAN_POINT('',(127.06,-94.05,1.51));
#9017 = CIRCLE('',#9018,0.4);
#9018 = AXIS2_PLACEMENT_3D('',#9019,#9020,#9021);
#9019 = CARTESIAN_POINT('',(127.06,-93.65,1.51));
#9020 = DIRECTION('',(-0.,0.,-1.));
#9021 = DIRECTION('',(-0.,-1.,0.));
#9022 = FACE_BOUND('',#9023,.T.);
#9023 = EDGE_LOOP('',(#9024));
#9024 = ORIENTED_EDGE('',*,*,#9025,.T.);
#9025 = EDGE_CURVE('',#9026,#9026,#9028,.T.);
#9026 = VERTEX_POINT('',#9027);
#9027 = CARTESIAN_POINT('',(134.68,-94.05,1.51));
#9028 = CIRCLE('',#9029,0.4);
#9029 = AXIS2_PLACEMENT_3D('',#9030,#9031,#9032);
#9030 = CARTESIAN_POINT('',(134.68,-93.65,1.51));
#9031 = DIRECTION('',(-0.,0.,-1.));
#9032 = DIRECTION('',(-0.,-1.,0.));
#9033 = FACE_BOUND('',#9034,.T.);
#9034 = EDGE_LOOP('',(#9035));
#9035 = ORIENTED_EDGE('',*,*,#9036,.T.);
#9036 = EDGE_CURVE('',#9037,#9037,#9039,.T.);
#9037 = VERTEX_POINT('',#9038);
#9038 = CARTESIAN_POINT('',(138.42,-94.06,1.51));
#9039 = CIRCLE('',#9040,0.4);
#9040 = AXIS2_PLACEMENT_3D('',#9041,#9042,#9043);
#9041 = CARTESIAN_POINT('',(138.42,-93.66,1.51));
#9042 = DIRECTION('',(-0.,0.,-1.));
#9043 = DIRECTION('',(-7.105427357601E-14,-1.,0.));
#9044 = FACE_BOUND('',#9045,.T.);
#9045 = EDGE_LOOP('',(#9046));
#9046 = ORIENTED_EDGE('',*,*,#9047,.T.);
#9047 = EDGE_CURVE('',#9048,#9048,#9050,.T.);
#9048 = VERTEX_POINT('',#9049);
#9049 = CARTESIAN_POINT('',(146.04,-94.06,1.51));
#9050 = CIRCLE('',#9051,0.4);
#9051 = AXIS2_PLACEMENT_3D('',#9052,#9053,#9054);
#9052 = CARTESIAN_POINT('',(146.04,-93.66,1.51));
#9053 = DIRECTION('',(-0.,0.,-1.));
#9054 = DIRECTION('',(-0.,-1.,0.));
#9055 = FACE_BOUND('',#9056,.T.);
#9056 = EDGE_LOOP('',(#9057));
#9057 = ORIENTED_EDGE('',*,*,#9058,.T.);
#9058 = EDGE_CURVE('',#9059,#9059,#9061,.T.);
#9059 = VERTEX_POINT('',#9060);
#9060 = CARTESIAN_POINT('',(138.42,-91.52,1.51));
#9061 = CIRCLE('',#9062,0.4);
#9062 = AXIS2_PLACEMENT_3D('',#9063,#9064,#9065);
#9063 = CARTESIAN_POINT('',(138.42,-91.12,1.51));
#9064 = DIRECTION('',(-0.,0.,-1.));
#9065 = DIRECTION('',(-7.105427357601E-14,-1.,0.));
#9066 = FACE_BOUND('',#9067,.T.);
#9067 = EDGE_LOOP('',(#9068));
#9068 = ORIENTED_EDGE('',*,*,#9069,.T.);
#9069 = EDGE_CURVE('',#9070,#9070,#9072,.T.);
#9070 = VERTEX_POINT('',#9071);
#9071 = CARTESIAN_POINT('',(146.04,-91.52,1.51));
#9072 = CIRCLE('',#9073,0.4);
#9073 = AXIS2_PLACEMENT_3D('',#9074,#9075,#9076);
#9074 = CARTESIAN_POINT('',(146.04,-91.12,1.51));
#9075 = DIRECTION('',(-0.,0.,-1.));
#9076 = DIRECTION('',(-0.,-1.,0.));
#9077 = FACE_BOUND('',#9078,.T.);
#9078 = EDGE_LOOP('',(#9079));
#9079 = ORIENTED_EDGE('',*,*,#9080,.T.);
#9080 = EDGE_CURVE('',#9081,#9081,#9083,.T.);
#9081 = VERTEX_POINT('',#9082);
#9082 = CARTESIAN_POINT('',(106.57,-87.6,1.51));
#9083 = CIRCLE('',#9084,0.4);
#9084 = AXIS2_PLACEMENT_3D('',#9085,#9086,#9087);
#9085 = CARTESIAN_POINT('',(106.57,-87.2,1.51));
#9086 = DIRECTION('',(-0.,0.,-1.));
#9087 = DIRECTION('',(-0.,-1.,0.));
#9088 = FACE_BOUND('',#9089,.T.);
#9089 = EDGE_LOOP('',(#9090));
#9090 = ORIENTED_EDGE('',*,*,#9091,.T.);
#9091 = EDGE_CURVE('',#9092,#9092,#9094,.T.);
#9092 = VERTEX_POINT('',#9093);
#9093 = CARTESIAN_POINT('',(109.11,-87.6,1.51));
#9094 = CIRCLE('',#9095,0.4);
#9095 = AXIS2_PLACEMENT_3D('',#9096,#9097,#9098);
#9096 = CARTESIAN_POINT('',(109.11,-87.2,1.51));
#9097 = DIRECTION('',(-0.,0.,-1.));
#9098 = DIRECTION('',(-0.,-1.,0.));
#9099 = FACE_BOUND('',#9100,.T.);
#9100 = EDGE_LOOP('',(#9101));
#9101 = ORIENTED_EDGE('',*,*,#9102,.T.);
#9102 = EDGE_CURVE('',#9103,#9103,#9105,.T.);
#9103 = VERTEX_POINT('',#9104);
#9104 = CARTESIAN_POINT('',(111.65,-87.6,1.51));
#9105 = CIRCLE('',#9106,0.4);
#9106 = AXIS2_PLACEMENT_3D('',#9107,#9108,#9109);
#9107 = CARTESIAN_POINT('',(111.65,-87.2,1.51));
#9108 = DIRECTION('',(-0.,0.,-1.));
#9109 = DIRECTION('',(-0.,-1.,0.));
#9110 = FACE_BOUND('',#9111,.T.);
#9111 = EDGE_LOOP('',(#9112));
#9112 = ORIENTED_EDGE('',*,*,#9113,.T.);
#9113 = EDGE_CURVE('',#9114,#9114,#9116,.T.);
#9114 = VERTEX_POINT('',#9115);
#9115 = CARTESIAN_POINT('',(114.19,-87.6,1.51));
#9116 = CIRCLE('',#9117,0.4);
#9117 = AXIS2_PLACEMENT_3D('',#9118,#9119,#9120);
#9118 = CARTESIAN_POINT('',(114.19,-87.2,1.51));
#9119 = DIRECTION('',(-0.,0.,-1.));
#9120 = DIRECTION('',(-0.,-1.,0.));
#9121 = FACE_BOUND('',#9122,.T.);
#9122 = EDGE_LOOP('',(#9123));
#9123 = ORIENTED_EDGE('',*,*,#9124,.T.);
#9124 = EDGE_CURVE('',#9125,#9125,#9127,.T.);
#9125 = VERTEX_POINT('',#9126);
#9126 = CARTESIAN_POINT('',(116.73,-87.6,1.51));
#9127 = CIRCLE('',#9128,0.4);
#9128 = AXIS2_PLACEMENT_3D('',#9129,#9130,#9131);
#9129 = CARTESIAN_POINT('',(116.73,-87.2,1.51));
#9130 = DIRECTION('',(-0.,0.,-1.));
#9131 = DIRECTION('',(3.5527136788E-14,-1.,-0.));
#9132 = FACE_BOUND('',#9133,.T.);
#9133 = EDGE_LOOP('',(#9134));
#9134 = ORIENTED_EDGE('',*,*,#9135,.T.);
#9135 = EDGE_CURVE('',#9136,#9136,#9138,.T.);
#9136 = VERTEX_POINT('',#9137);
#9137 = CARTESIAN_POINT('',(119.27,-87.6,1.51));
#9138 = CIRCLE('',#9139,0.4);
#9139 = AXIS2_PLACEMENT_3D('',#9140,#9141,#9142);
#9140 = CARTESIAN_POINT('',(119.27,-87.2,1.51));
#9141 = DIRECTION('',(-0.,0.,-1.));
#9142 = DIRECTION('',(-3.552713678801E-14,-1.,0.));
#9143 = FACE_BOUND('',#9144,.T.);
#9144 = EDGE_LOOP('',(#9145));
#9145 = ORIENTED_EDGE('',*,*,#9146,.T.);
#9146 = EDGE_CURVE('',#9147,#9147,#9149,.T.);
#9147 = VERTEX_POINT('',#9148);
#9148 = CARTESIAN_POINT('',(121.81,-87.6,1.51));
#9149 = CIRCLE('',#9150,0.4);
#9150 = AXIS2_PLACEMENT_3D('',#9151,#9152,#9153);
#9151 = CARTESIAN_POINT('',(121.81,-87.2,1.51));
#9152 = DIRECTION('',(-0.,0.,-1.));
#9153 = DIRECTION('',(-0.,-1.,0.));
#9154 = FACE_BOUND('',#9155,.T.);
#9155 = EDGE_LOOP('',(#9156));
#9156 = ORIENTED_EDGE('',*,*,#9157,.T.);
#9157 = EDGE_CURVE('',#9158,#9158,#9160,.T.);
#9158 = VERTEX_POINT('',#9159);
#9159 = CARTESIAN_POINT('',(127.06,-91.51,1.51));
#9160 = CIRCLE('',#9161,0.4);
#9161 = AXIS2_PLACEMENT_3D('',#9162,#9163,#9164);
#9162 = CARTESIAN_POINT('',(127.06,-91.11,1.51));
#9163 = DIRECTION('',(-0.,0.,-1.));
#9164 = DIRECTION('',(-0.,-1.,0.));
#9165 = FACE_BOUND('',#9166,.T.);
#9166 = EDGE_LOOP('',(#9167));
#9167 = ORIENTED_EDGE('',*,*,#9168,.T.);
#9168 = EDGE_CURVE('',#9169,#9169,#9171,.T.);
#9169 = VERTEX_POINT('',#9170);
#9170 = CARTESIAN_POINT('',(134.68,-91.51,1.51));
#9171 = CIRCLE('',#9172,0.4);
#9172 = AXIS2_PLACEMENT_3D('',#9173,#9174,#9175);
#9173 = CARTESIAN_POINT('',(134.68,-91.11,1.51));
#9174 = DIRECTION('',(-0.,0.,-1.));
#9175 = DIRECTION('',(-0.,-1.,0.));
#9176 = FACE_BOUND('',#9177,.T.);
#9177 = EDGE_LOOP('',(#9178));
#9178 = ORIENTED_EDGE('',*,*,#9179,.T.);
#9179 = EDGE_CURVE('',#9180,#9180,#9182,.T.);
#9180 = VERTEX_POINT('',#9181);
#9181 = CARTESIAN_POINT('',(127.06,-88.97,1.51));
#9182 = CIRCLE('',#9183,0.4);
#9183 = AXIS2_PLACEMENT_3D('',#9184,#9185,#9186);
#9184 = CARTESIAN_POINT('',(127.06,-88.57,1.51));
#9185 = DIRECTION('',(-0.,0.,-1.));
#9186 = DIRECTION('',(-0.,-1.,0.));
#9187 = FACE_BOUND('',#9188,.T.);
#9188 = EDGE_LOOP('',(#9189));
#9189 = ORIENTED_EDGE('',*,*,#9190,.T.);
#9190 = EDGE_CURVE('',#9191,#9191,#9193,.T.);
#9191 = VERTEX_POINT('',#9192);
#9192 = CARTESIAN_POINT('',(134.68,-88.97,1.51));
#9193 = CIRCLE('',#9194,0.4);
#9194 = AXIS2_PLACEMENT_3D('',#9195,#9196,#9197);
#9195 = CARTESIAN_POINT('',(134.68,-88.57,1.51));
#9196 = DIRECTION('',(-0.,0.,-1.));
#9197 = DIRECTION('',(-0.,-1.,0.));
#9198 = FACE_BOUND('',#9199,.T.);
#9199 = EDGE_LOOP('',(#9200));
#9200 = ORIENTED_EDGE('',*,*,#9201,.T.);
#9201 = EDGE_CURVE('',#9202,#9202,#9204,.T.);
#9202 = VERTEX_POINT('',#9203);
#9203 = CARTESIAN_POINT('',(138.42,-88.98,1.51));
#9204 = CIRCLE('',#9205,0.4);
#9205 = AXIS2_PLACEMENT_3D('',#9206,#9207,#9208);
#9206 = CARTESIAN_POINT('',(138.42,-88.58,1.51));
#9207 = DIRECTION('',(-0.,0.,-1.));
#9208 = DIRECTION('',(-7.105427357601E-14,-1.,0.));
#9209 = FACE_BOUND('',#9210,.T.);
#9210 = EDGE_LOOP('',(#9211));
#9211 = ORIENTED_EDGE('',*,*,#9212,.T.);
#9212 = EDGE_CURVE('',#9213,#9213,#9215,.T.);
#9213 = VERTEX_POINT('',#9214);
#9214 = CARTESIAN_POINT('',(146.04,-88.98,1.51));
#9215 = CIRCLE('',#9216,0.4);
#9216 = AXIS2_PLACEMENT_3D('',#9217,#9218,#9219);
#9217 = CARTESIAN_POINT('',(146.04,-88.58,1.51));
#9218 = DIRECTION('',(-0.,0.,-1.));
#9219 = DIRECTION('',(-0.,-1.,0.));
#9220 = FACE_BOUND('',#9221,.T.);
#9221 = EDGE_LOOP('',(#9222));
#9222 = ORIENTED_EDGE('',*,*,#9223,.T.);
#9223 = EDGE_CURVE('',#9224,#9224,#9226,.T.);
#9224 = VERTEX_POINT('',#9225);
#9225 = CARTESIAN_POINT('',(127.06,-86.43,1.51));
#9226 = CIRCLE('',#9227,0.4);
#9227 = AXIS2_PLACEMENT_3D('',#9228,#9229,#9230);
#9228 = CARTESIAN_POINT('',(127.06,-86.03,1.51));
#9229 = DIRECTION('',(-0.,0.,-1.));
#9230 = DIRECTION('',(-0.,-1.,0.));
#9231 = FACE_BOUND('',#9232,.T.);
#9232 = EDGE_LOOP('',(#9233));
#9233 = ORIENTED_EDGE('',*,*,#9234,.T.);
#9234 = EDGE_CURVE('',#9235,#9235,#9237,.T.);
#9235 = VERTEX_POINT('',#9236);
#9236 = CARTESIAN_POINT('',(134.68,-86.43,1.51));
#9237 = CIRCLE('',#9238,0.4);
#9238 = AXIS2_PLACEMENT_3D('',#9239,#9240,#9241);
#9239 = CARTESIAN_POINT('',(134.68,-86.03,1.51));
#9240 = DIRECTION('',(-0.,0.,-1.));
#9241 = DIRECTION('',(-0.,-1.,0.));
#9242 = FACE_BOUND('',#9243,.T.);
#9243 = EDGE_LOOP('',(#9244));
#9244 = ORIENTED_EDGE('',*,*,#9245,.T.);
#9245 = EDGE_CURVE('',#9246,#9246,#9248,.T.);
#9246 = VERTEX_POINT('',#9247);
#9247 = CARTESIAN_POINT('',(127.06,-83.89,1.51));
#9248 = CIRCLE('',#9249,0.4);
#9249 = AXIS2_PLACEMENT_3D('',#9250,#9251,#9252);
#9250 = CARTESIAN_POINT('',(127.06,-83.49,1.51));
#9251 = DIRECTION('',(-0.,0.,-1.));
#9252 = DIRECTION('',(-0.,-1.,0.));
#9253 = FACE_BOUND('',#9254,.T.);
#9254 = EDGE_LOOP('',(#9255));
#9255 = ORIENTED_EDGE('',*,*,#9256,.T.);
#9256 = EDGE_CURVE('',#9257,#9257,#9259,.T.);
#9257 = VERTEX_POINT('',#9258);
#9258 = CARTESIAN_POINT('',(134.68,-83.89,1.51));
#9259 = CIRCLE('',#9260,0.4);
#9260 = AXIS2_PLACEMENT_3D('',#9261,#9262,#9263);
#9261 = CARTESIAN_POINT('',(134.68,-83.49,1.51));
#9262 = DIRECTION('',(-0.,0.,-1.));
#9263 = DIRECTION('',(-0.,-1.,0.));
#9264 = FACE_BOUND('',#9265,.T.);
#9265 = EDGE_LOOP('',(#9266));
#9266 = ORIENTED_EDGE('',*,*,#9267,.T.);
#9267 = EDGE_CURVE('',#9268,#9268,#9270,.T.);
#9268 = VERTEX_POINT('',#9269);
#9269 = CARTESIAN_POINT('',(138.42,-86.44,1.51));
#9270 = CIRCLE('',#9271,0.4);
#9271 = AXIS2_PLACEMENT_3D('',#9272,#9273,#9274);
#9272 = CARTESIAN_POINT('',(138.42,-86.04,1.51));
#9273 = DIRECTION('',(-0.,0.,-1.));
#9274 = DIRECTION('',(-7.105427357601E-14,-1.,0.));
#9275 = FACE_BOUND('',#9276,.T.);
#9276 = EDGE_LOOP('',(#9277));
#9277 = ORIENTED_EDGE('',*,*,#9278,.T.);
#9278 = EDGE_CURVE('',#9279,#9279,#9281,.T.);
#9279 = VERTEX_POINT('',#9280);
#9280 = CARTESIAN_POINT('',(146.04,-86.44,1.51));
#9281 = CIRCLE('',#9282,0.4);
#9282 = AXIS2_PLACEMENT_3D('',#9283,#9284,#9285);
#9283 = CARTESIAN_POINT('',(146.04,-86.04,1.51));
#9284 = DIRECTION('',(-0.,0.,-1.));
#9285 = DIRECTION('',(-0.,-1.,0.));
#9286 = FACE_BOUND('',#9287,.T.);
#9287 = EDGE_LOOP('',(#9288));
#9288 = ORIENTED_EDGE('',*,*,#9289,.T.);
#9289 = EDGE_CURVE('',#9290,#9290,#9292,.T.);
#9290 = VERTEX_POINT('',#9291);
#9291 = CARTESIAN_POINT('',(138.42,-83.9,1.51));
#9292 = CIRCLE('',#9293,0.4);
#9293 = AXIS2_PLACEMENT_3D('',#9294,#9295,#9296);
#9294 = CARTESIAN_POINT('',(138.42,-83.5,1.51));
#9295 = DIRECTION('',(-0.,0.,-1.));
#9296 = DIRECTION('',(-7.105427357601E-14,-1.,0.));
#9297 = FACE_BOUND('',#9298,.T.);
#9298 = EDGE_LOOP('',(#9299));
#9299 = ORIENTED_EDGE('',*,*,#9300,.T.);
#9300 = EDGE_CURVE('',#9301,#9301,#9303,.T.);
#9301 = VERTEX_POINT('',#9302);
#9302 = CARTESIAN_POINT('',(146.04,-83.9,1.51));
#9303 = CIRCLE('',#9304,0.4);
#9304 = AXIS2_PLACEMENT_3D('',#9305,#9306,#9307);
#9305 = CARTESIAN_POINT('',(146.04,-83.5,1.51));
#9306 = DIRECTION('',(-0.,0.,-1.));
#9307 = DIRECTION('',(-0.,-1.,0.));
#9308 = PLANE('',#9309);
#9309 = AXIS2_PLACEMENT_3D('',#9310,#9311,#9312);
#9310 = CARTESIAN_POINT('',(0.,0.,1.51));
#9311 = DIRECTION('',(0.,0.,1.));
#9312 = DIRECTION('',(1.,0.,-0.));
#9313 = ADVANCED_FACE('',(#9314),#9325,.T.);
#9314 = FACE_BOUND('',#9315,.T.);
#9315 = EDGE_LOOP('',(#9316,#9322,#9323,#9324));
#9316 = ORIENTED_EDGE('',*,*,#9317,.T.);
#9317 = EDGE_CURVE('',#8156,#8738,#9318,.T.);
#9318 = LINE('',#9319,#9320);
#9319 = CARTESIAN_POINT('',(124.,-81.,0.));
#9320 = VECTOR('',#9321,1.);
#9321 = DIRECTION('',(0.,0.,1.));
#9322 = ORIENTED_EDGE('',*,*,#8737,.T.);
#9323 = ORIENTED_EDGE('',*,*,#8091,.F.);
#9324 = ORIENTED_EDGE('',*,*,#8155,.F.);
#9325 = CYLINDRICAL_SURFACE('',#9326,0.999999252925);
#9326 = AXIS2_PLACEMENT_3D('',#9327,#9328,#9329);
#9327 = CARTESIAN_POINT('',(124.99999925292,-80.99999925292,0.));
#9328 = DIRECTION('',(0.,0.,-1.));
#9329 = DIRECTION('',(-1.,-7.47075720743E-07,-0.));
#9330 = ADVANCED_FACE('',(#9331),#9342,.T.);
#9331 = FACE_BOUND('',#9332,.T.);
#9332 = EDGE_LOOP('',(#9333,#9334,#9335,#9341));
#9333 = ORIENTED_EDGE('',*,*,#8131,.T.);
#9334 = ORIENTED_EDGE('',*,*,#8839,.T.);
#9335 = ORIENTED_EDGE('',*,*,#9336,.F.);
#9336 = EDGE_CURVE('',#8250,#8832,#9337,.T.);
#9337 = LINE('',#9338,#9339);
#9338 = CARTESIAN_POINT('',(148.,-102.,0.));
#9339 = VECTOR('',#9340,1.);
#9340 = DIRECTION('',(0.,0.,1.));
#9341 = ORIENTED_EDGE('',*,*,#8257,.F.);
#9342 = CYLINDRICAL_SURFACE('',#9343,0.999999252925);
#9343 = AXIS2_PLACEMENT_3D('',#9344,#9345,#9346);
#9344 = CARTESIAN_POINT('',(148.00000074707,-101.000000747,0.));
#9345 = DIRECTION('',(0.,0.,-1.));
#9346 = DIRECTION('',(1.,7.470757491648E-07,0.));
#9347 = ADVANCED_FACE('',(#9348),#9359,.T.);
#9348 = FACE_BOUND('',#9349,.T.);
#9349 = EDGE_LOOP('',(#9350,#9356,#9357,#9358));
#9350 = ORIENTED_EDGE('',*,*,#9351,.T.);
#9351 = EDGE_CURVE('',#8165,#8747,#9352,.T.);
#9352 = LINE('',#9353,#9354);
#9353 = CARTESIAN_POINT('',(124.,-83.,0.));
#9354 = VECTOR('',#9355,1.);
#9355 = DIRECTION('',(0.,0.,1.));
#9356 = ORIENTED_EDGE('',*,*,#8746,.T.);
#9357 = ORIENTED_EDGE('',*,*,#9317,.F.);
#9358 = ORIENTED_EDGE('',*,*,#8164,.F.);
#9359 = PLANE('',#9360);
#9360 = AXIS2_PLACEMENT_3D('',#9361,#9362,#9363);
#9361 = CARTESIAN_POINT('',(124.,-83.,0.));
#9362 = DIRECTION('',(-1.,0.,0.));
#9363 = DIRECTION('',(0.,1.,0.));
#9364 = ADVANCED_FACE('',(#9365),#9376,.T.);
#9365 = FACE_BOUND('',#9366,.T.);
#9366 = EDGE_LOOP('',(#9367,#9368,#9369,#9375));
#9367 = ORIENTED_EDGE('',*,*,#9336,.T.);
#9368 = ORIENTED_EDGE('',*,*,#8831,.T.);
#9369 = ORIENTED_EDGE('',*,*,#9370,.F.);
#9370 = EDGE_CURVE('',#8241,#8823,#9371,.T.);
#9371 = LINE('',#9372,#9373);
#9372 = CARTESIAN_POINT('',(125.,-102.,0.));
#9373 = VECTOR('',#9374,1.);
#9374 = DIRECTION('',(0.,0.,1.));
#9375 = ORIENTED_EDGE('',*,*,#8249,.F.);
#9376 = PLANE('',#9377);
#9377 = AXIS2_PLACEMENT_3D('',#9378,#9379,#9380);
#9378 = CARTESIAN_POINT('',(148.,-102.,0.));
#9379 = DIRECTION('',(0.,-1.,0.));
#9380 = DIRECTION('',(-1.,0.,0.));
#9381 = ADVANCED_FACE('',(#9382),#9393,.F.);
#9382 = FACE_BOUND('',#9383,.T.);
#9383 = EDGE_LOOP('',(#9384,#9390,#9391,#9392));
#9384 = ORIENTED_EDGE('',*,*,#9385,.T.);
#9385 = EDGE_CURVE('',#8173,#8755,#9386,.T.);
#9386 = LINE('',#9387,#9388);
#9387 = CARTESIAN_POINT('',(123.,-84.,0.));
#9388 = VECTOR('',#9389,1.);
#9389 = DIRECTION('',(0.,0.,1.));
#9390 = ORIENTED_EDGE('',*,*,#8754,.T.);
#9391 = ORIENTED_EDGE('',*,*,#9351,.F.);
#9392 = ORIENTED_EDGE('',*,*,#8172,.F.);
#9393 = CYLINDRICAL_SURFACE('',#9394,0.999999252925);
#9394 = AXIS2_PLACEMENT_3D('',#9395,#9396,#9397);
#9395 = CARTESIAN_POINT('',(123.00000074707,-83.00000074707,0.));
#9396 = DIRECTION('',(-0.,-0.,-1.));
#9397 = DIRECTION('',(-7.47075720743E-07,-1.,0.));
#9398 = ADVANCED_FACE('',(#9399),#9410,.T.);
#9399 = FACE_BOUND('',#9400,.T.);
#9400 = EDGE_LOOP('',(#9401,#9402,#9403,#9409));
#9401 = ORIENTED_EDGE('',*,*,#9370,.T.);
#9402 = ORIENTED_EDGE('',*,*,#8822,.T.);
#9403 = ORIENTED_EDGE('',*,*,#9404,.F.);
#9404 = EDGE_CURVE('',#8233,#8815,#9405,.T.);
#9405 = LINE('',#9406,#9407);
#9406 = CARTESIAN_POINT('',(124.,-101.,0.));
#9407 = VECTOR('',#9408,1.);
#9408 = DIRECTION('',(0.,0.,1.));
#9409 = ORIENTED_EDGE('',*,*,#8240,.F.);
#9410 = CYLINDRICAL_SURFACE('',#9411,0.999999252925);
#9411 = AXIS2_PLACEMENT_3D('',#9412,#9413,#9414);
#9412 = CARTESIAN_POINT('',(124.99999925292,-101.000000747,0.));
#9413 = DIRECTION('',(0.,0.,-1.));
#9414 = DIRECTION('',(7.47075720743E-07,-1.,0.));
#9415 = ADVANCED_FACE('',(#9416),#9427,.T.);
#9416 = FACE_BOUND('',#9417,.T.);
#9417 = EDGE_LOOP('',(#9418,#9424,#9425,#9426));
#9418 = ORIENTED_EDGE('',*,*,#9419,.T.);
#9419 = EDGE_CURVE('',#8182,#8764,#9420,.T.);
#9420 = LINE('',#9421,#9422);
#9421 = CARTESIAN_POINT('',(104.,-84.,0.));
#9422 = VECTOR('',#9423,1.);
#9423 = DIRECTION('',(0.,0.,1.));
#9424 = ORIENTED_EDGE('',*,*,#8763,.T.);
#9425 = ORIENTED_EDGE('',*,*,#9385,.F.);
#9426 = ORIENTED_EDGE('',*,*,#8181,.F.);
#9427 = PLANE('',#9428);
#9428 = AXIS2_PLACEMENT_3D('',#9429,#9430,#9431);
#9429 = CARTESIAN_POINT('',(104.,-84.,0.));
#9430 = DIRECTION('',(0.,1.,0.));
#9431 = DIRECTION('',(1.,0.,0.));
#9432 = ADVANCED_FACE('',(#9433),#9444,.T.);
#9433 = FACE_BOUND('',#9434,.T.);
#9434 = EDGE_LOOP('',(#9435,#9436,#9437,#9443));
#9435 = ORIENTED_EDGE('',*,*,#9404,.T.);
#9436 = ORIENTED_EDGE('',*,*,#8814,.T.);
#9437 = ORIENTED_EDGE('',*,*,#9438,.F.);
#9438 = EDGE_CURVE('',#8224,#8806,#9439,.T.);
#9439 = LINE('',#9440,#9441);
#9440 = CARTESIAN_POINT('',(124.,-99.,0.));
#9441 = VECTOR('',#9442,1.);
#9442 = DIRECTION('',(0.,0.,1.));
#9443 = ORIENTED_EDGE('',*,*,#8232,.F.);
#9444 = PLANE('',#9445);
#9445 = AXIS2_PLACEMENT_3D('',#9446,#9447,#9448);
#9446 = CARTESIAN_POINT('',(124.,-101.,0.));
#9447 = DIRECTION('',(-1.,0.,0.));
#9448 = DIRECTION('',(0.,1.,0.));
#9449 = ADVANCED_FACE('',(#9450),#9461,.T.);
#9450 = FACE_BOUND('',#9451,.T.);
#9451 = EDGE_LOOP('',(#9452,#9458,#9459,#9460));
#9452 = ORIENTED_EDGE('',*,*,#9453,.T.);
#9453 = EDGE_CURVE('',#8190,#8772,#9454,.T.);
#9454 = LINE('',#9455,#9456);
#9455 = CARTESIAN_POINT('',(103.,-85.,0.));
#9456 = VECTOR('',#9457,1.);
#9457 = DIRECTION('',(0.,0.,1.));
#9458 = ORIENTED_EDGE('',*,*,#8771,.T.);
#9459 = ORIENTED_EDGE('',*,*,#9419,.F.);
#9460 = ORIENTED_EDGE('',*,*,#8189,.F.);
#9461 = CYLINDRICAL_SURFACE('',#9462,0.999999252925);
#9462 = AXIS2_PLACEMENT_3D('',#9463,#9464,#9465);
#9463 = CARTESIAN_POINT('',(103.99999925292,-84.99999925292,0.));
#9464 = DIRECTION('',(0.,0.,-1.));
#9465 = DIRECTION('',(-1.,-7.47075720743E-07,-0.));
#9466 = ADVANCED_FACE('',(#9467),#9478,.F.);
#9467 = FACE_BOUND('',#9468,.T.);
#9468 = EDGE_LOOP('',(#9469,#9470,#9471,#9477));
#9469 = ORIENTED_EDGE('',*,*,#9438,.T.);
#9470 = ORIENTED_EDGE('',*,*,#8805,.T.);
#9471 = ORIENTED_EDGE('',*,*,#9472,.F.);
#9472 = EDGE_CURVE('',#8216,#8798,#9473,.T.);
#9473 = LINE('',#9474,#9475);
#9474 = CARTESIAN_POINT('',(123.,-98.,0.));
#9475 = VECTOR('',#9476,1.);
#9476 = DIRECTION('',(0.,0.,1.));
#9477 = ORIENTED_EDGE('',*,*,#8223,.F.);
#9478 = CYLINDRICAL_SURFACE('',#9479,0.999999252925);
#9479 = AXIS2_PLACEMENT_3D('',#9480,#9481,#9482);
#9480 = CARTESIAN_POINT('',(123.00000074707,-98.99999925292,0.));
#9481 = DIRECTION('',(-0.,-0.,-1.));
#9482 = DIRECTION('',(1.,-7.47075720743E-07,0.));
#9483 = ADVANCED_FACE('',(#9484),#9495,.T.);
#9484 = FACE_BOUND('',#9485,.T.);
#9485 = EDGE_LOOP('',(#9486,#9492,#9493,#9494));
#9486 = ORIENTED_EDGE('',*,*,#9487,.T.);
#9487 = EDGE_CURVE('',#8199,#8781,#9488,.T.);
#9488 = LINE('',#9489,#9490);
#9489 = CARTESIAN_POINT('',(103.,-97.,0.));
#9490 = VECTOR('',#9491,1.);
#9491 = DIRECTION('',(0.,0.,1.));
#9492 = ORIENTED_EDGE('',*,*,#8780,.T.);
#9493 = ORIENTED_EDGE('',*,*,#9453,.F.);
#9494 = ORIENTED_EDGE('',*,*,#8198,.F.);
#9495 = PLANE('',#9496);
#9496 = AXIS2_PLACEMENT_3D('',#9497,#9498,#9499);
#9497 = CARTESIAN_POINT('',(103.,-97.,0.));
#9498 = DIRECTION('',(-1.,0.,0.));
#9499 = DIRECTION('',(0.,1.,0.));
#9500 = ADVANCED_FACE('',(#9501),#9512,.T.);
#9501 = FACE_BOUND('',#9502,.T.);
#9502 = EDGE_LOOP('',(#9503,#9504,#9505,#9511));
#9503 = ORIENTED_EDGE('',*,*,#9472,.T.);
#9504 = ORIENTED_EDGE('',*,*,#8797,.T.);
#9505 = ORIENTED_EDGE('',*,*,#9506,.F.);
#9506 = EDGE_CURVE('',#8207,#8789,#9507,.T.);
#9507 = LINE('',#9508,#9509);
#9508 = CARTESIAN_POINT('',(104.,-98.,0.));
#9509 = VECTOR('',#9510,1.);
#9510 = DIRECTION('',(0.,0.,1.));
#9511 = ORIENTED_EDGE('',*,*,#8215,.F.);
#9512 = PLANE('',#9513);
#9513 = AXIS2_PLACEMENT_3D('',#9514,#9515,#9516);
#9514 = CARTESIAN_POINT('',(123.,-98.,0.));
#9515 = DIRECTION('',(0.,-1.,0.));
#9516 = DIRECTION('',(-1.,0.,0.));
#9517 = ADVANCED_FACE('',(#9518),#9524,.T.);
#9518 = FACE_BOUND('',#9519,.T.);
#9519 = EDGE_LOOP('',(#9520,#9521,#9522,#9523));
#9520 = ORIENTED_EDGE('',*,*,#9506,.T.);
#9521 = ORIENTED_EDGE('',*,*,#8788,.T.);
#9522 = ORIENTED_EDGE('',*,*,#9487,.F.);
#9523 = ORIENTED_EDGE('',*,*,#8206,.F.);
#9524 = CYLINDRICAL_SURFACE('',#9525,0.999999252925);
#9525 = AXIS2_PLACEMENT_3D('',#9526,#9527,#9528);
#9526 = CARTESIAN_POINT('',(103.99999925292,-97.00000074707,0.));
#9527 = DIRECTION('',(0.,0.,-1.));
#9528 = DIRECTION('',(7.47075720743E-07,-1.,0.));
#9529 = ADVANCED_FACE('',(#9530),#9541,.F.);
#9530 = FACE_BOUND('',#9531,.T.);
#9531 = EDGE_LOOP('',(#9532,#9533,#9539,#9540));
#9532 = ORIENTED_EDGE('',*,*,#8267,.T.);
#9533 = ORIENTED_EDGE('',*,*,#9534,.T.);
#9534 = EDGE_CURVE('',#8268,#8850,#9535,.T.);
#9535 = LINE('',#9536,#9537);
#9536 = CARTESIAN_POINT('',(106.57,-95.22,-4.6E-02));
#9537 = VECTOR('',#9538,1.);
#9538 = DIRECTION('',(0.,0.,1.));
#9539 = ORIENTED_EDGE('',*,*,#8849,.F.);
#9540 = ORIENTED_EDGE('',*,*,#9534,.F.);
#9541 = CYLINDRICAL_SURFACE('',#9542,0.4);
#9542 = AXIS2_PLACEMENT_3D('',#9543,#9544,#9545);
#9543 = CARTESIAN_POINT('',(106.57,-94.82,-4.6E-02));
#9544 = DIRECTION('',(-0.,-0.,-1.));
#9545 = DIRECTION('',(-0.,-1.,0.));
#9546 = ADVANCED_FACE('',(#9547),#9558,.F.);
#9547 = FACE_BOUND('',#9548,.T.);
#9548 = EDGE_LOOP('',(#9549,#9550,#9556,#9557));
#9549 = ORIENTED_EDGE('',*,*,#8278,.T.);
#9550 = ORIENTED_EDGE('',*,*,#9551,.T.);
#9551 = EDGE_CURVE('',#8279,#8861,#9552,.T.);
#9552 = LINE('',#9553,#9554);
#9553 = CARTESIAN_POINT('',(109.11,-95.22,-4.6E-02));
#9554 = VECTOR('',#9555,1.);
#9555 = DIRECTION('',(0.,0.,1.));
#9556 = ORIENTED_EDGE('',*,*,#8860,.F.);
#9557 = ORIENTED_EDGE('',*,*,#9551,.F.);
#9558 = CYLINDRICAL_SURFACE('',#9559,0.4);
#9559 = AXIS2_PLACEMENT_3D('',#9560,#9561,#9562);
#9560 = CARTESIAN_POINT('',(109.11,-94.82,-4.6E-02));
#9561 = DIRECTION('',(-0.,-0.,-1.));
#9562 = DIRECTION('',(-0.,-1.,0.));
#9563 = ADVANCED_FACE('',(#9564),#9575,.F.);
#9564 = FACE_BOUND('',#9565,.T.);
#9565 = EDGE_LOOP('',(#9566,#9567,#9573,#9574));
#9566 = ORIENTED_EDGE('',*,*,#8289,.T.);
#9567 = ORIENTED_EDGE('',*,*,#9568,.T.);
#9568 = EDGE_CURVE('',#8290,#8872,#9569,.T.);
#9569 = LINE('',#9570,#9571);
#9570 = CARTESIAN_POINT('',(111.65,-95.22,-4.6E-02));
#9571 = VECTOR('',#9572,1.);
#9572 = DIRECTION('',(0.,0.,1.));
#9573 = ORIENTED_EDGE('',*,*,#8871,.F.);
#9574 = ORIENTED_EDGE('',*,*,#9568,.F.);
#9575 = CYLINDRICAL_SURFACE('',#9576,0.4);
#9576 = AXIS2_PLACEMENT_3D('',#9577,#9578,#9579);
#9577 = CARTESIAN_POINT('',(111.65,-94.82,-4.6E-02));
#9578 = DIRECTION('',(-0.,-0.,-1.));
#9579 = DIRECTION('',(-0.,-1.,0.));
#9580 = ADVANCED_FACE('',(#9581),#9592,.F.);
#9581 = FACE_BOUND('',#9582,.T.);
#9582 = EDGE_LOOP('',(#9583,#9584,#9590,#9591));
#9583 = ORIENTED_EDGE('',*,*,#8300,.T.);
#9584 = ORIENTED_EDGE('',*,*,#9585,.T.);
#9585 = EDGE_CURVE('',#8301,#8883,#9586,.T.);
#9586 = LINE('',#9587,#9588);
#9587 = CARTESIAN_POINT('',(114.19,-95.22,-4.6E-02));
#9588 = VECTOR('',#9589,1.);
#9589 = DIRECTION('',(0.,0.,1.));
#9590 = ORIENTED_EDGE('',*,*,#8882,.F.);
#9591 = ORIENTED_EDGE('',*,*,#9585,.F.);
#9592 = CYLINDRICAL_SURFACE('',#9593,0.4);
#9593 = AXIS2_PLACEMENT_3D('',#9594,#9595,#9596);
#9594 = CARTESIAN_POINT('',(114.19,-94.82,-4.6E-02));
#9595 = DIRECTION('',(-0.,-0.,-1.));
#9596 = DIRECTION('',(-0.,-1.,0.));
#9597 = ADVANCED_FACE('',(#9598),#9609,.F.);
#9598 = FACE_BOUND('',#9599,.T.);
#9599 = EDGE_LOOP('',(#9600,#9601,#9607,#9608));
#9600 = ORIENTED_EDGE('',*,*,#8311,.T.);
#9601 = ORIENTED_EDGE('',*,*,#9602,.T.);
#9602 = EDGE_CURVE('',#8312,#8894,#9603,.T.);
#9603 = LINE('',#9604,#9605);
#9604 = CARTESIAN_POINT('',(116.73,-95.22,-4.6E-02));
#9605 = VECTOR('',#9606,1.);
#9606 = DIRECTION('',(0.,0.,1.));
#9607 = ORIENTED_EDGE('',*,*,#8893,.F.);
#9608 = ORIENTED_EDGE('',*,*,#9602,.F.);
#9609 = CYLINDRICAL_SURFACE('',#9610,0.4);
#9610 = AXIS2_PLACEMENT_3D('',#9611,#9612,#9613);
#9611 = CARTESIAN_POINT('',(116.73,-94.82,-4.6E-02));
#9612 = DIRECTION('',(-0.,0.,-1.));
#9613 = DIRECTION('',(3.5527136788E-14,-1.,-0.));
#9614 = ADVANCED_FACE('',(#9615),#9626,.F.);
#9615 = FACE_BOUND('',#9616,.T.);
#9616 = EDGE_LOOP('',(#9617,#9618,#9624,#9625));
#9617 = ORIENTED_EDGE('',*,*,#8322,.T.);
#9618 = ORIENTED_EDGE('',*,*,#9619,.T.);
#9619 = EDGE_CURVE('',#8323,#8905,#9620,.T.);
#9620 = LINE('',#9621,#9622);
#9621 = CARTESIAN_POINT('',(119.27,-95.22,-4.6E-02));
#9622 = VECTOR('',#9623,1.);
#9623 = DIRECTION('',(0.,0.,1.));
#9624 = ORIENTED_EDGE('',*,*,#8904,.F.);
#9625 = ORIENTED_EDGE('',*,*,#9619,.F.);
#9626 = CYLINDRICAL_SURFACE('',#9627,0.4);
#9627 = AXIS2_PLACEMENT_3D('',#9628,#9629,#9630);
#9628 = CARTESIAN_POINT('',(119.27,-94.82,-4.6E-02));
#9629 = DIRECTION('',(-0.,-0.,-1.));
#9630 = DIRECTION('',(-3.552713678801E-14,-1.,0.));
#9631 = ADVANCED_FACE('',(#9632),#9643,.F.);
#9632 = FACE_BOUND('',#9633,.T.);
#9633 = EDGE_LOOP('',(#9634,#9635,#9641,#9642));
#9634 = ORIENTED_EDGE('',*,*,#8333,.T.);
#9635 = ORIENTED_EDGE('',*,*,#9636,.T.);
#9636 = EDGE_CURVE('',#8334,#8916,#9637,.T.);
#9637 = LINE('',#9638,#9639);
#9638 = CARTESIAN_POINT('',(121.81,-95.22,-4.6E-02));
#9639 = VECTOR('',#9640,1.);
#9640 = DIRECTION('',(0.,0.,1.));
#9641 = ORIENTED_EDGE('',*,*,#8915,.F.);
#9642 = ORIENTED_EDGE('',*,*,#9636,.F.);
#9643 = CYLINDRICAL_SURFACE('',#9644,0.4);
#9644 = AXIS2_PLACEMENT_3D('',#9645,#9646,#9647);
#9645 = CARTESIAN_POINT('',(121.81,-94.82,-4.6E-02));
#9646 = DIRECTION('',(-0.,-0.,-1.));
#9647 = DIRECTION('',(-0.,-1.,0.));
#9648 = ADVANCED_FACE('',(#9649),#9660,.F.);
#9649 = FACE_BOUND('',#9650,.T.);
#9650 = EDGE_LOOP('',(#9651,#9652,#9658,#9659));
#9651 = ORIENTED_EDGE('',*,*,#8344,.T.);
#9652 = ORIENTED_EDGE('',*,*,#9653,.T.);
#9653 = EDGE_CURVE('',#8345,#8927,#9654,.T.);
#9654 = LINE('',#9655,#9656);
#9655 = CARTESIAN_POINT('',(127.06,-99.13,-4.6E-02));
#9656 = VECTOR('',#9657,1.);
#9657 = DIRECTION('',(0.,0.,1.));
#9658 = ORIENTED_EDGE('',*,*,#8926,.F.);
#9659 = ORIENTED_EDGE('',*,*,#9653,.F.);
#9660 = CYLINDRICAL_SURFACE('',#9661,0.4);
#9661 = AXIS2_PLACEMENT_3D('',#9662,#9663,#9664);
#9662 = CARTESIAN_POINT('',(127.06,-98.73,-4.6E-02));
#9663 = DIRECTION('',(-0.,-0.,-1.));
#9664 = DIRECTION('',(-0.,-1.,0.));
#9665 = ADVANCED_FACE('',(#9666),#9677,.F.);
#9666 = FACE_BOUND('',#9667,.T.);
#9667 = EDGE_LOOP('',(#9668,#9669,#9675,#9676));
#9668 = ORIENTED_EDGE('',*,*,#8355,.T.);
#9669 = ORIENTED_EDGE('',*,*,#9670,.T.);
#9670 = EDGE_CURVE('',#8356,#8938,#9671,.T.);
#9671 = LINE('',#9672,#9673);
#9672 = CARTESIAN_POINT('',(134.68,-99.13,-4.6E-02));
#9673 = VECTOR('',#9674,1.);
#9674 = DIRECTION('',(0.,0.,1.));
#9675 = ORIENTED_EDGE('',*,*,#8937,.F.);
#9676 = ORIENTED_EDGE('',*,*,#9670,.F.);
#9677 = CYLINDRICAL_SURFACE('',#9678,0.4);
#9678 = AXIS2_PLACEMENT_3D('',#9679,#9680,#9681);
#9679 = CARTESIAN_POINT('',(134.68,-98.73,-4.6E-02));
#9680 = DIRECTION('',(-0.,-0.,-1.));
#9681 = DIRECTION('',(-0.,-1.,0.));
#9682 = ADVANCED_FACE('',(#9683),#9694,.F.);
#9683 = FACE_BOUND('',#9684,.T.);
#9684 = EDGE_LOOP('',(#9685,#9686,#9692,#9693));
#9685 = ORIENTED_EDGE('',*,*,#8366,.T.);
#9686 = ORIENTED_EDGE('',*,*,#9687,.T.);
#9687 = EDGE_CURVE('',#8367,#8949,#9688,.T.);
#9688 = LINE('',#9689,#9690);
#9689 = CARTESIAN_POINT('',(127.06,-96.59,-4.6E-02));
#9690 = VECTOR('',#9691,1.);
#9691 = DIRECTION('',(0.,0.,1.));
#9692 = ORIENTED_EDGE('',*,*,#8948,.F.);
#9693 = ORIENTED_EDGE('',*,*,#9687,.F.);
#9694 = CYLINDRICAL_SURFACE('',#9695,0.4);
#9695 = AXIS2_PLACEMENT_3D('',#9696,#9697,#9698);
#9696 = CARTESIAN_POINT('',(127.06,-96.19,-4.6E-02));
#9697 = DIRECTION('',(-0.,-0.,-1.));
#9698 = DIRECTION('',(-0.,-1.,0.));
#9699 = ADVANCED_FACE('',(#9700),#9711,.F.);
#9700 = FACE_BOUND('',#9701,.T.);
#9701 = EDGE_LOOP('',(#9702,#9703,#9709,#9710));
#9702 = ORIENTED_EDGE('',*,*,#8377,.T.);
#9703 = ORIENTED_EDGE('',*,*,#9704,.T.);
#9704 = EDGE_CURVE('',#8378,#8960,#9705,.T.);
#9705 = LINE('',#9706,#9707);
#9706 = CARTESIAN_POINT('',(134.68,-96.59,-4.6E-02));
#9707 = VECTOR('',#9708,1.);
#9708 = DIRECTION('',(0.,0.,1.));
#9709 = ORIENTED_EDGE('',*,*,#8959,.F.);
#9710 = ORIENTED_EDGE('',*,*,#9704,.F.);
#9711 = CYLINDRICAL_SURFACE('',#9712,0.4);
#9712 = AXIS2_PLACEMENT_3D('',#9713,#9714,#9715);
#9713 = CARTESIAN_POINT('',(134.68,-96.19,-4.6E-02));
#9714 = DIRECTION('',(-0.,-0.,-1.));
#9715 = DIRECTION('',(-0.,-1.,0.));
#9716 = ADVANCED_FACE('',(#9717),#9728,.F.);
#9717 = FACE_BOUND('',#9718,.T.);
#9718 = EDGE_LOOP('',(#9719,#9720,#9726,#9727));
#9719 = ORIENTED_EDGE('',*,*,#8388,.T.);
#9720 = ORIENTED_EDGE('',*,*,#9721,.T.);
#9721 = EDGE_CURVE('',#8389,#8971,#9722,.T.);
#9722 = LINE('',#9723,#9724);
#9723 = CARTESIAN_POINT('',(138.42,-99.14,-4.6E-02));
#9724 = VECTOR('',#9725,1.);
#9725 = DIRECTION('',(0.,0.,1.));
#9726 = ORIENTED_EDGE('',*,*,#8970,.F.);
#9727 = ORIENTED_EDGE('',*,*,#9721,.F.);
#9728 = CYLINDRICAL_SURFACE('',#9729,0.4);
#9729 = AXIS2_PLACEMENT_3D('',#9730,#9731,#9732);
#9730 = CARTESIAN_POINT('',(138.42,-98.74,-4.6E-02));
#9731 = DIRECTION('',(-0.,-0.,-1.));
#9732 = DIRECTION('',(-7.105427357601E-14,-1.,0.));
#9733 = ADVANCED_FACE('',(#9734),#9745,.F.);
#9734 = FACE_BOUND('',#9735,.T.);
#9735 = EDGE_LOOP('',(#9736,#9737,#9743,#9744));
#9736 = ORIENTED_EDGE('',*,*,#8399,.T.);
#9737 = ORIENTED_EDGE('',*,*,#9738,.T.);
#9738 = EDGE_CURVE('',#8400,#8982,#9739,.T.);
#9739 = LINE('',#9740,#9741);
#9740 = CARTESIAN_POINT('',(146.04,-99.14,-4.6E-02));
#9741 = VECTOR('',#9742,1.);
#9742 = DIRECTION('',(0.,0.,1.));
#9743 = ORIENTED_EDGE('',*,*,#8981,.F.);
#9744 = ORIENTED_EDGE('',*,*,#9738,.F.);
#9745 = CYLINDRICAL_SURFACE('',#9746,0.4);
#9746 = AXIS2_PLACEMENT_3D('',#9747,#9748,#9749);
#9747 = CARTESIAN_POINT('',(146.04,-98.74,-4.6E-02));
#9748 = DIRECTION('',(-0.,-0.,-1.));
#9749 = DIRECTION('',(-0.,-1.,0.));
#9750 = ADVANCED_FACE('',(#9751),#9762,.F.);
#9751 = FACE_BOUND('',#9752,.T.);
#9752 = EDGE_LOOP('',(#9753,#9754,#9760,#9761));
#9753 = ORIENTED_EDGE('',*,*,#8410,.T.);
#9754 = ORIENTED_EDGE('',*,*,#9755,.T.);
#9755 = EDGE_CURVE('',#8411,#8993,#9756,.T.);
#9756 = LINE('',#9757,#9758);
#9757 = CARTESIAN_POINT('',(138.42,-96.6,-4.6E-02));
#9758 = VECTOR('',#9759,1.);
#9759 = DIRECTION('',(0.,0.,1.));
#9760 = ORIENTED_EDGE('',*,*,#8992,.F.);
#9761 = ORIENTED_EDGE('',*,*,#9755,.F.);
#9762 = CYLINDRICAL_SURFACE('',#9763,0.4);
#9763 = AXIS2_PLACEMENT_3D('',#9764,#9765,#9766);
#9764 = CARTESIAN_POINT('',(138.42,-96.2,-4.6E-02));
#9765 = DIRECTION('',(-0.,-0.,-1.));
#9766 = DIRECTION('',(-7.105427357601E-14,-1.,0.));
#9767 = ADVANCED_FACE('',(#9768),#9779,.F.);
#9768 = FACE_BOUND('',#9769,.T.);
#9769 = EDGE_LOOP('',(#9770,#9771,#9777,#9778));
#9770 = ORIENTED_EDGE('',*,*,#8421,.T.);
#9771 = ORIENTED_EDGE('',*,*,#9772,.T.);
#9772 = EDGE_CURVE('',#8422,#9004,#9773,.T.);
#9773 = LINE('',#9774,#9775);
#9774 = CARTESIAN_POINT('',(146.04,-96.6,-4.6E-02));
#9775 = VECTOR('',#9776,1.);
#9776 = DIRECTION('',(0.,0.,1.));
#9777 = ORIENTED_EDGE('',*,*,#9003,.F.);
#9778 = ORIENTED_EDGE('',*,*,#9772,.F.);
#9779 = CYLINDRICAL_SURFACE('',#9780,0.4);
#9780 = AXIS2_PLACEMENT_3D('',#9781,#9782,#9783);
#9781 = CARTESIAN_POINT('',(146.04,-96.2,-4.6E-02));
#9782 = DIRECTION('',(-0.,-0.,-1.));
#9783 = DIRECTION('',(-0.,-1.,0.));
#9784 = ADVANCED_FACE('',(#9785),#9796,.F.);
#9785 = FACE_BOUND('',#9786,.T.);
#9786 = EDGE_LOOP('',(#9787,#9788,#9794,#9795));
#9787 = ORIENTED_EDGE('',*,*,#8432,.T.);
#9788 = ORIENTED_EDGE('',*,*,#9789,.T.);
#9789 = EDGE_CURVE('',#8433,#9015,#9790,.T.);
#9790 = LINE('',#9791,#9792);
#9791 = CARTESIAN_POINT('',(127.06,-94.05,-4.6E-02));
#9792 = VECTOR('',#9793,1.);
#9793 = DIRECTION('',(0.,0.,1.));
#9794 = ORIENTED_EDGE('',*,*,#9014,.F.);
#9795 = ORIENTED_EDGE('',*,*,#9789,.F.);
#9796 = CYLINDRICAL_SURFACE('',#9797,0.4);
#9797 = AXIS2_PLACEMENT_3D('',#9798,#9799,#9800);
#9798 = CARTESIAN_POINT('',(127.06,-93.65,-4.6E-02));
#9799 = DIRECTION('',(-0.,-0.,-1.));
#9800 = DIRECTION('',(-0.,-1.,0.));
#9801 = ADVANCED_FACE('',(#9802),#9813,.F.);
#9802 = FACE_BOUND('',#9803,.T.);
#9803 = EDGE_LOOP('',(#9804,#9805,#9811,#9812));
#9804 = ORIENTED_EDGE('',*,*,#8443,.T.);
#9805 = ORIENTED_EDGE('',*,*,#9806,.T.);
#9806 = EDGE_CURVE('',#8444,#9026,#9807,.T.);
#9807 = LINE('',#9808,#9809);
#9808 = CARTESIAN_POINT('',(134.68,-94.05,-4.6E-02));
#9809 = VECTOR('',#9810,1.);
#9810 = DIRECTION('',(0.,0.,1.));
#9811 = ORIENTED_EDGE('',*,*,#9025,.F.);
#9812 = ORIENTED_EDGE('',*,*,#9806,.F.);
#9813 = CYLINDRICAL_SURFACE('',#9814,0.4);
#9814 = AXIS2_PLACEMENT_3D('',#9815,#9816,#9817);
#9815 = CARTESIAN_POINT('',(134.68,-93.65,-4.6E-02));
#9816 = DIRECTION('',(-0.,-0.,-1.));
#9817 = DIRECTION('',(-0.,-1.,0.));
#9818 = ADVANCED_FACE('',(#9819),#9830,.F.);
#9819 = FACE_BOUND('',#9820,.T.);
#9820 = EDGE_LOOP('',(#9821,#9822,#9828,#9829));
#9821 = ORIENTED_EDGE('',*,*,#8454,.T.);
#9822 = ORIENTED_EDGE('',*,*,#9823,.T.);
#9823 = EDGE_CURVE('',#8455,#9037,#9824,.T.);
#9824 = LINE('',#9825,#9826);
#9825 = CARTESIAN_POINT('',(138.42,-94.06,-4.6E-02));
#9826 = VECTOR('',#9827,1.);
#9827 = DIRECTION('',(0.,0.,1.));
#9828 = ORIENTED_EDGE('',*,*,#9036,.F.);
#9829 = ORIENTED_EDGE('',*,*,#9823,.F.);
#9830 = CYLINDRICAL_SURFACE('',#9831,0.4);
#9831 = AXIS2_PLACEMENT_3D('',#9832,#9833,#9834);
#9832 = CARTESIAN_POINT('',(138.42,-93.66,-4.6E-02));
#9833 = DIRECTION('',(-0.,-0.,-1.));
#9834 = DIRECTION('',(-7.105427357601E-14,-1.,0.));
#9835 = ADVANCED_FACE('',(#9836),#9847,.F.);
#9836 = FACE_BOUND('',#9837,.T.);
#9837 = EDGE_LOOP('',(#9838,#9839,#9845,#9846));
#9838 = ORIENTED_EDGE('',*,*,#8465,.T.);
#9839 = ORIENTED_EDGE('',*,*,#9840,.T.);
#9840 = EDGE_CURVE('',#8466,#9048,#9841,.T.);
#9841 = LINE('',#9842,#9843);
#9842 = CARTESIAN_POINT('',(146.04,-94.06,-4.6E-02));
#9843 = VECTOR('',#9844,1.);
#9844 = DIRECTION('',(0.,0.,1.));
#9845 = ORIENTED_EDGE('',*,*,#9047,.F.);
#9846 = ORIENTED_EDGE('',*,*,#9840,.F.);
#9847 = CYLINDRICAL_SURFACE('',#9848,0.4);
#9848 = AXIS2_PLACEMENT_3D('',#9849,#9850,#9851);
#9849 = CARTESIAN_POINT('',(146.04,-93.66,-4.6E-02));
#9850 = DIRECTION('',(-0.,-0.,-1.));
#9851 = DIRECTION('',(-0.,-1.,0.));
#9852 = ADVANCED_FACE('',(#9853),#9864,.F.);
#9853 = FACE_BOUND('',#9854,.T.);
#9854 = EDGE_LOOP('',(#9855,#9856,#9862,#9863));
#9855 = ORIENTED_EDGE('',*,*,#8476,.T.);
#9856 = ORIENTED_EDGE('',*,*,#9857,.T.);
#9857 = EDGE_CURVE('',#8477,#9059,#9858,.T.);
#9858 = LINE('',#9859,#9860);
#9859 = CARTESIAN_POINT('',(138.42,-91.52,-4.6E-02));
#9860 = VECTOR('',#9861,1.);
#9861 = DIRECTION('',(0.,0.,1.));
#9862 = ORIENTED_EDGE('',*,*,#9058,.F.);
#9863 = ORIENTED_EDGE('',*,*,#9857,.F.);
#9864 = CYLINDRICAL_SURFACE('',#9865,0.4);
#9865 = AXIS2_PLACEMENT_3D('',#9866,#9867,#9868);
#9866 = CARTESIAN_POINT('',(138.42,-91.12,-4.6E-02));
#9867 = DIRECTION('',(-0.,-0.,-1.));
#9868 = DIRECTION('',(-7.105427357601E-14,-1.,0.));
#9869 = ADVANCED_FACE('',(#9870),#9881,.F.);
#9870 = FACE_BOUND('',#9871,.T.);
#9871 = EDGE_LOOP('',(#9872,#9873,#9879,#9880));
#9872 = ORIENTED_EDGE('',*,*,#8487,.T.);
#9873 = ORIENTED_EDGE('',*,*,#9874,.T.);
#9874 = EDGE_CURVE('',#8488,#9070,#9875,.T.);
#9875 = LINE('',#9876,#9877);
#9876 = CARTESIAN_POINT('',(146.04,-91.52,-4.6E-02));
#9877 = VECTOR('',#9878,1.);
#9878 = DIRECTION('',(0.,0.,1.));
#9879 = ORIENTED_EDGE('',*,*,#9069,.F.);
#9880 = ORIENTED_EDGE('',*,*,#9874,.F.);
#9881 = CYLINDRICAL_SURFACE('',#9882,0.4);
#9882 = AXIS2_PLACEMENT_3D('',#9883,#9884,#9885);
#9883 = CARTESIAN_POINT('',(146.04,-91.12,-4.6E-02));
#9884 = DIRECTION('',(-0.,-0.,-1.));
#9885 = DIRECTION('',(-0.,-1.,0.));
#9886 = ADVANCED_FACE('',(#9887),#9898,.F.);
#9887 = FACE_BOUND('',#9888,.T.);
#9888 = EDGE_LOOP('',(#9889,#9890,#9896,#9897));
#9889 = ORIENTED_EDGE('',*,*,#8498,.T.);
#9890 = ORIENTED_EDGE('',*,*,#9891,.T.);
#9891 = EDGE_CURVE('',#8499,#9081,#9892,.T.);
#9892 = LINE('',#9893,#9894);
#9893 = CARTESIAN_POINT('',(106.57,-87.6,-4.6E-02));
#9894 = VECTOR('',#9895,1.);
#9895 = DIRECTION('',(0.,0.,1.));
#9896 = ORIENTED_EDGE('',*,*,#9080,.F.);
#9897 = ORIENTED_EDGE('',*,*,#9891,.F.);
#9898 = CYLINDRICAL_SURFACE('',#9899,0.4);
#9899 = AXIS2_PLACEMENT_3D('',#9900,#9901,#9902);
#9900 = CARTESIAN_POINT('',(106.57,-87.2,-4.6E-02));
#9901 = DIRECTION('',(-0.,-0.,-1.));
#9902 = DIRECTION('',(-0.,-1.,0.));
#9903 = ADVANCED_FACE('',(#9904),#9915,.F.);
#9904 = FACE_BOUND('',#9905,.T.);
#9905 = EDGE_LOOP('',(#9906,#9907,#9913,#9914));
#9906 = ORIENTED_EDGE('',*,*,#8509,.T.);
#9907 = ORIENTED_EDGE('',*,*,#9908,.T.);
#9908 = EDGE_CURVE('',#8510,#9092,#9909,.T.);
#9909 = LINE('',#9910,#9911);
#9910 = CARTESIAN_POINT('',(109.11,-87.6,-4.6E-02));
#9911 = VECTOR('',#9912,1.);
#9912 = DIRECTION('',(0.,0.,1.));
#9913 = ORIENTED_EDGE('',*,*,#9091,.F.);
#9914 = ORIENTED_EDGE('',*,*,#9908,.F.);
#9915 = CYLINDRICAL_SURFACE('',#9916,0.4);
#9916 = AXIS2_PLACEMENT_3D('',#9917,#9918,#9919);
#9917 = CARTESIAN_POINT('',(109.11,-87.2,-4.6E-02));
#9918 = DIRECTION('',(-0.,-0.,-1.));
#9919 = DIRECTION('',(-0.,-1.,0.));
#9920 = ADVANCED_FACE('',(#9921),#9932,.F.);
#9921 = FACE_BOUND('',#9922,.T.);
#9922 = EDGE_LOOP('',(#9923,#9924,#9930,#9931));
#9923 = ORIENTED_EDGE('',*,*,#8520,.T.);
#9924 = ORIENTED_EDGE('',*,*,#9925,.T.);
#9925 = EDGE_CURVE('',#8521,#9103,#9926,.T.);
#9926 = LINE('',#9927,#9928);
#9927 = CARTESIAN_POINT('',(111.65,-87.6,-4.6E-02));
#9928 = VECTOR('',#9929,1.);
#9929 = DIRECTION('',(0.,0.,1.));
#9930 = ORIENTED_EDGE('',*,*,#9102,.F.);
#9931 = ORIENTED_EDGE('',*,*,#9925,.F.);
#9932 = CYLINDRICAL_SURFACE('',#9933,0.4);
#9933 = AXIS2_PLACEMENT_3D('',#9934,#9935,#9936);
#9934 = CARTESIAN_POINT('',(111.65,-87.2,-4.6E-02));
#9935 = DIRECTION('',(-0.,-0.,-1.));
#9936 = DIRECTION('',(-0.,-1.,0.));
#9937 = ADVANCED_FACE('',(#9938),#9949,.F.);
#9938 = FACE_BOUND('',#9939,.T.);
#9939 = EDGE_LOOP('',(#9940,#9941,#9947,#9948));
#9940 = ORIENTED_EDGE('',*,*,#8531,.T.);
#9941 = ORIENTED_EDGE('',*,*,#9942,.T.);
#9942 = EDGE_CURVE('',#8532,#9114,#9943,.T.);
#9943 = LINE('',#9944,#9945);
#9944 = CARTESIAN_POINT('',(114.19,-87.6,-4.6E-02));
#9945 = VECTOR('',#9946,1.);
#9946 = DIRECTION('',(0.,0.,1.));
#9947 = ORIENTED_EDGE('',*,*,#9113,.F.);
#9948 = ORIENTED_EDGE('',*,*,#9942,.F.);
#9949 = CYLINDRICAL_SURFACE('',#9950,0.4);
#9950 = AXIS2_PLACEMENT_3D('',#9951,#9952,#9953);
#9951 = CARTESIAN_POINT('',(114.19,-87.2,-4.6E-02));
#9952 = DIRECTION('',(-0.,-0.,-1.));
#9953 = DIRECTION('',(-0.,-1.,0.));
#9954 = ADVANCED_FACE('',(#9955),#9966,.F.);
#9955 = FACE_BOUND('',#9956,.T.);
#9956 = EDGE_LOOP('',(#9957,#9958,#9964,#9965));
#9957 = ORIENTED_EDGE('',*,*,#8542,.T.);
#9958 = ORIENTED_EDGE('',*,*,#9959,.T.);
#9959 = EDGE_CURVE('',#8543,#9125,#9960,.T.);
#9960 = LINE('',#9961,#9962);
#9961 = CARTESIAN_POINT('',(116.73,-87.6,-4.6E-02));
#9962 = VECTOR('',#9963,1.);
#9963 = DIRECTION('',(0.,0.,1.));
#9964 = ORIENTED_EDGE('',*,*,#9124,.F.);
#9965 = ORIENTED_EDGE('',*,*,#9959,.F.);
#9966 = CYLINDRICAL_SURFACE('',#9967,0.4);
#9967 = AXIS2_PLACEMENT_3D('',#9968,#9969,#9970);
#9968 = CARTESIAN_POINT('',(116.73,-87.2,-4.6E-02));
#9969 = DIRECTION('',(-0.,0.,-1.));
#9970 = DIRECTION('',(3.5527136788E-14,-1.,-0.));
#9971 = ADVANCED_FACE('',(#9972),#9983,.F.);
#9972 = FACE_BOUND('',#9973,.T.);
#9973 = EDGE_LOOP('',(#9974,#9975,#9981,#9982));
#9974 = ORIENTED_EDGE('',*,*,#8553,.T.);
#9975 = ORIENTED_EDGE('',*,*,#9976,.T.);
#9976 = EDGE_CURVE('',#8554,#9136,#9977,.T.);
#9977 = LINE('',#9978,#9979);
#9978 = CARTESIAN_POINT('',(119.27,-87.6,-4.6E-02));
#9979 = VECTOR('',#9980,1.);
#9980 = DIRECTION('',(0.,0.,1.));
#9981 = ORIENTED_EDGE('',*,*,#9135,.F.);
#9982 = ORIENTED_EDGE('',*,*,#9976,.F.);
#9983 = CYLINDRICAL_SURFACE('',#9984,0.4);
#9984 = AXIS2_PLACEMENT_3D('',#9985,#9986,#9987);
#9985 = CARTESIAN_POINT('',(119.27,-87.2,-4.6E-02));
#9986 = DIRECTION('',(-0.,-0.,-1.));
#9987 = DIRECTION('',(-3.552713678801E-14,-1.,0.));
#9988 = ADVANCED_FACE('',(#9989),#10000,.F.);
#9989 = FACE_BOUND('',#9990,.T.);
#9990 = EDGE_LOOP('',(#9991,#9992,#9998,#9999));
#9991 = ORIENTED_EDGE('',*,*,#8564,.T.);
#9992 = ORIENTED_EDGE('',*,*,#9993,.T.);
#9993 = EDGE_CURVE('',#8565,#9147,#9994,.T.);
#9994 = LINE('',#9995,#9996);
#9995 = CARTESIAN_POINT('',(121.81,-87.6,-4.6E-02));
#9996 = VECTOR('',#9997,1.);
#9997 = DIRECTION('',(0.,0.,1.));
#9998 = ORIENTED_EDGE('',*,*,#9146,.F.);
#9999 = ORIENTED_EDGE('',*,*,#9993,.F.);
#10000 = CYLINDRICAL_SURFACE('',#10001,0.4);
#10001 = AXIS2_PLACEMENT_3D('',#10002,#10003,#10004);
#10002 = CARTESIAN_POINT('',(121.81,-87.2,-4.6E-02));
#10003 = DIRECTION('',(-0.,-0.,-1.));
#10004 = DIRECTION('',(-0.,-1.,0.));
#10005 = ADVANCED_FACE('',(#10006),#10017,.F.);
#10006 = FACE_BOUND('',#10007,.T.);
#10007 = EDGE_LOOP('',(#10008,#10009,#10015,#10016));
#10008 = ORIENTED_EDGE('',*,*,#8575,.T.);
#10009 = ORIENTED_EDGE('',*,*,#10010,.T.);
#10010 = EDGE_CURVE('',#8576,#9158,#10011,.T.);
#10011 = LINE('',#10012,#10013);
#10012 = CARTESIAN_POINT('',(127.06,-91.51,-4.6E-02));
#10013 = VECTOR('',#10014,1.);
#10014 = DIRECTION('',(0.,0.,1.));
#10015 = ORIENTED_EDGE('',*,*,#9157,.F.);
#10016 = ORIENTED_EDGE('',*,*,#10010,.F.);
#10017 = CYLINDRICAL_SURFACE('',#10018,0.4);
#10018 = AXIS2_PLACEMENT_3D('',#10019,#10020,#10021);
#10019 = CARTESIAN_POINT('',(127.06,-91.11,-4.6E-02));
#10020 = DIRECTION('',(-0.,-0.,-1.));
#10021 = DIRECTION('',(-0.,-1.,0.));
#10022 = ADVANCED_FACE('',(#10023),#10034,.F.);
#10023 = FACE_BOUND('',#10024,.T.);
#10024 = EDGE_LOOP('',(#10025,#10026,#10032,#10033));
#10025 = ORIENTED_EDGE('',*,*,#8586,.T.);
#10026 = ORIENTED_EDGE('',*,*,#10027,.T.);
#10027 = EDGE_CURVE('',#8587,#9169,#10028,.T.);
#10028 = LINE('',#10029,#10030);
#10029 = CARTESIAN_POINT('',(134.68,-91.51,-4.6E-02));
#10030 = VECTOR('',#10031,1.);
#10031 = DIRECTION('',(0.,0.,1.));
#10032 = ORIENTED_EDGE('',*,*,#9168,.F.);
#10033 = ORIENTED_EDGE('',*,*,#10027,.F.);
#10034 = CYLINDRICAL_SURFACE('',#10035,0.4);
#10035 = AXIS2_PLACEMENT_3D('',#10036,#10037,#10038);
#10036 = CARTESIAN_POINT('',(134.68,-91.11,-4.6E-02));
#10037 = DIRECTION('',(-0.,-0.,-1.));
#10038 = DIRECTION('',(-0.,-1.,0.));
#10039 = ADVANCED_FACE('',(#10040),#10051,.F.);
#10040 = FACE_BOUND('',#10041,.T.);
#10041 = EDGE_LOOP('',(#10042,#10043,#10049,#10050));
#10042 = ORIENTED_EDGE('',*,*,#8597,.T.);
#10043 = ORIENTED_EDGE('',*,*,#10044,.T.);
#10044 = EDGE_CURVE('',#8598,#9180,#10045,.T.);
#10045 = LINE('',#10046,#10047);
#10046 = CARTESIAN_POINT('',(127.06,-88.97,-4.6E-02));
#10047 = VECTOR('',#10048,1.);
#10048 = DIRECTION('',(0.,0.,1.));
#10049 = ORIENTED_EDGE('',*,*,#9179,.F.);
#10050 = ORIENTED_EDGE('',*,*,#10044,.F.);
#10051 = CYLINDRICAL_SURFACE('',#10052,0.4);
#10052 = AXIS2_PLACEMENT_3D('',#10053,#10054,#10055);
#10053 = CARTESIAN_POINT('',(127.06,-88.57,-4.6E-02));
#10054 = DIRECTION('',(-0.,-0.,-1.));
#10055 = DIRECTION('',(-0.,-1.,0.));
#10056 = ADVANCED_FACE('',(#10057),#10068,.F.);
#10057 = FACE_BOUND('',#10058,.T.);
#10058 = EDGE_LOOP('',(#10059,#10060,#10066,#10067));
#10059 = ORIENTED_EDGE('',*,*,#8608,.T.);
#10060 = ORIENTED_EDGE('',*,*,#10061,.T.);
#10061 = EDGE_CURVE('',#8609,#9191,#10062,.T.);
#10062 = LINE('',#10063,#10064);
#10063 = CARTESIAN_POINT('',(134.68,-88.97,-4.6E-02));
#10064 = VECTOR('',#10065,1.);
#10065 = DIRECTION('',(0.,0.,1.));
#10066 = ORIENTED_EDGE('',*,*,#9190,.F.);
#10067 = ORIENTED_EDGE('',*,*,#10061,.F.);
#10068 = CYLINDRICAL_SURFACE('',#10069,0.4);
#10069 = AXIS2_PLACEMENT_3D('',#10070,#10071,#10072);
#10070 = CARTESIAN_POINT('',(134.68,-88.57,-4.6E-02));
#10071 = DIRECTION('',(-0.,-0.,-1.));
#10072 = DIRECTION('',(-0.,-1.,0.));
#10073 = ADVANCED_FACE('',(#10074),#10085,.F.);
#10074 = FACE_BOUND('',#10075,.T.);
#10075 = EDGE_LOOP('',(#10076,#10077,#10083,#10084));
#10076 = ORIENTED_EDGE('',*,*,#8619,.T.);
#10077 = ORIENTED_EDGE('',*,*,#10078,.T.);
#10078 = EDGE_CURVE('',#8620,#9202,#10079,.T.);
#10079 = LINE('',#10080,#10081);
#10080 = CARTESIAN_POINT('',(138.42,-88.98,-4.6E-02));
#10081 = VECTOR('',#10082,1.);
#10082 = DIRECTION('',(0.,0.,1.));
#10083 = ORIENTED_EDGE('',*,*,#9201,.F.);
#10084 = ORIENTED_EDGE('',*,*,#10078,.F.);
#10085 = CYLINDRICAL_SURFACE('',#10086,0.4);
#10086 = AXIS2_PLACEMENT_3D('',#10087,#10088,#10089);
#10087 = CARTESIAN_POINT('',(138.42,-88.58,-4.6E-02));
#10088 = DIRECTION('',(-0.,-0.,-1.));
#10089 = DIRECTION('',(-7.105427357601E-14,-1.,0.));
#10090 = ADVANCED_FACE('',(#10091),#10102,.F.);
#10091 = FACE_BOUND('',#10092,.T.);
#10092 = EDGE_LOOP('',(#10093,#10094,#10100,#10101));
#10093 = ORIENTED_EDGE('',*,*,#8630,.T.);
#10094 = ORIENTED_EDGE('',*,*,#10095,.T.);
#10095 = EDGE_CURVE('',#8631,#9213,#10096,.T.);
#10096 = LINE('',#10097,#10098);
#10097 = CARTESIAN_POINT('',(146.04,-88.98,-4.6E-02));
#10098 = VECTOR('',#10099,1.);
#10099 = DIRECTION('',(0.,0.,1.));
#10100 = ORIENTED_EDGE('',*,*,#9212,.F.);
#10101 = ORIENTED_EDGE('',*,*,#10095,.F.);
#10102 = CYLINDRICAL_SURFACE('',#10103,0.4);
#10103 = AXIS2_PLACEMENT_3D('',#10104,#10105,#10106);
#10104 = CARTESIAN_POINT('',(146.04,-88.58,-4.6E-02));
#10105 = DIRECTION('',(-0.,-0.,-1.));
#10106 = DIRECTION('',(-0.,-1.,0.));
#10107 = ADVANCED_FACE('',(#10108),#10119,.F.);
#10108 = FACE_BOUND('',#10109,.T.);
#10109 = EDGE_LOOP('',(#10110,#10111,#10117,#10118));
#10110 = ORIENTED_EDGE('',*,*,#8641,.T.);
#10111 = ORIENTED_EDGE('',*,*,#10112,.T.);
#10112 = EDGE_CURVE('',#8642,#9224,#10113,.T.);
#10113 = LINE('',#10114,#10115);
#10114 = CARTESIAN_POINT('',(127.06,-86.43,-4.6E-02));
#10115 = VECTOR('',#10116,1.);
#10116 = DIRECTION('',(0.,0.,1.));
#10117 = ORIENTED_EDGE('',*,*,#9223,.F.);
#10118 = ORIENTED_EDGE('',*,*,#10112,.F.);
#10119 = CYLINDRICAL_SURFACE('',#10120,0.4);
#10120 = AXIS2_PLACEMENT_3D('',#10121,#10122,#10123);
#10121 = CARTESIAN_POINT('',(127.06,-86.03,-4.6E-02));
#10122 = DIRECTION('',(-0.,-0.,-1.));
#10123 = DIRECTION('',(-0.,-1.,0.));
#10124 = ADVANCED_FACE('',(#10125),#10136,.F.);
#10125 = FACE_BOUND('',#10126,.T.);
#10126 = EDGE_LOOP('',(#10127,#10128,#10134,#10135));
#10127 = ORIENTED_EDGE('',*,*,#8652,.T.);
#10128 = ORIENTED_EDGE('',*,*,#10129,.T.);
#10129 = EDGE_CURVE('',#8653,#9235,#10130,.T.);
#10130 = LINE('',#10131,#10132);
#10131 = CARTESIAN_POINT('',(134.68,-86.43,-4.6E-02));
#10132 = VECTOR('',#10133,1.);
#10133 = DIRECTION('',(0.,0.,1.));
#10134 = ORIENTED_EDGE('',*,*,#9234,.F.);
#10135 = ORIENTED_EDGE('',*,*,#10129,.F.);
#10136 = CYLINDRICAL_SURFACE('',#10137,0.4);
#10137 = AXIS2_PLACEMENT_3D('',#10138,#10139,#10140);
#10138 = CARTESIAN_POINT('',(134.68,-86.03,-4.6E-02));
#10139 = DIRECTION('',(-0.,-0.,-1.));
#10140 = DIRECTION('',(-0.,-1.,0.));
#10141 = ADVANCED_FACE('',(#10142),#10153,.F.);
#10142 = FACE_BOUND('',#10143,.T.);
#10143 = EDGE_LOOP('',(#10144,#10145,#10151,#10152));
#10144 = ORIENTED_EDGE('',*,*,#8663,.T.);
#10145 = ORIENTED_EDGE('',*,*,#10146,.T.);
#10146 = EDGE_CURVE('',#8664,#9246,#10147,.T.);
#10147 = LINE('',#10148,#10149);
#10148 = CARTESIAN_POINT('',(127.06,-83.89,-4.6E-02));
#10149 = VECTOR('',#10150,1.);
#10150 = DIRECTION('',(0.,0.,1.));
#10151 = ORIENTED_EDGE('',*,*,#9245,.F.);
#10152 = ORIENTED_EDGE('',*,*,#10146,.F.);
#10153 = CYLINDRICAL_SURFACE('',#10154,0.4);
#10154 = AXIS2_PLACEMENT_3D('',#10155,#10156,#10157);
#10155 = CARTESIAN_POINT('',(127.06,-83.49,-4.6E-02));
#10156 = DIRECTION('',(-0.,-0.,-1.));
#10157 = DIRECTION('',(-0.,-1.,0.));
#10158 = ADVANCED_FACE('',(#10159),#10170,.F.);
#10159 = FACE_BOUND('',#10160,.T.);
#10160 = EDGE_LOOP('',(#10161,#10162,#10168,#10169));
#10161 = ORIENTED_EDGE('',*,*,#8674,.T.);
#10162 = ORIENTED_EDGE('',*,*,#10163,.T.);
#10163 = EDGE_CURVE('',#8675,#9257,#10164,.T.);
#10164 = LINE('',#10165,#10166);
#10165 = CARTESIAN_POINT('',(134.68,-83.89,-4.6E-02));
#10166 = VECTOR('',#10167,1.);
#10167 = DIRECTION('',(0.,0.,1.));
#10168 = ORIENTED_EDGE('',*,*,#9256,.F.);
#10169 = ORIENTED_EDGE('',*,*,#10163,.F.);
#10170 = CYLINDRICAL_SURFACE('',#10171,0.4);
#10171 = AXIS2_PLACEMENT_3D('',#10172,#10173,#10174);
#10172 = CARTESIAN_POINT('',(134.68,-83.49,-4.6E-02));
#10173 = DIRECTION('',(-0.,-0.,-1.));
#10174 = DIRECTION('',(-0.,-1.,0.));
#10175 = ADVANCED_FACE('',(#10176),#10187,.F.);
#10176 = FACE_BOUND('',#10177,.T.);
#10177 = EDGE_LOOP('',(#10178,#10179,#10185,#10186));
#10178 = ORIENTED_EDGE('',*,*,#8685,.T.);
#10179 = ORIENTED_EDGE('',*,*,#10180,.T.);
#10180 = EDGE_CURVE('',#8686,#9268,#10181,.T.);
#10181 = LINE('',#10182,#10183);
#10182 = CARTESIAN_POINT('',(138.42,-86.44,-4.6E-02));
#10183 = VECTOR('',#10184,1.);
#10184 = DIRECTION('',(0.,0.,1.));
#10185 = ORIENTED_EDGE('',*,*,#9267,.F.);
#10186 = ORIENTED_EDGE('',*,*,#10180,.F.);
#10187 = CYLINDRICAL_SURFACE('',#10188,0.4);
#10188 = AXIS2_PLACEMENT_3D('',#10189,#10190,#10191);
#10189 = CARTESIAN_POINT('',(138.42,-86.04,-4.6E-02));
#10190 = DIRECTION('',(-0.,-0.,-1.));
#10191 = DIRECTION('',(-7.105427357601E-14,-1.,0.));
#10192 = ADVANCED_FACE('',(#10193),#10204,.F.);
#10193 = FACE_BOUND('',#10194,.T.);
#10194 = EDGE_LOOP('',(#10195,#10196,#10202,#10203));
#10195 = ORIENTED_EDGE('',*,*,#8696,.T.);
#10196 = ORIENTED_EDGE('',*,*,#10197,.T.);
#10197 = EDGE_CURVE('',#8697,#9279,#10198,.T.);
#10198 = LINE('',#10199,#10200);
#10199 = CARTESIAN_POINT('',(146.04,-86.44,-4.6E-02));
#10200 = VECTOR('',#10201,1.);
#10201 = DIRECTION('',(0.,0.,1.));
#10202 = ORIENTED_EDGE('',*,*,#9278,.F.);
#10203 = ORIENTED_EDGE('',*,*,#10197,.F.);
#10204 = CYLINDRICAL_SURFACE('',#10205,0.4);
#10205 = AXIS2_PLACEMENT_3D('',#10206,#10207,#10208);
#10206 = CARTESIAN_POINT('',(146.04,-86.04,-4.6E-02));
#10207 = DIRECTION('',(-0.,-0.,-1.));
#10208 = DIRECTION('',(-0.,-1.,0.));
#10209 = ADVANCED_FACE('',(#10210),#10221,.F.);
#10210 = FACE_BOUND('',#10211,.T.);
#10211 = EDGE_LOOP('',(#10212,#10213,#10219,#10220));
#10212 = ORIENTED_EDGE('',*,*,#8707,.T.);
#10213 = ORIENTED_EDGE('',*,*,#10214,.T.);
#10214 = EDGE_CURVE('',#8708,#9290,#10215,.T.);
#10215 = LINE('',#10216,#10217);
#10216 = CARTESIAN_POINT('',(138.42,-83.9,-4.6E-02));
#10217 = VECTOR('',#10218,1.);
#10218 = DIRECTION('',(0.,0.,1.));
#10219 = ORIENTED_EDGE('',*,*,#9289,.F.);
#10220 = ORIENTED_EDGE('',*,*,#10214,.F.);
#10221 = CYLINDRICAL_SURFACE('',#10222,0.4);
#10222 = AXIS2_PLACEMENT_3D('',#10223,#10224,#10225);
#10223 = CARTESIAN_POINT('',(138.42,-83.5,-4.6E-02));
#10224 = DIRECTION('',(-0.,-0.,-1.));
#10225 = DIRECTION('',(-7.105427357601E-14,-1.,0.));
#10226 = ADVANCED_FACE('',(#10227),#10238,.F.);
#10227 = FACE_BOUND('',#10228,.T.);
#10228 = EDGE_LOOP('',(#10229,#10230,#10236,#10237));
#10229 = ORIENTED_EDGE('',*,*,#8718,.T.);
#10230 = ORIENTED_EDGE('',*,*,#10231,.T.);
#10231 = EDGE_CURVE('',#8719,#9301,#10232,.T.);
#10232 = LINE('',#10233,#10234);
#10233 = CARTESIAN_POINT('',(146.04,-83.9,-4.6E-02));
#10234 = VECTOR('',#10235,1.);
#10235 = DIRECTION('',(0.,0.,1.));
#10236 = ORIENTED_EDGE('',*,*,#9300,.F.);
#10237 = ORIENTED_EDGE('',*,*,#10231,.F.);
#10238 = CYLINDRICAL_SURFACE('',#10239,0.4);
#10239 = AXIS2_PLACEMENT_3D('',#10240,#10241,#10242);
#10240 = CARTESIAN_POINT('',(146.04,-83.5,-4.6E-02));
#10241 = DIRECTION('',(-0.,-0.,-1.));
#10242 = DIRECTION('',(-0.,-1.,0.));
#10243 = ( GEOMETRIC_REPRESENTATION_CONTEXT(3) 
GLOBAL_UNCERTAINTY_ASSIGNED_CONTEXT((#10247)) 
GLOBAL_UNIT_ASSIGNED_CONTEXT((#10244,#10245,#10246)) 
REPRESENTATION_CONTEXT('Context #1',
  '3D Context with UNIT and UNCERTAINTY') );
#10244 = ( LENGTH_UNIT() NAMED_UNIT(*) SI_UNIT(.MILLI.,.METRE.) );
#10245 = ( NAMED_UNIT(*) PLANE_ANGLE_UNIT() SI_UNIT($,.RADIAN.) );
#10246 = ( NAMED_UNIT(*) SI_UNIT($,.STERADIAN.) SOLID_ANGLE_UNIT() );
#10247 = UNCERTAINTY_MEASURE_WITH_UNIT(LENGTH_MEASURE(1.E-07),#10244,
  'distance_accuracy_value','confusion accuracy');
#10248 = CONTEXT_DEPENDENT_SHAPE_REPRESENTATION(#10249,#10251);
#10249 = ( REPRESENTATION_RELATIONSHIP('','',#8042,#10) 
REPRESENTATION_RELATIONSHIP_WITH_TRANSFORMATION(#10250) 
SHAPE_REPRESENTATION_RELATIONSHIP() );
#10250 = ITEM_DEFINED_TRANSFORMATION('','',#11,#27);
#10251 = PRODUCT_DEFINITION_SHAPE('Placement','Placement of an item',
  #10252);
#10252 = NEXT_ASSEMBLY_USAGE_OCCURRENCE('5','=>[0:1:1:4]','',#5,#8037,$
  );
#10253 = PRODUCT_RELATED_PRODUCT_CATEGORY('part',$,(#8039));
#10254 = MECHANICAL_DESIGN_GEOMETRIC_PRESENTATION_REPRESENTATION('',(
    #10255),#10243);
#10255 = STYLED_ITEM('color',(#10256),#8043);
#10256 = PRESENTATION_STYLE_ASSIGNMENT((#10257));
#10257 = SURFACE_STYLE_USAGE(.BOTH.,#10258);
#10258 = SURFACE_SIDE_STYLE('',(#10259));
#10259 = SURFACE_STYLE_FILL_AREA(#10260);
#10260 = FILL_AREA_STYLE('',(#10261));
#10261 = FILL_AREA_STYLE_COLOUR('',#10262);
#10262 = COLOUR_RGB('',0.313304153717,0.484529207832,0.410020903123);
#10263 = MECHANICAL_DESIGN_GEOMETRIC_PRESENTATION_REPRESENTATION('',(
    #10264,#10272,#10279,#10286,#10293,#10300,#10307,#10314,#10322,
    #10329,#10336,#10343,#10350,#10357,#10364,#10371,#10378,#10385,
    #10392,#10399,#10406,#10413,#10420,#10427,#10434,#10441,#10448,
    #10455,#10462,#10469,#10476,#10483,#10490,#10497,#10504,#10511,
    #10518,#10525,#10532,#10539,#10546,#10553,#10560,#10567,#10574,
    #10581,#10588,#10595,#10602,#10609,#10616,#10623,#10630,#10637,
    #10644,#10651,#10658,#10665,#10672,#10679,#10686,#10693,#10700,
    #10707,#10714,#10721,#10728,#10735,#10742,#10749,#10756,#10763,
    #10770,#10777,#10784,#10791,#10798,#10805,#10812,#10819,#10826,
    #10833,#10840,#10847,#10854,#10861,#10868,#10875,#10882,#10889,
    #10896,#10903,#10910,#10917,#10924,#10931,#10938,#10945,#10952,
    #10959,#10966,#10973,#10980,#10987,#10994,#11001,#11008,#11015,
    #11022,#11029,#11036,#11043,#11050,#11057,#11064,#11071,#11078,
    #11085,#11092,#11099,#11106,#11113,#11120,#11127,#11134,#11141,
    #11148,#11155,#11162,#11169,#11176,#11183,#11190,#11197,#11204,
    #11211,#11218,#11225,#11232,#11239,#11246,#11253,#11260,#11267,
    #11274,#11281,#11288,#11295,#11302,#11309,#11316,#11323,#11330,
    #11337,#11344,#11351,#11358,#11365,#11372,#11379,#11386,#11393,
    #11400,#11407,#11414,#11421,#11428,#11435,#11442,#11449,#11456,
    #11463,#11470,#11477,#11484,#11491,#11498,#11505,#11512,#11519,
    #11526,#11533,#11540,#11547,#11554,#11561,#11568,#11575,#11582,
    #11589,#11596,#11603,#11610,#11617,#11624,#11631,#11638,#11645,
    #11652,#11659,#11666,#11673,#11680,#11687,#11694,#11701,#11708,
    #11715,#11722,#11729,#11736,#11743,#11750,#11757,#11764,#11771,
    #11778,#11785,#11792,#11799,#11806,#11813,#11820,#11827,#11834,
    #11841,#11848,#11855,#11862,#11869,#11876,#11883,#11890,#11897,
    #11904,#11911,#11918,#11925,#11932,#11939,#11946,#11953,#11960,
    #11967,#11974,#11981,#11988,#11995,#12002,#12009),#8014);
#10264 = STYLED_ITEM('color',(#10265),#70);
#10265 = PRESENTATION_STYLE_ASSIGNMENT((#10266));
#10266 = SURFACE_STYLE_USAGE(.BOTH.,#10267);
#10267 = SURFACE_SIDE_STYLE('',(#10268));
#10268 = SURFACE_STYLE_FILL_AREA(#10269);
#10269 = FILL_AREA_STYLE('',(#10270));
#10270 = FILL_AREA_STYLE_COLOUR('',#10271);
#10271 = COLOUR_RGB('',0.147999998088,0.144999993226,0.144999993226);
#10272 = STYLED_ITEM('color',(#10273),#110);
#10273 = PRESENTATION_STYLE_ASSIGNMENT((#10274));
#10274 = SURFACE_STYLE_USAGE(.BOTH.,#10275);
#10275 = SURFACE_SIDE_STYLE('',(#10276));
#10276 = SURFACE_STYLE_FILL_AREA(#10277);
#10277 = FILL_AREA_STYLE('',(#10278));
#10278 = FILL_AREA_STYLE_COLOUR('',#10271);
#10279 = STYLED_ITEM('color',(#10280),#251);
#10280 = PRESENTATION_STYLE_ASSIGNMENT((#10281));
#10281 = SURFACE_STYLE_USAGE(.BOTH.,#10282);
#10282 = SURFACE_SIDE_STYLE('',(#10283));
#10283 = SURFACE_STYLE_FILL_AREA(#10284);
#10284 = FILL_AREA_STYLE('',(#10285));
#10285 = FILL_AREA_STYLE_COLOUR('',#10271);
#10286 = STYLED_ITEM('color',(#10287),#274);
#10287 = PRESENTATION_STYLE_ASSIGNMENT((#10288));
#10288 = SURFACE_STYLE_USAGE(.BOTH.,#10289);
#10289 = SURFACE_SIDE_STYLE('',(#10290));
#10290 = SURFACE_STYLE_FILL_AREA(#10291);
#10291 = FILL_AREA_STYLE('',(#10292));
#10292 = FILL_AREA_STYLE_COLOUR('',#10271);
#10293 = STYLED_ITEM('color',(#10294),#409);
#10294 = PRESENTATION_STYLE_ASSIGNMENT((#10295));
#10295 = SURFACE_STYLE_USAGE(.BOTH.,#10296);
#10296 = SURFACE_SIDE_STYLE('',(#10297));
#10297 = SURFACE_STYLE_FILL_AREA(#10298);
#10298 = FILL_AREA_STYLE('',(#10299));
#10299 = FILL_AREA_STYLE_COLOUR('',#10271);
#10300 = STYLED_ITEM('color',(#10301),#426);
#10301 = PRESENTATION_STYLE_ASSIGNMENT((#10302));
#10302 = SURFACE_STYLE_USAGE(.BOTH.,#10303);
#10303 = SURFACE_SIDE_STYLE('',(#10304));
#10304 = SURFACE_STYLE_FILL_AREA(#10305);
#10305 = FILL_AREA_STYLE('',(#10306));
#10306 = FILL_AREA_STYLE_COLOUR('',#10271);
#10307 = STYLED_ITEM('color',(#10308),#456);
#10308 = PRESENTATION_STYLE_ASSIGNMENT((#10309));
#10309 = SURFACE_STYLE_USAGE(.BOTH.,#10310);
#10310 = SURFACE_SIDE_STYLE('',(#10311));
#10311 = SURFACE_STYLE_FILL_AREA(#10312);
#10312 = FILL_AREA_STYLE('',(#10313));
#10313 = FILL_AREA_STYLE_COLOUR('',#10271);
#10314 = STYLED_ITEM('color',(#10315),#486);
#10315 = PRESENTATION_STYLE_ASSIGNMENT((#10316));
#10316 = SURFACE_STYLE_USAGE(.BOTH.,#10317);
#10317 = SURFACE_SIDE_STYLE('',(#10318));
#10318 = SURFACE_STYLE_FILL_AREA(#10319);
#10319 = FILL_AREA_STYLE('',(#10320));
#10320 = FILL_AREA_STYLE_COLOUR('',#10321);
#10321 = COLOUR_RGB('',0.823999987314,0.819999987296,0.781000009244);
#10322 = STYLED_ITEM('color',(#10323),#517);
#10323 = PRESENTATION_STYLE_ASSIGNMENT((#10324));
#10324 = SURFACE_STYLE_USAGE(.BOTH.,#10325);
#10325 = SURFACE_SIDE_STYLE('',(#10326));
#10326 = SURFACE_STYLE_FILL_AREA(#10327);
#10327 = FILL_AREA_STYLE('',(#10328));
#10328 = FILL_AREA_STYLE_COLOUR('',#10321);
#10329 = STYLED_ITEM('color',(#10330),#548);
#10330 = PRESENTATION_STYLE_ASSIGNMENT((#10331));
#10331 = SURFACE_STYLE_USAGE(.BOTH.,#10332);
#10332 = SURFACE_SIDE_STYLE('',(#10333));
#10333 = SURFACE_STYLE_FILL_AREA(#10334);
#10334 = FILL_AREA_STYLE('',(#10335));
#10335 = FILL_AREA_STYLE_COLOUR('',#10271);
#10336 = STYLED_ITEM('color',(#10337),#579);
#10337 = PRESENTATION_STYLE_ASSIGNMENT((#10338));
#10338 = SURFACE_STYLE_USAGE(.BOTH.,#10339);
#10339 = SURFACE_SIDE_STYLE('',(#10340));
#10340 = SURFACE_STYLE_FILL_AREA(#10341);
#10341 = FILL_AREA_STYLE('',(#10342));
#10342 = FILL_AREA_STYLE_COLOUR('',#10271);
#10343 = STYLED_ITEM('color',(#10344),#610);
#10344 = PRESENTATION_STYLE_ASSIGNMENT((#10345));
#10345 = SURFACE_STYLE_USAGE(.BOTH.,#10346);
#10346 = SURFACE_SIDE_STYLE('',(#10347));
#10347 = SURFACE_STYLE_FILL_AREA(#10348);
#10348 = FILL_AREA_STYLE('',(#10349));
#10349 = FILL_AREA_STYLE_COLOUR('',#10321);
#10350 = STYLED_ITEM('color',(#10351),#641);
#10351 = PRESENTATION_STYLE_ASSIGNMENT((#10352));
#10352 = SURFACE_STYLE_USAGE(.BOTH.,#10353);
#10353 = SURFACE_SIDE_STYLE('',(#10354));
#10354 = SURFACE_STYLE_FILL_AREA(#10355);
#10355 = FILL_AREA_STYLE('',(#10356));
#10356 = FILL_AREA_STYLE_COLOUR('',#10321);
#10357 = STYLED_ITEM('color',(#10358),#672);
#10358 = PRESENTATION_STYLE_ASSIGNMENT((#10359));
#10359 = SURFACE_STYLE_USAGE(.BOTH.,#10360);
#10360 = SURFACE_SIDE_STYLE('',(#10361));
#10361 = SURFACE_STYLE_FILL_AREA(#10362);
#10362 = FILL_AREA_STYLE('',(#10363));
#10363 = FILL_AREA_STYLE_COLOUR('',#10271);
#10364 = STYLED_ITEM('color',(#10365),#703);
#10365 = PRESENTATION_STYLE_ASSIGNMENT((#10366));
#10366 = SURFACE_STYLE_USAGE(.BOTH.,#10367);
#10367 = SURFACE_SIDE_STYLE('',(#10368));
#10368 = SURFACE_STYLE_FILL_AREA(#10369);
#10369 = FILL_AREA_STYLE('',(#10370));
#10370 = FILL_AREA_STYLE_COLOUR('',#10271);
#10371 = STYLED_ITEM('color',(#10372),#734);
#10372 = PRESENTATION_STYLE_ASSIGNMENT((#10373));
#10373 = SURFACE_STYLE_USAGE(.BOTH.,#10374);
#10374 = SURFACE_SIDE_STYLE('',(#10375));
#10375 = SURFACE_STYLE_FILL_AREA(#10376);
#10376 = FILL_AREA_STYLE('',(#10377));
#10377 = FILL_AREA_STYLE_COLOUR('',#10321);
#10378 = STYLED_ITEM('color',(#10379),#765);
#10379 = PRESENTATION_STYLE_ASSIGNMENT((#10380));
#10380 = SURFACE_STYLE_USAGE(.BOTH.,#10381);
#10381 = SURFACE_SIDE_STYLE('',(#10382));
#10382 = SURFACE_STYLE_FILL_AREA(#10383);
#10383 = FILL_AREA_STYLE('',(#10384));
#10384 = FILL_AREA_STYLE_COLOUR('',#10321);
#10385 = STYLED_ITEM('color',(#10386),#796);
#10386 = PRESENTATION_STYLE_ASSIGNMENT((#10387));
#10387 = SURFACE_STYLE_USAGE(.BOTH.,#10388);
#10388 = SURFACE_SIDE_STYLE('',(#10389));
#10389 = SURFACE_STYLE_FILL_AREA(#10390);
#10390 = FILL_AREA_STYLE('',(#10391));
#10391 = FILL_AREA_STYLE_COLOUR('',#10271);
#10392 = STYLED_ITEM('color',(#10393),#827);
#10393 = PRESENTATION_STYLE_ASSIGNMENT((#10394));
#10394 = SURFACE_STYLE_USAGE(.BOTH.,#10395);
#10395 = SURFACE_SIDE_STYLE('',(#10396));
#10396 = SURFACE_STYLE_FILL_AREA(#10397);
#10397 = FILL_AREA_STYLE('',(#10398));
#10398 = FILL_AREA_STYLE_COLOUR('',#10271);
#10399 = STYLED_ITEM('color',(#10400),#858);
#10400 = PRESENTATION_STYLE_ASSIGNMENT((#10401));
#10401 = SURFACE_STYLE_USAGE(.BOTH.,#10402);
#10402 = SURFACE_SIDE_STYLE('',(#10403));
#10403 = SURFACE_STYLE_FILL_AREA(#10404);
#10404 = FILL_AREA_STYLE('',(#10405));
#10405 = FILL_AREA_STYLE_COLOUR('',#10321);
#10406 = STYLED_ITEM('color',(#10407),#889);
#10407 = PRESENTATION_STYLE_ASSIGNMENT((#10408));
#10408 = SURFACE_STYLE_USAGE(.BOTH.,#10409);
#10409 = SURFACE_SIDE_STYLE('',(#10410));
#10410 = SURFACE_STYLE_FILL_AREA(#10411);
#10411 = FILL_AREA_STYLE('',(#10412));
#10412 = FILL_AREA_STYLE_COLOUR('',#10271);
#10413 = STYLED_ITEM('color',(#10414),#912);
#10414 = PRESENTATION_STYLE_ASSIGNMENT((#10415));
#10415 = SURFACE_STYLE_USAGE(.BOTH.,#10416);
#10416 = SURFACE_SIDE_STYLE('',(#10417));
#10417 = SURFACE_STYLE_FILL_AREA(#10418);
#10418 = FILL_AREA_STYLE('',(#10419));
#10419 = FILL_AREA_STYLE_COLOUR('',#10271);
#10420 = STYLED_ITEM('color',(#10421),#936);
#10421 = PRESENTATION_STYLE_ASSIGNMENT((#10422));
#10422 = SURFACE_STYLE_USAGE(.BOTH.,#10423);
#10423 = SURFACE_SIDE_STYLE('',(#10424));
#10424 = SURFACE_STYLE_FILL_AREA(#10425);
#10425 = FILL_AREA_STYLE('',(#10426));
#10426 = FILL_AREA_STYLE_COLOUR('',#10271);
#10427 = STYLED_ITEM('color',(#10428),#966);
#10428 = PRESENTATION_STYLE_ASSIGNMENT((#10429));
#10429 = SURFACE_STYLE_USAGE(.BOTH.,#10430);
#10430 = SURFACE_SIDE_STYLE('',(#10431));
#10431 = SURFACE_STYLE_FILL_AREA(#10432);
#10432 = FILL_AREA_STYLE('',(#10433));
#10433 = FILL_AREA_STYLE_COLOUR('',#10321);
#10434 = STYLED_ITEM('color',(#10435),#997);
#10435 = PRESENTATION_STYLE_ASSIGNMENT((#10436));
#10436 = SURFACE_STYLE_USAGE(.BOTH.,#10437);
#10437 = SURFACE_SIDE_STYLE('',(#10438));
#10438 = SURFACE_STYLE_FILL_AREA(#10439);
#10439 = FILL_AREA_STYLE('',(#10440));
#10440 = FILL_AREA_STYLE_COLOUR('',#10321);
#10441 = STYLED_ITEM('color',(#10442),#1028);
#10442 = PRESENTATION_STYLE_ASSIGNMENT((#10443));
#10443 = SURFACE_STYLE_USAGE(.BOTH.,#10444);
#10444 = SURFACE_SIDE_STYLE('',(#10445));
#10445 = SURFACE_STYLE_FILL_AREA(#10446);
#10446 = FILL_AREA_STYLE('',(#10447));
#10447 = FILL_AREA_STYLE_COLOUR('',#10271);
#10448 = STYLED_ITEM('color',(#10449),#1059);
#10449 = PRESENTATION_STYLE_ASSIGNMENT((#10450));
#10450 = SURFACE_STYLE_USAGE(.BOTH.,#10451);
#10451 = SURFACE_SIDE_STYLE('',(#10452));
#10452 = SURFACE_STYLE_FILL_AREA(#10453);
#10453 = FILL_AREA_STYLE('',(#10454));
#10454 = FILL_AREA_STYLE_COLOUR('',#10271);
#10455 = STYLED_ITEM('color',(#10456),#1090);
#10456 = PRESENTATION_STYLE_ASSIGNMENT((#10457));
#10457 = SURFACE_STYLE_USAGE(.BOTH.,#10458);
#10458 = SURFACE_SIDE_STYLE('',(#10459));
#10459 = SURFACE_STYLE_FILL_AREA(#10460);
#10460 = FILL_AREA_STYLE('',(#10461));
#10461 = FILL_AREA_STYLE_COLOUR('',#10321);
#10462 = STYLED_ITEM('color',(#10463),#1121);
#10463 = PRESENTATION_STYLE_ASSIGNMENT((#10464));
#10464 = SURFACE_STYLE_USAGE(.BOTH.,#10465);
#10465 = SURFACE_SIDE_STYLE('',(#10466));
#10466 = SURFACE_STYLE_FILL_AREA(#10467);
#10467 = FILL_AREA_STYLE('',(#10468));
#10468 = FILL_AREA_STYLE_COLOUR('',#10321);
#10469 = STYLED_ITEM('color',(#10470),#1152);
#10470 = PRESENTATION_STYLE_ASSIGNMENT((#10471));
#10471 = SURFACE_STYLE_USAGE(.BOTH.,#10472);
#10472 = SURFACE_SIDE_STYLE('',(#10473));
#10473 = SURFACE_STYLE_FILL_AREA(#10474);
#10474 = FILL_AREA_STYLE('',(#10475));
#10475 = FILL_AREA_STYLE_COLOUR('',#10271);
#10476 = STYLED_ITEM('color',(#10477),#1183);
#10477 = PRESENTATION_STYLE_ASSIGNMENT((#10478));
#10478 = SURFACE_STYLE_USAGE(.BOTH.,#10479);
#10479 = SURFACE_SIDE_STYLE('',(#10480));
#10480 = SURFACE_STYLE_FILL_AREA(#10481);
#10481 = FILL_AREA_STYLE('',(#10482));
#10482 = FILL_AREA_STYLE_COLOUR('',#10271);
#10483 = STYLED_ITEM('color',(#10484),#1214);
#10484 = PRESENTATION_STYLE_ASSIGNMENT((#10485));
#10485 = SURFACE_STYLE_USAGE(.BOTH.,#10486);
#10486 = SURFACE_SIDE_STYLE('',(#10487));
#10487 = SURFACE_STYLE_FILL_AREA(#10488);
#10488 = FILL_AREA_STYLE('',(#10489));
#10489 = FILL_AREA_STYLE_COLOUR('',#10321);
#10490 = STYLED_ITEM('color',(#10491),#1245);
#10491 = PRESENTATION_STYLE_ASSIGNMENT((#10492));
#10492 = SURFACE_STYLE_USAGE(.BOTH.,#10493);
#10493 = SURFACE_SIDE_STYLE('',(#10494));
#10494 = SURFACE_STYLE_FILL_AREA(#10495);
#10495 = FILL_AREA_STYLE('',(#10496));
#10496 = FILL_AREA_STYLE_COLOUR('',#10321);
#10497 = STYLED_ITEM('color',(#10498),#1276);
#10498 = PRESENTATION_STYLE_ASSIGNMENT((#10499));
#10499 = SURFACE_STYLE_USAGE(.BOTH.,#10500);
#10500 = SURFACE_SIDE_STYLE('',(#10501));
#10501 = SURFACE_STYLE_FILL_AREA(#10502);
#10502 = FILL_AREA_STYLE('',(#10503));
#10503 = FILL_AREA_STYLE_COLOUR('',#10271);
#10504 = STYLED_ITEM('color',(#10505),#1307);
#10505 = PRESENTATION_STYLE_ASSIGNMENT((#10506));
#10506 = SURFACE_STYLE_USAGE(.BOTH.,#10507);
#10507 = SURFACE_SIDE_STYLE('',(#10508));
#10508 = SURFACE_STYLE_FILL_AREA(#10509);
#10509 = FILL_AREA_STYLE('',(#10510));
#10510 = FILL_AREA_STYLE_COLOUR('',#10271);
#10511 = STYLED_ITEM('color',(#10512),#1338);
#10512 = PRESENTATION_STYLE_ASSIGNMENT((#10513));
#10513 = SURFACE_STYLE_USAGE(.BOTH.,#10514);
#10514 = SURFACE_SIDE_STYLE('',(#10515));
#10515 = SURFACE_STYLE_FILL_AREA(#10516);
#10516 = FILL_AREA_STYLE('',(#10517));
#10517 = FILL_AREA_STYLE_COLOUR('',#10321);
#10518 = STYLED_ITEM('color',(#10519),#1369);
#10519 = PRESENTATION_STYLE_ASSIGNMENT((#10520));
#10520 = SURFACE_STYLE_USAGE(.BOTH.,#10521);
#10521 = SURFACE_SIDE_STYLE('',(#10522));
#10522 = SURFACE_STYLE_FILL_AREA(#10523);
#10523 = FILL_AREA_STYLE('',(#10524));
#10524 = FILL_AREA_STYLE_COLOUR('',#10271);
#10525 = STYLED_ITEM('color',(#10526),#1386);
#10526 = PRESENTATION_STYLE_ASSIGNMENT((#10527));
#10527 = SURFACE_STYLE_USAGE(.BOTH.,#10528);
#10528 = SURFACE_SIDE_STYLE('',(#10529));
#10529 = SURFACE_STYLE_FILL_AREA(#10530);
#10530 = FILL_AREA_STYLE('',(#10531));
#10531 = FILL_AREA_STYLE_COLOUR('',#10271);
#10532 = STYLED_ITEM('color',(#10533),#1416);
#10533 = PRESENTATION_STYLE_ASSIGNMENT((#10534));
#10534 = SURFACE_STYLE_USAGE(.BOTH.,#10535);
#10535 = SURFACE_SIDE_STYLE('',(#10536));
#10536 = SURFACE_STYLE_FILL_AREA(#10537);
#10537 = FILL_AREA_STYLE('',(#10538));
#10538 = FILL_AREA_STYLE_COLOUR('',#10321);
#10539 = STYLED_ITEM('color',(#10540),#1474);
#10540 = PRESENTATION_STYLE_ASSIGNMENT((#10541));
#10541 = SURFACE_STYLE_USAGE(.BOTH.,#10542);
#10542 = SURFACE_SIDE_STYLE('',(#10543));
#10543 = SURFACE_STYLE_FILL_AREA(#10544);
#10544 = FILL_AREA_STYLE('',(#10545));
#10545 = FILL_AREA_STYLE_COLOUR('',#10321);
#10546 = STYLED_ITEM('color',(#10547),#1532);
#10547 = PRESENTATION_STYLE_ASSIGNMENT((#10548));
#10548 = SURFACE_STYLE_USAGE(.BOTH.,#10549);
#10549 = SURFACE_SIDE_STYLE('',(#10550));
#10550 = SURFACE_STYLE_FILL_AREA(#10551);
#10551 = FILL_AREA_STYLE('',(#10552));
#10552 = FILL_AREA_STYLE_COLOUR('',#10271);
#10553 = STYLED_ITEM('color',(#10554),#1562);
#10554 = PRESENTATION_STYLE_ASSIGNMENT((#10555));
#10555 = SURFACE_STYLE_USAGE(.BOTH.,#10556);
#10556 = SURFACE_SIDE_STYLE('',(#10557));
#10557 = SURFACE_STYLE_FILL_AREA(#10558);
#10558 = FILL_AREA_STYLE('',(#10559));
#10559 = FILL_AREA_STYLE_COLOUR('',#10321);
#10560 = STYLED_ITEM('color',(#10561),#1620);
#10561 = PRESENTATION_STYLE_ASSIGNMENT((#10562));
#10562 = SURFACE_STYLE_USAGE(.BOTH.,#10563);
#10563 = SURFACE_SIDE_STYLE('',(#10564));
#10564 = SURFACE_STYLE_FILL_AREA(#10565);
#10565 = FILL_AREA_STYLE('',(#10566));
#10566 = FILL_AREA_STYLE_COLOUR('',#10321);
#10567 = STYLED_ITEM('color',(#10568),#1637);
#10568 = PRESENTATION_STYLE_ASSIGNMENT((#10569));
#10569 = SURFACE_STYLE_USAGE(.BOTH.,#10570);
#10570 = SURFACE_SIDE_STYLE('',(#10571));
#10571 = SURFACE_STYLE_FILL_AREA(#10572);
#10572 = FILL_AREA_STYLE('',(#10573));
#10573 = FILL_AREA_STYLE_COLOUR('',#10321);
#10574 = STYLED_ITEM('color',(#10575),#1662);
#10575 = PRESENTATION_STYLE_ASSIGNMENT((#10576));
#10576 = SURFACE_STYLE_USAGE(.BOTH.,#10577);
#10577 = SURFACE_SIDE_STYLE('',(#10578));
#10578 = SURFACE_STYLE_FILL_AREA(#10579);
#10579 = FILL_AREA_STYLE('',(#10580));
#10580 = FILL_AREA_STYLE_COLOUR('',#10321);
#10581 = STYLED_ITEM('color',(#10582),#1712);
#10582 = PRESENTATION_STYLE_ASSIGNMENT((#10583));
#10583 = SURFACE_STYLE_USAGE(.BOTH.,#10584);
#10584 = SURFACE_SIDE_STYLE('',(#10585));
#10585 = SURFACE_STYLE_FILL_AREA(#10586);
#10586 = FILL_AREA_STYLE('',(#10587));
#10587 = FILL_AREA_STYLE_COLOUR('',#10271);
#10588 = STYLED_ITEM('color',(#10589),#1743);
#10589 = PRESENTATION_STYLE_ASSIGNMENT((#10590));
#10590 = SURFACE_STYLE_USAGE(.BOTH.,#10591);
#10591 = SURFACE_SIDE_STYLE('',(#10592));
#10592 = SURFACE_STYLE_FILL_AREA(#10593);
#10593 = FILL_AREA_STYLE('',(#10594));
#10594 = FILL_AREA_STYLE_COLOUR('',#10321);
#10595 = STYLED_ITEM('color',(#10596),#1801);
#10596 = PRESENTATION_STYLE_ASSIGNMENT((#10597));
#10597 = SURFACE_STYLE_USAGE(.BOTH.,#10598);
#10598 = SURFACE_SIDE_STYLE('',(#10599));
#10599 = SURFACE_STYLE_FILL_AREA(#10600);
#10600 = FILL_AREA_STYLE('',(#10601));
#10601 = FILL_AREA_STYLE_COLOUR('',#10321);
#10602 = STYLED_ITEM('color',(#10603),#1859);
#10603 = PRESENTATION_STYLE_ASSIGNMENT((#10604));
#10604 = SURFACE_STYLE_USAGE(.BOTH.,#10605);
#10605 = SURFACE_SIDE_STYLE('',(#10606));
#10606 = SURFACE_STYLE_FILL_AREA(#10607);
#10607 = FILL_AREA_STYLE('',(#10608));
#10608 = FILL_AREA_STYLE_COLOUR('',#10271);
#10609 = STYLED_ITEM('color',(#10610),#1890);
#10610 = PRESENTATION_STYLE_ASSIGNMENT((#10611));
#10611 = SURFACE_STYLE_USAGE(.BOTH.,#10612);
#10612 = SURFACE_SIDE_STYLE('',(#10613));
#10613 = SURFACE_STYLE_FILL_AREA(#10614);
#10614 = FILL_AREA_STYLE('',(#10615));
#10615 = FILL_AREA_STYLE_COLOUR('',#10321);
#10616 = STYLED_ITEM('color',(#10617),#1948);
#10617 = PRESENTATION_STYLE_ASSIGNMENT((#10618));
#10618 = SURFACE_STYLE_USAGE(.BOTH.,#10619);
#10619 = SURFACE_SIDE_STYLE('',(#10620));
#10620 = SURFACE_STYLE_FILL_AREA(#10621);
#10621 = FILL_AREA_STYLE('',(#10622));
#10622 = FILL_AREA_STYLE_COLOUR('',#10321);
#10623 = STYLED_ITEM('color',(#10624),#1965);
#10624 = PRESENTATION_STYLE_ASSIGNMENT((#10625));
#10625 = SURFACE_STYLE_USAGE(.BOTH.,#10626);
#10626 = SURFACE_SIDE_STYLE('',(#10627));
#10627 = SURFACE_STYLE_FILL_AREA(#10628);
#10628 = FILL_AREA_STYLE('',(#10629));
#10629 = FILL_AREA_STYLE_COLOUR('',#10321);
#10630 = STYLED_ITEM('color',(#10631),#1990);
#10631 = PRESENTATION_STYLE_ASSIGNMENT((#10632));
#10632 = SURFACE_STYLE_USAGE(.BOTH.,#10633);
#10633 = SURFACE_SIDE_STYLE('',(#10634));
#10634 = SURFACE_STYLE_FILL_AREA(#10635);
#10635 = FILL_AREA_STYLE('',(#10636));
#10636 = FILL_AREA_STYLE_COLOUR('',#10321);
#10637 = STYLED_ITEM('color',(#10638),#2040);
#10638 = PRESENTATION_STYLE_ASSIGNMENT((#10639));
#10639 = SURFACE_STYLE_USAGE(.BOTH.,#10640);
#10640 = SURFACE_SIDE_STYLE('',(#10641));
#10641 = SURFACE_STYLE_FILL_AREA(#10642);
#10642 = FILL_AREA_STYLE('',(#10643));
#10643 = FILL_AREA_STYLE_COLOUR('',#10271);
#10644 = STYLED_ITEM('color',(#10645),#2071);
#10645 = PRESENTATION_STYLE_ASSIGNMENT((#10646));
#10646 = SURFACE_STYLE_USAGE(.BOTH.,#10647);
#10647 = SURFACE_SIDE_STYLE('',(#10648));
#10648 = SURFACE_STYLE_FILL_AREA(#10649);
#10649 = FILL_AREA_STYLE('',(#10650));
#10650 = FILL_AREA_STYLE_COLOUR('',#10321);
#10651 = STYLED_ITEM('color',(#10652),#2129);
#10652 = PRESENTATION_STYLE_ASSIGNMENT((#10653));
#10653 = SURFACE_STYLE_USAGE(.BOTH.,#10654);
#10654 = SURFACE_SIDE_STYLE('',(#10655));
#10655 = SURFACE_STYLE_FILL_AREA(#10656);
#10656 = FILL_AREA_STYLE('',(#10657));
#10657 = FILL_AREA_STYLE_COLOUR('',#10321);
#10658 = STYLED_ITEM('color',(#10659),#2187);
#10659 = PRESENTATION_STYLE_ASSIGNMENT((#10660));
#10660 = SURFACE_STYLE_USAGE(.BOTH.,#10661);
#10661 = SURFACE_SIDE_STYLE('',(#10662));
#10662 = SURFACE_STYLE_FILL_AREA(#10663);
#10663 = FILL_AREA_STYLE('',(#10664));
#10664 = FILL_AREA_STYLE_COLOUR('',#10271);
#10665 = STYLED_ITEM('color',(#10666),#2218);
#10666 = PRESENTATION_STYLE_ASSIGNMENT((#10667));
#10667 = SURFACE_STYLE_USAGE(.BOTH.,#10668);
#10668 = SURFACE_SIDE_STYLE('',(#10669));
#10669 = SURFACE_STYLE_FILL_AREA(#10670);
#10670 = FILL_AREA_STYLE('',(#10671));
#10671 = FILL_AREA_STYLE_COLOUR('',#10321);
#10672 = STYLED_ITEM('color',(#10673),#2276);
#10673 = PRESENTATION_STYLE_ASSIGNMENT((#10674));
#10674 = SURFACE_STYLE_USAGE(.BOTH.,#10675);
#10675 = SURFACE_SIDE_STYLE('',(#10676));
#10676 = SURFACE_STYLE_FILL_AREA(#10677);
#10677 = FILL_AREA_STYLE('',(#10678));
#10678 = FILL_AREA_STYLE_COLOUR('',#10321);
#10679 = STYLED_ITEM('color',(#10680),#2293);
#10680 = PRESENTATION_STYLE_ASSIGNMENT((#10681));
#10681 = SURFACE_STYLE_USAGE(.BOTH.,#10682);
#10682 = SURFACE_SIDE_STYLE('',(#10683));
#10683 = SURFACE_STYLE_FILL_AREA(#10684);
#10684 = FILL_AREA_STYLE('',(#10685));
#10685 = FILL_AREA_STYLE_COLOUR('',#10321);
#10686 = STYLED_ITEM('color',(#10687),#2318);
#10687 = PRESENTATION_STYLE_ASSIGNMENT((#10688));
#10688 = SURFACE_STYLE_USAGE(.BOTH.,#10689);
#10689 = SURFACE_SIDE_STYLE('',(#10690));
#10690 = SURFACE_STYLE_FILL_AREA(#10691);
#10691 = FILL_AREA_STYLE('',(#10692));
#10692 = FILL_AREA_STYLE_COLOUR('',#10321);
#10693 = STYLED_ITEM('color',(#10694),#2368);
#10694 = PRESENTATION_STYLE_ASSIGNMENT((#10695));
#10695 = SURFACE_STYLE_USAGE(.BOTH.,#10696);
#10696 = SURFACE_SIDE_STYLE('',(#10697));
#10697 = SURFACE_STYLE_FILL_AREA(#10698);
#10698 = FILL_AREA_STYLE('',(#10699));
#10699 = FILL_AREA_STYLE_COLOUR('',#10271);
#10700 = STYLED_ITEM('color',(#10701),#2399);
#10701 = PRESENTATION_STYLE_ASSIGNMENT((#10702));
#10702 = SURFACE_STYLE_USAGE(.BOTH.,#10703);
#10703 = SURFACE_SIDE_STYLE('',(#10704));
#10704 = SURFACE_STYLE_FILL_AREA(#10705);
#10705 = FILL_AREA_STYLE('',(#10706));
#10706 = FILL_AREA_STYLE_COLOUR('',#10321);
#10707 = STYLED_ITEM('color',(#10708),#2457);
#10708 = PRESENTATION_STYLE_ASSIGNMENT((#10709));
#10709 = SURFACE_STYLE_USAGE(.BOTH.,#10710);
#10710 = SURFACE_SIDE_STYLE('',(#10711));
#10711 = SURFACE_STYLE_FILL_AREA(#10712);
#10712 = FILL_AREA_STYLE('',(#10713));
#10713 = FILL_AREA_STYLE_COLOUR('',#10321);
#10714 = STYLED_ITEM('color',(#10715),#2515);
#10715 = PRESENTATION_STYLE_ASSIGNMENT((#10716));
#10716 = SURFACE_STYLE_USAGE(.BOTH.,#10717);
#10717 = SURFACE_SIDE_STYLE('',(#10718));
#10718 = SURFACE_STYLE_FILL_AREA(#10719);
#10719 = FILL_AREA_STYLE('',(#10720));
#10720 = FILL_AREA_STYLE_COLOUR('',#10271);
#10721 = STYLED_ITEM('color',(#10722),#2546);
#10722 = PRESENTATION_STYLE_ASSIGNMENT((#10723));
#10723 = SURFACE_STYLE_USAGE(.BOTH.,#10724);
#10724 = SURFACE_SIDE_STYLE('',(#10725));
#10725 = SURFACE_STYLE_FILL_AREA(#10726);
#10726 = FILL_AREA_STYLE('',(#10727));
#10727 = FILL_AREA_STYLE_COLOUR('',#10321);
#10728 = STYLED_ITEM('color',(#10729),#2563);
#10729 = PRESENTATION_STYLE_ASSIGNMENT((#10730));
#10730 = SURFACE_STYLE_USAGE(.BOTH.,#10731);
#10731 = SURFACE_SIDE_STYLE('',(#10732));
#10732 = SURFACE_STYLE_FILL_AREA(#10733);
#10733 = FILL_AREA_STYLE('',(#10734));
#10734 = FILL_AREA_STYLE_COLOUR('',#10271);
#10735 = STYLED_ITEM('color',(#10736),#2586);
#10736 = PRESENTATION_STYLE_ASSIGNMENT((#10737));
#10737 = SURFACE_STYLE_USAGE(.BOTH.,#10738);
#10738 = SURFACE_SIDE_STYLE('',(#10739));
#10739 = SURFACE_STYLE_FILL_AREA(#10740);
#10740 = FILL_AREA_STYLE('',(#10741));
#10741 = FILL_AREA_STYLE_COLOUR('',#10271);
#10742 = STYLED_ITEM('color',(#10743),#2610);
#10743 = PRESENTATION_STYLE_ASSIGNMENT((#10744));
#10744 = SURFACE_STYLE_USAGE(.BOTH.,#10745);
#10745 = SURFACE_SIDE_STYLE('',(#10746));
#10746 = SURFACE_STYLE_FILL_AREA(#10747);
#10747 = FILL_AREA_STYLE('',(#10748));
#10748 = FILL_AREA_STYLE_COLOUR('',#10321);
#10749 = STYLED_ITEM('color',(#10750),#2668);
#10750 = PRESENTATION_STYLE_ASSIGNMENT((#10751));
#10751 = SURFACE_STYLE_USAGE(.BOTH.,#10752);
#10752 = SURFACE_SIDE_STYLE('',(#10753));
#10753 = SURFACE_STYLE_FILL_AREA(#10754);
#10754 = FILL_AREA_STYLE('',(#10755));
#10755 = FILL_AREA_STYLE_COLOUR('',#10321);
#10756 = STYLED_ITEM('color',(#10757),#2726);
#10757 = PRESENTATION_STYLE_ASSIGNMENT((#10758));
#10758 = SURFACE_STYLE_USAGE(.BOTH.,#10759);
#10759 = SURFACE_SIDE_STYLE('',(#10760));
#10760 = SURFACE_STYLE_FILL_AREA(#10761);
#10761 = FILL_AREA_STYLE('',(#10762));
#10762 = FILL_AREA_STYLE_COLOUR('',#10271);
#10763 = STYLED_ITEM('color',(#10764),#2756);
#10764 = PRESENTATION_STYLE_ASSIGNMENT((#10765));
#10765 = SURFACE_STYLE_USAGE(.BOTH.,#10766);
#10766 = SURFACE_SIDE_STYLE('',(#10767));
#10767 = SURFACE_STYLE_FILL_AREA(#10768);
#10768 = FILL_AREA_STYLE('',(#10769));
#10769 = FILL_AREA_STYLE_COLOUR('',#10321);
#10770 = STYLED_ITEM('color',(#10771),#2814);
#10771 = PRESENTATION_STYLE_ASSIGNMENT((#10772));
#10772 = SURFACE_STYLE_USAGE(.BOTH.,#10773);
#10773 = SURFACE_SIDE_STYLE('',(#10774));
#10774 = SURFACE_STYLE_FILL_AREA(#10775);
#10775 = FILL_AREA_STYLE('',(#10776));
#10776 = FILL_AREA_STYLE_COLOUR('',#10321);
#10777 = STYLED_ITEM('color',(#10778),#2831);
#10778 = PRESENTATION_STYLE_ASSIGNMENT((#10779));
#10779 = SURFACE_STYLE_USAGE(.BOTH.,#10780);
#10780 = SURFACE_SIDE_STYLE('',(#10781));
#10781 = SURFACE_STYLE_FILL_AREA(#10782);
#10782 = FILL_AREA_STYLE('',(#10783));
#10783 = FILL_AREA_STYLE_COLOUR('',#10321);
#10784 = STYLED_ITEM('color',(#10785),#2889);
#10785 = PRESENTATION_STYLE_ASSIGNMENT((#10786));
#10786 = SURFACE_STYLE_USAGE(.BOTH.,#10787);
#10787 = SURFACE_SIDE_STYLE('',(#10788));
#10788 = SURFACE_STYLE_FILL_AREA(#10789);
#10789 = FILL_AREA_STYLE('',(#10790));
#10790 = FILL_AREA_STYLE_COLOUR('',#10321);
#10791 = STYLED_ITEM('color',(#10792),#2906);
#10792 = PRESENTATION_STYLE_ASSIGNMENT((#10793));
#10793 = SURFACE_STYLE_USAGE(.BOTH.,#10794);
#10794 = SURFACE_SIDE_STYLE('',(#10795));
#10795 = SURFACE_STYLE_FILL_AREA(#10796);
#10796 = FILL_AREA_STYLE('',(#10797));
#10797 = FILL_AREA_STYLE_COLOUR('',#10271);
#10798 = STYLED_ITEM('color',(#10799),#2937);
#10799 = PRESENTATION_STYLE_ASSIGNMENT((#10800));
#10800 = SURFACE_STYLE_USAGE(.BOTH.,#10801);
#10801 = SURFACE_SIDE_STYLE('',(#10802));
#10802 = SURFACE_STYLE_FILL_AREA(#10803);
#10803 = FILL_AREA_STYLE('',(#10804));
#10804 = FILL_AREA_STYLE_COLOUR('',#10321);
#10805 = STYLED_ITEM('color',(#10806),#2995);
#10806 = PRESENTATION_STYLE_ASSIGNMENT((#10807));
#10807 = SURFACE_STYLE_USAGE(.BOTH.,#10808);
#10808 = SURFACE_SIDE_STYLE('',(#10809));
#10809 = SURFACE_STYLE_FILL_AREA(#10810);
#10810 = FILL_AREA_STYLE('',(#10811));
#10811 = FILL_AREA_STYLE_COLOUR('',#10321);
#10812 = STYLED_ITEM('color',(#10813),#3053);
#10813 = PRESENTATION_STYLE_ASSIGNMENT((#10814));
#10814 = SURFACE_STYLE_USAGE(.BOTH.,#10815);
#10815 = SURFACE_SIDE_STYLE('',(#10816));
#10816 = SURFACE_STYLE_FILL_AREA(#10817);
#10817 = FILL_AREA_STYLE('',(#10818));
#10818 = FILL_AREA_STYLE_COLOUR('',#10271);
#10819 = STYLED_ITEM('color',(#10820),#3084);
#10820 = PRESENTATION_STYLE_ASSIGNMENT((#10821));
#10821 = SURFACE_STYLE_USAGE(.BOTH.,#10822);
#10822 = SURFACE_SIDE_STYLE('',(#10823));
#10823 = SURFACE_STYLE_FILL_AREA(#10824);
#10824 = FILL_AREA_STYLE('',(#10825));
#10825 = FILL_AREA_STYLE_COLOUR('',#10321);
#10826 = STYLED_ITEM('color',(#10827),#3142);
#10827 = PRESENTATION_STYLE_ASSIGNMENT((#10828));
#10828 = SURFACE_STYLE_USAGE(.BOTH.,#10829);
#10829 = SURFACE_SIDE_STYLE('',(#10830));
#10830 = SURFACE_STYLE_FILL_AREA(#10831);
#10831 = FILL_AREA_STYLE('',(#10832));
#10832 = FILL_AREA_STYLE_COLOUR('',#10321);
#10833 = STYLED_ITEM('color',(#10834),#3159);
#10834 = PRESENTATION_STYLE_ASSIGNMENT((#10835));
#10835 = SURFACE_STYLE_USAGE(.BOTH.,#10836);
#10836 = SURFACE_SIDE_STYLE('',(#10837));
#10837 = SURFACE_STYLE_FILL_AREA(#10838);
#10838 = FILL_AREA_STYLE('',(#10839));
#10839 = FILL_AREA_STYLE_COLOUR('',#10321);
#10840 = STYLED_ITEM('color',(#10841),#3217);
#10841 = PRESENTATION_STYLE_ASSIGNMENT((#10842));
#10842 = SURFACE_STYLE_USAGE(.BOTH.,#10843);
#10843 = SURFACE_SIDE_STYLE('',(#10844));
#10844 = SURFACE_STYLE_FILL_AREA(#10845);
#10845 = FILL_AREA_STYLE('',(#10846));
#10846 = FILL_AREA_STYLE_COLOUR('',#10321);
#10847 = STYLED_ITEM('color',(#10848),#3234);
#10848 = PRESENTATION_STYLE_ASSIGNMENT((#10849));
#10849 = SURFACE_STYLE_USAGE(.BOTH.,#10850);
#10850 = SURFACE_SIDE_STYLE('',(#10851));
#10851 = SURFACE_STYLE_FILL_AREA(#10852);
#10852 = FILL_AREA_STYLE('',(#10853));
#10853 = FILL_AREA_STYLE_COLOUR('',#10271);
#10854 = STYLED_ITEM('color',(#10855),#3265);
#10855 = PRESENTATION_STYLE_ASSIGNMENT((#10856));
#10856 = SURFACE_STYLE_USAGE(.BOTH.,#10857);
#10857 = SURFACE_SIDE_STYLE('',(#10858));
#10858 = SURFACE_STYLE_FILL_AREA(#10859);
#10859 = FILL_AREA_STYLE('',(#10860));
#10860 = FILL_AREA_STYLE_COLOUR('',#10321);
#10861 = STYLED_ITEM('color',(#10862),#3323);
#10862 = PRESENTATION_STYLE_ASSIGNMENT((#10863));
#10863 = SURFACE_STYLE_USAGE(.BOTH.,#10864);
#10864 = SURFACE_SIDE_STYLE('',(#10865));
#10865 = SURFACE_STYLE_FILL_AREA(#10866);
#10866 = FILL_AREA_STYLE('',(#10867));
#10867 = FILL_AREA_STYLE_COLOUR('',#10321);
#10868 = STYLED_ITEM('color',(#10869),#3381);
#10869 = PRESENTATION_STYLE_ASSIGNMENT((#10870));
#10870 = SURFACE_STYLE_USAGE(.BOTH.,#10871);
#10871 = SURFACE_SIDE_STYLE('',(#10872));
#10872 = SURFACE_STYLE_FILL_AREA(#10873);
#10873 = FILL_AREA_STYLE('',(#10874));
#10874 = FILL_AREA_STYLE_COLOUR('',#10271);
#10875 = STYLED_ITEM('color',(#10876),#3412);
#10876 = PRESENTATION_STYLE_ASSIGNMENT((#10877));
#10877 = SURFACE_STYLE_USAGE(.BOTH.,#10878);
#10878 = SURFACE_SIDE_STYLE('',(#10879));
#10879 = SURFACE_STYLE_FILL_AREA(#10880);
#10880 = FILL_AREA_STYLE('',(#10881));
#10881 = FILL_AREA_STYLE_COLOUR('',#10321);
#10882 = STYLED_ITEM('color',(#10883),#3470);
#10883 = PRESENTATION_STYLE_ASSIGNMENT((#10884));
#10884 = SURFACE_STYLE_USAGE(.BOTH.,#10885);
#10885 = SURFACE_SIDE_STYLE('',(#10886));
#10886 = SURFACE_STYLE_FILL_AREA(#10887);
#10887 = FILL_AREA_STYLE('',(#10888));
#10888 = FILL_AREA_STYLE_COLOUR('',#10321);
#10889 = STYLED_ITEM('color',(#10890),#3487);
#10890 = PRESENTATION_STYLE_ASSIGNMENT((#10891));
#10891 = SURFACE_STYLE_USAGE(.BOTH.,#10892);
#10892 = SURFACE_SIDE_STYLE('',(#10893));
#10893 = SURFACE_STYLE_FILL_AREA(#10894);
#10894 = FILL_AREA_STYLE('',(#10895));
#10895 = FILL_AREA_STYLE_COLOUR('',#10321);
#10896 = STYLED_ITEM('color',(#10897),#3545);
#10897 = PRESENTATION_STYLE_ASSIGNMENT((#10898));
#10898 = SURFACE_STYLE_USAGE(.BOTH.,#10899);
#10899 = SURFACE_SIDE_STYLE('',(#10900));
#10900 = SURFACE_STYLE_FILL_AREA(#10901);
#10901 = FILL_AREA_STYLE('',(#10902));
#10902 = FILL_AREA_STYLE_COLOUR('',#10321);
#10903 = STYLED_ITEM('color',(#10904),#3562);
#10904 = PRESENTATION_STYLE_ASSIGNMENT((#10905));
#10905 = SURFACE_STYLE_USAGE(.BOTH.,#10906);
#10906 = SURFACE_SIDE_STYLE('',(#10907));
#10907 = SURFACE_STYLE_FILL_AREA(#10908);
#10908 = FILL_AREA_STYLE('',(#10909));
#10909 = FILL_AREA_STYLE_COLOUR('',#10271);
#10910 = STYLED_ITEM('color',(#10911),#3593);
#10911 = PRESENTATION_STYLE_ASSIGNMENT((#10912));
#10912 = SURFACE_STYLE_USAGE(.BOTH.,#10913);
#10913 = SURFACE_SIDE_STYLE('',(#10914));
#10914 = SURFACE_STYLE_FILL_AREA(#10915);
#10915 = FILL_AREA_STYLE('',(#10916));
#10916 = FILL_AREA_STYLE_COLOUR('',#10321);
#10917 = STYLED_ITEM('color',(#10918),#3651);
#10918 = PRESENTATION_STYLE_ASSIGNMENT((#10919));
#10919 = SURFACE_STYLE_USAGE(.BOTH.,#10920);
#10920 = SURFACE_SIDE_STYLE('',(#10921));
#10921 = SURFACE_STYLE_FILL_AREA(#10922);
#10922 = FILL_AREA_STYLE('',(#10923));
#10923 = FILL_AREA_STYLE_COLOUR('',#10321);
#10924 = STYLED_ITEM('color',(#10925),#3709);
#10925 = PRESENTATION_STYLE_ASSIGNMENT((#10926));
#10926 = SURFACE_STYLE_USAGE(.BOTH.,#10927);
#10927 = SURFACE_SIDE_STYLE('',(#10928));
#10928 = SURFACE_STYLE_FILL_AREA(#10929);
#10929 = FILL_AREA_STYLE('',(#10930));
#10930 = FILL_AREA_STYLE_COLOUR('',#10271);
#10931 = STYLED_ITEM('color',(#10932),#3740);
#10932 = PRESENTATION_STYLE_ASSIGNMENT((#10933));
#10933 = SURFACE_STYLE_USAGE(.BOTH.,#10934);
#10934 = SURFACE_SIDE_STYLE('',(#10935));
#10935 = SURFACE_STYLE_FILL_AREA(#10936);
#10936 = FILL_AREA_STYLE('',(#10937));
#10937 = FILL_AREA_STYLE_COLOUR('',#10321);
#10938 = STYLED_ITEM('color',(#10939),#3757);
#10939 = PRESENTATION_STYLE_ASSIGNMENT((#10940));
#10940 = SURFACE_STYLE_USAGE(.BOTH.,#10941);
#10941 = SURFACE_SIDE_STYLE('',(#10942));
#10942 = SURFACE_STYLE_FILL_AREA(#10943);
#10943 = FILL_AREA_STYLE('',(#10944));
#10944 = FILL_AREA_STYLE_COLOUR('',#10271);
#10945 = STYLED_ITEM('color',(#10946),#3774);
#10946 = PRESENTATION_STYLE_ASSIGNMENT((#10947));
#10947 = SURFACE_STYLE_USAGE(.BOTH.,#10948);
#10948 = SURFACE_SIDE_STYLE('',(#10949));
#10949 = SURFACE_STYLE_FILL_AREA(#10950);
#10950 = FILL_AREA_STYLE('',(#10951));
#10951 = FILL_AREA_STYLE_COLOUR('',#10271);
#10952 = STYLED_ITEM('color',(#10953),#3852);
#10953 = PRESENTATION_STYLE_ASSIGNMENT((#10954));
#10954 = SURFACE_STYLE_USAGE(.BOTH.,#10955);
#10955 = SURFACE_SIDE_STYLE('',(#10956));
#10956 = SURFACE_STYLE_FILL_AREA(#10957);
#10957 = FILL_AREA_STYLE('',(#10958));
#10958 = FILL_AREA_STYLE_COLOUR('',#10321);
#10959 = STYLED_ITEM('color',(#10960),#3871);
#10960 = PRESENTATION_STYLE_ASSIGNMENT((#10961));
#10961 = SURFACE_STYLE_USAGE(.BOTH.,#10962);
#10962 = SURFACE_SIDE_STYLE('',(#10963));
#10963 = SURFACE_STYLE_FILL_AREA(#10964);
#10964 = FILL_AREA_STYLE('',(#10965));
#10965 = FILL_AREA_STYLE_COLOUR('',#10321);
#10966 = STYLED_ITEM('color',(#10967),#3920);
#10967 = PRESENTATION_STYLE_ASSIGNMENT((#10968));
#10968 = SURFACE_STYLE_USAGE(.BOTH.,#10969);
#10969 = SURFACE_SIDE_STYLE('',(#10970));
#10970 = SURFACE_STYLE_FILL_AREA(#10971);
#10971 = FILL_AREA_STYLE('',(#10972));
#10972 = FILL_AREA_STYLE_COLOUR('',#10321);
#10973 = STYLED_ITEM('color',(#10974),#3944);
#10974 = PRESENTATION_STYLE_ASSIGNMENT((#10975));
#10975 = SURFACE_STYLE_USAGE(.BOTH.,#10976);
#10976 = SURFACE_SIDE_STYLE('',(#10977));
#10977 = SURFACE_STYLE_FILL_AREA(#10978);
#10978 = FILL_AREA_STYLE('',(#10979));
#10979 = FILL_AREA_STYLE_COLOUR('',#10321);
#10980 = STYLED_ITEM('color',(#10981),#3991);
#10981 = PRESENTATION_STYLE_ASSIGNMENT((#10982));
#10982 = SURFACE_STYLE_USAGE(.BOTH.,#10983);
#10983 = SURFACE_SIDE_STYLE('',(#10984));
#10984 = SURFACE_STYLE_FILL_AREA(#10985);
#10985 = FILL_AREA_STYLE('',(#10986));
#10986 = FILL_AREA_STYLE_COLOUR('',#10321);
#10987 = STYLED_ITEM('color',(#10988),#4003);
#10988 = PRESENTATION_STYLE_ASSIGNMENT((#10989));
#10989 = SURFACE_STYLE_USAGE(.BOTH.,#10990);
#10990 = SURFACE_SIDE_STYLE('',(#10991));
#10991 = SURFACE_STYLE_FILL_AREA(#10992);
#10992 = FILL_AREA_STYLE('',(#10993));
#10993 = FILL_AREA_STYLE_COLOUR('',#10321);
#10994 = STYLED_ITEM('color',(#10995),#4022);
#10995 = PRESENTATION_STYLE_ASSIGNMENT((#10996));
#10996 = SURFACE_STYLE_USAGE(.BOTH.,#10997);
#10997 = SURFACE_SIDE_STYLE('',(#10998));
#10998 = SURFACE_STYLE_FILL_AREA(#10999);
#10999 = FILL_AREA_STYLE('',(#11000));
#11000 = FILL_AREA_STYLE_COLOUR('',#10321);
#11001 = STYLED_ITEM('color',(#11002),#4039);
#11002 = PRESENTATION_STYLE_ASSIGNMENT((#11003));
#11003 = SURFACE_STYLE_USAGE(.BOTH.,#11004);
#11004 = SURFACE_SIDE_STYLE('',(#11005));
#11005 = SURFACE_STYLE_FILL_AREA(#11006);
#11006 = FILL_AREA_STYLE('',(#11007));
#11007 = FILL_AREA_STYLE_COLOUR('',#10321);
#11008 = STYLED_ITEM('color',(#11009),#4088);
#11009 = PRESENTATION_STYLE_ASSIGNMENT((#11010));
#11010 = SURFACE_STYLE_USAGE(.BOTH.,#11011);
#11011 = SURFACE_SIDE_STYLE('',(#11012));
#11012 = SURFACE_STYLE_FILL_AREA(#11013);
#11013 = FILL_AREA_STYLE('',(#11014));
#11014 = FILL_AREA_STYLE_COLOUR('',#10321);
#11015 = STYLED_ITEM('color',(#11016),#4112);
#11016 = PRESENTATION_STYLE_ASSIGNMENT((#11017));
#11017 = SURFACE_STYLE_USAGE(.BOTH.,#11018);
#11018 = SURFACE_SIDE_STYLE('',(#11019));
#11019 = SURFACE_STYLE_FILL_AREA(#11020);
#11020 = FILL_AREA_STYLE('',(#11021));
#11021 = FILL_AREA_STYLE_COLOUR('',#10321);
#11022 = STYLED_ITEM('color',(#11023),#4154);
#11023 = PRESENTATION_STYLE_ASSIGNMENT((#11024));
#11024 = SURFACE_STYLE_USAGE(.BOTH.,#11025);
#11025 = SURFACE_SIDE_STYLE('',(#11026));
#11026 = SURFACE_STYLE_FILL_AREA(#11027);
#11027 = FILL_AREA_STYLE('',(#11028));
#11028 = FILL_AREA_STYLE_COLOUR('',#10321);
#11029 = STYLED_ITEM('color',(#11030),#4171);
#11030 = PRESENTATION_STYLE_ASSIGNMENT((#11031));
#11031 = SURFACE_STYLE_USAGE(.BOTH.,#11032);
#11032 = SURFACE_SIDE_STYLE('',(#11033));
#11033 = SURFACE_STYLE_FILL_AREA(#11034);
#11034 = FILL_AREA_STYLE('',(#11035));
#11035 = FILL_AREA_STYLE_COLOUR('',#10321);
#11036 = STYLED_ITEM('color',(#11037),#4188);
#11037 = PRESENTATION_STYLE_ASSIGNMENT((#11038));
#11038 = SURFACE_STYLE_USAGE(.BOTH.,#11039);
#11039 = SURFACE_SIDE_STYLE('',(#11040));
#11040 = SURFACE_STYLE_FILL_AREA(#11041);
#11041 = FILL_AREA_STYLE('',(#11042));
#11042 = FILL_AREA_STYLE_COLOUR('',#10321);
#11043 = STYLED_ITEM('color',(#11044),#4207);
#11044 = PRESENTATION_STYLE_ASSIGNMENT((#11045));
#11045 = SURFACE_STYLE_USAGE(.BOTH.,#11046);
#11046 = SURFACE_SIDE_STYLE('',(#11047));
#11047 = SURFACE_STYLE_FILL_AREA(#11048);
#11048 = FILL_AREA_STYLE('',(#11049));
#11049 = FILL_AREA_STYLE_COLOUR('',#10321);
#11050 = STYLED_ITEM('color',(#11051),#4272);
#11051 = PRESENTATION_STYLE_ASSIGNMENT((#11052));
#11052 = SURFACE_STYLE_USAGE(.BOTH.,#11053);
#11053 = SURFACE_SIDE_STYLE('',(#11054));
#11054 = SURFACE_STYLE_FILL_AREA(#11055);
#11055 = FILL_AREA_STYLE('',(#11056));
#11056 = FILL_AREA_STYLE_COLOUR('',#10321);
#11057 = STYLED_ITEM('color',(#11058),#4296);
#11058 = PRESENTATION_STYLE_ASSIGNMENT((#11059));
#11059 = SURFACE_STYLE_USAGE(.BOTH.,#11060);
#11060 = SURFACE_SIDE_STYLE('',(#11061));
#11061 = SURFACE_STYLE_FILL_AREA(#11062);
#11062 = FILL_AREA_STYLE('',(#11063));
#11063 = FILL_AREA_STYLE_COLOUR('',#10321);
#11064 = STYLED_ITEM('color',(#11065),#4359);
#11065 = PRESENTATION_STYLE_ASSIGNMENT((#11066));
#11066 = SURFACE_STYLE_USAGE(.BOTH.,#11067);
#11067 = SURFACE_SIDE_STYLE('',(#11068));
#11068 = SURFACE_STYLE_FILL_AREA(#11069);
#11069 = FILL_AREA_STYLE('',(#11070));
#11070 = FILL_AREA_STYLE_COLOUR('',#10321);
#11071 = STYLED_ITEM('color',(#11072),#4371);
#11072 = PRESENTATION_STYLE_ASSIGNMENT((#11073));
#11073 = SURFACE_STYLE_USAGE(.BOTH.,#11074);
#11074 = SURFACE_SIDE_STYLE('',(#11075));
#11075 = SURFACE_STYLE_FILL_AREA(#11076);
#11076 = FILL_AREA_STYLE('',(#11077));
#11077 = FILL_AREA_STYLE_COLOUR('',#10321);
#11078 = STYLED_ITEM('color',(#11079),#4436);
#11079 = PRESENTATION_STYLE_ASSIGNMENT((#11080));
#11080 = SURFACE_STYLE_USAGE(.BOTH.,#11081);
#11081 = SURFACE_SIDE_STYLE('',(#11082));
#11082 = SURFACE_STYLE_FILL_AREA(#11083);
#11083 = FILL_AREA_STYLE('',(#11084));
#11084 = FILL_AREA_STYLE_COLOUR('',#10321);
#11085 = STYLED_ITEM('color',(#11086),#4460);
#11086 = PRESENTATION_STYLE_ASSIGNMENT((#11087));
#11087 = SURFACE_STYLE_USAGE(.BOTH.,#11088);
#11088 = SURFACE_SIDE_STYLE('',(#11089));
#11089 = SURFACE_STYLE_FILL_AREA(#11090);
#11090 = FILL_AREA_STYLE('',(#11091));
#11091 = FILL_AREA_STYLE_COLOUR('',#10321);
#11092 = STYLED_ITEM('color',(#11093),#4523);
#11093 = PRESENTATION_STYLE_ASSIGNMENT((#11094));
#11094 = SURFACE_STYLE_USAGE(.BOTH.,#11095);
#11095 = SURFACE_SIDE_STYLE('',(#11096));
#11096 = SURFACE_STYLE_FILL_AREA(#11097);
#11097 = FILL_AREA_STYLE('',(#11098));
#11098 = FILL_AREA_STYLE_COLOUR('',#10321);
#11099 = STYLED_ITEM('color',(#11100),#4540);
#11100 = PRESENTATION_STYLE_ASSIGNMENT((#11101));
#11101 = SURFACE_STYLE_USAGE(.BOTH.,#11102);
#11102 = SURFACE_SIDE_STYLE('',(#11103));
#11103 = SURFACE_STYLE_FILL_AREA(#11104);
#11104 = FILL_AREA_STYLE('',(#11105));
#11105 = FILL_AREA_STYLE_COLOUR('',#10321);
#11106 = STYLED_ITEM('color',(#11107),#4554);
#11107 = PRESENTATION_STYLE_ASSIGNMENT((#11108));
#11108 = SURFACE_STYLE_USAGE(.BOTH.,#11109);
#11109 = SURFACE_SIDE_STYLE('',(#11110));
#11110 = SURFACE_STYLE_FILL_AREA(#11111);
#11111 = FILL_AREA_STYLE('',(#11112));
#11112 = FILL_AREA_STYLE_COLOUR('',#10321);
#11113 = STYLED_ITEM('color',(#11114),#4571);
#11114 = PRESENTATION_STYLE_ASSIGNMENT((#11115));
#11115 = SURFACE_STYLE_USAGE(.BOTH.,#11116);
#11116 = SURFACE_SIDE_STYLE('',(#11117));
#11117 = SURFACE_STYLE_FILL_AREA(#11118);
#11118 = FILL_AREA_STYLE('',(#11119));
#11119 = FILL_AREA_STYLE_COLOUR('',#10321);
#11120 = STYLED_ITEM('color',(#11121),#4588);
#11121 = PRESENTATION_STYLE_ASSIGNMENT((#11122));
#11122 = SURFACE_STYLE_USAGE(.BOTH.,#11123);
#11123 = SURFACE_SIDE_STYLE('',(#11124));
#11124 = SURFACE_STYLE_FILL_AREA(#11125);
#11125 = FILL_AREA_STYLE('',(#11126));
#11126 = FILL_AREA_STYLE_COLOUR('',#10321);
#11127 = STYLED_ITEM('color',(#11128),#4607);
#11128 = PRESENTATION_STYLE_ASSIGNMENT((#11129));
#11129 = SURFACE_STYLE_USAGE(.BOTH.,#11130);
#11130 = SURFACE_SIDE_STYLE('',(#11131));
#11131 = SURFACE_STYLE_FILL_AREA(#11132);
#11132 = FILL_AREA_STYLE('',(#11133));
#11133 = FILL_AREA_STYLE_COLOUR('',#10321);
#11134 = STYLED_ITEM('color',(#11135),#4672);
#11135 = PRESENTATION_STYLE_ASSIGNMENT((#11136));
#11136 = SURFACE_STYLE_USAGE(.BOTH.,#11137);
#11137 = SURFACE_SIDE_STYLE('',(#11138));
#11138 = SURFACE_STYLE_FILL_AREA(#11139);
#11139 = FILL_AREA_STYLE('',(#11140));
#11140 = FILL_AREA_STYLE_COLOUR('',#10321);
#11141 = STYLED_ITEM('color',(#11142),#4696);
#11142 = PRESENTATION_STYLE_ASSIGNMENT((#11143));
#11143 = SURFACE_STYLE_USAGE(.BOTH.,#11144);
#11144 = SURFACE_SIDE_STYLE('',(#11145));
#11145 = SURFACE_STYLE_FILL_AREA(#11146);
#11146 = FILL_AREA_STYLE('',(#11147));
#11147 = FILL_AREA_STYLE_COLOUR('',#10321);
#11148 = STYLED_ITEM('color',(#11149),#4759);
#11149 = PRESENTATION_STYLE_ASSIGNMENT((#11150));
#11150 = SURFACE_STYLE_USAGE(.BOTH.,#11151);
#11151 = SURFACE_SIDE_STYLE('',(#11152));
#11152 = SURFACE_STYLE_FILL_AREA(#11153);
#11153 = FILL_AREA_STYLE('',(#11154));
#11154 = FILL_AREA_STYLE_COLOUR('',#10321);
#11155 = STYLED_ITEM('color',(#11156),#4771);
#11156 = PRESENTATION_STYLE_ASSIGNMENT((#11157));
#11157 = SURFACE_STYLE_USAGE(.BOTH.,#11158);
#11158 = SURFACE_SIDE_STYLE('',(#11159));
#11159 = SURFACE_STYLE_FILL_AREA(#11160);
#11160 = FILL_AREA_STYLE('',(#11161));
#11161 = FILL_AREA_STYLE_COLOUR('',#10321);
#11162 = STYLED_ITEM('color',(#11163),#4836);
#11163 = PRESENTATION_STYLE_ASSIGNMENT((#11164));
#11164 = SURFACE_STYLE_USAGE(.BOTH.,#11165);
#11165 = SURFACE_SIDE_STYLE('',(#11166));
#11166 = SURFACE_STYLE_FILL_AREA(#11167);
#11167 = FILL_AREA_STYLE('',(#11168));
#11168 = FILL_AREA_STYLE_COLOUR('',#10321);
#11169 = STYLED_ITEM('color',(#11170),#4860);
#11170 = PRESENTATION_STYLE_ASSIGNMENT((#11171));
#11171 = SURFACE_STYLE_USAGE(.BOTH.,#11172);
#11172 = SURFACE_SIDE_STYLE('',(#11173));
#11173 = SURFACE_STYLE_FILL_AREA(#11174);
#11174 = FILL_AREA_STYLE('',(#11175));
#11175 = FILL_AREA_STYLE_COLOUR('',#10321);
#11176 = STYLED_ITEM('color',(#11177),#4923);
#11177 = PRESENTATION_STYLE_ASSIGNMENT((#11178));
#11178 = SURFACE_STYLE_USAGE(.BOTH.,#11179);
#11179 = SURFACE_SIDE_STYLE('',(#11180));
#11180 = SURFACE_STYLE_FILL_AREA(#11181);
#11181 = FILL_AREA_STYLE('',(#11182));
#11182 = FILL_AREA_STYLE_COLOUR('',#10321);
#11183 = STYLED_ITEM('color',(#11184),#4940);
#11184 = PRESENTATION_STYLE_ASSIGNMENT((#11185));
#11185 = SURFACE_STYLE_USAGE(.BOTH.,#11186);
#11186 = SURFACE_SIDE_STYLE('',(#11187));
#11187 = SURFACE_STYLE_FILL_AREA(#11188);
#11188 = FILL_AREA_STYLE('',(#11189));
#11189 = FILL_AREA_STYLE_COLOUR('',#10321);
#11190 = STYLED_ITEM('color',(#11191),#4954);
#11191 = PRESENTATION_STYLE_ASSIGNMENT((#11192));
#11192 = SURFACE_STYLE_USAGE(.BOTH.,#11193);
#11193 = SURFACE_SIDE_STYLE('',(#11194));
#11194 = SURFACE_STYLE_FILL_AREA(#11195);
#11195 = FILL_AREA_STYLE('',(#11196));
#11196 = FILL_AREA_STYLE_COLOUR('',#10321);
#11197 = STYLED_ITEM('color',(#11198),#4971);
#11198 = PRESENTATION_STYLE_ASSIGNMENT((#11199));
#11199 = SURFACE_STYLE_USAGE(.BOTH.,#11200);
#11200 = SURFACE_SIDE_STYLE('',(#11201));
#11201 = SURFACE_STYLE_FILL_AREA(#11202);
#11202 = FILL_AREA_STYLE('',(#11203));
#11203 = FILL_AREA_STYLE_COLOUR('',#10321);
#11204 = STYLED_ITEM('color',(#11205),#4988);
#11205 = PRESENTATION_STYLE_ASSIGNMENT((#11206));
#11206 = SURFACE_STYLE_USAGE(.BOTH.,#11207);
#11207 = SURFACE_SIDE_STYLE('',(#11208));
#11208 = SURFACE_STYLE_FILL_AREA(#11209);
#11209 = FILL_AREA_STYLE('',(#11210));
#11210 = FILL_AREA_STYLE_COLOUR('',#10321);
#11211 = STYLED_ITEM('color',(#11212),#5007);
#11212 = PRESENTATION_STYLE_ASSIGNMENT((#11213));
#11213 = SURFACE_STYLE_USAGE(.BOTH.,#11214);
#11214 = SURFACE_SIDE_STYLE('',(#11215));
#11215 = SURFACE_STYLE_FILL_AREA(#11216);
#11216 = FILL_AREA_STYLE('',(#11217));
#11217 = FILL_AREA_STYLE_COLOUR('',#10321);
#11218 = STYLED_ITEM('color',(#11219),#5072);
#11219 = PRESENTATION_STYLE_ASSIGNMENT((#11220));
#11220 = SURFACE_STYLE_USAGE(.BOTH.,#11221);
#11221 = SURFACE_SIDE_STYLE('',(#11222));
#11222 = SURFACE_STYLE_FILL_AREA(#11223);
#11223 = FILL_AREA_STYLE('',(#11224));
#11224 = FILL_AREA_STYLE_COLOUR('',#10321);
#11225 = STYLED_ITEM('color',(#11226),#5096);
#11226 = PRESENTATION_STYLE_ASSIGNMENT((#11227));
#11227 = SURFACE_STYLE_USAGE(.BOTH.,#11228);
#11228 = SURFACE_SIDE_STYLE('',(#11229));
#11229 = SURFACE_STYLE_FILL_AREA(#11230);
#11230 = FILL_AREA_STYLE('',(#11231));
#11231 = FILL_AREA_STYLE_COLOUR('',#10321);
#11232 = STYLED_ITEM('color',(#11233),#5159);
#11233 = PRESENTATION_STYLE_ASSIGNMENT((#11234));
#11234 = SURFACE_STYLE_USAGE(.BOTH.,#11235);
#11235 = SURFACE_SIDE_STYLE('',(#11236));
#11236 = SURFACE_STYLE_FILL_AREA(#11237);
#11237 = FILL_AREA_STYLE('',(#11238));
#11238 = FILL_AREA_STYLE_COLOUR('',#10321);
#11239 = STYLED_ITEM('color',(#11240),#5171);
#11240 = PRESENTATION_STYLE_ASSIGNMENT((#11241));
#11241 = SURFACE_STYLE_USAGE(.BOTH.,#11242);
#11242 = SURFACE_SIDE_STYLE('',(#11243));
#11243 = SURFACE_STYLE_FILL_AREA(#11244);
#11244 = FILL_AREA_STYLE('',(#11245));
#11245 = FILL_AREA_STYLE_COLOUR('',#10321);
#11246 = STYLED_ITEM('color',(#11247),#5188);
#11247 = PRESENTATION_STYLE_ASSIGNMENT((#11248));
#11248 = SURFACE_STYLE_USAGE(.BOTH.,#11249);
#11249 = SURFACE_SIDE_STYLE('',(#11250));
#11250 = SURFACE_STYLE_FILL_AREA(#11251);
#11251 = FILL_AREA_STYLE('',(#11252));
#11252 = FILL_AREA_STYLE_COLOUR('',#10271);
#11253 = STYLED_ITEM('color',(#11254),#5537);
#11254 = PRESENTATION_STYLE_ASSIGNMENT((#11255));
#11255 = SURFACE_STYLE_USAGE(.BOTH.,#11256);
#11256 = SURFACE_SIDE_STYLE('',(#11257));
#11257 = SURFACE_STYLE_FILL_AREA(#11258);
#11258 = FILL_AREA_STYLE('',(#11259));
#11259 = FILL_AREA_STYLE_COLOUR('',#10271);
#11260 = STYLED_ITEM('color',(#11261),#5609);
#11261 = PRESENTATION_STYLE_ASSIGNMENT((#11262));
#11262 = SURFACE_STYLE_USAGE(.BOTH.,#11263);
#11263 = SURFACE_SIDE_STYLE('',(#11264));
#11264 = SURFACE_STYLE_FILL_AREA(#11265);
#11265 = FILL_AREA_STYLE('',(#11266));
#11266 = FILL_AREA_STYLE_COLOUR('',#10321);
#11267 = STYLED_ITEM('color',(#11268),#5628);
#11268 = PRESENTATION_STYLE_ASSIGNMENT((#11269));
#11269 = SURFACE_STYLE_USAGE(.BOTH.,#11270);
#11270 = SURFACE_SIDE_STYLE('',(#11271));
#11271 = SURFACE_STYLE_FILL_AREA(#11272);
#11272 = FILL_AREA_STYLE('',(#11273));
#11273 = FILL_AREA_STYLE_COLOUR('',#10321);
#11274 = STYLED_ITEM('color',(#11275),#5677);
#11275 = PRESENTATION_STYLE_ASSIGNMENT((#11276));
#11276 = SURFACE_STYLE_USAGE(.BOTH.,#11277);
#11277 = SURFACE_SIDE_STYLE('',(#11278));
#11278 = SURFACE_STYLE_FILL_AREA(#11279);
#11279 = FILL_AREA_STYLE('',(#11280));
#11280 = FILL_AREA_STYLE_COLOUR('',#10321);
#11281 = STYLED_ITEM('color',(#11282),#5701);
#11282 = PRESENTATION_STYLE_ASSIGNMENT((#11283));
#11283 = SURFACE_STYLE_USAGE(.BOTH.,#11284);
#11284 = SURFACE_SIDE_STYLE('',(#11285));
#11285 = SURFACE_STYLE_FILL_AREA(#11286);
#11286 = FILL_AREA_STYLE('',(#11287));
#11287 = FILL_AREA_STYLE_COLOUR('',#10321);
#11288 = STYLED_ITEM('color',(#11289),#5748);
#11289 = PRESENTATION_STYLE_ASSIGNMENT((#11290));
#11290 = SURFACE_STYLE_USAGE(.BOTH.,#11291);
#11291 = SURFACE_SIDE_STYLE('',(#11292));
#11292 = SURFACE_STYLE_FILL_AREA(#11293);
#11293 = FILL_AREA_STYLE('',(#11294));
#11294 = FILL_AREA_STYLE_COLOUR('',#10321);
#11295 = STYLED_ITEM('color',(#11296),#5760);
#11296 = PRESENTATION_STYLE_ASSIGNMENT((#11297));
#11297 = SURFACE_STYLE_USAGE(.BOTH.,#11298);
#11298 = SURFACE_SIDE_STYLE('',(#11299));
#11299 = SURFACE_STYLE_FILL_AREA(#11300);
#11300 = FILL_AREA_STYLE('',(#11301));
#11301 = FILL_AREA_STYLE_COLOUR('',#10321);
#11302 = STYLED_ITEM('color',(#11303),#5814);
#11303 = PRESENTATION_STYLE_ASSIGNMENT((#11304));
#11304 = SURFACE_STYLE_USAGE(.BOTH.,#11305);
#11305 = SURFACE_SIDE_STYLE('',(#11306));
#11306 = SURFACE_STYLE_FILL_AREA(#11307);
#11307 = FILL_AREA_STYLE('',(#11308));
#11308 = FILL_AREA_STYLE_COLOUR('',#10321);
#11309 = STYLED_ITEM('color',(#11310),#5838);
#11310 = PRESENTATION_STYLE_ASSIGNMENT((#11311));
#11311 = SURFACE_STYLE_USAGE(.BOTH.,#11312);
#11312 = SURFACE_SIDE_STYLE('',(#11313));
#11313 = SURFACE_STYLE_FILL_AREA(#11314);
#11314 = FILL_AREA_STYLE('',(#11315));
#11315 = FILL_AREA_STYLE_COLOUR('',#10321);
#11316 = STYLED_ITEM('color',(#11317),#5880);
#11317 = PRESENTATION_STYLE_ASSIGNMENT((#11318));
#11318 = SURFACE_STYLE_USAGE(.BOTH.,#11319);
#11319 = SURFACE_SIDE_STYLE('',(#11320));
#11320 = SURFACE_STYLE_FILL_AREA(#11321);
#11321 = FILL_AREA_STYLE('',(#11322));
#11322 = FILL_AREA_STYLE_COLOUR('',#10321);
#11323 = STYLED_ITEM('color',(#11324),#5899);
#11324 = PRESENTATION_STYLE_ASSIGNMENT((#11325));
#11325 = SURFACE_STYLE_USAGE(.BOTH.,#11326);
#11326 = SURFACE_SIDE_STYLE('',(#11327));
#11327 = SURFACE_STYLE_FILL_AREA(#11328);
#11328 = FILL_AREA_STYLE('',(#11329));
#11329 = FILL_AREA_STYLE_COLOUR('',#10321);
#11330 = STYLED_ITEM('color',(#11331),#5911);
#11331 = PRESENTATION_STYLE_ASSIGNMENT((#11332));
#11332 = SURFACE_STYLE_USAGE(.BOTH.,#11333);
#11333 = SURFACE_SIDE_STYLE('',(#11334));
#11334 = SURFACE_STYLE_FILL_AREA(#11335);
#11335 = FILL_AREA_STYLE('',(#11336));
#11336 = FILL_AREA_STYLE_COLOUR('',#10321);
#11337 = STYLED_ITEM('color',(#11338),#5928);
#11338 = PRESENTATION_STYLE_ASSIGNMENT((#11339));
#11339 = SURFACE_STYLE_USAGE(.BOTH.,#11340);
#11340 = SURFACE_SIDE_STYLE('',(#11341));
#11341 = SURFACE_STYLE_FILL_AREA(#11342);
#11342 = FILL_AREA_STYLE('',(#11343));
#11343 = FILL_AREA_STYLE_COLOUR('',#10321);
#11344 = STYLED_ITEM('color',(#11345),#5945);
#11345 = PRESENTATION_STYLE_ASSIGNMENT((#11346));
#11346 = SURFACE_STYLE_USAGE(.BOTH.,#11347);
#11347 = SURFACE_SIDE_STYLE('',(#11348));
#11348 = SURFACE_STYLE_FILL_AREA(#11349);
#11349 = FILL_AREA_STYLE('',(#11350));
#11350 = FILL_AREA_STYLE_COLOUR('',#10321);
#11351 = STYLED_ITEM('color',(#11352),#5964);
#11352 = PRESENTATION_STYLE_ASSIGNMENT((#11353));
#11353 = SURFACE_STYLE_USAGE(.BOTH.,#11354);
#11354 = SURFACE_SIDE_STYLE('',(#11355));
#11355 = SURFACE_STYLE_FILL_AREA(#11356);
#11356 = FILL_AREA_STYLE('',(#11357));
#11357 = FILL_AREA_STYLE_COLOUR('',#10321);
#11358 = STYLED_ITEM('color',(#11359),#5981);
#11359 = PRESENTATION_STYLE_ASSIGNMENT((#11360));
#11360 = SURFACE_STYLE_USAGE(.BOTH.,#11361);
#11361 = SURFACE_SIDE_STYLE('',(#11362));
#11362 = SURFACE_STYLE_FILL_AREA(#11363);
#11363 = FILL_AREA_STYLE('',(#11364));
#11364 = FILL_AREA_STYLE_COLOUR('',#10321);
#11365 = STYLED_ITEM('color',(#11366),#6046);
#11366 = PRESENTATION_STYLE_ASSIGNMENT((#11367));
#11367 = SURFACE_STYLE_USAGE(.BOTH.,#11368);
#11368 = SURFACE_SIDE_STYLE('',(#11369));
#11369 = SURFACE_STYLE_FILL_AREA(#11370);
#11370 = FILL_AREA_STYLE('',(#11371));
#11371 = FILL_AREA_STYLE_COLOUR('',#10321);
#11372 = STYLED_ITEM('color',(#11373),#6070);
#11373 = PRESENTATION_STYLE_ASSIGNMENT((#11374));
#11374 = SURFACE_STYLE_USAGE(.BOTH.,#11375);
#11375 = SURFACE_SIDE_STYLE('',(#11376));
#11376 = SURFACE_STYLE_FILL_AREA(#11377);
#11377 = FILL_AREA_STYLE('',(#11378));
#11378 = FILL_AREA_STYLE_COLOUR('',#10321);
#11379 = STYLED_ITEM('color',(#11380),#6128);
#11380 = PRESENTATION_STYLE_ASSIGNMENT((#11381));
#11381 = SURFACE_STYLE_USAGE(.BOTH.,#11382);
#11382 = SURFACE_SIDE_STYLE('',(#11383));
#11383 = SURFACE_STYLE_FILL_AREA(#11384);
#11384 = FILL_AREA_STYLE('',(#11385));
#11385 = FILL_AREA_STYLE_COLOUR('',#10321);
#11386 = STYLED_ITEM('color',(#11387),#6150);
#11387 = PRESENTATION_STYLE_ASSIGNMENT((#11388));
#11388 = SURFACE_STYLE_USAGE(.BOTH.,#11389);
#11389 = SURFACE_SIDE_STYLE('',(#11390));
#11390 = SURFACE_STYLE_FILL_AREA(#11391);
#11391 = FILL_AREA_STYLE('',(#11392));
#11392 = FILL_AREA_STYLE_COLOUR('',#10321);
#11393 = STYLED_ITEM('color',(#11394),#6215);
#11394 = PRESENTATION_STYLE_ASSIGNMENT((#11395));
#11395 = SURFACE_STYLE_USAGE(.BOTH.,#11396);
#11396 = SURFACE_SIDE_STYLE('',(#11397));
#11397 = SURFACE_STYLE_FILL_AREA(#11398);
#11398 = FILL_AREA_STYLE('',(#11399));
#11399 = FILL_AREA_STYLE_COLOUR('',#10321);
#11400 = STYLED_ITEM('color',(#11401),#6239);
#11401 = PRESENTATION_STYLE_ASSIGNMENT((#11402));
#11402 = SURFACE_STYLE_USAGE(.BOTH.,#11403);
#11403 = SURFACE_SIDE_STYLE('',(#11404));
#11404 = SURFACE_STYLE_FILL_AREA(#11405);
#11405 = FILL_AREA_STYLE('',(#11406));
#11406 = FILL_AREA_STYLE_COLOUR('',#10321);
#11407 = STYLED_ITEM('color',(#11408),#6297);
#11408 = PRESENTATION_STYLE_ASSIGNMENT((#11409));
#11409 = SURFACE_STYLE_USAGE(.BOTH.,#11410);
#11410 = SURFACE_SIDE_STYLE('',(#11411));
#11411 = SURFACE_STYLE_FILL_AREA(#11412);
#11412 = FILL_AREA_STYLE('',(#11413));
#11413 = FILL_AREA_STYLE_COLOUR('',#10321);
#11414 = STYLED_ITEM('color',(#11415),#6311);
#11415 = PRESENTATION_STYLE_ASSIGNMENT((#11416));
#11416 = SURFACE_STYLE_USAGE(.BOTH.,#11417);
#11417 = SURFACE_SIDE_STYLE('',(#11418));
#11418 = SURFACE_STYLE_FILL_AREA(#11419);
#11419 = FILL_AREA_STYLE('',(#11420));
#11420 = FILL_AREA_STYLE_COLOUR('',#10321);
#11421 = STYLED_ITEM('color',(#11422),#6328);
#11422 = PRESENTATION_STYLE_ASSIGNMENT((#11423));
#11423 = SURFACE_STYLE_USAGE(.BOTH.,#11424);
#11424 = SURFACE_SIDE_STYLE('',(#11425));
#11425 = SURFACE_STYLE_FILL_AREA(#11426);
#11426 = FILL_AREA_STYLE('',(#11427));
#11427 = FILL_AREA_STYLE_COLOUR('',#10321);
#11428 = STYLED_ITEM('color',(#11429),#6345);
#11429 = PRESENTATION_STYLE_ASSIGNMENT((#11430));
#11430 = SURFACE_STYLE_USAGE(.BOTH.,#11431);
#11431 = SURFACE_SIDE_STYLE('',(#11432));
#11432 = SURFACE_STYLE_FILL_AREA(#11433);
#11433 = FILL_AREA_STYLE('',(#11434));
#11434 = FILL_AREA_STYLE_COLOUR('',#10321);
#11435 = STYLED_ITEM('color',(#11436),#6364);
#11436 = PRESENTATION_STYLE_ASSIGNMENT((#11437));
#11437 = SURFACE_STYLE_USAGE(.BOTH.,#11438);
#11438 = SURFACE_SIDE_STYLE('',(#11439));
#11439 = SURFACE_STYLE_FILL_AREA(#11440);
#11440 = FILL_AREA_STYLE('',(#11441));
#11441 = FILL_AREA_STYLE_COLOUR('',#10321);
#11442 = STYLED_ITEM('color',(#11443),#6381);
#11443 = PRESENTATION_STYLE_ASSIGNMENT((#11444));
#11444 = SURFACE_STYLE_USAGE(.BOTH.,#11445);
#11445 = SURFACE_SIDE_STYLE('',(#11446));
#11446 = SURFACE_STYLE_FILL_AREA(#11447);
#11447 = FILL_AREA_STYLE('',(#11448));
#11448 = FILL_AREA_STYLE_COLOUR('',#10321);
#11449 = STYLED_ITEM('color',(#11450),#6446);
#11450 = PRESENTATION_STYLE_ASSIGNMENT((#11451));
#11451 = SURFACE_STYLE_USAGE(.BOTH.,#11452);
#11452 = SURFACE_SIDE_STYLE('',(#11453));
#11453 = SURFACE_STYLE_FILL_AREA(#11454);
#11454 = FILL_AREA_STYLE('',(#11455));
#11455 = FILL_AREA_STYLE_COLOUR('',#10321);
#11456 = STYLED_ITEM('color',(#11457),#6470);
#11457 = PRESENTATION_STYLE_ASSIGNMENT((#11458));
#11458 = SURFACE_STYLE_USAGE(.BOTH.,#11459);
#11459 = SURFACE_SIDE_STYLE('',(#11460));
#11460 = SURFACE_STYLE_FILL_AREA(#11461);
#11461 = FILL_AREA_STYLE('',(#11462));
#11462 = FILL_AREA_STYLE_COLOUR('',#10321);
#11463 = STYLED_ITEM('color',(#11464),#6528);
#11464 = PRESENTATION_STYLE_ASSIGNMENT((#11465));
#11465 = SURFACE_STYLE_USAGE(.BOTH.,#11466);
#11466 = SURFACE_SIDE_STYLE('',(#11467));
#11467 = SURFACE_STYLE_FILL_AREA(#11468);
#11468 = FILL_AREA_STYLE('',(#11469));
#11469 = FILL_AREA_STYLE_COLOUR('',#10321);
#11470 = STYLED_ITEM('color',(#11471),#6550);
#11471 = PRESENTATION_STYLE_ASSIGNMENT((#11472));
#11472 = SURFACE_STYLE_USAGE(.BOTH.,#11473);
#11473 = SURFACE_SIDE_STYLE('',(#11474));
#11474 = SURFACE_STYLE_FILL_AREA(#11475);
#11475 = FILL_AREA_STYLE('',(#11476));
#11476 = FILL_AREA_STYLE_COLOUR('',#10321);
#11477 = STYLED_ITEM('color',(#11478),#6615);
#11478 = PRESENTATION_STYLE_ASSIGNMENT((#11479));
#11479 = SURFACE_STYLE_USAGE(.BOTH.,#11480);
#11480 = SURFACE_SIDE_STYLE('',(#11481));
#11481 = SURFACE_STYLE_FILL_AREA(#11482);
#11482 = FILL_AREA_STYLE('',(#11483));
#11483 = FILL_AREA_STYLE_COLOUR('',#10321);
#11484 = STYLED_ITEM('color',(#11485),#6639);
#11485 = PRESENTATION_STYLE_ASSIGNMENT((#11486));
#11486 = SURFACE_STYLE_USAGE(.BOTH.,#11487);
#11487 = SURFACE_SIDE_STYLE('',(#11488));
#11488 = SURFACE_STYLE_FILL_AREA(#11489);
#11489 = FILL_AREA_STYLE('',(#11490));
#11490 = FILL_AREA_STYLE_COLOUR('',#10321);
#11491 = STYLED_ITEM('color',(#11492),#6697);
#11492 = PRESENTATION_STYLE_ASSIGNMENT((#11493));
#11493 = SURFACE_STYLE_USAGE(.BOTH.,#11494);
#11494 = SURFACE_SIDE_STYLE('',(#11495));
#11495 = SURFACE_STYLE_FILL_AREA(#11496);
#11496 = FILL_AREA_STYLE('',(#11497));
#11497 = FILL_AREA_STYLE_COLOUR('',#10321);
#11498 = STYLED_ITEM('color',(#11499),#6711);
#11499 = PRESENTATION_STYLE_ASSIGNMENT((#11500));
#11500 = SURFACE_STYLE_USAGE(.BOTH.,#11501);
#11501 = SURFACE_SIDE_STYLE('',(#11502));
#11502 = SURFACE_STYLE_FILL_AREA(#11503);
#11503 = FILL_AREA_STYLE('',(#11504));
#11504 = FILL_AREA_STYLE_COLOUR('',#10321);
#11505 = STYLED_ITEM('color',(#11506),#6728);
#11506 = PRESENTATION_STYLE_ASSIGNMENT((#11507));
#11507 = SURFACE_STYLE_USAGE(.BOTH.,#11508);
#11508 = SURFACE_SIDE_STYLE('',(#11509));
#11509 = SURFACE_STYLE_FILL_AREA(#11510);
#11510 = FILL_AREA_STYLE('',(#11511));
#11511 = FILL_AREA_STYLE_COLOUR('',#10321);
#11512 = STYLED_ITEM('color',(#11513),#6745);
#11513 = PRESENTATION_STYLE_ASSIGNMENT((#11514));
#11514 = SURFACE_STYLE_USAGE(.BOTH.,#11515);
#11515 = SURFACE_SIDE_STYLE('',(#11516));
#11516 = SURFACE_STYLE_FILL_AREA(#11517);
#11517 = FILL_AREA_STYLE('',(#11518));
#11518 = FILL_AREA_STYLE_COLOUR('',#10321);
#11519 = STYLED_ITEM('color',(#11520),#6764);
#11520 = PRESENTATION_STYLE_ASSIGNMENT((#11521));
#11521 = SURFACE_STYLE_USAGE(.BOTH.,#11522);
#11522 = SURFACE_SIDE_STYLE('',(#11523));
#11523 = SURFACE_STYLE_FILL_AREA(#11524);
#11524 = FILL_AREA_STYLE('',(#11525));
#11525 = FILL_AREA_STYLE_COLOUR('',#10321);
#11526 = STYLED_ITEM('color',(#11527),#6781);
#11527 = PRESENTATION_STYLE_ASSIGNMENT((#11528));
#11528 = SURFACE_STYLE_USAGE(.BOTH.,#11529);
#11529 = SURFACE_SIDE_STYLE('',(#11530));
#11530 = SURFACE_STYLE_FILL_AREA(#11531);
#11531 = FILL_AREA_STYLE('',(#11532));
#11532 = FILL_AREA_STYLE_COLOUR('',#10321);
#11533 = STYLED_ITEM('color',(#11534),#6846);
#11534 = PRESENTATION_STYLE_ASSIGNMENT((#11535));
#11535 = SURFACE_STYLE_USAGE(.BOTH.,#11536);
#11536 = SURFACE_SIDE_STYLE('',(#11537));
#11537 = SURFACE_STYLE_FILL_AREA(#11538);
#11538 = FILL_AREA_STYLE('',(#11539));
#11539 = FILL_AREA_STYLE_COLOUR('',#10321);
#11540 = STYLED_ITEM('color',(#11541),#6870);
#11541 = PRESENTATION_STYLE_ASSIGNMENT((#11542));
#11542 = SURFACE_STYLE_USAGE(.BOTH.,#11543);
#11543 = SURFACE_SIDE_STYLE('',(#11544));
#11544 = SURFACE_STYLE_FILL_AREA(#11545);
#11545 = FILL_AREA_STYLE('',(#11546));
#11546 = FILL_AREA_STYLE_COLOUR('',#10321);
#11547 = STYLED_ITEM('color',(#11548),#6928);
#11548 = PRESENTATION_STYLE_ASSIGNMENT((#11549));
#11549 = SURFACE_STYLE_USAGE(.BOTH.,#11550);
#11550 = SURFACE_SIDE_STYLE('',(#11551));
#11551 = SURFACE_STYLE_FILL_AREA(#11552);
#11552 = FILL_AREA_STYLE('',(#11553));
#11553 = FILL_AREA_STYLE_COLOUR('',#10321);
#11554 = STYLED_ITEM('color',(#11555),#6945);
#11555 = PRESENTATION_STYLE_ASSIGNMENT((#11556));
#11556 = SURFACE_STYLE_USAGE(.BOTH.,#11557);
#11557 = SURFACE_SIDE_STYLE('',(#11558));
#11558 = SURFACE_STYLE_FILL_AREA(#11559);
#11559 = FILL_AREA_STYLE('',(#11560));
#11560 = FILL_AREA_STYLE_COLOUR('',#10271);
#11561 = STYLED_ITEM('color',(#11562),#6962);
#11562 = PRESENTATION_STYLE_ASSIGNMENT((#11563));
#11563 = SURFACE_STYLE_USAGE(.BOTH.,#11564);
#11564 = SURFACE_SIDE_STYLE('',(#11565));
#11565 = SURFACE_STYLE_FILL_AREA(#11566);
#11566 = FILL_AREA_STYLE('',(#11567));
#11567 = FILL_AREA_STYLE_COLOUR('',#10271);
#11568 = STYLED_ITEM('color',(#11569),#6991);
#11569 = PRESENTATION_STYLE_ASSIGNMENT((#11570));
#11570 = SURFACE_STYLE_USAGE(.BOTH.,#11571);
#11571 = SURFACE_SIDE_STYLE('',(#11572));
#11572 = SURFACE_STYLE_FILL_AREA(#11573);
#11573 = FILL_AREA_STYLE('',(#11574));
#11574 = FILL_AREA_STYLE_COLOUR('',#10321);
#11575 = STYLED_ITEM('color',(#11576),#7008);
#11576 = PRESENTATION_STYLE_ASSIGNMENT((#11577));
#11577 = SURFACE_STYLE_USAGE(.BOTH.,#11578);
#11578 = SURFACE_SIDE_STYLE('',(#11579));
#11579 = SURFACE_STYLE_FILL_AREA(#11580);
#11580 = FILL_AREA_STYLE('',(#11581));
#11581 = FILL_AREA_STYLE_COLOUR('',#10321);
#11582 = STYLED_ITEM('color',(#11583),#7025);
#11583 = PRESENTATION_STYLE_ASSIGNMENT((#11584));
#11584 = SURFACE_STYLE_USAGE(.BOTH.,#11585);
#11585 = SURFACE_SIDE_STYLE('',(#11586));
#11586 = SURFACE_STYLE_FILL_AREA(#11587);
#11587 = FILL_AREA_STYLE('',(#11588));
#11588 = FILL_AREA_STYLE_COLOUR('',#10321);
#11589 = STYLED_ITEM('color',(#11590),#7037);
#11590 = PRESENTATION_STYLE_ASSIGNMENT((#11591));
#11591 = SURFACE_STYLE_USAGE(.BOTH.,#11592);
#11592 = SURFACE_SIDE_STYLE('',(#11593));
#11593 = SURFACE_STYLE_FILL_AREA(#11594);
#11594 = FILL_AREA_STYLE('',(#11595));
#11595 = FILL_AREA_STYLE_COLOUR('',#10321);
#11596 = STYLED_ITEM('color',(#11597),#7054);
#11597 = PRESENTATION_STYLE_ASSIGNMENT((#11598));
#11598 = SURFACE_STYLE_USAGE(.BOTH.,#11599);
#11599 = SURFACE_SIDE_STYLE('',(#11600));
#11600 = SURFACE_STYLE_FILL_AREA(#11601);
#11601 = FILL_AREA_STYLE('',(#11602));
#11602 = FILL_AREA_STYLE_COLOUR('',#10321);
#11603 = STYLED_ITEM('color',(#11604),#7071);
#11604 = PRESENTATION_STYLE_ASSIGNMENT((#11605));
#11605 = SURFACE_STYLE_USAGE(.BOTH.,#11606);
#11606 = SURFACE_SIDE_STYLE('',(#11607));
#11607 = SURFACE_STYLE_FILL_AREA(#11608);
#11608 = FILL_AREA_STYLE('',(#11609));
#11609 = FILL_AREA_STYLE_COLOUR('',#10321);
#11610 = STYLED_ITEM('color',(#11611),#7083);
#11611 = PRESENTATION_STYLE_ASSIGNMENT((#11612));
#11612 = SURFACE_STYLE_USAGE(.BOTH.,#11613);
#11613 = SURFACE_SIDE_STYLE('',(#11614));
#11614 = SURFACE_STYLE_FILL_AREA(#11615);
#11615 = FILL_AREA_STYLE('',(#11616));
#11616 = FILL_AREA_STYLE_COLOUR('',#10321);
#11617 = STYLED_ITEM('color',(#11618),#7100);
#11618 = PRESENTATION_STYLE_ASSIGNMENT((#11619));
#11619 = SURFACE_STYLE_USAGE(.BOTH.,#11620);
#11620 = SURFACE_SIDE_STYLE('',(#11621));
#11621 = SURFACE_STYLE_FILL_AREA(#11622);
#11622 = FILL_AREA_STYLE('',(#11623));
#11623 = FILL_AREA_STYLE_COLOUR('',#10321);
#11624 = STYLED_ITEM('color',(#11625),#7117);
#11625 = PRESENTATION_STYLE_ASSIGNMENT((#11626));
#11626 = SURFACE_STYLE_USAGE(.BOTH.,#11627);
#11627 = SURFACE_SIDE_STYLE('',(#11628));
#11628 = SURFACE_STYLE_FILL_AREA(#11629);
#11629 = FILL_AREA_STYLE('',(#11630));
#11630 = FILL_AREA_STYLE_COLOUR('',#10321);
#11631 = STYLED_ITEM('color',(#11632),#7134);
#11632 = PRESENTATION_STYLE_ASSIGNMENT((#11633));
#11633 = SURFACE_STYLE_USAGE(.BOTH.,#11634);
#11634 = SURFACE_SIDE_STYLE('',(#11635));
#11635 = SURFACE_STYLE_FILL_AREA(#11636);
#11636 = FILL_AREA_STYLE('',(#11637));
#11637 = FILL_AREA_STYLE_COLOUR('',#10321);
#11638 = STYLED_ITEM('color',(#11639),#7151);
#11639 = PRESENTATION_STYLE_ASSIGNMENT((#11640));
#11640 = SURFACE_STYLE_USAGE(.BOTH.,#11641);
#11641 = SURFACE_SIDE_STYLE('',(#11642));
#11642 = SURFACE_STYLE_FILL_AREA(#11643);
#11643 = FILL_AREA_STYLE('',(#11644));
#11644 = FILL_AREA_STYLE_COLOUR('',#10321);
#11645 = STYLED_ITEM('color',(#11646),#7163);
#11646 = PRESENTATION_STYLE_ASSIGNMENT((#11647));
#11647 = SURFACE_STYLE_USAGE(.BOTH.,#11648);
#11648 = SURFACE_SIDE_STYLE('',(#11649));
#11649 = SURFACE_STYLE_FILL_AREA(#11650);
#11650 = FILL_AREA_STYLE('',(#11651));
#11651 = FILL_AREA_STYLE_COLOUR('',#10321);
#11652 = STYLED_ITEM('color',(#11653),#7180);
#11653 = PRESENTATION_STYLE_ASSIGNMENT((#11654));
#11654 = SURFACE_STYLE_USAGE(.BOTH.,#11655);
#11655 = SURFACE_SIDE_STYLE('',(#11656));
#11656 = SURFACE_STYLE_FILL_AREA(#11657);
#11657 = FILL_AREA_STYLE('',(#11658));
#11658 = FILL_AREA_STYLE_COLOUR('',#10321);
#11659 = STYLED_ITEM('color',(#11660),#7197);
#11660 = PRESENTATION_STYLE_ASSIGNMENT((#11661));
#11661 = SURFACE_STYLE_USAGE(.BOTH.,#11662);
#11662 = SURFACE_SIDE_STYLE('',(#11663));
#11663 = SURFACE_STYLE_FILL_AREA(#11664);
#11664 = FILL_AREA_STYLE('',(#11665));
#11665 = FILL_AREA_STYLE_COLOUR('',#10321);
#11666 = STYLED_ITEM('color',(#11667),#7214);
#11667 = PRESENTATION_STYLE_ASSIGNMENT((#11668));
#11668 = SURFACE_STYLE_USAGE(.BOTH.,#11669);
#11669 = SURFACE_SIDE_STYLE('',(#11670));
#11670 = SURFACE_STYLE_FILL_AREA(#11671);
#11671 = FILL_AREA_STYLE('',(#11672));
#11672 = FILL_AREA_STYLE_COLOUR('',#10321);
#11673 = STYLED_ITEM('color',(#11674),#7231);
#11674 = PRESENTATION_STYLE_ASSIGNMENT((#11675));
#11675 = SURFACE_STYLE_USAGE(.BOTH.,#11676);
#11676 = SURFACE_SIDE_STYLE('',(#11677));
#11677 = SURFACE_STYLE_FILL_AREA(#11678);
#11678 = FILL_AREA_STYLE('',(#11679));
#11679 = FILL_AREA_STYLE_COLOUR('',#10321);
#11680 = STYLED_ITEM('color',(#11681),#7243);
#11681 = PRESENTATION_STYLE_ASSIGNMENT((#11682));
#11682 = SURFACE_STYLE_USAGE(.BOTH.,#11683);
#11683 = SURFACE_SIDE_STYLE('',(#11684));
#11684 = SURFACE_STYLE_FILL_AREA(#11685);
#11685 = FILL_AREA_STYLE('',(#11686));
#11686 = FILL_AREA_STYLE_COLOUR('',#10321);
#11687 = STYLED_ITEM('color',(#11688),#7260);
#11688 = PRESENTATION_STYLE_ASSIGNMENT((#11689));
#11689 = SURFACE_STYLE_USAGE(.BOTH.,#11690);
#11690 = SURFACE_SIDE_STYLE('',(#11691));
#11691 = SURFACE_STYLE_FILL_AREA(#11692);
#11692 = FILL_AREA_STYLE('',(#11693));
#11693 = FILL_AREA_STYLE_COLOUR('',#10321);
#11694 = STYLED_ITEM('color',(#11695),#7277);
#11695 = PRESENTATION_STYLE_ASSIGNMENT((#11696));
#11696 = SURFACE_STYLE_USAGE(.BOTH.,#11697);
#11697 = SURFACE_SIDE_STYLE('',(#11698));
#11698 = SURFACE_STYLE_FILL_AREA(#11699);
#11699 = FILL_AREA_STYLE('',(#11700));
#11700 = FILL_AREA_STYLE_COLOUR('',#10321);
#11701 = STYLED_ITEM('color',(#11702),#7294);
#11702 = PRESENTATION_STYLE_ASSIGNMENT((#11703));
#11703 = SURFACE_STYLE_USAGE(.BOTH.,#11704);
#11704 = SURFACE_SIDE_STYLE('',(#11705));
#11705 = SURFACE_STYLE_FILL_AREA(#11706);
#11706 = FILL_AREA_STYLE('',(#11707));
#11707 = FILL_AREA_STYLE_COLOUR('',#10321);
#11708 = STYLED_ITEM('color',(#11709),#7311);
#11709 = PRESENTATION_STYLE_ASSIGNMENT((#11710));
#11710 = SURFACE_STYLE_USAGE(.BOTH.,#11711);
#11711 = SURFACE_SIDE_STYLE('',(#11712));
#11712 = SURFACE_STYLE_FILL_AREA(#11713);
#11713 = FILL_AREA_STYLE('',(#11714));
#11714 = FILL_AREA_STYLE_COLOUR('',#10321);
#11715 = STYLED_ITEM('color',(#11716),#7323);
#11716 = PRESENTATION_STYLE_ASSIGNMENT((#11717));
#11717 = SURFACE_STYLE_USAGE(.BOTH.,#11718);
#11718 = SURFACE_SIDE_STYLE('',(#11719));
#11719 = SURFACE_STYLE_FILL_AREA(#11720);
#11720 = FILL_AREA_STYLE('',(#11721));
#11721 = FILL_AREA_STYLE_COLOUR('',#10321);
#11722 = STYLED_ITEM('color',(#11723),#7340);
#11723 = PRESENTATION_STYLE_ASSIGNMENT((#11724));
#11724 = SURFACE_STYLE_USAGE(.BOTH.,#11725);
#11725 = SURFACE_SIDE_STYLE('',(#11726));
#11726 = SURFACE_STYLE_FILL_AREA(#11727);
#11727 = FILL_AREA_STYLE('',(#11728));
#11728 = FILL_AREA_STYLE_COLOUR('',#10321);
#11729 = STYLED_ITEM('color',(#11730),#7357);
#11730 = PRESENTATION_STYLE_ASSIGNMENT((#11731));
#11731 = SURFACE_STYLE_USAGE(.BOTH.,#11732);
#11732 = SURFACE_SIDE_STYLE('',(#11733));
#11733 = SURFACE_STYLE_FILL_AREA(#11734);
#11734 = FILL_AREA_STYLE('',(#11735));
#11735 = FILL_AREA_STYLE_COLOUR('',#10321);
#11736 = STYLED_ITEM('color',(#11737),#7374);
#11737 = PRESENTATION_STYLE_ASSIGNMENT((#11738));
#11738 = SURFACE_STYLE_USAGE(.BOTH.,#11739);
#11739 = SURFACE_SIDE_STYLE('',(#11740));
#11740 = SURFACE_STYLE_FILL_AREA(#11741);
#11741 = FILL_AREA_STYLE('',(#11742));
#11742 = FILL_AREA_STYLE_COLOUR('',#10321);
#11743 = STYLED_ITEM('color',(#11744),#7391);
#11744 = PRESENTATION_STYLE_ASSIGNMENT((#11745));
#11745 = SURFACE_STYLE_USAGE(.BOTH.,#11746);
#11746 = SURFACE_SIDE_STYLE('',(#11747));
#11747 = SURFACE_STYLE_FILL_AREA(#11748);
#11748 = FILL_AREA_STYLE('',(#11749));
#11749 = FILL_AREA_STYLE_COLOUR('',#10321);
#11750 = STYLED_ITEM('color',(#11751),#7403);
#11751 = PRESENTATION_STYLE_ASSIGNMENT((#11752));
#11752 = SURFACE_STYLE_USAGE(.BOTH.,#11753);
#11753 = SURFACE_SIDE_STYLE('',(#11754));
#11754 = SURFACE_STYLE_FILL_AREA(#11755);
#11755 = FILL_AREA_STYLE('',(#11756));
#11756 = FILL_AREA_STYLE_COLOUR('',#10321);
#11757 = STYLED_ITEM('color',(#11758),#7420);
#11758 = PRESENTATION_STYLE_ASSIGNMENT((#11759));
#11759 = SURFACE_STYLE_USAGE(.BOTH.,#11760);
#11760 = SURFACE_SIDE_STYLE('',(#11761));
#11761 = SURFACE_STYLE_FILL_AREA(#11762);
#11762 = FILL_AREA_STYLE('',(#11763));
#11763 = FILL_AREA_STYLE_COLOUR('',#10321);
#11764 = STYLED_ITEM('color',(#11765),#7437);
#11765 = PRESENTATION_STYLE_ASSIGNMENT((#11766));
#11766 = SURFACE_STYLE_USAGE(.BOTH.,#11767);
#11767 = SURFACE_SIDE_STYLE('',(#11768));
#11768 = SURFACE_STYLE_FILL_AREA(#11769);
#11769 = FILL_AREA_STYLE('',(#11770));
#11770 = FILL_AREA_STYLE_COLOUR('',#10321);
#11771 = STYLED_ITEM('color',(#11772),#7454);
#11772 = PRESENTATION_STYLE_ASSIGNMENT((#11773));
#11773 = SURFACE_STYLE_USAGE(.BOTH.,#11774);
#11774 = SURFACE_SIDE_STYLE('',(#11775));
#11775 = SURFACE_STYLE_FILL_AREA(#11776);
#11776 = FILL_AREA_STYLE('',(#11777));
#11777 = FILL_AREA_STYLE_COLOUR('',#10321);
#11778 = STYLED_ITEM('color',(#11779),#7471);
#11779 = PRESENTATION_STYLE_ASSIGNMENT((#11780));
#11780 = SURFACE_STYLE_USAGE(.BOTH.,#11781);
#11781 = SURFACE_SIDE_STYLE('',(#11782));
#11782 = SURFACE_STYLE_FILL_AREA(#11783);
#11783 = FILL_AREA_STYLE('',(#11784));
#11784 = FILL_AREA_STYLE_COLOUR('',#10321);
#11785 = STYLED_ITEM('color',(#11786),#7483);
#11786 = PRESENTATION_STYLE_ASSIGNMENT((#11787));
#11787 = SURFACE_STYLE_USAGE(.BOTH.,#11788);
#11788 = SURFACE_SIDE_STYLE('',(#11789));
#11789 = SURFACE_STYLE_FILL_AREA(#11790);
#11790 = FILL_AREA_STYLE('',(#11791));
#11791 = FILL_AREA_STYLE_COLOUR('',#10271);
#11792 = STYLED_ITEM('color',(#11793),#7511);
#11793 = PRESENTATION_STYLE_ASSIGNMENT((#11794));
#11794 = SURFACE_STYLE_USAGE(.BOTH.,#11795);
#11795 = SURFACE_SIDE_STYLE('',(#11796));
#11796 = SURFACE_STYLE_FILL_AREA(#11797);
#11797 = FILL_AREA_STYLE('',(#11798));
#11798 = FILL_AREA_STYLE_COLOUR('',#10271);
#11799 = STYLED_ITEM('color',(#11800),#7522);
#11800 = PRESENTATION_STYLE_ASSIGNMENT((#11801));
#11801 = SURFACE_STYLE_USAGE(.BOTH.,#11802);
#11802 = SURFACE_SIDE_STYLE('',(#11803));
#11803 = SURFACE_STYLE_FILL_AREA(#11804);
#11804 = FILL_AREA_STYLE('',(#11805));
#11805 = FILL_AREA_STYLE_COLOUR('',#10321);
#11806 = STYLED_ITEM('color',(#11807),#7539);
#11807 = PRESENTATION_STYLE_ASSIGNMENT((#11808));
#11808 = SURFACE_STYLE_USAGE(.BOTH.,#11809);
#11809 = SURFACE_SIDE_STYLE('',(#11810));
#11810 = SURFACE_STYLE_FILL_AREA(#11811);
#11811 = FILL_AREA_STYLE('',(#11812));
#11812 = FILL_AREA_STYLE_COLOUR('',#10321);
#11813 = STYLED_ITEM('color',(#11814),#7556);
#11814 = PRESENTATION_STYLE_ASSIGNMENT((#11815));
#11815 = SURFACE_STYLE_USAGE(.BOTH.,#11816);
#11816 = SURFACE_SIDE_STYLE('',(#11817));
#11817 = SURFACE_STYLE_FILL_AREA(#11818);
#11818 = FILL_AREA_STYLE('',(#11819));
#11819 = FILL_AREA_STYLE_COLOUR('',#10321);
#11820 = STYLED_ITEM('color',(#11821),#7568);
#11821 = PRESENTATION_STYLE_ASSIGNMENT((#11822));
#11822 = SURFACE_STYLE_USAGE(.BOTH.,#11823);
#11823 = SURFACE_SIDE_STYLE('',(#11824));
#11824 = SURFACE_STYLE_FILL_AREA(#11825);
#11825 = FILL_AREA_STYLE('',(#11826));
#11826 = FILL_AREA_STYLE_COLOUR('',#10321);
#11827 = STYLED_ITEM('color',(#11828),#7585);
#11828 = PRESENTATION_STYLE_ASSIGNMENT((#11829));
#11829 = SURFACE_STYLE_USAGE(.BOTH.,#11830);
#11830 = SURFACE_SIDE_STYLE('',(#11831));
#11831 = SURFACE_STYLE_FILL_AREA(#11832);
#11832 = FILL_AREA_STYLE('',(#11833));
#11833 = FILL_AREA_STYLE_COLOUR('',#10321);
#11834 = STYLED_ITEM('color',(#11835),#7602);
#11835 = PRESENTATION_STYLE_ASSIGNMENT((#11836));
#11836 = SURFACE_STYLE_USAGE(.BOTH.,#11837);
#11837 = SURFACE_SIDE_STYLE('',(#11838));
#11838 = SURFACE_STYLE_FILL_AREA(#11839);
#11839 = FILL_AREA_STYLE('',(#11840));
#11840 = FILL_AREA_STYLE_COLOUR('',#10321);
#11841 = STYLED_ITEM('color',(#11842),#7614);
#11842 = PRESENTATION_STYLE_ASSIGNMENT((#11843));
#11843 = SURFACE_STYLE_USAGE(.BOTH.,#11844);
#11844 = SURFACE_SIDE_STYLE('',(#11845));
#11845 = SURFACE_STYLE_FILL_AREA(#11846);
#11846 = FILL_AREA_STYLE('',(#11847));
#11847 = FILL_AREA_STYLE_COLOUR('',#10321);
#11848 = STYLED_ITEM('color',(#11849),#7631);
#11849 = PRESENTATION_STYLE_ASSIGNMENT((#11850));
#11850 = SURFACE_STYLE_USAGE(.BOTH.,#11851);
#11851 = SURFACE_SIDE_STYLE('',(#11852));
#11852 = SURFACE_STYLE_FILL_AREA(#11853);
#11853 = FILL_AREA_STYLE('',(#11854));
#11854 = FILL_AREA_STYLE_COLOUR('',#10321);
#11855 = STYLED_ITEM('color',(#11856),#7648);
#11856 = PRESENTATION_STYLE_ASSIGNMENT((#11857));
#11857 = SURFACE_STYLE_USAGE(.BOTH.,#11858);
#11858 = SURFACE_SIDE_STYLE('',(#11859));
#11859 = SURFACE_STYLE_FILL_AREA(#11860);
#11860 = FILL_AREA_STYLE('',(#11861));
#11861 = FILL_AREA_STYLE_COLOUR('',#10321);
#11862 = STYLED_ITEM('color',(#11863),#7665);
#11863 = PRESENTATION_STYLE_ASSIGNMENT((#11864));
#11864 = SURFACE_STYLE_USAGE(.BOTH.,#11865);
#11865 = SURFACE_SIDE_STYLE('',(#11866));
#11866 = SURFACE_STYLE_FILL_AREA(#11867);
#11867 = FILL_AREA_STYLE('',(#11868));
#11868 = FILL_AREA_STYLE_COLOUR('',#10321);
#11869 = STYLED_ITEM('color',(#11870),#7682);
#11870 = PRESENTATION_STYLE_ASSIGNMENT((#11871));
#11871 = SURFACE_STYLE_USAGE(.BOTH.,#11872);
#11872 = SURFACE_SIDE_STYLE('',(#11873));
#11873 = SURFACE_STYLE_FILL_AREA(#11874);
#11874 = FILL_AREA_STYLE('',(#11875));
#11875 = FILL_AREA_STYLE_COLOUR('',#10321);
#11876 = STYLED_ITEM('color',(#11877),#7694);
#11877 = PRESENTATION_STYLE_ASSIGNMENT((#11878));
#11878 = SURFACE_STYLE_USAGE(.BOTH.,#11879);
#11879 = SURFACE_SIDE_STYLE('',(#11880));
#11880 = SURFACE_STYLE_FILL_AREA(#11881);
#11881 = FILL_AREA_STYLE('',(#11882));
#11882 = FILL_AREA_STYLE_COLOUR('',#10321);
#11883 = STYLED_ITEM('color',(#11884),#7711);
#11884 = PRESENTATION_STYLE_ASSIGNMENT((#11885));
#11885 = SURFACE_STYLE_USAGE(.BOTH.,#11886);
#11886 = SURFACE_SIDE_STYLE('',(#11887));
#11887 = SURFACE_STYLE_FILL_AREA(#11888);
#11888 = FILL_AREA_STYLE('',(#11889));
#11889 = FILL_AREA_STYLE_COLOUR('',#10321);
#11890 = STYLED_ITEM('color',(#11891),#7728);
#11891 = PRESENTATION_STYLE_ASSIGNMENT((#11892));
#11892 = SURFACE_STYLE_USAGE(.BOTH.,#11893);
#11893 = SURFACE_SIDE_STYLE('',(#11894));
#11894 = SURFACE_STYLE_FILL_AREA(#11895);
#11895 = FILL_AREA_STYLE('',(#11896));
#11896 = FILL_AREA_STYLE_COLOUR('',#10321);
#11897 = STYLED_ITEM('color',(#11898),#7745);
#11898 = PRESENTATION_STYLE_ASSIGNMENT((#11899));
#11899 = SURFACE_STYLE_USAGE(.BOTH.,#11900);
#11900 = SURFACE_SIDE_STYLE('',(#11901));
#11901 = SURFACE_STYLE_FILL_AREA(#11902);
#11902 = FILL_AREA_STYLE('',(#11903));
#11903 = FILL_AREA_STYLE_COLOUR('',#10321);
#11904 = STYLED_ITEM('color',(#11905),#7762);
#11905 = PRESENTATION_STYLE_ASSIGNMENT((#11906));
#11906 = SURFACE_STYLE_USAGE(.BOTH.,#11907);
#11907 = SURFACE_SIDE_STYLE('',(#11908));
#11908 = SURFACE_STYLE_FILL_AREA(#11909);
#11909 = FILL_AREA_STYLE('',(#11910));
#11910 = FILL_AREA_STYLE_COLOUR('',#10321);
#11911 = STYLED_ITEM('color',(#11912),#7774);
#11912 = PRESENTATION_STYLE_ASSIGNMENT((#11913));
#11913 = SURFACE_STYLE_USAGE(.BOTH.,#11914);
#11914 = SURFACE_SIDE_STYLE('',(#11915));
#11915 = SURFACE_STYLE_FILL_AREA(#11916);
#11916 = FILL_AREA_STYLE('',(#11917));
#11917 = FILL_AREA_STYLE_COLOUR('',#10321);
#11918 = STYLED_ITEM('color',(#11919),#7791);
#11919 = PRESENTATION_STYLE_ASSIGNMENT((#11920));
#11920 = SURFACE_STYLE_USAGE(.BOTH.,#11921);
#11921 = SURFACE_SIDE_STYLE('',(#11922));
#11922 = SURFACE_STYLE_FILL_AREA(#11923);
#11923 = FILL_AREA_STYLE('',(#11924));
#11924 = FILL_AREA_STYLE_COLOUR('',#10321);
#11925 = STYLED_ITEM('color',(#11926),#7808);
#11926 = PRESENTATION_STYLE_ASSIGNMENT((#11927));
#11927 = SURFACE_STYLE_USAGE(.BOTH.,#11928);
#11928 = SURFACE_SIDE_STYLE('',(#11929));
#11929 = SURFACE_STYLE_FILL_AREA(#11930);
#11930 = FILL_AREA_STYLE('',(#11931));
#11931 = FILL_AREA_STYLE_COLOUR('',#10321);
#11932 = STYLED_ITEM('color',(#11933),#7825);
#11933 = PRESENTATION_STYLE_ASSIGNMENT((#11934));
#11934 = SURFACE_STYLE_USAGE(.BOTH.,#11935);
#11935 = SURFACE_SIDE_STYLE('',(#11936));
#11936 = SURFACE_STYLE_FILL_AREA(#11937);
#11937 = FILL_AREA_STYLE('',(#11938));
#11938 = FILL_AREA_STYLE_COLOUR('',#10321);
#11939 = STYLED_ITEM('color',(#11940),#7842);
#11940 = PRESENTATION_STYLE_ASSIGNMENT((#11941));
#11941 = SURFACE_STYLE_USAGE(.BOTH.,#11942);
#11942 = SURFACE_SIDE_STYLE('',(#11943));
#11943 = SURFACE_STYLE_FILL_AREA(#11944);
#11944 = FILL_AREA_STYLE('',(#11945));
#11945 = FILL_AREA_STYLE_COLOUR('',#10321);
#11946 = STYLED_ITEM('color',(#11947),#7854);
#11947 = PRESENTATION_STYLE_ASSIGNMENT((#11948));
#11948 = SURFACE_STYLE_USAGE(.BOTH.,#11949);
#11949 = SURFACE_SIDE_STYLE('',(#11950));
#11950 = SURFACE_STYLE_FILL_AREA(#11951);
#11951 = FILL_AREA_STYLE('',(#11952));
#11952 = FILL_AREA_STYLE_COLOUR('',#10321);
#11953 = STYLED_ITEM('color',(#11954),#7871);
#11954 = PRESENTATION_STYLE_ASSIGNMENT((#11955));
#11955 = SURFACE_STYLE_USAGE(.BOTH.,#11956);
#11956 = SURFACE_SIDE_STYLE('',(#11957));
#11957 = SURFACE_STYLE_FILL_AREA(#11958);
#11958 = FILL_AREA_STYLE('',(#11959));
#11959 = FILL_AREA_STYLE_COLOUR('',#10321);
#11960 = STYLED_ITEM('color',(#11961),#7888);
#11961 = PRESENTATION_STYLE_ASSIGNMENT((#11962));
#11962 = SURFACE_STYLE_USAGE(.BOTH.,#11963);
#11963 = SURFACE_SIDE_STYLE('',(#11964));
#11964 = SURFACE_STYLE_FILL_AREA(#11965);
#11965 = FILL_AREA_STYLE('',(#11966));
#11966 = FILL_AREA_STYLE_COLOUR('',#10321);
#11967 = STYLED_ITEM('color',(#11968),#7905);
#11968 = PRESENTATION_STYLE_ASSIGNMENT((#11969));
#11969 = SURFACE_STYLE_USAGE(.BOTH.,#11970);
#11970 = SURFACE_SIDE_STYLE('',(#11971));
#11971 = SURFACE_STYLE_FILL_AREA(#11972);
#11972 = FILL_AREA_STYLE('',(#11973));
#11973 = FILL_AREA_STYLE_COLOUR('',#10321);
#11974 = STYLED_ITEM('color',(#11975),#7922);
#11975 = PRESENTATION_STYLE_ASSIGNMENT((#11976));
#11976 = SURFACE_STYLE_USAGE(.BOTH.,#11977);
#11977 = SURFACE_SIDE_STYLE('',(#11978));
#11978 = SURFACE_STYLE_FILL_AREA(#11979);
#11979 = FILL_AREA_STYLE('',(#11980));
#11980 = FILL_AREA_STYLE_COLOUR('',#10321);
#11981 = STYLED_ITEM('color',(#11982),#7934);
#11982 = PRESENTATION_STYLE_ASSIGNMENT((#11983));
#11983 = SURFACE_STYLE_USAGE(.BOTH.,#11984);
#11984 = SURFACE_SIDE_STYLE('',(#11985));
#11985 = SURFACE_STYLE_FILL_AREA(#11986);
#11986 = FILL_AREA_STYLE('',(#11987));
#11987 = FILL_AREA_STYLE_COLOUR('',#10321);
#11988 = STYLED_ITEM('color',(#11989),#7951);
#11989 = PRESENTATION_STYLE_ASSIGNMENT((#11990));
#11990 = SURFACE_STYLE_USAGE(.BOTH.,#11991);
#11991 = SURFACE_SIDE_STYLE('',(#11992));
#11992 = SURFACE_STYLE_FILL_AREA(#11993);
#11993 = FILL_AREA_STYLE('',(#11994));
#11994 = FILL_AREA_STYLE_COLOUR('',#10321);
#11995 = STYLED_ITEM('color',(#11996),#7968);
#11996 = PRESENTATION_STYLE_ASSIGNMENT((#11997));
#11997 = SURFACE_STYLE_USAGE(.BOTH.,#11998);
#11998 = SURFACE_SIDE_STYLE('',(#11999));
#11999 = SURFACE_STYLE_FILL_AREA(#12000);
#12000 = FILL_AREA_STYLE('',(#12001));
#12001 = FILL_AREA_STYLE_COLOUR('',#10321);
#12002 = STYLED_ITEM('color',(#12003),#7985);
#12003 = PRESENTATION_STYLE_ASSIGNMENT((#12004));
#12004 = SURFACE_STYLE_USAGE(.BOTH.,#12005);
#12005 = SURFACE_SIDE_STYLE('',(#12006));
#12006 = SURFACE_STYLE_FILL_AREA(#12007);
#12007 = FILL_AREA_STYLE('',(#12008));
#12008 = FILL_AREA_STYLE_COLOUR('',#10321);
#12009 = STYLED_ITEM('color',(#12010),#8002);
#12010 = PRESENTATION_STYLE_ASSIGNMENT((#12011));
#12011 = SURFACE_STYLE_USAGE(.BOTH.,#12012);
#12012 = SURFACE_SIDE_STYLE('',(#12013));
#12013 = SURFACE_STYLE_FILL_AREA(#12014);
#12014 = FILL_AREA_STYLE('',(#12015));
#12015 = FILL_AREA_STYLE_COLOUR('',#10321);
ENDSEC;
END-ISO-10303-21;
