ISO-10303-21;
HEADER;
FILE_DESCRIPTION(('KiCad electronic assembly'),'2;1');
FILE_NAME('ACE RAM Patch.step','2026-09-24T23:02:38',('Pcbnew'),('Kicad'
    ),'Open CASCADE STEP processor 7.9','KiCad to STEP converter',
  'Unknown');
FILE_SCHEMA(('AUTOMOTIVE_DESIGN { 1 0 10303 214 1 1 1 1 }'));
ENDSEC;
DATA;
#1 = APPLICATION_PROTOCOL_DEFINITION('international standard',
  'automotive_design',2000,#2);
#2 = APPLICATION_CONTEXT(
  'core data for automotive mechanical design processes');
#3 = SHAPE_DEFINITION_REPRESENTATION(#4,#10);
#4 = PRODUCT_DEFINITION_SHAPE('','',#5);
#5 = PRODUCT_DEFINITION('design','',#6,#9);
#6 = PRODUCT_DEFINITION_FORMATION('','',#7);
#7 = PRODUCT('ACE RAM Patch 1','ACE RAM Patch 1','',(#8));
#8 = PRODUCT_CONTEXT('',#2,'mechanical');
#9 = PRODUCT_DEFINITION_CONTEXT('part definition',#2,'design');
#10 = SHAPE_REPRESENTATION('',(#11,#15,#19,#23,#27,#31),#35);
#11 = AXIS2_PLACEMENT_3D('',#12,#13,#14);
#12 = CARTESIAN_POINT('',(0.,0.,0.));
#13 = DIRECTION('',(0.,0.,1.));
#14 = DIRECTION('',(1.,0.,-0.));
#15 = AXIS2_PLACEMENT_3D('',#16,#17,#18);
#16 = CARTESIAN_POINT('',(106.57,-94.82,1.595));
#17 = DIRECTION('',(0.,-0.,1.));
#18 = DIRECTION('',(1.110223024625E-16,1.,0.));
#19 = AXIS2_PLACEMENT_3D('',#20,#21,#22);
#20 = CARTESIAN_POINT('',(129.57,-94.82,1.595));
#21 = DIRECTION('',(0.,-0.,1.));
#22 = DIRECTION('',(1.110223024625E-16,1.,0.));
#23 = AXIS2_PLACEMENT_3D('',#24,#25,#26);
#24 = CARTESIAN_POINT('',(98.81,-94.82,-8.5E-02));
#25 = DIRECTION('',(1.224646799147E-16,-1.359631073447E-32,-1.));
#26 = DIRECTION('',(1.110223024625E-16,1.,0.));
#27 = AXIS2_PLACEMENT_3D('',#28,#29,#30);
#28 = CARTESIAN_POINT('',(167.81,-94.82,-8.5E-02));
#29 = DIRECTION('',(1.224646799147E-16,-1.359631073447E-32,-1.));
#30 = DIRECTION('',(1.110223024625E-16,1.,0.));
#31 = AXIS2_PLACEMENT_3D('',#32,#33,#34);
#32 = CARTESIAN_POINT('',(0.,0.,0.));
#33 = DIRECTION('',(0.,0.,1.));
#34 = DIRECTION('',(1.,0.,-0.));
#35 = ( GEOMETRIC_REPRESENTATION_CONTEXT(3) 
GLOBAL_UNCERTAINTY_ASSIGNED_CONTEXT((#39)) GLOBAL_UNIT_ASSIGNED_CONTEXT(
(#36,#37,#38)) REPRESENTATION_CONTEXT('Context #1',
  '3D Context with UNIT and UNCERTAINTY') );
#36 = ( LENGTH_UNIT() NAMED_UNIT(*) SI_UNIT(.MILLI.,.METRE.) );
#37 = ( NAMED_UNIT(*) PLANE_ANGLE_UNIT() SI_UNIT($,.RADIAN.) );
#38 = ( NAMED_UNIT(*) SI_UNIT($,.STERADIAN.) SOLID_ANGLE_UNIT() );
#39 = UNCERTAINTY_MEASURE_WITH_UNIT(LENGTH_MEASURE(1.E-07),#36,
  'distance_accuracy_value','confusion accuracy');
#40 = PRODUCT_RELATED_PRODUCT_CATEGORY('part',$,(#7));
#41 = SHAPE_DEFINITION_REPRESENTATION(#42,#48);
#42 = PRODUCT_DEFINITION_SHAPE('','',#43);
#43 = PRODUCT_DEFINITION('design','',#44,#47);
#44 = PRODUCT_DEFINITION_FORMATION('','',#45);
#45 = PRODUCT('DIP-14_W7.62mm','DIP-14_W7.62mm','',(#46));
#46 = PRODUCT_CONTEXT('',#2,'mechanical');
#47 = PRODUCT_DEFINITION_CONTEXT('part definition',#2,'design');
#48 = SHAPE_REPRESENTATION('',(#11,#49),#53);
#49 = AXIS2_PLACEMENT_3D('',#50,#51,#52);
#50 = CARTESIAN_POINT('',(0.,0.,0.));
#51 = DIRECTION('',(0.,0.,1.));
#52 = DIRECTION('',(1.,0.,-0.));
#53 = ( GEOMETRIC_REPRESENTATION_CONTEXT(3) 
GLOBAL_UNCERTAINTY_ASSIGNED_CONTEXT((#57)) GLOBAL_UNIT_ASSIGNED_CONTEXT(
(#54,#55,#56)) REPRESENTATION_CONTEXT('Context #1',
  '3D Context with UNIT and UNCERTAINTY') );
#54 = ( LENGTH_UNIT() NAMED_UNIT(*) SI_UNIT(.MILLI.,.METRE.) );
#55 = ( NAMED_UNIT(*) PLANE_ANGLE_UNIT() SI_UNIT($,.RADIAN.) );
#56 = ( NAMED_UNIT(*) SI_UNIT($,.STERADIAN.) SOLID_ANGLE_UNIT() );
#57 = UNCERTAINTY_MEASURE_WITH_UNIT(LENGTH_MEASURE(1.E-07),#54,
  'distance_accuracy_value','confusion accuracy');
#58 = CONTEXT_DEPENDENT_SHAPE_REPRESENTATION(#59,#61);
#59 = ( REPRESENTATION_RELATIONSHIP('','',#48,#10) 
REPRESENTATION_RELATIONSHIP_WITH_TRANSFORMATION(#60) 
SHAPE_REPRESENTATION_RELATIONSHIP() );
#60 = ITEM_DEFINED_TRANSFORMATION('','',#11,#15);
#61 = PRODUCT_DEFINITION_SHAPE('Placement','Placement of an item',#62);
#62 = NEXT_ASSEMBLY_USAGE_OCCURRENCE('2','J1','',#5,#43,$);
#63 = PRODUCT_RELATED_PRODUCT_CATEGORY('part',$,(#45));
#64 = SHAPE_DEFINITION_REPRESENTATION(#65,#71);
#65 = PRODUCT_DEFINITION_SHAPE('','',#66);
#66 = PRODUCT_DEFINITION('design','',#67,#70);
#67 = PRODUCT_DEFINITION_FORMATION('','',#68);
#68 = PRODUCT('DIP-14_W7.62mm','DIP-14_W7.62mm','',(#69));
#69 = PRODUCT_CONTEXT('',#2,'mechanical');
#70 = PRODUCT_DEFINITION_CONTEXT('part definition',#2,'design');
#71 = ADVANCED_BREP_SHAPE_REPRESENTATION('',(#11,#72),#8018);
#72 = MANIFOLD_SOLID_BREP('',#73);
#73 = CLOSED_SHELL('',(#74,#114,#255,#278,#413,#430,#460,#490,#521,#552,
    #583,#614,#645,#676,#707,#738,#769,#800,#831,#862,#893,#916,#940,
    #970,#1001,#1032,#1063,#1094,#1125,#1156,#1187,#1218,#1249,#1280,
    #1311,#1342,#1373,#1390,#1420,#1478,#1536,#1566,#1624,#1641,#1666,
    #1716,#1747,#1805,#1863,#1894,#1952,#1969,#1994,#2044,#2075,#2133,
    #2191,#2222,#2280,#2297,#2322,#2372,#2403,#2461,#2519,#2550,#2567,
    #2590,#2614,#2672,#2730,#2760,#2818,#2835,#2893,#2910,#2941,#2999,
    #3057,#3088,#3146,#3163,#3221,#3238,#3269,#3327,#3385,#3416,#3474,
    #3491,#3549,#3566,#3597,#3655,#3713,#3744,#3761,#3778,#3856,#3875,
    #3924,#3948,#3995,#4007,#4026,#4043,#4092,#4116,#4158,#4175,#4192,
    #4211,#4276,#4300,#4363,#4375,#4440,#4464,#4527,#4544,#4558,#4575,
    #4592,#4611,#4676,#4700,#4763,#4775,#4840,#4864,#4927,#4944,#4958,
    #4975,#4992,#5011,#5076,#5100,#5163,#5175,#5192,#5541,#5613,#5632,
    #5681,#5705,#5752,#5764,#5818,#5842,#5884,#5903,#5915,#5932,#5949,
    #5968,#5985,#6050,#6074,#6132,#6154,#6219,#6243,#6301,#6315,#6332,
    #6349,#6368,#6385,#6450,#6474,#6532,#6554,#6619,#6643,#6701,#6715,
    #6732,#6749,#6768,#6785,#6850,#6874,#6932,#6949,#6966,#6995,#7012,
    #7029,#7041,#7058,#7075,#7087,#7104,#7121,#7138,#7155,#7167,#7184,
    #7201,#7218,#7235,#7247,#7264,#7281,#7298,#7315,#7327,#7344,#7361,
    #7378,#7395,#7407,#7424,#7441,#7458,#7475,#7487,#7515,#7526,#7543,
    #7560,#7572,#7589,#7606,#7618,#7635,#7652,#7669,#7686,#7698,#7715,
    #7732,#7749,#7766,#7778,#7795,#7812,#7829,#7846,#7858,#7875,#7892,
    #7909,#7926,#7938,#7955,#7972,#7989,#8006));
#74 = ADVANCED_FACE('',(#75),#109,.T.);
#75 = FACE_BOUND('',#76,.F.);
#76 = EDGE_LOOP('',(#77,#87,#95,#103));
#77 = ORIENTED_EDGE('',*,*,#78,.T.);
#78 = EDGE_CURVE('',#79,#81,#83,.T.);
#79 = VERTEX_POINT('',#80);
#80 = CARTESIAN_POINT('',(6.661276356577,-16.82127635657,0.38));
#81 = VERTEX_POINT('',#82);
#82 = CARTESIAN_POINT('',(6.661276356577,1.581276356577,0.38));
#83 = LINE('',#84,#85);
#84 = CARTESIAN_POINT('',(6.661276356577,-16.82127635657,0.38));
#85 = VECTOR('',#86,1.);
#86 = DIRECTION('',(-4.440892098501E-16,1.,0.));
#87 = ORIENTED_EDGE('',*,*,#88,.T.);
#88 = EDGE_CURVE('',#81,#89,#91,.T.);
#89 = VERTEX_POINT('',#90);
#90 = CARTESIAN_POINT('',(0.958723643423,1.581276356577,0.38));
#91 = LINE('',#92,#93);
#92 = CARTESIAN_POINT('',(6.661276356577,1.581276356577,0.38));
#93 = VECTOR('',#94,1.);
#94 = DIRECTION('',(-1.,-4.440892098501E-16,0.));
#95 = ORIENTED_EDGE('',*,*,#96,.T.);
#96 = EDGE_CURVE('',#89,#97,#99,.T.);
#97 = VERTEX_POINT('',#98);
#98 = CARTESIAN_POINT('',(0.958723643423,-16.82127635657,0.38));
#99 = LINE('',#100,#101);
#100 = CARTESIAN_POINT('',(0.958723643423,1.581276356577,0.38));
#101 = VECTOR('',#102,1.);
#102 = DIRECTION('',(4.440892098501E-16,-1.,0.));
#103 = ORIENTED_EDGE('',*,*,#104,.T.);
#104 = EDGE_CURVE('',#97,#79,#105,.T.);
#105 = LINE('',#106,#107);
#106 = CARTESIAN_POINT('',(0.958723643423,-16.82127635657,0.38));
#107 = VECTOR('',#108,1.);
#108 = DIRECTION('',(1.,4.440892098501E-16,0.));
#109 = PLANE('',#110);
#110 = AXIS2_PLACEMENT_3D('',#111,#112,#113);
#111 = CARTESIAN_POINT('',(6.661276356577,-16.82127635657,0.38));
#112 = DIRECTION('',(-0.,0.,-1.));
#113 = DIRECTION('',(-0.2959927601,0.955190183141,0.));
#114 = ADVANCED_FACE('',(#115),#250,.T.);
#115 = FACE_BOUND('',#116,.T.);
#116 = EDGE_LOOP('',(#117,#118,#125,#133,#141,#149,#157,#165,#173,#181,
    #189,#197,#205,#213,#221,#229,#237,#245));
#117 = ORIENTED_EDGE('',*,*,#78,.T.);
#118 = ORIENTED_EDGE('',*,*,#119,.T.);
#119 = EDGE_CURVE('',#81,#120,#122,.T.);
#120 = VERTEX_POINT('',#121);
#121 = CARTESIAN_POINT('',(6.985,1.905,1.903));
#122 = B_SPLINE_CURVE_WITH_KNOTS('',1,(#123,#124),.UNSPECIFIED.,.F.,.F.,
  (2,2),(0.,1.),.PIECEWISE_BEZIER_KNOTS.);
#123 = CARTESIAN_POINT('',(6.661276356577,1.581276356577,0.38));
#124 = CARTESIAN_POINT('',(6.985,1.905,1.903));
#125 = ORIENTED_EDGE('',*,*,#126,.F.);
#126 = EDGE_CURVE('',#127,#120,#129,.T.);
#127 = VERTEX_POINT('',#128);
#128 = CARTESIAN_POINT('',(6.985,0.2285,1.903));
#129 = LINE('',#130,#131);
#130 = CARTESIAN_POINT('',(6.985,-17.145,1.903));
#131 = VECTOR('',#132,1.);
#132 = DIRECTION('',(-4.440892098501E-16,1.,0.));
#133 = ORIENTED_EDGE('',*,*,#134,.F.);
#134 = EDGE_CURVE('',#135,#127,#137,.T.);
#135 = VERTEX_POINT('',#136);
#136 = CARTESIAN_POINT('',(6.985,-0.762,1.903));
#137 = LINE('',#138,#139);
#138 = CARTESIAN_POINT('',(6.985,-17.145,1.903));
#139 = VECTOR('',#140,1.);
#140 = DIRECTION('',(-4.440892098501E-16,1.,0.));
#141 = ORIENTED_EDGE('',*,*,#142,.F.);
#142 = EDGE_CURVE('',#143,#135,#145,.T.);
#143 = VERTEX_POINT('',#144);
#144 = CARTESIAN_POINT('',(6.985,-1.778,1.903));
#145 = LINE('',#146,#147);
#146 = CARTESIAN_POINT('',(6.985,-17.145,1.903));
#147 = VECTOR('',#148,1.);
#148 = DIRECTION('',(-4.440892098501E-16,1.,0.));
#149 = ORIENTED_EDGE('',*,*,#150,.F.);
#150 = EDGE_CURVE('',#151,#143,#153,.T.);
#151 = VERTEX_POINT('',#152);
#152 = CARTESIAN_POINT('',(6.985,-3.302,1.903));
#153 = LINE('',#154,#155);
#154 = CARTESIAN_POINT('',(6.985,-17.145,1.903));
#155 = VECTOR('',#156,1.);
#156 = DIRECTION('',(-4.440892098501E-16,1.,0.));
#157 = ORIENTED_EDGE('',*,*,#158,.F.);
#158 = EDGE_CURVE('',#159,#151,#161,.T.);
#159 = VERTEX_POINT('',#160);
#160 = CARTESIAN_POINT('',(6.985,-4.318,1.903));
#161 = LINE('',#162,#163);
#162 = CARTESIAN_POINT('',(6.985,-17.145,1.903));
#163 = VECTOR('',#164,1.);
#164 = DIRECTION('',(-4.440892098501E-16,1.,0.));
#165 = ORIENTED_EDGE('',*,*,#166,.F.);
#166 = EDGE_CURVE('',#167,#159,#169,.T.);
#167 = VERTEX_POINT('',#168);
#168 = CARTESIAN_POINT('',(6.985,-5.842,1.903));
#169 = LINE('',#170,#171);
#170 = CARTESIAN_POINT('',(6.985,-17.145,1.903));
#171 = VECTOR('',#172,1.);
#172 = DIRECTION('',(-4.440892098501E-16,1.,0.));
#173 = ORIENTED_EDGE('',*,*,#174,.F.);
#174 = EDGE_CURVE('',#175,#167,#177,.T.);
#175 = VERTEX_POINT('',#176);
#176 = CARTESIAN_POINT('',(6.985,-6.858,1.903));
#177 = LINE('',#178,#179);
#178 = CARTESIAN_POINT('',(6.985,-17.145,1.903));
#179 = VECTOR('',#180,1.);
#180 = DIRECTION('',(-4.440892098501E-16,1.,0.));
#181 = ORIENTED_EDGE('',*,*,#182,.F.);
#182 = EDGE_CURVE('',#183,#175,#185,.T.);
#183 = VERTEX_POINT('',#184);
#184 = CARTESIAN_POINT('',(6.985,-8.382,1.903));
#185 = LINE('',#186,#187);
#186 = CARTESIAN_POINT('',(6.985,-17.145,1.903));
#187 = VECTOR('',#188,1.);
#188 = DIRECTION('',(-4.440892098501E-16,1.,0.));
#189 = ORIENTED_EDGE('',*,*,#190,.F.);
#190 = EDGE_CURVE('',#191,#183,#193,.T.);
#191 = VERTEX_POINT('',#192);
#192 = CARTESIAN_POINT('',(6.985,-9.398,1.903));
#193 = LINE('',#194,#195);
#194 = CARTESIAN_POINT('',(6.985,-17.145,1.903));
#195 = VECTOR('',#196,1.);
#196 = DIRECTION('',(-4.440892098501E-16,1.,0.));
#197 = ORIENTED_EDGE('',*,*,#198,.F.);
#198 = EDGE_CURVE('',#199,#191,#201,.T.);
#199 = VERTEX_POINT('',#200);
#200 = CARTESIAN_POINT('',(6.985,-10.922,1.903));
#201 = LINE('',#202,#203);
#202 = CARTESIAN_POINT('',(6.985,-17.145,1.903));
#203 = VECTOR('',#204,1.);
#204 = DIRECTION('',(-4.440892098501E-16,1.,0.));
#205 = ORIENTED_EDGE('',*,*,#206,.F.);
#206 = EDGE_CURVE('',#207,#199,#209,.T.);
#207 = VERTEX_POINT('',#208);
#208 = CARTESIAN_POINT('',(6.985,-11.938,1.903));
#209 = LINE('',#210,#211);
#210 = CARTESIAN_POINT('',(6.985,-17.145,1.903));
#211 = VECTOR('',#212,1.);
#212 = DIRECTION('',(-4.440892098501E-16,1.,0.));
#213 = ORIENTED_EDGE('',*,*,#214,.F.);
#214 = EDGE_CURVE('',#215,#207,#217,.T.);
#215 = VERTEX_POINT('',#216);
#216 = CARTESIAN_POINT('',(6.985,-13.462,1.903));
#217 = LINE('',#218,#219);
#218 = CARTESIAN_POINT('',(6.985,-17.145,1.903));
#219 = VECTOR('',#220,1.);
#220 = DIRECTION('',(-4.440892098501E-16,1.,0.));
#221 = ORIENTED_EDGE('',*,*,#222,.F.);
#222 = EDGE_CURVE('',#223,#215,#225,.T.);
#223 = VERTEX_POINT('',#224);
#224 = CARTESIAN_POINT('',(6.985,-14.478,1.903));
#225 = LINE('',#226,#227);
#226 = CARTESIAN_POINT('',(6.985,-17.145,1.903));
#227 = VECTOR('',#228,1.);
#228 = DIRECTION('',(-4.440892098501E-16,1.,0.));
#229 = ORIENTED_EDGE('',*,*,#230,.F.);
#230 = EDGE_CURVE('',#231,#223,#233,.T.);
#231 = VERTEX_POINT('',#232);
#232 = CARTESIAN_POINT('',(6.985,-15.4685,1.903));
#233 = LINE('',#234,#235);
#234 = CARTESIAN_POINT('',(6.985,-17.145,1.903));
#235 = VECTOR('',#236,1.);
#236 = DIRECTION('',(-4.440892098501E-16,1.,0.));
#237 = ORIENTED_EDGE('',*,*,#238,.F.);
#238 = EDGE_CURVE('',#239,#231,#241,.T.);
#239 = VERTEX_POINT('',#240);
#240 = CARTESIAN_POINT('',(6.985,-17.145,1.903));
#241 = LINE('',#242,#243);
#242 = CARTESIAN_POINT('',(6.985,-17.145,1.903));
#243 = VECTOR('',#244,1.);
#244 = DIRECTION('',(-4.440892098501E-16,1.,0.));
#245 = ORIENTED_EDGE('',*,*,#246,.F.);
#246 = EDGE_CURVE('',#79,#239,#247,.T.);
#247 = B_SPLINE_CURVE_WITH_KNOTS('',1,(#248,#249),.UNSPECIFIED.,.F.,.F.,
  (2,2),(0.,1.),.PIECEWISE_BEZIER_KNOTS.);
#248 = CARTESIAN_POINT('',(6.661276356577,-16.82127635657,0.38));
#249 = CARTESIAN_POINT('',(6.985,-17.145,1.903));
#250 = B_SPLINE_SURFACE_WITH_KNOTS('',1,1,(
    (#251,#252)
    ,(#253,#254
    )),.UNSPECIFIED.,.F.,.F.,.F.,(2,2),(2,2),(0.,19.05),(0.,1.),
  .PIECEWISE_BEZIER_KNOTS.);
#251 = CARTESIAN_POINT('',(6.661276356577,-16.82127635657,0.38));
#252 = CARTESIAN_POINT('',(6.985,-17.145,1.903));
#253 = CARTESIAN_POINT('',(6.661276356577,1.581276356577,0.38));
#254 = CARTESIAN_POINT('',(6.985,1.905,1.903));
#255 = ADVANCED_FACE('',(#256),#273,.T.);
#256 = FACE_BOUND('',#257,.T.);
#257 = EDGE_LOOP('',(#258,#259,#266,#272));
#258 = ORIENTED_EDGE('',*,*,#88,.T.);
#259 = ORIENTED_EDGE('',*,*,#260,.T.);
#260 = EDGE_CURVE('',#89,#261,#263,.T.);
#261 = VERTEX_POINT('',#262);
#262 = CARTESIAN_POINT('',(0.635,1.905,1.903));
#263 = B_SPLINE_CURVE_WITH_KNOTS('',1,(#264,#265),.UNSPECIFIED.,.F.,.F.,
  (2,2),(0.,1.),.PIECEWISE_BEZIER_KNOTS.);
#264 = CARTESIAN_POINT('',(0.958723643423,1.581276356577,0.38));
#265 = CARTESIAN_POINT('',(0.635,1.905,1.903));
#266 = ORIENTED_EDGE('',*,*,#267,.F.);
#267 = EDGE_CURVE('',#120,#261,#268,.T.);
#268 = LINE('',#269,#270);
#269 = CARTESIAN_POINT('',(6.985,1.905,1.903));
#270 = VECTOR('',#271,1.);
#271 = DIRECTION('',(-1.,-4.440892098501E-16,0.));
#272 = ORIENTED_EDGE('',*,*,#119,.F.);
#273 = B_SPLINE_SURFACE_WITH_KNOTS('',1,1,(
    (#274,#275)
    ,(#276,#277
    )),.UNSPECIFIED.,.F.,.F.,.F.,(2,2),(2,2),(0.,6.35),(0.,1.),
  .PIECEWISE_BEZIER_KNOTS.);
#274 = CARTESIAN_POINT('',(6.661276356577,1.581276356577,0.38));
#275 = CARTESIAN_POINT('',(6.985,1.905,1.903));
#276 = CARTESIAN_POINT('',(0.958723643423,1.581276356577,0.38));
#277 = CARTESIAN_POINT('',(0.635,1.905,1.903));
#278 = ADVANCED_FACE('',(#279),#408,.T.);
#279 = FACE_BOUND('',#280,.T.);
#280 = EDGE_LOOP('',(#281,#282,#289,#297,#305,#313,#321,#329,#337,#345,
    #353,#361,#369,#377,#385,#393,#401,#407));
#281 = ORIENTED_EDGE('',*,*,#96,.T.);
#282 = ORIENTED_EDGE('',*,*,#283,.T.);
#283 = EDGE_CURVE('',#97,#284,#286,.T.);
#284 = VERTEX_POINT('',#285);
#285 = CARTESIAN_POINT('',(0.635,-17.145,1.903));
#286 = B_SPLINE_CURVE_WITH_KNOTS('',1,(#287,#288),.UNSPECIFIED.,.F.,.F.,
  (2,2),(0.,1.),.PIECEWISE_BEZIER_KNOTS.);
#287 = CARTESIAN_POINT('',(0.958723643423,-16.82127635657,0.38));
#288 = CARTESIAN_POINT('',(0.635,-17.145,1.903));
#289 = ORIENTED_EDGE('',*,*,#290,.F.);
#290 = EDGE_CURVE('',#291,#284,#293,.T.);
#291 = VERTEX_POINT('',#292);
#292 = CARTESIAN_POINT('',(0.635,-15.4685,1.903));
#293 = LINE('',#294,#295);
#294 = CARTESIAN_POINT('',(0.635,1.905,1.903));
#295 = VECTOR('',#296,1.);
#296 = DIRECTION('',(4.440892098501E-16,-1.,0.));
#297 = ORIENTED_EDGE('',*,*,#298,.F.);
#298 = EDGE_CURVE('',#299,#291,#301,.T.);
#299 = VERTEX_POINT('',#300);
#300 = CARTESIAN_POINT('',(0.635,-14.478,1.903));
#301 = LINE('',#302,#303);
#302 = CARTESIAN_POINT('',(0.635,1.905,1.903));
#303 = VECTOR('',#304,1.);
#304 = DIRECTION('',(4.440892098501E-16,-1.,0.));
#305 = ORIENTED_EDGE('',*,*,#306,.F.);
#306 = EDGE_CURVE('',#307,#299,#309,.T.);
#307 = VERTEX_POINT('',#308);
#308 = CARTESIAN_POINT('',(0.635,-13.462,1.903));
#309 = LINE('',#310,#311);
#310 = CARTESIAN_POINT('',(0.635,1.905,1.903));
#311 = VECTOR('',#312,1.);
#312 = DIRECTION('',(4.440892098501E-16,-1.,0.));
#313 = ORIENTED_EDGE('',*,*,#314,.F.);
#314 = EDGE_CURVE('',#315,#307,#317,.T.);
#315 = VERTEX_POINT('',#316);
#316 = CARTESIAN_POINT('',(0.635,-11.938,1.903));
#317 = LINE('',#318,#319);
#318 = CARTESIAN_POINT('',(0.635,1.905,1.903));
#319 = VECTOR('',#320,1.);
#320 = DIRECTION('',(4.440892098501E-16,-1.,0.));
#321 = ORIENTED_EDGE('',*,*,#322,.F.);
#322 = EDGE_CURVE('',#323,#315,#325,.T.);
#323 = VERTEX_POINT('',#324);
#324 = CARTESIAN_POINT('',(0.635,-10.922,1.903));
#325 = LINE('',#326,#327);
#326 = CARTESIAN_POINT('',(0.635,1.905,1.903));
#327 = VECTOR('',#328,1.);
#328 = DIRECTION('',(4.440892098501E-16,-1.,0.));
#329 = ORIENTED_EDGE('',*,*,#330,.F.);
#330 = EDGE_CURVE('',#331,#323,#333,.T.);
#331 = VERTEX_POINT('',#332);
#332 = CARTESIAN_POINT('',(0.635,-9.398,1.903));
#333 = LINE('',#334,#335);
#334 = CARTESIAN_POINT('',(0.635,1.905,1.903));
#335 = VECTOR('',#336,1.);
#336 = DIRECTION('',(4.440892098501E-16,-1.,0.));
#337 = ORIENTED_EDGE('',*,*,#338,.F.);
#338 = EDGE_CURVE('',#339,#331,#341,.T.);
#339 = VERTEX_POINT('',#340);
#340 = CARTESIAN_POINT('',(0.635,-8.382,1.903));
#341 = LINE('',#342,#343);
#342 = CARTESIAN_POINT('',(0.635,1.905,1.903));
#343 = VECTOR('',#344,1.);
#344 = DIRECTION('',(4.440892098501E-16,-1.,0.));
#345 = ORIENTED_EDGE('',*,*,#346,.F.);
#346 = EDGE_CURVE('',#347,#339,#349,.T.);
#347 = VERTEX_POINT('',#348);
#348 = CARTESIAN_POINT('',(0.635,-6.858,1.903));
#349 = LINE('',#350,#351);
#350 = CARTESIAN_POINT('',(0.635,1.905,1.903));
#351 = VECTOR('',#352,1.);
#352 = DIRECTION('',(4.440892098501E-16,-1.,0.));
#353 = ORIENTED_EDGE('',*,*,#354,.F.);
#354 = EDGE_CURVE('',#355,#347,#357,.T.);
#355 = VERTEX_POINT('',#356);
#356 = CARTESIAN_POINT('',(0.635,-5.842,1.903));
#357 = LINE('',#358,#359);
#358 = CARTESIAN_POINT('',(0.635,1.905,1.903));
#359 = VECTOR('',#360,1.);
#360 = DIRECTION('',(4.440892098501E-16,-1.,0.));
#361 = ORIENTED_EDGE('',*,*,#362,.F.);
#362 = EDGE_CURVE('',#363,#355,#365,.T.);
#363 = VERTEX_POINT('',#364);
#364 = CARTESIAN_POINT('',(0.635,-4.318,1.903));
#365 = LINE('',#366,#367);
#366 = CARTESIAN_POINT('',(0.635,1.905,1.903));
#367 = VECTOR('',#368,1.);
#368 = DIRECTION('',(4.440892098501E-16,-1.,0.));
#369 = ORIENTED_EDGE('',*,*,#370,.F.);
#370 = EDGE_CURVE('',#371,#363,#373,.T.);
#371 = VERTEX_POINT('',#372);
#372 = CARTESIAN_POINT('',(0.635,-3.302,1.903));
#373 = LINE('',#374,#375);
#374 = CARTESIAN_POINT('',(0.635,1.905,1.903));
#375 = VECTOR('',#376,1.);
#376 = DIRECTION('',(4.440892098501E-16,-1.,0.));
#377 = ORIENTED_EDGE('',*,*,#378,.F.);
#378 = EDGE_CURVE('',#379,#371,#381,.T.);
#379 = VERTEX_POINT('',#380);
#380 = CARTESIAN_POINT('',(0.635,-1.778,1.903));
#381 = LINE('',#382,#383);
#382 = CARTESIAN_POINT('',(0.635,1.905,1.903));
#383 = VECTOR('',#384,1.);
#384 = DIRECTION('',(4.440892098501E-16,-1.,0.));
#385 = ORIENTED_EDGE('',*,*,#386,.F.);
#386 = EDGE_CURVE('',#387,#379,#389,.T.);
#387 = VERTEX_POINT('',#388);
#388 = CARTESIAN_POINT('',(0.635,-0.762,1.903));
#389 = LINE('',#390,#391);
#390 = CARTESIAN_POINT('',(0.635,1.905,1.903));
#391 = VECTOR('',#392,1.);
#392 = DIRECTION('',(4.440892098501E-16,-1.,0.));
#393 = ORIENTED_EDGE('',*,*,#394,.F.);
#394 = EDGE_CURVE('',#395,#387,#397,.T.);
#395 = VERTEX_POINT('',#396);
#396 = CARTESIAN_POINT('',(0.635,0.2285,1.903));
#397 = LINE('',#398,#399);
#398 = CARTESIAN_POINT('',(0.635,1.905,1.903));
#399 = VECTOR('',#400,1.);
#400 = DIRECTION('',(4.440892098501E-16,-1.,0.));
#401 = ORIENTED_EDGE('',*,*,#402,.F.);
#402 = EDGE_CURVE('',#261,#395,#403,.T.);
#403 = LINE('',#404,#405);
#404 = CARTESIAN_POINT('',(0.635,1.905,1.903));
#405 = VECTOR('',#406,1.);
#406 = DIRECTION('',(4.440892098501E-16,-1.,0.));
#407 = ORIENTED_EDGE('',*,*,#260,.F.);
#408 = B_SPLINE_SURFACE_WITH_KNOTS('',1,1,(
    (#409,#410)
    ,(#411,#412
    )),.UNSPECIFIED.,.F.,.F.,.F.,(2,2),(2,2),(0.,19.05),(0.,1.),
  .PIECEWISE_BEZIER_KNOTS.);
#409 = CARTESIAN_POINT('',(0.958723643423,1.581276356577,0.38));
#410 = CARTESIAN_POINT('',(0.635,1.905,1.903));
#411 = CARTESIAN_POINT('',(0.958723643423,-16.82127635657,0.38));
#412 = CARTESIAN_POINT('',(0.635,-17.145,1.903));
#413 = ADVANCED_FACE('',(#414),#425,.T.);
#414 = FACE_BOUND('',#415,.T.);
#415 = EDGE_LOOP('',(#416,#417,#418,#424));
#416 = ORIENTED_EDGE('',*,*,#104,.T.);
#417 = ORIENTED_EDGE('',*,*,#246,.T.);
#418 = ORIENTED_EDGE('',*,*,#419,.F.);
#419 = EDGE_CURVE('',#284,#239,#420,.T.);
#420 = LINE('',#421,#422);
#421 = CARTESIAN_POINT('',(0.635,-17.145,1.903));
#422 = VECTOR('',#423,1.);
#423 = DIRECTION('',(1.,4.440892098501E-16,0.));
#424 = ORIENTED_EDGE('',*,*,#283,.F.);
#425 = B_SPLINE_SURFACE_WITH_KNOTS('',1,1,(
    (#426,#427)
    ,(#428,#429
    )),.UNSPECIFIED.,.F.,.F.,.F.,(2,2),(2,2),(0.,6.35),(0.,1.),
  .PIECEWISE_BEZIER_KNOTS.);
#426 = CARTESIAN_POINT('',(0.958723643423,-16.82127635657,0.38));
#427 = CARTESIAN_POINT('',(0.635,-17.145,1.903));
#428 = CARTESIAN_POINT('',(6.661276356577,-16.82127635657,0.38));
#429 = CARTESIAN_POINT('',(6.985,-17.145,1.903));
#430 = ADVANCED_FACE('',(#431),#455,.T.);
#431 = FACE_BOUND('',#432,.T.);
#432 = EDGE_LOOP('',(#433,#440,#441,#449));
#433 = ORIENTED_EDGE('',*,*,#434,.F.);
#434 = EDGE_CURVE('',#239,#435,#437,.T.);
#435 = VERTEX_POINT('',#436);
#436 = CARTESIAN_POINT('',(6.985,-17.145,2.157));
#437 = B_SPLINE_CURVE_WITH_KNOTS('',1,(#438,#439),.UNSPECIFIED.,.F.,.F.,
  (2,2),(0.,1.),.PIECEWISE_BEZIER_KNOTS.);
#438 = CARTESIAN_POINT('',(6.985,-17.145,1.903));
#439 = CARTESIAN_POINT('',(6.985,-17.145,2.157));
#440 = ORIENTED_EDGE('',*,*,#238,.T.);
#441 = ORIENTED_EDGE('',*,*,#442,.T.);
#442 = EDGE_CURVE('',#231,#443,#445,.T.);
#443 = VERTEX_POINT('',#444);
#444 = CARTESIAN_POINT('',(6.985,-15.4685,2.157));
#445 = LINE('',#446,#447);
#446 = CARTESIAN_POINT('',(6.985,-15.4685,1.9665));
#447 = VECTOR('',#448,1.);
#448 = DIRECTION('',(0.,0.,1.));
#449 = ORIENTED_EDGE('',*,*,#450,.F.);
#450 = EDGE_CURVE('',#435,#443,#451,.T.);
#451 = LINE('',#452,#453);
#452 = CARTESIAN_POINT('',(6.985,-17.145,2.157));
#453 = VECTOR('',#454,1.);
#454 = DIRECTION('',(-4.440892098501E-16,1.,0.));
#455 = PLANE('',#456);
#456 = AXIS2_PLACEMENT_3D('',#457,#458,#459);
#457 = CARTESIAN_POINT('',(6.985,-17.145,2.157));
#458 = DIRECTION('',(1.,4.440892098501E-16,0.));
#459 = DIRECTION('',(-4.440892098501E-16,1.,0.));
#460 = ADVANCED_FACE('',(#461),#485,.T.);
#461 = FACE_BOUND('',#462,.T.);
#462 = EDGE_LOOP('',(#463,#471,#472,#479));
#463 = ORIENTED_EDGE('',*,*,#464,.T.);
#464 = EDGE_CURVE('',#465,#127,#467,.T.);
#465 = VERTEX_POINT('',#466);
#466 = CARTESIAN_POINT('',(6.985,0.2285,2.157));
#467 = LINE('',#468,#469);
#468 = CARTESIAN_POINT('',(6.985,0.2285,2.157));
#469 = VECTOR('',#470,1.);
#470 = DIRECTION('',(0.,0.,-1.));
#471 = ORIENTED_EDGE('',*,*,#126,.T.);
#472 = ORIENTED_EDGE('',*,*,#473,.T.);
#473 = EDGE_CURVE('',#120,#474,#476,.T.);
#474 = VERTEX_POINT('',#475);
#475 = CARTESIAN_POINT('',(6.985,1.905,2.157));
#476 = B_SPLINE_CURVE_WITH_KNOTS('',1,(#477,#478),.UNSPECIFIED.,.F.,.F.,
  (2,2),(0.,1.),.PIECEWISE_BEZIER_KNOTS.);
#477 = CARTESIAN_POINT('',(6.985,1.905,1.903));
#478 = CARTESIAN_POINT('',(6.985,1.905,2.157));
#479 = ORIENTED_EDGE('',*,*,#480,.F.);
#480 = EDGE_CURVE('',#465,#474,#481,.T.);
#481 = LINE('',#482,#483);
#482 = CARTESIAN_POINT('',(6.985,-17.145,2.157));
#483 = VECTOR('',#484,1.);
#484 = DIRECTION('',(-4.440892098501E-16,1.,0.));
#485 = PLANE('',#486);
#486 = AXIS2_PLACEMENT_3D('',#487,#488,#489);
#487 = CARTESIAN_POINT('',(6.985,-17.145,2.157));
#488 = DIRECTION('',(1.,4.440892098501E-16,0.));
#489 = DIRECTION('',(-4.440892098501E-16,1.,0.));
#490 = ADVANCED_FACE('',(#491),#516,.F.);
#491 = FACE_BOUND('',#492,.F.);
#492 = EDGE_LOOP('',(#493,#501,#502,#510));
#493 = ORIENTED_EDGE('',*,*,#494,.F.);
#494 = EDGE_CURVE('',#223,#495,#497,.T.);
#495 = VERTEX_POINT('',#496);
#496 = CARTESIAN_POINT('',(7.366,-14.478,1.903));
#497 = LINE('',#498,#499);
#498 = CARTESIAN_POINT('',(3.81,-14.478,1.903));
#499 = VECTOR('',#500,1.);
#500 = DIRECTION('',(1.,3.216245299353E-16,0.));
#501 = ORIENTED_EDGE('',*,*,#230,.F.);
#502 = ORIENTED_EDGE('',*,*,#503,.F.);
#503 = EDGE_CURVE('',#504,#231,#506,.T.);
#504 = VERTEX_POINT('',#505);
#505 = CARTESIAN_POINT('',(7.366,-15.4685,1.903));
#506 = LINE('',#507,#508);
#507 = CARTESIAN_POINT('',(7.747,-15.4685,1.903));
#508 = VECTOR('',#509,1.);
#509 = DIRECTION('',(-1.,-3.216245299353E-16,0.));
#510 = ORIENTED_EDGE('',*,*,#511,.T.);
#511 = EDGE_CURVE('',#504,#495,#512,.T.);
#512 = LINE('',#513,#514);
#513 = CARTESIAN_POINT('',(7.366,-15.4685,1.903));
#514 = VECTOR('',#515,1.);
#515 = DIRECTION('',(-3.216245299353E-16,1.,0.));
#516 = PLANE('',#517);
#517 = AXIS2_PLACEMENT_3D('',#518,#519,#520);
#518 = CARTESIAN_POINT('',(0.254,-14.478,1.903));
#519 = DIRECTION('',(0.,0.,1.));
#520 = DIRECTION('',(-4.440892098501E-16,1.,0.));
#521 = ADVANCED_FACE('',(#522),#547,.F.);
#522 = FACE_BOUND('',#523,.F.);
#523 = EDGE_LOOP('',(#524,#532,#533,#541));
#524 = ORIENTED_EDGE('',*,*,#525,.F.);
#525 = EDGE_CURVE('',#127,#526,#528,.T.);
#526 = VERTEX_POINT('',#527);
#527 = CARTESIAN_POINT('',(7.366,0.2285,1.903));
#528 = LINE('',#529,#530);
#529 = CARTESIAN_POINT('',(3.81,0.2285,1.903));
#530 = VECTOR('',#531,1.);
#531 = DIRECTION('',(1.,3.216245299353E-16,0.));
#532 = ORIENTED_EDGE('',*,*,#134,.F.);
#533 = ORIENTED_EDGE('',*,*,#534,.F.);
#534 = EDGE_CURVE('',#535,#135,#537,.T.);
#535 = VERTEX_POINT('',#536);
#536 = CARTESIAN_POINT('',(7.366,-0.762,1.903));
#537 = LINE('',#538,#539);
#538 = CARTESIAN_POINT('',(7.747,-0.762,1.903));
#539 = VECTOR('',#540,1.);
#540 = DIRECTION('',(-1.,-3.216245299353E-16,0.));
#541 = ORIENTED_EDGE('',*,*,#542,.F.);
#542 = EDGE_CURVE('',#526,#535,#543,.T.);
#543 = LINE('',#544,#545);
#544 = CARTESIAN_POINT('',(7.366,0.2285,1.903));
#545 = VECTOR('',#546,1.);
#546 = DIRECTION('',(3.216245299353E-16,-1.,0.));
#547 = PLANE('',#548);
#548 = AXIS2_PLACEMENT_3D('',#549,#550,#551);
#549 = CARTESIAN_POINT('',(0.254,0.2285,1.903));
#550 = DIRECTION('',(0.,0.,1.));
#551 = DIRECTION('',(-4.440892098501E-16,1.,0.));
#552 = ADVANCED_FACE('',(#553),#578,.T.);
#553 = FACE_BOUND('',#554,.T.);
#554 = EDGE_LOOP('',(#555,#563,#564,#572));
#555 = ORIENTED_EDGE('',*,*,#556,.T.);
#556 = EDGE_CURVE('',#557,#223,#559,.T.);
#557 = VERTEX_POINT('',#558);
#558 = CARTESIAN_POINT('',(6.985,-14.478,2.157));
#559 = LINE('',#560,#561);
#560 = CARTESIAN_POINT('',(6.985,-14.478,2.157));
#561 = VECTOR('',#562,1.);
#562 = DIRECTION('',(7.727215166377E-30,-1.740014167195E-14,-1.));
#563 = ORIENTED_EDGE('',*,*,#222,.T.);
#564 = ORIENTED_EDGE('',*,*,#565,.T.);
#565 = EDGE_CURVE('',#215,#566,#568,.T.);
#566 = VERTEX_POINT('',#567);
#567 = CARTESIAN_POINT('',(6.985,-13.462,2.157));
#568 = LINE('',#569,#570);
#569 = CARTESIAN_POINT('',(6.985,-13.462,2.157));
#570 = VECTOR('',#571,1.);
#571 = DIRECTION('',(0.,0.,1.));
#572 = ORIENTED_EDGE('',*,*,#573,.F.);
#573 = EDGE_CURVE('',#557,#566,#574,.T.);
#574 = LINE('',#575,#576);
#575 = CARTESIAN_POINT('',(6.985,-17.145,2.157));
#576 = VECTOR('',#577,1.);
#577 = DIRECTION('',(-4.440892098501E-16,1.,0.));
#578 = PLANE('',#579);
#579 = AXIS2_PLACEMENT_3D('',#580,#581,#582);
#580 = CARTESIAN_POINT('',(6.985,-17.145,2.157));
#581 = DIRECTION('',(1.,4.440892098501E-16,0.));
#582 = DIRECTION('',(-4.440892098501E-16,1.,0.));
#583 = ADVANCED_FACE('',(#584),#609,.T.);
#584 = FACE_BOUND('',#585,.T.);
#585 = EDGE_LOOP('',(#586,#594,#595,#603));
#586 = ORIENTED_EDGE('',*,*,#587,.F.);
#587 = EDGE_CURVE('',#143,#588,#590,.T.);
#588 = VERTEX_POINT('',#589);
#589 = CARTESIAN_POINT('',(6.985,-1.778,2.157));
#590 = LINE('',#591,#592);
#591 = CARTESIAN_POINT('',(6.985,-1.778,2.157));
#592 = VECTOR('',#593,1.);
#593 = DIRECTION('',(0.,0.,1.));
#594 = ORIENTED_EDGE('',*,*,#142,.T.);
#595 = ORIENTED_EDGE('',*,*,#596,.F.);
#596 = EDGE_CURVE('',#597,#135,#599,.T.);
#597 = VERTEX_POINT('',#598);
#598 = CARTESIAN_POINT('',(6.985,-0.762,2.157));
#599 = LINE('',#600,#601);
#600 = CARTESIAN_POINT('',(6.985,-0.762,1.0785));
#601 = VECTOR('',#602,1.);
#602 = DIRECTION('',(0.,0.,-1.));
#603 = ORIENTED_EDGE('',*,*,#604,.F.);
#604 = EDGE_CURVE('',#588,#597,#605,.T.);
#605 = LINE('',#606,#607);
#606 = CARTESIAN_POINT('',(6.985,-17.145,2.157));
#607 = VECTOR('',#608,1.);
#608 = DIRECTION('',(-4.440892098501E-16,1.,0.));
#609 = PLANE('',#610);
#610 = AXIS2_PLACEMENT_3D('',#611,#612,#613);
#611 = CARTESIAN_POINT('',(6.985,-17.145,2.157));
#612 = DIRECTION('',(1.,4.440892098501E-16,0.));
#613 = DIRECTION('',(-4.440892098501E-16,1.,0.));
#614 = ADVANCED_FACE('',(#615),#640,.F.);
#615 = FACE_BOUND('',#616,.F.);
#616 = EDGE_LOOP('',(#617,#625,#626,#634));
#617 = ORIENTED_EDGE('',*,*,#618,.F.);
#618 = EDGE_CURVE('',#207,#619,#621,.T.);
#619 = VERTEX_POINT('',#620);
#620 = CARTESIAN_POINT('',(7.366,-11.938,1.903));
#621 = LINE('',#622,#623);
#622 = CARTESIAN_POINT('',(3.683,-11.938,1.903));
#623 = VECTOR('',#624,1.);
#624 = DIRECTION('',(1.,3.216245299353E-16,0.));
#625 = ORIENTED_EDGE('',*,*,#214,.F.);
#626 = ORIENTED_EDGE('',*,*,#627,.F.);
#627 = EDGE_CURVE('',#628,#215,#630,.T.);
#628 = VERTEX_POINT('',#629);
#629 = CARTESIAN_POINT('',(7.366,-13.462,1.903));
#630 = LINE('',#631,#632);
#631 = CARTESIAN_POINT('',(7.62,-13.462,1.903));
#632 = VECTOR('',#633,1.);
#633 = DIRECTION('',(-1.,-3.216245299353E-16,0.));
#634 = ORIENTED_EDGE('',*,*,#635,.T.);
#635 = EDGE_CURVE('',#628,#619,#636,.T.);
#636 = LINE('',#637,#638);
#637 = CARTESIAN_POINT('',(7.366,-13.462,1.903));
#638 = VECTOR('',#639,1.);
#639 = DIRECTION('',(-3.216245299353E-16,1.,0.));
#640 = PLANE('',#641);
#641 = AXIS2_PLACEMENT_3D('',#642,#643,#644);
#642 = CARTESIAN_POINT('',(0.254,-11.938,1.903));
#643 = DIRECTION('',(0.,0.,1.));
#644 = DIRECTION('',(-4.440892098501E-16,1.,0.));
#645 = ADVANCED_FACE('',(#646),#671,.F.);
#646 = FACE_BOUND('',#647,.F.);
#647 = EDGE_LOOP('',(#648,#656,#657,#665));
#648 = ORIENTED_EDGE('',*,*,#649,.F.);
#649 = EDGE_CURVE('',#143,#650,#652,.T.);
#650 = VERTEX_POINT('',#651);
#651 = CARTESIAN_POINT('',(7.366,-1.778,1.903));
#652 = LINE('',#653,#654);
#653 = CARTESIAN_POINT('',(3.683,-1.778,1.903));
#654 = VECTOR('',#655,1.);
#655 = DIRECTION('',(1.,3.216245299353E-16,0.));
#656 = ORIENTED_EDGE('',*,*,#150,.F.);
#657 = ORIENTED_EDGE('',*,*,#658,.F.);
#658 = EDGE_CURVE('',#659,#151,#661,.T.);
#659 = VERTEX_POINT('',#660);
#660 = CARTESIAN_POINT('',(7.366,-3.302,1.903));
#661 = LINE('',#662,#663);
#662 = CARTESIAN_POINT('',(7.62,-3.302,1.903));
#663 = VECTOR('',#664,1.);
#664 = DIRECTION('',(-1.,-3.216245299353E-16,0.));
#665 = ORIENTED_EDGE('',*,*,#666,.T.);
#666 = EDGE_CURVE('',#659,#650,#667,.T.);
#667 = LINE('',#668,#669);
#668 = CARTESIAN_POINT('',(7.366,-3.302,1.903));
#669 = VECTOR('',#670,1.);
#670 = DIRECTION('',(-3.216245299353E-16,1.,0.));
#671 = PLANE('',#672);
#672 = AXIS2_PLACEMENT_3D('',#673,#674,#675);
#673 = CARTESIAN_POINT('',(0.254,-1.778,1.903));
#674 = DIRECTION('',(0.,0.,1.));
#675 = DIRECTION('',(-4.440892098501E-16,1.,0.));
#676 = ADVANCED_FACE('',(#677),#702,.T.);
#677 = FACE_BOUND('',#678,.T.);
#678 = EDGE_LOOP('',(#679,#687,#688,#696));
#679 = ORIENTED_EDGE('',*,*,#680,.F.);
#680 = EDGE_CURVE('',#207,#681,#683,.T.);
#681 = VERTEX_POINT('',#682);
#682 = CARTESIAN_POINT('',(6.985,-11.938,2.157));
#683 = LINE('',#684,#685);
#684 = CARTESIAN_POINT('',(6.985,-11.938,2.157));
#685 = VECTOR('',#686,1.);
#686 = DIRECTION('',(0.,0.,1.));
#687 = ORIENTED_EDGE('',*,*,#206,.T.);
#688 = ORIENTED_EDGE('',*,*,#689,.T.);
#689 = EDGE_CURVE('',#199,#690,#692,.T.);
#690 = VERTEX_POINT('',#691);
#691 = CARTESIAN_POINT('',(6.985,-10.922,2.157));
#692 = LINE('',#693,#694);
#693 = CARTESIAN_POINT('',(6.985,-10.922,2.157));
#694 = VECTOR('',#695,1.);
#695 = DIRECTION('',(0.,0.,1.));
#696 = ORIENTED_EDGE('',*,*,#697,.F.);
#697 = EDGE_CURVE('',#681,#690,#698,.T.);
#698 = LINE('',#699,#700);
#699 = CARTESIAN_POINT('',(6.985,-17.145,2.157));
#700 = VECTOR('',#701,1.);
#701 = DIRECTION('',(-4.440892098501E-16,1.,0.));
#702 = PLANE('',#703);
#703 = AXIS2_PLACEMENT_3D('',#704,#705,#706);
#704 = CARTESIAN_POINT('',(6.985,-17.145,2.157));
#705 = DIRECTION('',(1.,4.440892098501E-16,0.));
#706 = DIRECTION('',(-4.440892098501E-16,1.,0.));
#707 = ADVANCED_FACE('',(#708),#733,.T.);
#708 = FACE_BOUND('',#709,.T.);
#709 = EDGE_LOOP('',(#710,#718,#719,#727));
#710 = ORIENTED_EDGE('',*,*,#711,.F.);
#711 = EDGE_CURVE('',#159,#712,#714,.T.);
#712 = VERTEX_POINT('',#713);
#713 = CARTESIAN_POINT('',(6.985,-4.318,2.157));
#714 = LINE('',#715,#716);
#715 = CARTESIAN_POINT('',(6.985,-4.318,2.157));
#716 = VECTOR('',#717,1.);
#717 = DIRECTION('',(0.,0.,1.));
#718 = ORIENTED_EDGE('',*,*,#158,.T.);
#719 = ORIENTED_EDGE('',*,*,#720,.T.);
#720 = EDGE_CURVE('',#151,#721,#723,.T.);
#721 = VERTEX_POINT('',#722);
#722 = CARTESIAN_POINT('',(6.985,-3.302,2.157));
#723 = LINE('',#724,#725);
#724 = CARTESIAN_POINT('',(6.985,-3.302,2.157));
#725 = VECTOR('',#726,1.);
#726 = DIRECTION('',(0.,0.,1.));
#727 = ORIENTED_EDGE('',*,*,#728,.F.);
#728 = EDGE_CURVE('',#712,#721,#729,.T.);
#729 = LINE('',#730,#731);
#730 = CARTESIAN_POINT('',(6.985,-17.145,2.157));
#731 = VECTOR('',#732,1.);
#732 = DIRECTION('',(-4.440892098501E-16,1.,0.));
#733 = PLANE('',#734);
#734 = AXIS2_PLACEMENT_3D('',#735,#736,#737);
#735 = CARTESIAN_POINT('',(6.985,-17.145,2.157));
#736 = DIRECTION('',(1.,4.440892098501E-16,0.));
#737 = DIRECTION('',(-4.440892098501E-16,1.,0.));
#738 = ADVANCED_FACE('',(#739),#764,.F.);
#739 = FACE_BOUND('',#740,.F.);
#740 = EDGE_LOOP('',(#741,#749,#750,#758));
#741 = ORIENTED_EDGE('',*,*,#742,.F.);
#742 = EDGE_CURVE('',#191,#743,#745,.T.);
#743 = VERTEX_POINT('',#744);
#744 = CARTESIAN_POINT('',(7.366,-9.398,1.903));
#745 = LINE('',#746,#747);
#746 = CARTESIAN_POINT('',(3.683,-9.398,1.903));
#747 = VECTOR('',#748,1.);
#748 = DIRECTION('',(1.,3.216245299353E-16,0.));
#749 = ORIENTED_EDGE('',*,*,#198,.F.);
#750 = ORIENTED_EDGE('',*,*,#751,.F.);
#751 = EDGE_CURVE('',#752,#199,#754,.T.);
#752 = VERTEX_POINT('',#753);
#753 = CARTESIAN_POINT('',(7.366,-10.922,1.903));
#754 = LINE('',#755,#756);
#755 = CARTESIAN_POINT('',(7.62,-10.922,1.903));
#756 = VECTOR('',#757,1.);
#757 = DIRECTION('',(-1.,-3.216245299353E-16,0.));
#758 = ORIENTED_EDGE('',*,*,#759,.T.);
#759 = EDGE_CURVE('',#752,#743,#760,.T.);
#760 = LINE('',#761,#762);
#761 = CARTESIAN_POINT('',(7.366,-10.922,1.903));
#762 = VECTOR('',#763,1.);
#763 = DIRECTION('',(-3.216245299353E-16,1.,0.));
#764 = PLANE('',#765);
#765 = AXIS2_PLACEMENT_3D('',#766,#767,#768);
#766 = CARTESIAN_POINT('',(0.254,-9.398,1.903));
#767 = DIRECTION('',(0.,0.,1.));
#768 = DIRECTION('',(-4.440892098501E-16,1.,0.));
#769 = ADVANCED_FACE('',(#770),#795,.F.);
#770 = FACE_BOUND('',#771,.F.);
#771 = EDGE_LOOP('',(#772,#780,#781,#789));
#772 = ORIENTED_EDGE('',*,*,#773,.F.);
#773 = EDGE_CURVE('',#159,#774,#776,.T.);
#774 = VERTEX_POINT('',#775);
#775 = CARTESIAN_POINT('',(7.366,-4.318,1.903));
#776 = LINE('',#777,#778);
#777 = CARTESIAN_POINT('',(3.683,-4.318,1.903));
#778 = VECTOR('',#779,1.);
#779 = DIRECTION('',(1.,3.216245299353E-16,0.));
#780 = ORIENTED_EDGE('',*,*,#166,.F.);
#781 = ORIENTED_EDGE('',*,*,#782,.F.);
#782 = EDGE_CURVE('',#783,#167,#785,.T.);
#783 = VERTEX_POINT('',#784);
#784 = CARTESIAN_POINT('',(7.366,-5.842,1.903));
#785 = LINE('',#786,#787);
#786 = CARTESIAN_POINT('',(7.62,-5.842,1.903));
#787 = VECTOR('',#788,1.);
#788 = DIRECTION('',(-1.,-3.216245299353E-16,0.));
#789 = ORIENTED_EDGE('',*,*,#790,.T.);
#790 = EDGE_CURVE('',#783,#774,#791,.T.);
#791 = LINE('',#792,#793);
#792 = CARTESIAN_POINT('',(7.366,-5.842,1.903));
#793 = VECTOR('',#794,1.);
#794 = DIRECTION('',(-3.216245299353E-16,1.,0.));
#795 = PLANE('',#796);
#796 = AXIS2_PLACEMENT_3D('',#797,#798,#799);
#797 = CARTESIAN_POINT('',(0.254,-4.318,1.903));
#798 = DIRECTION('',(0.,0.,1.));
#799 = DIRECTION('',(-4.440892098501E-16,1.,0.));
#800 = ADVANCED_FACE('',(#801),#826,.T.);
#801 = FACE_BOUND('',#802,.T.);
#802 = EDGE_LOOP('',(#803,#811,#812,#820));
#803 = ORIENTED_EDGE('',*,*,#804,.F.);
#804 = EDGE_CURVE('',#191,#805,#807,.T.);
#805 = VERTEX_POINT('',#806);
#806 = CARTESIAN_POINT('',(6.985,-9.398,2.157));
#807 = LINE('',#808,#809);
#808 = CARTESIAN_POINT('',(6.985,-9.398,2.157));
#809 = VECTOR('',#810,1.);
#810 = DIRECTION('',(0.,0.,1.));
#811 = ORIENTED_EDGE('',*,*,#190,.T.);
#812 = ORIENTED_EDGE('',*,*,#813,.T.);
#813 = EDGE_CURVE('',#183,#814,#816,.T.);
#814 = VERTEX_POINT('',#815);
#815 = CARTESIAN_POINT('',(6.985,-8.382,2.157));
#816 = LINE('',#817,#818);
#817 = CARTESIAN_POINT('',(6.985,-8.382,2.157));
#818 = VECTOR('',#819,1.);
#819 = DIRECTION('',(0.,0.,1.));
#820 = ORIENTED_EDGE('',*,*,#821,.F.);
#821 = EDGE_CURVE('',#805,#814,#822,.T.);
#822 = LINE('',#823,#824);
#823 = CARTESIAN_POINT('',(6.985,-17.145,2.157));
#824 = VECTOR('',#825,1.);
#825 = DIRECTION('',(-4.440892098501E-16,1.,0.));
#826 = PLANE('',#827);
#827 = AXIS2_PLACEMENT_3D('',#828,#829,#830);
#828 = CARTESIAN_POINT('',(6.985,-17.145,2.157));
#829 = DIRECTION('',(1.,4.440892098501E-16,0.));
#830 = DIRECTION('',(-4.440892098501E-16,1.,0.));
#831 = ADVANCED_FACE('',(#832),#857,.T.);
#832 = FACE_BOUND('',#833,.T.);
#833 = EDGE_LOOP('',(#834,#842,#843,#851));
#834 = ORIENTED_EDGE('',*,*,#835,.F.);
#835 = EDGE_CURVE('',#175,#836,#838,.T.);
#836 = VERTEX_POINT('',#837);
#837 = CARTESIAN_POINT('',(6.985,-6.858,2.157));
#838 = LINE('',#839,#840);
#839 = CARTESIAN_POINT('',(6.985,-6.858,2.157));
#840 = VECTOR('',#841,1.);
#841 = DIRECTION('',(0.,0.,1.));
#842 = ORIENTED_EDGE('',*,*,#174,.T.);
#843 = ORIENTED_EDGE('',*,*,#844,.T.);
#844 = EDGE_CURVE('',#167,#845,#847,.T.);
#845 = VERTEX_POINT('',#846);
#846 = CARTESIAN_POINT('',(6.985,-5.842,2.157));
#847 = LINE('',#848,#849);
#848 = CARTESIAN_POINT('',(6.985,-5.842,2.157));
#849 = VECTOR('',#850,1.);
#850 = DIRECTION('',(0.,0.,1.));
#851 = ORIENTED_EDGE('',*,*,#852,.F.);
#852 = EDGE_CURVE('',#836,#845,#853,.T.);
#853 = LINE('',#854,#855);
#854 = CARTESIAN_POINT('',(6.985,-17.145,2.157));
#855 = VECTOR('',#856,1.);
#856 = DIRECTION('',(-4.440892098501E-16,1.,0.));
#857 = PLANE('',#858);
#858 = AXIS2_PLACEMENT_3D('',#859,#860,#861);
#859 = CARTESIAN_POINT('',(6.985,-17.145,2.157));
#860 = DIRECTION('',(1.,4.440892098501E-16,0.));
#861 = DIRECTION('',(-4.440892098501E-16,1.,0.));
#862 = ADVANCED_FACE('',(#863),#888,.F.);
#863 = FACE_BOUND('',#864,.F.);
#864 = EDGE_LOOP('',(#865,#873,#874,#882));
#865 = ORIENTED_EDGE('',*,*,#866,.F.);
#866 = EDGE_CURVE('',#175,#867,#869,.T.);
#867 = VERTEX_POINT('',#868);
#868 = CARTESIAN_POINT('',(7.366,-6.858,1.903));
#869 = LINE('',#870,#871);
#870 = CARTESIAN_POINT('',(3.683,-6.858,1.903));
#871 = VECTOR('',#872,1.);
#872 = DIRECTION('',(1.,3.216245299353E-16,0.));
#873 = ORIENTED_EDGE('',*,*,#182,.F.);
#874 = ORIENTED_EDGE('',*,*,#875,.F.);
#875 = EDGE_CURVE('',#876,#183,#878,.T.);
#876 = VERTEX_POINT('',#877);
#877 = CARTESIAN_POINT('',(7.366,-8.382,1.903));
#878 = LINE('',#879,#880);
#879 = CARTESIAN_POINT('',(7.62,-8.382,1.903));
#880 = VECTOR('',#881,1.);
#881 = DIRECTION('',(-1.,-3.216245299353E-16,0.));
#882 = ORIENTED_EDGE('',*,*,#883,.T.);
#883 = EDGE_CURVE('',#876,#867,#884,.T.);
#884 = LINE('',#885,#886);
#885 = CARTESIAN_POINT('',(7.366,-8.382,1.903));
#886 = VECTOR('',#887,1.);
#887 = DIRECTION('',(-3.216245299353E-16,1.,0.));
#888 = PLANE('',#889);
#889 = AXIS2_PLACEMENT_3D('',#890,#891,#892);
#890 = CARTESIAN_POINT('',(0.254,-6.858,1.903));
#891 = DIRECTION('',(0.,0.,1.));
#892 = DIRECTION('',(-4.440892098501E-16,1.,0.));
#893 = ADVANCED_FACE('',(#894),#911,.T.);
#894 = FACE_BOUND('',#895,.T.);
#895 = EDGE_LOOP('',(#896,#897,#904,#910));
#896 = ORIENTED_EDGE('',*,*,#267,.T.);
#897 = ORIENTED_EDGE('',*,*,#898,.T.);
#898 = EDGE_CURVE('',#261,#899,#901,.T.);
#899 = VERTEX_POINT('',#900);
#900 = CARTESIAN_POINT('',(0.635,1.905,2.157));
#901 = B_SPLINE_CURVE_WITH_KNOTS('',1,(#902,#903),.UNSPECIFIED.,.F.,.F.,
  (2,2),(0.,1.),.PIECEWISE_BEZIER_KNOTS.);
#902 = CARTESIAN_POINT('',(0.635,1.905,1.903));
#903 = CARTESIAN_POINT('',(0.635,1.905,2.157));
#904 = ORIENTED_EDGE('',*,*,#905,.F.);
#905 = EDGE_CURVE('',#474,#899,#906,.T.);
#906 = LINE('',#907,#908);
#907 = CARTESIAN_POINT('',(6.985,1.905,2.157));
#908 = VECTOR('',#909,1.);
#909 = DIRECTION('',(-1.,-4.440892098501E-16,0.));
#910 = ORIENTED_EDGE('',*,*,#473,.F.);
#911 = PLANE('',#912);
#912 = AXIS2_PLACEMENT_3D('',#913,#914,#915);
#913 = CARTESIAN_POINT('',(6.985,1.905,2.157));
#914 = DIRECTION('',(-4.440892098501E-16,1.,0.));
#915 = DIRECTION('',(-1.,-4.440892098501E-16,0.));
#916 = ADVANCED_FACE('',(#917),#935,.T.);
#917 = FACE_BOUND('',#918,.T.);
#918 = EDGE_LOOP('',(#919,#920,#921,#929));
#919 = ORIENTED_EDGE('',*,*,#898,.F.);
#920 = ORIENTED_EDGE('',*,*,#402,.T.);
#921 = ORIENTED_EDGE('',*,*,#922,.T.);
#922 = EDGE_CURVE('',#395,#923,#925,.T.);
#923 = VERTEX_POINT('',#924);
#924 = CARTESIAN_POINT('',(0.635,0.2285,2.157));
#925 = LINE('',#926,#927);
#926 = CARTESIAN_POINT('',(0.635,0.2285,2.157));
#927 = VECTOR('',#928,1.);
#928 = DIRECTION('',(0.,0.,1.));
#929 = ORIENTED_EDGE('',*,*,#930,.F.);
#930 = EDGE_CURVE('',#899,#923,#931,.T.);
#931 = LINE('',#932,#933);
#932 = CARTESIAN_POINT('',(0.635,1.905,2.157));
#933 = VECTOR('',#934,1.);
#934 = DIRECTION('',(4.440892098501E-16,-1.,0.));
#935 = PLANE('',#936);
#936 = AXIS2_PLACEMENT_3D('',#937,#938,#939);
#937 = CARTESIAN_POINT('',(0.635,1.905,2.157));
#938 = DIRECTION('',(-1.,-4.440892098501E-16,0.));
#939 = DIRECTION('',(4.440892098501E-16,-1.,0.));
#940 = ADVANCED_FACE('',(#941),#965,.T.);
#941 = FACE_BOUND('',#942,.T.);
#942 = EDGE_LOOP('',(#943,#951,#952,#959));
#943 = ORIENTED_EDGE('',*,*,#944,.T.);
#944 = EDGE_CURVE('',#945,#291,#947,.T.);
#945 = VERTEX_POINT('',#946);
#946 = CARTESIAN_POINT('',(0.635,-15.4685,2.157));
#947 = LINE('',#948,#949);
#948 = CARTESIAN_POINT('',(0.635,-15.4685,1.9665));
#949 = VECTOR('',#950,1.);
#950 = DIRECTION('',(0.,0.,-1.));
#951 = ORIENTED_EDGE('',*,*,#290,.T.);
#952 = ORIENTED_EDGE('',*,*,#953,.T.);
#953 = EDGE_CURVE('',#284,#954,#956,.T.);
#954 = VERTEX_POINT('',#955);
#955 = CARTESIAN_POINT('',(0.635,-17.145,2.157));
#956 = B_SPLINE_CURVE_WITH_KNOTS('',1,(#957,#958),.UNSPECIFIED.,.F.,.F.,
  (2,2),(0.,1.),.PIECEWISE_BEZIER_KNOTS.);
#957 = CARTESIAN_POINT('',(0.635,-17.145,1.903));
#958 = CARTESIAN_POINT('',(0.635,-17.145,2.157));
#959 = ORIENTED_EDGE('',*,*,#960,.F.);
#960 = EDGE_CURVE('',#945,#954,#961,.T.);
#961 = LINE('',#962,#963);
#962 = CARTESIAN_POINT('',(0.635,1.905,2.157));
#963 = VECTOR('',#964,1.);
#964 = DIRECTION('',(4.440892098501E-16,-1.,0.));
#965 = PLANE('',#966);
#966 = AXIS2_PLACEMENT_3D('',#967,#968,#969);
#967 = CARTESIAN_POINT('',(0.635,1.905,2.157));
#968 = DIRECTION('',(-1.,-4.440892098501E-16,0.));
#969 = DIRECTION('',(4.440892098501E-16,-1.,0.));
#970 = ADVANCED_FACE('',(#971),#996,.F.);
#971 = FACE_BOUND('',#972,.F.);
#972 = EDGE_LOOP('',(#973,#981,#989,#995));
#973 = ORIENTED_EDGE('',*,*,#974,.F.);
#974 = EDGE_CURVE('',#975,#395,#977,.T.);
#975 = VERTEX_POINT('',#976);
#976 = CARTESIAN_POINT('',(0.254,0.2285,1.903));
#977 = LINE('',#978,#979);
#978 = CARTESIAN_POINT('',(-0.127,0.2285,1.903));
#979 = VECTOR('',#980,1.);
#980 = DIRECTION('',(1.,4.440892098501E-16,0.));
#981 = ORIENTED_EDGE('',*,*,#982,.T.);
#982 = EDGE_CURVE('',#975,#983,#985,.T.);
#983 = VERTEX_POINT('',#984);
#984 = CARTESIAN_POINT('',(0.254,-0.762,1.903));
#985 = LINE('',#986,#987);
#986 = CARTESIAN_POINT('',(0.254,0.2285,1.903));
#987 = VECTOR('',#988,1.);
#988 = DIRECTION('',(4.440892098501E-16,-1.,0.));
#989 = ORIENTED_EDGE('',*,*,#990,.F.);
#990 = EDGE_CURVE('',#387,#983,#991,.T.);
#991 = LINE('',#992,#993);
#992 = CARTESIAN_POINT('',(3.81,-0.762,1.903));
#993 = VECTOR('',#994,1.);
#994 = DIRECTION('',(-1.,-4.440892098501E-16,0.));
#995 = ORIENTED_EDGE('',*,*,#394,.F.);
#996 = PLANE('',#997);
#997 = AXIS2_PLACEMENT_3D('',#998,#999,#1000);
#998 = CARTESIAN_POINT('',(0.254,0.2285,1.903));
#999 = DIRECTION('',(0.,0.,1.));
#1000 = DIRECTION('',(-4.440892098501E-16,1.,0.));
#1001 = ADVANCED_FACE('',(#1002),#1027,.F.);
#1002 = FACE_BOUND('',#1003,.F.);
#1003 = EDGE_LOOP('',(#1004,#1012,#1020,#1026));
#1004 = ORIENTED_EDGE('',*,*,#1005,.F.);
#1005 = EDGE_CURVE('',#1006,#299,#1008,.T.);
#1006 = VERTEX_POINT('',#1007);
#1007 = CARTESIAN_POINT('',(0.254,-14.478,1.903));
#1008 = LINE('',#1009,#1010);
#1009 = CARTESIAN_POINT('',(-0.127,-14.478,1.903));
#1010 = VECTOR('',#1011,1.);
#1011 = DIRECTION('',(1.,4.440892098501E-16,0.));
#1012 = ORIENTED_EDGE('',*,*,#1013,.F.);
#1013 = EDGE_CURVE('',#1014,#1006,#1016,.T.);
#1014 = VERTEX_POINT('',#1015);
#1015 = CARTESIAN_POINT('',(0.254,-15.4685,1.903));
#1016 = LINE('',#1017,#1018);
#1017 = CARTESIAN_POINT('',(0.254,-15.4685,1.903));
#1018 = VECTOR('',#1019,1.);
#1019 = DIRECTION('',(-4.440892098501E-16,1.,0.));
#1020 = ORIENTED_EDGE('',*,*,#1021,.F.);
#1021 = EDGE_CURVE('',#291,#1014,#1022,.T.);
#1022 = LINE('',#1023,#1024);
#1023 = CARTESIAN_POINT('',(3.81,-15.4685,1.903));
#1024 = VECTOR('',#1025,1.);
#1025 = DIRECTION('',(-1.,-4.440892098501E-16,0.));
#1026 = ORIENTED_EDGE('',*,*,#298,.F.);
#1027 = PLANE('',#1028);
#1028 = AXIS2_PLACEMENT_3D('',#1029,#1030,#1031);
#1029 = CARTESIAN_POINT('',(0.254,-14.478,1.903));
#1030 = DIRECTION('',(0.,0.,1.));
#1031 = DIRECTION('',(-4.440892098501E-16,1.,0.));
#1032 = ADVANCED_FACE('',(#1033),#1058,.T.);
#1033 = FACE_BOUND('',#1034,.T.);
#1034 = EDGE_LOOP('',(#1035,#1043,#1044,#1052));
#1035 = ORIENTED_EDGE('',*,*,#1036,.F.);
#1036 = EDGE_CURVE('',#387,#1037,#1039,.T.);
#1037 = VERTEX_POINT('',#1038);
#1038 = CARTESIAN_POINT('',(0.635,-0.762,2.157));
#1039 = LINE('',#1040,#1041);
#1040 = CARTESIAN_POINT('',(0.635,-0.762,1.0785));
#1041 = VECTOR('',#1042,1.);
#1042 = DIRECTION('',(0.,0.,1.));
#1043 = ORIENTED_EDGE('',*,*,#386,.T.);
#1044 = ORIENTED_EDGE('',*,*,#1045,.F.);
#1045 = EDGE_CURVE('',#1046,#379,#1048,.T.);
#1046 = VERTEX_POINT('',#1047);
#1047 = CARTESIAN_POINT('',(0.635,-1.778,2.157));
#1048 = LINE('',#1049,#1050);
#1049 = CARTESIAN_POINT('',(0.635,-1.778,2.157));
#1050 = VECTOR('',#1051,1.);
#1051 = DIRECTION('',(0.,0.,-1.));
#1052 = ORIENTED_EDGE('',*,*,#1053,.F.);
#1053 = EDGE_CURVE('',#1037,#1046,#1054,.T.);
#1054 = LINE('',#1055,#1056);
#1055 = CARTESIAN_POINT('',(0.635,1.905,2.157));
#1056 = VECTOR('',#1057,1.);
#1057 = DIRECTION('',(4.440892098501E-16,-1.,0.));
#1058 = PLANE('',#1059);
#1059 = AXIS2_PLACEMENT_3D('',#1060,#1061,#1062);
#1060 = CARTESIAN_POINT('',(0.635,1.905,2.157));
#1061 = DIRECTION('',(-1.,-4.440892098501E-16,0.));
#1062 = DIRECTION('',(4.440892098501E-16,-1.,0.));
#1063 = ADVANCED_FACE('',(#1064),#1089,.T.);
#1064 = FACE_BOUND('',#1065,.T.);
#1065 = EDGE_LOOP('',(#1066,#1074,#1075,#1083));
#1066 = ORIENTED_EDGE('',*,*,#1067,.T.);
#1067 = EDGE_CURVE('',#1068,#307,#1070,.T.);
#1068 = VERTEX_POINT('',#1069);
#1069 = CARTESIAN_POINT('',(0.635,-13.462,2.157));
#1070 = LINE('',#1071,#1072);
#1071 = CARTESIAN_POINT('',(0.635,-13.462,2.157));
#1072 = VECTOR('',#1073,1.);
#1073 = DIRECTION('',(0.,0.,-1.));
#1074 = ORIENTED_EDGE('',*,*,#306,.T.);
#1075 = ORIENTED_EDGE('',*,*,#1076,.T.);
#1076 = EDGE_CURVE('',#299,#1077,#1079,.T.);
#1077 = VERTEX_POINT('',#1078);
#1078 = CARTESIAN_POINT('',(0.635,-14.478,2.157));
#1079 = LINE('',#1080,#1081);
#1080 = CARTESIAN_POINT('',(0.635,-14.478,2.157));
#1081 = VECTOR('',#1082,1.);
#1082 = DIRECTION('',(-7.727215166377E-30,1.740014167195E-14,1.));
#1083 = ORIENTED_EDGE('',*,*,#1084,.F.);
#1084 = EDGE_CURVE('',#1068,#1077,#1085,.T.);
#1085 = LINE('',#1086,#1087);
#1086 = CARTESIAN_POINT('',(0.635,1.905,2.157));
#1087 = VECTOR('',#1088,1.);
#1088 = DIRECTION('',(4.440892098501E-16,-1.,0.));
#1089 = PLANE('',#1090);
#1090 = AXIS2_PLACEMENT_3D('',#1091,#1092,#1093);
#1091 = CARTESIAN_POINT('',(0.635,1.905,2.157));
#1092 = DIRECTION('',(-1.,-4.440892098501E-16,0.));
#1093 = DIRECTION('',(4.440892098501E-16,-1.,0.));
#1094 = ADVANCED_FACE('',(#1095),#1120,.F.);
#1095 = FACE_BOUND('',#1096,.F.);
#1096 = EDGE_LOOP('',(#1097,#1105,#1113,#1119));
#1097 = ORIENTED_EDGE('',*,*,#1098,.F.);
#1098 = EDGE_CURVE('',#1099,#379,#1101,.T.);
#1099 = VERTEX_POINT('',#1100);
#1100 = CARTESIAN_POINT('',(0.254,-1.778,1.903));
#1101 = LINE('',#1102,#1103);
#1102 = CARTESIAN_POINT('',(-3.552713678801E-15,-1.778,1.903));
#1103 = VECTOR('',#1104,1.);
#1104 = DIRECTION('',(1.,4.440892098501E-16,0.));
#1105 = ORIENTED_EDGE('',*,*,#1106,.T.);
#1106 = EDGE_CURVE('',#1099,#1107,#1109,.T.);
#1107 = VERTEX_POINT('',#1108);
#1108 = CARTESIAN_POINT('',(0.254,-3.302,1.903));
#1109 = LINE('',#1110,#1111);
#1110 = CARTESIAN_POINT('',(0.254,-1.778,1.903));
#1111 = VECTOR('',#1112,1.);
#1112 = DIRECTION('',(4.440892098501E-16,-1.,0.));
#1113 = ORIENTED_EDGE('',*,*,#1114,.F.);
#1114 = EDGE_CURVE('',#371,#1107,#1115,.T.);
#1115 = LINE('',#1116,#1117);
#1116 = CARTESIAN_POINT('',(3.937,-3.302,1.903));
#1117 = VECTOR('',#1118,1.);
#1118 = DIRECTION('',(-1.,-4.440892098501E-16,0.));
#1119 = ORIENTED_EDGE('',*,*,#378,.F.);
#1120 = PLANE('',#1121);
#1121 = AXIS2_PLACEMENT_3D('',#1122,#1123,#1124);
#1122 = CARTESIAN_POINT('',(0.254,-1.778,1.903));
#1123 = DIRECTION('',(0.,0.,1.));
#1124 = DIRECTION('',(-4.440892098501E-16,1.,0.));
#1125 = ADVANCED_FACE('',(#1126),#1151,.F.);
#1126 = FACE_BOUND('',#1127,.F.);
#1127 = EDGE_LOOP('',(#1128,#1136,#1144,#1150));
#1128 = ORIENTED_EDGE('',*,*,#1129,.F.);
#1129 = EDGE_CURVE('',#1130,#315,#1132,.T.);
#1130 = VERTEX_POINT('',#1131);
#1131 = CARTESIAN_POINT('',(0.254,-11.938,1.903));
#1132 = LINE('',#1133,#1134);
#1133 = CARTESIAN_POINT('',(8.881784197001E-16,-11.938,1.903));
#1134 = VECTOR('',#1135,1.);
#1135 = DIRECTION('',(1.,4.440892098501E-16,0.));
#1136 = ORIENTED_EDGE('',*,*,#1137,.T.);
#1137 = EDGE_CURVE('',#1130,#1138,#1140,.T.);
#1138 = VERTEX_POINT('',#1139);
#1139 = CARTESIAN_POINT('',(0.254,-13.462,1.903));
#1140 = LINE('',#1141,#1142);
#1141 = CARTESIAN_POINT('',(0.254,-11.938,1.903));
#1142 = VECTOR('',#1143,1.);
#1143 = DIRECTION('',(4.440892098501E-16,-1.,0.));
#1144 = ORIENTED_EDGE('',*,*,#1145,.F.);
#1145 = EDGE_CURVE('',#307,#1138,#1146,.T.);
#1146 = LINE('',#1147,#1148);
#1147 = CARTESIAN_POINT('',(3.937,-13.462,1.903));
#1148 = VECTOR('',#1149,1.);
#1149 = DIRECTION('',(-1.,-4.440892098501E-16,0.));
#1150 = ORIENTED_EDGE('',*,*,#314,.F.);
#1151 = PLANE('',#1152);
#1152 = AXIS2_PLACEMENT_3D('',#1153,#1154,#1155);
#1153 = CARTESIAN_POINT('',(0.254,-11.938,1.903));
#1154 = DIRECTION('',(0.,0.,1.));
#1155 = DIRECTION('',(-4.440892098501E-16,1.,0.));
#1156 = ADVANCED_FACE('',(#1157),#1182,.T.);
#1157 = FACE_BOUND('',#1158,.T.);
#1158 = EDGE_LOOP('',(#1159,#1167,#1168,#1176));
#1159 = ORIENTED_EDGE('',*,*,#1160,.T.);
#1160 = EDGE_CURVE('',#1161,#371,#1163,.T.);
#1161 = VERTEX_POINT('',#1162);
#1162 = CARTESIAN_POINT('',(0.635,-3.302,2.157));
#1163 = LINE('',#1164,#1165);
#1164 = CARTESIAN_POINT('',(0.635,-3.302,2.157));
#1165 = VECTOR('',#1166,1.);
#1166 = DIRECTION('',(0.,0.,-1.));
#1167 = ORIENTED_EDGE('',*,*,#370,.T.);
#1168 = ORIENTED_EDGE('',*,*,#1169,.F.);
#1169 = EDGE_CURVE('',#1170,#363,#1172,.T.);
#1170 = VERTEX_POINT('',#1171);
#1171 = CARTESIAN_POINT('',(0.635,-4.318,2.157));
#1172 = LINE('',#1173,#1174);
#1173 = CARTESIAN_POINT('',(0.635,-4.318,2.157));
#1174 = VECTOR('',#1175,1.);
#1175 = DIRECTION('',(0.,0.,-1.));
#1176 = ORIENTED_EDGE('',*,*,#1177,.F.);
#1177 = EDGE_CURVE('',#1161,#1170,#1178,.T.);
#1178 = LINE('',#1179,#1180);
#1179 = CARTESIAN_POINT('',(0.635,1.905,2.157));
#1180 = VECTOR('',#1181,1.);
#1181 = DIRECTION('',(4.440892098501E-16,-1.,0.));
#1182 = PLANE('',#1183);
#1183 = AXIS2_PLACEMENT_3D('',#1184,#1185,#1186);
#1184 = CARTESIAN_POINT('',(0.635,1.905,2.157));
#1185 = DIRECTION('',(-1.,-4.440892098501E-16,0.));
#1186 = DIRECTION('',(4.440892098501E-16,-1.,0.));
#1187 = ADVANCED_FACE('',(#1188),#1213,.T.);
#1188 = FACE_BOUND('',#1189,.T.);
#1189 = EDGE_LOOP('',(#1190,#1198,#1199,#1207));
#1190 = ORIENTED_EDGE('',*,*,#1191,.T.);
#1191 = EDGE_CURVE('',#1192,#323,#1194,.T.);
#1192 = VERTEX_POINT('',#1193);
#1193 = CARTESIAN_POINT('',(0.635,-10.922,2.157));
#1194 = LINE('',#1195,#1196);
#1195 = CARTESIAN_POINT('',(0.635,-10.922,2.157));
#1196 = VECTOR('',#1197,1.);
#1197 = DIRECTION('',(0.,0.,-1.));
#1198 = ORIENTED_EDGE('',*,*,#322,.T.);
#1199 = ORIENTED_EDGE('',*,*,#1200,.F.);
#1200 = EDGE_CURVE('',#1201,#315,#1203,.T.);
#1201 = VERTEX_POINT('',#1202);
#1202 = CARTESIAN_POINT('',(0.635,-11.938,2.157));
#1203 = LINE('',#1204,#1205);
#1204 = CARTESIAN_POINT('',(0.635,-11.938,2.157));
#1205 = VECTOR('',#1206,1.);
#1206 = DIRECTION('',(0.,0.,-1.));
#1207 = ORIENTED_EDGE('',*,*,#1208,.F.);
#1208 = EDGE_CURVE('',#1192,#1201,#1209,.T.);
#1209 = LINE('',#1210,#1211);
#1210 = CARTESIAN_POINT('',(0.635,1.905,2.157));
#1211 = VECTOR('',#1212,1.);
#1212 = DIRECTION('',(4.440892098501E-16,-1.,0.));
#1213 = PLANE('',#1214);
#1214 = AXIS2_PLACEMENT_3D('',#1215,#1216,#1217);
#1215 = CARTESIAN_POINT('',(0.635,1.905,2.157));
#1216 = DIRECTION('',(-1.,-4.440892098501E-16,0.));
#1217 = DIRECTION('',(4.440892098501E-16,-1.,0.));
#1218 = ADVANCED_FACE('',(#1219),#1244,.F.);
#1219 = FACE_BOUND('',#1220,.F.);
#1220 = EDGE_LOOP('',(#1221,#1229,#1237,#1243));
#1221 = ORIENTED_EDGE('',*,*,#1222,.F.);
#1222 = EDGE_CURVE('',#1223,#363,#1225,.T.);
#1223 = VERTEX_POINT('',#1224);
#1224 = CARTESIAN_POINT('',(0.254,-4.318,1.903));
#1225 = LINE('',#1226,#1227);
#1226 = CARTESIAN_POINT('',(-2.22044604925E-15,-4.318,1.903));
#1227 = VECTOR('',#1228,1.);
#1228 = DIRECTION('',(1.,4.440892098501E-16,0.));
#1229 = ORIENTED_EDGE('',*,*,#1230,.T.);
#1230 = EDGE_CURVE('',#1223,#1231,#1233,.T.);
#1231 = VERTEX_POINT('',#1232);
#1232 = CARTESIAN_POINT('',(0.254,-5.842,1.903));
#1233 = LINE('',#1234,#1235);
#1234 = CARTESIAN_POINT('',(0.254,-4.318,1.903));
#1235 = VECTOR('',#1236,1.);
#1236 = DIRECTION('',(4.440892098501E-16,-1.,0.));
#1237 = ORIENTED_EDGE('',*,*,#1238,.F.);
#1238 = EDGE_CURVE('',#355,#1231,#1239,.T.);
#1239 = LINE('',#1240,#1241);
#1240 = CARTESIAN_POINT('',(3.937,-5.842,1.903));
#1241 = VECTOR('',#1242,1.);
#1242 = DIRECTION('',(-1.,-4.440892098501E-16,0.));
#1243 = ORIENTED_EDGE('',*,*,#362,.F.);
#1244 = PLANE('',#1245);
#1245 = AXIS2_PLACEMENT_3D('',#1246,#1247,#1248);
#1246 = CARTESIAN_POINT('',(0.254,-4.318,1.903));
#1247 = DIRECTION('',(0.,0.,1.));
#1248 = DIRECTION('',(-4.440892098501E-16,1.,0.));
#1249 = ADVANCED_FACE('',(#1250),#1275,.F.);
#1250 = FACE_BOUND('',#1251,.F.);
#1251 = EDGE_LOOP('',(#1252,#1260,#1268,#1274));
#1252 = ORIENTED_EDGE('',*,*,#1253,.F.);
#1253 = EDGE_CURVE('',#1254,#331,#1256,.T.);
#1254 = VERTEX_POINT('',#1255);
#1255 = CARTESIAN_POINT('',(0.254,-9.398,1.903));
#1256 = LINE('',#1257,#1258);
#1257 = CARTESIAN_POINT('',(0.,-9.398,1.903));
#1258 = VECTOR('',#1259,1.);
#1259 = DIRECTION('',(1.,4.440892098501E-16,0.));
#1260 = ORIENTED_EDGE('',*,*,#1261,.T.);
#1261 = EDGE_CURVE('',#1254,#1262,#1264,.T.);
#1262 = VERTEX_POINT('',#1263);
#1263 = CARTESIAN_POINT('',(0.254,-10.922,1.903));
#1264 = LINE('',#1265,#1266);
#1265 = CARTESIAN_POINT('',(0.254,-9.398,1.903));
#1266 = VECTOR('',#1267,1.);
#1267 = DIRECTION('',(4.440892098501E-16,-1.,0.));
#1268 = ORIENTED_EDGE('',*,*,#1269,.F.);
#1269 = EDGE_CURVE('',#323,#1262,#1270,.T.);
#1270 = LINE('',#1271,#1272);
#1271 = CARTESIAN_POINT('',(3.937,-10.922,1.903));
#1272 = VECTOR('',#1273,1.);
#1273 = DIRECTION('',(-1.,-4.440892098501E-16,0.));
#1274 = ORIENTED_EDGE('',*,*,#330,.F.);
#1275 = PLANE('',#1276);
#1276 = AXIS2_PLACEMENT_3D('',#1277,#1278,#1279);
#1277 = CARTESIAN_POINT('',(0.254,-9.398,1.903));
#1278 = DIRECTION('',(0.,0.,1.));
#1279 = DIRECTION('',(-4.440892098501E-16,1.,0.));
#1280 = ADVANCED_FACE('',(#1281),#1306,.T.);
#1281 = FACE_BOUND('',#1282,.T.);
#1282 = EDGE_LOOP('',(#1283,#1291,#1292,#1300));
#1283 = ORIENTED_EDGE('',*,*,#1284,.T.);
#1284 = EDGE_CURVE('',#1285,#355,#1287,.T.);
#1285 = VERTEX_POINT('',#1286);
#1286 = CARTESIAN_POINT('',(0.635,-5.842,2.157));
#1287 = LINE('',#1288,#1289);
#1288 = CARTESIAN_POINT('',(0.635,-5.842,2.157));
#1289 = VECTOR('',#1290,1.);
#1290 = DIRECTION('',(0.,0.,-1.));
#1291 = ORIENTED_EDGE('',*,*,#354,.T.);
#1292 = ORIENTED_EDGE('',*,*,#1293,.F.);
#1293 = EDGE_CURVE('',#1294,#347,#1296,.T.);
#1294 = VERTEX_POINT('',#1295);
#1295 = CARTESIAN_POINT('',(0.635,-6.858,2.157));
#1296 = LINE('',#1297,#1298);
#1297 = CARTESIAN_POINT('',(0.635,-6.858,2.157));
#1298 = VECTOR('',#1299,1.);
#1299 = DIRECTION('',(0.,0.,-1.));
#1300 = ORIENTED_EDGE('',*,*,#1301,.F.);
#1301 = EDGE_CURVE('',#1285,#1294,#1302,.T.);
#1302 = LINE('',#1303,#1304);
#1303 = CARTESIAN_POINT('',(0.635,1.905,2.157));
#1304 = VECTOR('',#1305,1.);
#1305 = DIRECTION('',(4.440892098501E-16,-1.,0.));
#1306 = PLANE('',#1307);
#1307 = AXIS2_PLACEMENT_3D('',#1308,#1309,#1310);
#1308 = CARTESIAN_POINT('',(0.635,1.905,2.157));
#1309 = DIRECTION('',(-1.,-4.440892098501E-16,0.));
#1310 = DIRECTION('',(4.440892098501E-16,-1.,0.));
#1311 = ADVANCED_FACE('',(#1312),#1337,.T.);
#1312 = FACE_BOUND('',#1313,.T.);
#1313 = EDGE_LOOP('',(#1314,#1322,#1323,#1331));
#1314 = ORIENTED_EDGE('',*,*,#1315,.T.);
#1315 = EDGE_CURVE('',#1316,#339,#1318,.T.);
#1316 = VERTEX_POINT('',#1317);
#1317 = CARTESIAN_POINT('',(0.635,-8.382,2.157));
#1318 = LINE('',#1319,#1320);
#1319 = CARTESIAN_POINT('',(0.635,-8.382,2.157));
#1320 = VECTOR('',#1321,1.);
#1321 = DIRECTION('',(0.,0.,-1.));
#1322 = ORIENTED_EDGE('',*,*,#338,.T.);
#1323 = ORIENTED_EDGE('',*,*,#1324,.F.);
#1324 = EDGE_CURVE('',#1325,#331,#1327,.T.);
#1325 = VERTEX_POINT('',#1326);
#1326 = CARTESIAN_POINT('',(0.635,-9.398,2.157));
#1327 = LINE('',#1328,#1329);
#1328 = CARTESIAN_POINT('',(0.635,-9.398,2.157));
#1329 = VECTOR('',#1330,1.);
#1330 = DIRECTION('',(0.,0.,-1.));
#1331 = ORIENTED_EDGE('',*,*,#1332,.F.);
#1332 = EDGE_CURVE('',#1316,#1325,#1333,.T.);
#1333 = LINE('',#1334,#1335);
#1334 = CARTESIAN_POINT('',(0.635,1.905,2.157));
#1335 = VECTOR('',#1336,1.);
#1336 = DIRECTION('',(4.440892098501E-16,-1.,0.));
#1337 = PLANE('',#1338);
#1338 = AXIS2_PLACEMENT_3D('',#1339,#1340,#1341);
#1339 = CARTESIAN_POINT('',(0.635,1.905,2.157));
#1340 = DIRECTION('',(-1.,-4.440892098501E-16,0.));
#1341 = DIRECTION('',(4.440892098501E-16,-1.,0.));
#1342 = ADVANCED_FACE('',(#1343),#1368,.F.);
#1343 = FACE_BOUND('',#1344,.F.);
#1344 = EDGE_LOOP('',(#1345,#1353,#1361,#1367));
#1345 = ORIENTED_EDGE('',*,*,#1346,.F.);
#1346 = EDGE_CURVE('',#1347,#347,#1349,.T.);
#1347 = VERTEX_POINT('',#1348);
#1348 = CARTESIAN_POINT('',(0.254,-6.858,1.903));
#1349 = LINE('',#1350,#1351);
#1350 = CARTESIAN_POINT('',(-1.33226762955E-15,-6.858,1.903));
#1351 = VECTOR('',#1352,1.);
#1352 = DIRECTION('',(1.,4.440892098501E-16,0.));
#1353 = ORIENTED_EDGE('',*,*,#1354,.T.);
#1354 = EDGE_CURVE('',#1347,#1355,#1357,.T.);
#1355 = VERTEX_POINT('',#1356);
#1356 = CARTESIAN_POINT('',(0.254,-8.382,1.903));
#1357 = LINE('',#1358,#1359);
#1358 = CARTESIAN_POINT('',(0.254,-6.858,1.903));
#1359 = VECTOR('',#1360,1.);
#1360 = DIRECTION('',(4.440892098501E-16,-1.,0.));
#1361 = ORIENTED_EDGE('',*,*,#1362,.F.);
#1362 = EDGE_CURVE('',#339,#1355,#1363,.T.);
#1363 = LINE('',#1364,#1365);
#1364 = CARTESIAN_POINT('',(3.937,-8.382,1.903));
#1365 = VECTOR('',#1366,1.);
#1366 = DIRECTION('',(-1.,-4.440892098501E-16,0.));
#1367 = ORIENTED_EDGE('',*,*,#346,.F.);
#1368 = PLANE('',#1369);
#1369 = AXIS2_PLACEMENT_3D('',#1370,#1371,#1372);
#1370 = CARTESIAN_POINT('',(0.254,-6.858,1.903));
#1371 = DIRECTION('',(0.,0.,1.));
#1372 = DIRECTION('',(-4.440892098501E-16,1.,0.));
#1373 = ADVANCED_FACE('',(#1374),#1385,.T.);
#1374 = FACE_BOUND('',#1375,.T.);
#1375 = EDGE_LOOP('',(#1376,#1377,#1378,#1384));
#1376 = ORIENTED_EDGE('',*,*,#419,.T.);
#1377 = ORIENTED_EDGE('',*,*,#434,.T.);
#1378 = ORIENTED_EDGE('',*,*,#1379,.F.);
#1379 = EDGE_CURVE('',#954,#435,#1380,.T.);
#1380 = LINE('',#1381,#1382);
#1381 = CARTESIAN_POINT('',(0.635,-17.145,2.157));
#1382 = VECTOR('',#1383,1.);
#1383 = DIRECTION('',(1.,4.440892098501E-16,0.));
#1384 = ORIENTED_EDGE('',*,*,#953,.F.);
#1385 = PLANE('',#1386);
#1386 = AXIS2_PLACEMENT_3D('',#1387,#1388,#1389);
#1387 = CARTESIAN_POINT('',(0.635,-17.145,2.157));
#1388 = DIRECTION('',(4.440892098501E-16,-1.,0.));
#1389 = DIRECTION('',(1.,4.440892098501E-16,0.));
#1390 = ADVANCED_FACE('',(#1391),#1415,.T.);
#1391 = FACE_BOUND('',#1392,.T.);
#1392 = EDGE_LOOP('',(#1393,#1400,#1401,#1409));
#1393 = ORIENTED_EDGE('',*,*,#1394,.F.);
#1394 = EDGE_CURVE('',#435,#1395,#1397,.T.);
#1395 = VERTEX_POINT('',#1396);
#1396 = CARTESIAN_POINT('',(6.91,-17.07,2.157));
#1397 = B_SPLINE_CURVE_WITH_KNOTS('',1,(#1398,#1399),.UNSPECIFIED.,.F.,
  .F.,(2,2),(0.,1.),.PIECEWISE_BEZIER_KNOTS.);
#1398 = CARTESIAN_POINT('',(6.985,-17.145,2.157));
#1399 = CARTESIAN_POINT('',(6.91,-17.07,2.157));
#1400 = ORIENTED_EDGE('',*,*,#450,.T.);
#1401 = ORIENTED_EDGE('',*,*,#1402,.T.);
#1402 = EDGE_CURVE('',#443,#1403,#1405,.T.);
#1403 = VERTEX_POINT('',#1404);
#1404 = CARTESIAN_POINT('',(6.91,-15.4685,2.157));
#1405 = LINE('',#1406,#1407);
#1406 = CARTESIAN_POINT('',(7.747,-15.4685,2.157));
#1407 = VECTOR('',#1408,1.);
#1408 = DIRECTION('',(-1.,-3.216245299353E-16,0.));
#1409 = ORIENTED_EDGE('',*,*,#1410,.F.);
#1410 = EDGE_CURVE('',#1395,#1403,#1411,.T.);
#1411 = LINE('',#1412,#1413);
#1412 = CARTESIAN_POINT('',(6.91,-17.07,2.157));
#1413 = VECTOR('',#1414,1.);
#1414 = DIRECTION('',(-4.440892098501E-16,1.,0.));
#1415 = B_SPLINE_SURFACE_WITH_KNOTS('',1,1,(
    (#1416,#1417)
    ,(#1418,#1419
    )),.UNSPECIFIED.,.F.,.F.,.F.,(2,2),(2,2),(0.,19.05),(0.,1.),
  .PIECEWISE_BEZIER_KNOTS.);
#1416 = CARTESIAN_POINT('',(6.985,-17.145,2.157));
#1417 = CARTESIAN_POINT('',(6.91,-17.07,2.157));
#1418 = CARTESIAN_POINT('',(6.985,1.905,2.157));
#1419 = CARTESIAN_POINT('',(6.91,1.83,2.157));
#1420 = ADVANCED_FACE('',(#1421),#1473,.F.);
#1421 = FACE_BOUND('',#1422,.F.);
#1422 = EDGE_LOOP('',(#1423,#1424,#1425,#1433,#1442,#1450,#1458,#1466));
#1423 = ORIENTED_EDGE('',*,*,#503,.T.);
#1424 = ORIENTED_EDGE('',*,*,#442,.T.);
#1425 = ORIENTED_EDGE('',*,*,#1426,.F.);
#1426 = EDGE_CURVE('',#1427,#443,#1429,.T.);
#1427 = VERTEX_POINT('',#1428);
#1428 = CARTESIAN_POINT('',(7.366,-15.4685,2.157));
#1429 = LINE('',#1430,#1431);
#1430 = CARTESIAN_POINT('',(7.747,-15.4685,2.157));
#1431 = VECTOR('',#1432,1.);
#1432 = DIRECTION('',(-1.,-3.216245299353E-16,0.));
#1433 = ORIENTED_EDGE('',*,*,#1434,.T.);
#1434 = EDGE_CURVE('',#1427,#1435,#1437,.T.);
#1435 = VERTEX_POINT('',#1436);
#1436 = CARTESIAN_POINT('',(7.747,-15.4685,1.776));
#1437 = CIRCLE('',#1438,0.381);
#1438 = AXIS2_PLACEMENT_3D('',#1439,#1440,#1441);
#1439 = CARTESIAN_POINT('',(7.366,-15.4685,1.776));
#1440 = DIRECTION('',(-3.216245299353E-16,1.,0.));
#1441 = DIRECTION('',(0.,0.,1.));
#1442 = ORIENTED_EDGE('',*,*,#1443,.T.);
#1443 = EDGE_CURVE('',#1435,#1444,#1446,.T.);
#1444 = VERTEX_POINT('',#1445);
#1445 = CARTESIAN_POINT('',(7.747,-15.4685,-2.843));
#1446 = LINE('',#1447,#1448);
#1447 = CARTESIAN_POINT('',(7.747,-15.4685,2.157));
#1448 = VECTOR('',#1449,1.);
#1449 = DIRECTION('',(0.,0.,-1.));
#1450 = ORIENTED_EDGE('',*,*,#1451,.T.);
#1451 = EDGE_CURVE('',#1444,#1452,#1454,.T.);
#1452 = VERTEX_POINT('',#1453);
#1453 = CARTESIAN_POINT('',(7.493,-15.4685,-2.843));
#1454 = LINE('',#1455,#1456);
#1455 = CARTESIAN_POINT('',(7.747,-15.4685,-2.843));
#1456 = VECTOR('',#1457,1.);
#1457 = DIRECTION('',(-1.,-3.216245299353E-16,0.));
#1458 = ORIENTED_EDGE('',*,*,#1459,.F.);
#1459 = EDGE_CURVE('',#1460,#1452,#1462,.T.);
#1460 = VERTEX_POINT('',#1461);
#1461 = CARTESIAN_POINT('',(7.493,-15.4685,1.776));
#1462 = LINE('',#1463,#1464);
#1463 = CARTESIAN_POINT('',(7.493,-15.4685,2.157));
#1464 = VECTOR('',#1465,1.);
#1465 = DIRECTION('',(0.,0.,-1.));
#1466 = ORIENTED_EDGE('',*,*,#1467,.T.);
#1467 = EDGE_CURVE('',#1460,#504,#1468,.T.);
#1468 = CIRCLE('',#1469,0.127);
#1469 = AXIS2_PLACEMENT_3D('',#1470,#1471,#1472);
#1470 = CARTESIAN_POINT('',(7.366,-15.4685,1.776));
#1471 = DIRECTION('',(3.216245299353E-16,-1.,0.));
#1472 = DIRECTION('',(0.,0.,-1.));
#1473 = PLANE('',#1474);
#1474 = AXIS2_PLACEMENT_3D('',#1475,#1476,#1477);
#1475 = CARTESIAN_POINT('',(-0.127,-15.4685,1.776));
#1476 = DIRECTION('',(-4.440892098501E-16,1.,0.));
#1477 = DIRECTION('',(0.,0.,1.));
#1478 = ADVANCED_FACE('',(#1479),#1531,.F.);
#1479 = FACE_BOUND('',#1480,.F.);
#1480 = EDGE_LOOP('',(#1481,#1482,#1483,#1492,#1500,#1508,#1516,#1525));
#1481 = ORIENTED_EDGE('',*,*,#464,.T.);
#1482 = ORIENTED_EDGE('',*,*,#525,.T.);
#1483 = ORIENTED_EDGE('',*,*,#1484,.F.);
#1484 = EDGE_CURVE('',#1485,#526,#1487,.T.);
#1485 = VERTEX_POINT('',#1486);
#1486 = CARTESIAN_POINT('',(7.493,0.2285,1.776));
#1487 = CIRCLE('',#1488,0.127);
#1488 = AXIS2_PLACEMENT_3D('',#1489,#1490,#1491);
#1489 = CARTESIAN_POINT('',(7.366,0.2285,1.776));
#1490 = DIRECTION('',(3.216245299353E-16,-1.,0.));
#1491 = DIRECTION('',(0.,0.,1.));
#1492 = ORIENTED_EDGE('',*,*,#1493,.T.);
#1493 = EDGE_CURVE('',#1485,#1494,#1496,.T.);
#1494 = VERTEX_POINT('',#1495);
#1495 = CARTESIAN_POINT('',(7.493,0.2285,-2.843));
#1496 = LINE('',#1497,#1498);
#1497 = CARTESIAN_POINT('',(7.493,0.2285,2.157));
#1498 = VECTOR('',#1499,1.);
#1499 = DIRECTION('',(0.,0.,-1.));
#1500 = ORIENTED_EDGE('',*,*,#1501,.F.);
#1501 = EDGE_CURVE('',#1502,#1494,#1504,.T.);
#1502 = VERTEX_POINT('',#1503);
#1503 = CARTESIAN_POINT('',(7.747,0.2285,-2.843));
#1504 = LINE('',#1505,#1506);
#1505 = CARTESIAN_POINT('',(7.747,0.2285,-2.843));
#1506 = VECTOR('',#1507,1.);
#1507 = DIRECTION('',(-1.,-3.216245299353E-16,0.));
#1508 = ORIENTED_EDGE('',*,*,#1509,.F.);
#1509 = EDGE_CURVE('',#1510,#1502,#1512,.T.);
#1510 = VERTEX_POINT('',#1511);
#1511 = CARTESIAN_POINT('',(7.747,0.2285,1.776));
#1512 = LINE('',#1513,#1514);
#1513 = CARTESIAN_POINT('',(7.747,0.2285,2.157));
#1514 = VECTOR('',#1515,1.);
#1515 = DIRECTION('',(0.,0.,-1.));
#1516 = ORIENTED_EDGE('',*,*,#1517,.T.);
#1517 = EDGE_CURVE('',#1510,#1518,#1520,.T.);
#1518 = VERTEX_POINT('',#1519);
#1519 = CARTESIAN_POINT('',(7.366,0.2285,2.157));
#1520 = CIRCLE('',#1521,0.381);
#1521 = AXIS2_PLACEMENT_3D('',#1522,#1523,#1524);
#1522 = CARTESIAN_POINT('',(7.366,0.2285,1.776));
#1523 = DIRECTION('',(3.216245299353E-16,-1.,0.));
#1524 = DIRECTION('',(0.,0.,1.));
#1525 = ORIENTED_EDGE('',*,*,#1526,.F.);
#1526 = EDGE_CURVE('',#465,#1518,#1527,.T.);
#1527 = LINE('',#1528,#1529);
#1528 = CARTESIAN_POINT('',(3.81,0.2285,2.157));
#1529 = VECTOR('',#1530,1.);
#1530 = DIRECTION('',(1.,3.216245299353E-16,0.));
#1531 = PLANE('',#1532);
#1532 = AXIS2_PLACEMENT_3D('',#1533,#1534,#1535);
#1533 = CARTESIAN_POINT('',(0.254,0.2285,2.157));
#1534 = DIRECTION('',(4.440892098501E-16,-1.,0.));
#1535 = DIRECTION('',(0.,-0.,-1.));
#1536 = ADVANCED_FACE('',(#1537),#1561,.T.);
#1537 = FACE_BOUND('',#1538,.T.);
#1538 = EDGE_LOOP('',(#1539,#1547,#1548,#1555));
#1539 = ORIENTED_EDGE('',*,*,#1540,.T.);
#1540 = EDGE_CURVE('',#1541,#465,#1543,.T.);
#1541 = VERTEX_POINT('',#1542);
#1542 = CARTESIAN_POINT('',(6.91,0.2285,2.157));
#1543 = LINE('',#1544,#1545);
#1544 = CARTESIAN_POINT('',(3.81,0.2285,2.157));
#1545 = VECTOR('',#1546,1.);
#1546 = DIRECTION('',(1.,3.216245299353E-16,0.));
#1547 = ORIENTED_EDGE('',*,*,#480,.T.);
#1548 = ORIENTED_EDGE('',*,*,#1549,.T.);
#1549 = EDGE_CURVE('',#474,#1550,#1552,.T.);
#1550 = VERTEX_POINT('',#1551);
#1551 = CARTESIAN_POINT('',(6.91,1.83,2.157));
#1552 = B_SPLINE_CURVE_WITH_KNOTS('',1,(#1553,#1554),.UNSPECIFIED.,.F.,
  .F.,(2,2),(0.,1.),.PIECEWISE_BEZIER_KNOTS.);
#1553 = CARTESIAN_POINT('',(6.985,1.905,2.157));
#1554 = CARTESIAN_POINT('',(6.91,1.83,2.157));
#1555 = ORIENTED_EDGE('',*,*,#1556,.F.);
#1556 = EDGE_CURVE('',#1541,#1550,#1557,.T.);
#1557 = LINE('',#1558,#1559);
#1558 = CARTESIAN_POINT('',(6.91,-17.07,2.157));
#1559 = VECTOR('',#1560,1.);
#1560 = DIRECTION('',(-4.440892098501E-16,1.,0.));
#1561 = B_SPLINE_SURFACE_WITH_KNOTS('',1,1,(
    (#1562,#1563)
    ,(#1564,#1565
    )),.UNSPECIFIED.,.F.,.F.,.F.,(2,2),(2,2),(0.,19.05),(0.,1.),
  .PIECEWISE_BEZIER_KNOTS.);
#1562 = CARTESIAN_POINT('',(6.985,-17.145,2.157));
#1563 = CARTESIAN_POINT('',(6.91,-17.07,2.157));
#1564 = CARTESIAN_POINT('',(6.985,1.905,2.157));
#1565 = CARTESIAN_POINT('',(6.91,1.83,2.157));
#1566 = ADVANCED_FACE('',(#1567),#1619,.F.);
#1567 = FACE_BOUND('',#1568,.F.);
#1568 = EDGE_LOOP('',(#1569,#1570,#1571,#1580,#1588,#1596,#1604,#1613));
#1569 = ORIENTED_EDGE('',*,*,#556,.T.);
#1570 = ORIENTED_EDGE('',*,*,#494,.T.);
#1571 = ORIENTED_EDGE('',*,*,#1572,.F.);
#1572 = EDGE_CURVE('',#1573,#495,#1575,.T.);
#1573 = VERTEX_POINT('',#1574);
#1574 = CARTESIAN_POINT('',(7.493,-14.478,1.776));
#1575 = CIRCLE('',#1576,0.127);
#1576 = AXIS2_PLACEMENT_3D('',#1577,#1578,#1579);
#1577 = CARTESIAN_POINT('',(7.366,-14.478,1.776));
#1578 = DIRECTION('',(3.216245299353E-16,-1.,0.));
#1579 = DIRECTION('',(0.,0.,-1.));
#1580 = ORIENTED_EDGE('',*,*,#1581,.F.);
#1581 = EDGE_CURVE('',#1582,#1573,#1584,.T.);
#1582 = VERTEX_POINT('',#1583);
#1583 = CARTESIAN_POINT('',(7.493,-14.478,0.));
#1584 = LINE('',#1585,#1586);
#1585 = CARTESIAN_POINT('',(7.493,-14.478,0.));
#1586 = VECTOR('',#1587,1.);
#1587 = DIRECTION('',(0.,0.,1.));
#1588 = ORIENTED_EDGE('',*,*,#1589,.F.);
#1589 = EDGE_CURVE('',#1590,#1582,#1592,.T.);
#1590 = VERTEX_POINT('',#1591);
#1591 = CARTESIAN_POINT('',(7.747,-14.478,0.));
#1592 = LINE('',#1593,#1594);
#1593 = CARTESIAN_POINT('',(7.747,-14.478,0.));
#1594 = VECTOR('',#1595,1.);
#1595 = DIRECTION('',(-1.,-3.216245299353E-16,0.));
#1596 = ORIENTED_EDGE('',*,*,#1597,.T.);
#1597 = EDGE_CURVE('',#1590,#1598,#1600,.T.);
#1598 = VERTEX_POINT('',#1599);
#1599 = CARTESIAN_POINT('',(7.747,-14.478,1.776));
#1600 = LINE('',#1601,#1602);
#1601 = CARTESIAN_POINT('',(7.747,-14.478,0.));
#1602 = VECTOR('',#1603,1.);
#1603 = DIRECTION('',(0.,0.,1.));
#1604 = ORIENTED_EDGE('',*,*,#1605,.F.);
#1605 = EDGE_CURVE('',#1606,#1598,#1608,.T.);
#1606 = VERTEX_POINT('',#1607);
#1607 = CARTESIAN_POINT('',(7.366,-14.478,2.157));
#1608 = CIRCLE('',#1609,0.381);
#1609 = AXIS2_PLACEMENT_3D('',#1610,#1611,#1612);
#1610 = CARTESIAN_POINT('',(7.366,-14.478,1.776));
#1611 = DIRECTION('',(-3.216245299353E-16,1.,0.));
#1612 = DIRECTION('',(0.,0.,1.));
#1613 = ORIENTED_EDGE('',*,*,#1614,.F.);
#1614 = EDGE_CURVE('',#557,#1606,#1615,.T.);
#1615 = LINE('',#1616,#1617);
#1616 = CARTESIAN_POINT('',(3.81,-14.478,2.157));
#1617 = VECTOR('',#1618,1.);
#1618 = DIRECTION('',(1.,3.216245299353E-16,0.));
#1619 = PLANE('',#1620);
#1620 = AXIS2_PLACEMENT_3D('',#1621,#1622,#1623);
#1621 = CARTESIAN_POINT('',(0.254,-14.478,2.157));
#1622 = DIRECTION('',(4.440892098501E-16,-1.,1.740014167195E-14));
#1623 = DIRECTION('',(7.727215166377E-30,-1.740014167195E-14,-1.));
#1624 = ADVANCED_FACE('',(#1625),#1636,.F.);
#1625 = FACE_BOUND('',#1626,.F.);
#1626 = EDGE_LOOP('',(#1627,#1633,#1634,#1635));
#1627 = ORIENTED_EDGE('',*,*,#1628,.T.);
#1628 = EDGE_CURVE('',#1460,#1573,#1629,.T.);
#1629 = LINE('',#1630,#1631);
#1630 = CARTESIAN_POINT('',(7.493,-15.4685,1.776));
#1631 = VECTOR('',#1632,1.);
#1632 = DIRECTION('',(-3.216245299353E-16,1.,0.));
#1633 = ORIENTED_EDGE('',*,*,#1572,.T.);
#1634 = ORIENTED_EDGE('',*,*,#511,.F.);
#1635 = ORIENTED_EDGE('',*,*,#1467,.F.);
#1636 = CYLINDRICAL_SURFACE('',#1637,0.127);
#1637 = AXIS2_PLACEMENT_3D('',#1638,#1639,#1640);
#1638 = CARTESIAN_POINT('',(7.366,-15.4685,1.776));
#1639 = DIRECTION('',(-3.216245299353E-16,1.,0.));
#1640 = DIRECTION('',(1.,3.216245299353E-16,0.));
#1641 = ADVANCED_FACE('',(#1642),#1661,.F.);
#1642 = FACE_BOUND('',#1643,.F.);
#1643 = EDGE_LOOP('',(#1644,#1645,#1646,#1655));
#1644 = ORIENTED_EDGE('',*,*,#1484,.T.);
#1645 = ORIENTED_EDGE('',*,*,#542,.T.);
#1646 = ORIENTED_EDGE('',*,*,#1647,.F.);
#1647 = EDGE_CURVE('',#1648,#535,#1650,.T.);
#1648 = VERTEX_POINT('',#1649);
#1649 = CARTESIAN_POINT('',(7.493,-0.762,1.776));
#1650 = CIRCLE('',#1651,0.127);
#1651 = AXIS2_PLACEMENT_3D('',#1652,#1653,#1654);
#1652 = CARTESIAN_POINT('',(7.366,-0.762,1.776));
#1653 = DIRECTION('',(3.216245299353E-16,-1.,0.));
#1654 = DIRECTION('',(0.,0.,1.));
#1655 = ORIENTED_EDGE('',*,*,#1656,.F.);
#1656 = EDGE_CURVE('',#1485,#1648,#1657,.T.);
#1657 = LINE('',#1658,#1659);
#1658 = CARTESIAN_POINT('',(7.493,0.2285,1.776));
#1659 = VECTOR('',#1660,1.);
#1660 = DIRECTION('',(3.216245299353E-16,-1.,0.));
#1661 = CYLINDRICAL_SURFACE('',#1662,0.127);
#1662 = AXIS2_PLACEMENT_3D('',#1663,#1664,#1665);
#1663 = CARTESIAN_POINT('',(7.366,0.2285,1.776));
#1664 = DIRECTION('',(3.216245299353E-16,-1.,0.));
#1665 = DIRECTION('',(1.,3.216245299353E-16,0.));
#1666 = ADVANCED_FACE('',(#1667),#1711,.T.);
#1667 = FACE_BOUND('',#1668,.T.);
#1668 = EDGE_LOOP('',(#1669,#1670,#1671,#1672,#1680,#1688,#1696,#1705));
#1669 = ORIENTED_EDGE('',*,*,#596,.T.);
#1670 = ORIENTED_EDGE('',*,*,#534,.F.);
#1671 = ORIENTED_EDGE('',*,*,#1647,.F.);
#1672 = ORIENTED_EDGE('',*,*,#1673,.F.);
#1673 = EDGE_CURVE('',#1674,#1648,#1676,.T.);
#1674 = VERTEX_POINT('',#1675);
#1675 = CARTESIAN_POINT('',(7.493,-0.762,0.));
#1676 = LINE('',#1677,#1678);
#1677 = CARTESIAN_POINT('',(7.493,-0.762,0.));
#1678 = VECTOR('',#1679,1.);
#1679 = DIRECTION('',(0.,0.,1.));
#1680 = ORIENTED_EDGE('',*,*,#1681,.F.);
#1681 = EDGE_CURVE('',#1682,#1674,#1684,.T.);
#1682 = VERTEX_POINT('',#1683);
#1683 = CARTESIAN_POINT('',(7.747,-0.762,0.));
#1684 = LINE('',#1685,#1686);
#1685 = CARTESIAN_POINT('',(7.747,-0.762,0.));
#1686 = VECTOR('',#1687,1.);
#1687 = DIRECTION('',(-1.,-3.216245299353E-16,0.));
#1688 = ORIENTED_EDGE('',*,*,#1689,.T.);
#1689 = EDGE_CURVE('',#1682,#1690,#1692,.T.);
#1690 = VERTEX_POINT('',#1691);
#1691 = CARTESIAN_POINT('',(7.747,-0.762,1.776));
#1692 = LINE('',#1693,#1694);
#1693 = CARTESIAN_POINT('',(7.747,-0.762,0.));
#1694 = VECTOR('',#1695,1.);
#1695 = DIRECTION('',(0.,0.,1.));
#1696 = ORIENTED_EDGE('',*,*,#1697,.T.);
#1697 = EDGE_CURVE('',#1690,#1698,#1700,.T.);
#1698 = VERTEX_POINT('',#1699);
#1699 = CARTESIAN_POINT('',(7.366,-0.762,2.157));
#1700 = CIRCLE('',#1701,0.381);
#1701 = AXIS2_PLACEMENT_3D('',#1702,#1703,#1704);
#1702 = CARTESIAN_POINT('',(7.366,-0.762,1.776));
#1703 = DIRECTION('',(3.216245299353E-16,-1.,0.));
#1704 = DIRECTION('',(0.,0.,1.));
#1705 = ORIENTED_EDGE('',*,*,#1706,.T.);
#1706 = EDGE_CURVE('',#1698,#597,#1707,.T.);
#1707 = LINE('',#1708,#1709);
#1708 = CARTESIAN_POINT('',(7.747,-0.762,2.157));
#1709 = VECTOR('',#1710,1.);
#1710 = DIRECTION('',(-1.,-3.216245299353E-16,0.));
#1711 = PLANE('',#1712);
#1712 = AXIS2_PLACEMENT_3D('',#1713,#1714,#1715);
#1713 = CARTESIAN_POINT('',(-0.127,-0.762,0.));
#1714 = DIRECTION('',(4.440892098501E-16,-1.,0.));
#1715 = DIRECTION('',(0.,-0.,-1.));
#1716 = ADVANCED_FACE('',(#1717),#1742,.T.);
#1717 = FACE_BOUND('',#1718,.T.);
#1718 = EDGE_LOOP('',(#1719,#1727,#1728,#1736));
#1719 = ORIENTED_EDGE('',*,*,#1720,.T.);
#1720 = EDGE_CURVE('',#1721,#557,#1723,.T.);
#1721 = VERTEX_POINT('',#1722);
#1722 = CARTESIAN_POINT('',(6.91,-14.478,2.157));
#1723 = LINE('',#1724,#1725);
#1724 = CARTESIAN_POINT('',(3.81,-14.478,2.157));
#1725 = VECTOR('',#1726,1.);
#1726 = DIRECTION('',(1.,3.216245299353E-16,0.));
#1727 = ORIENTED_EDGE('',*,*,#573,.T.);
#1728 = ORIENTED_EDGE('',*,*,#1729,.T.);
#1729 = EDGE_CURVE('',#566,#1730,#1732,.T.);
#1730 = VERTEX_POINT('',#1731);
#1731 = CARTESIAN_POINT('',(6.91,-13.462,2.157));
#1732 = LINE('',#1733,#1734);
#1733 = CARTESIAN_POINT('',(7.62,-13.462,2.157));
#1734 = VECTOR('',#1735,1.);
#1735 = DIRECTION('',(-1.,-3.216245299353E-16,0.));
#1736 = ORIENTED_EDGE('',*,*,#1737,.F.);
#1737 = EDGE_CURVE('',#1721,#1730,#1738,.T.);
#1738 = LINE('',#1739,#1740);
#1739 = CARTESIAN_POINT('',(6.91,-17.07,2.157));
#1740 = VECTOR('',#1741,1.);
#1741 = DIRECTION('',(-4.440892098501E-16,1.,0.));
#1742 = B_SPLINE_SURFACE_WITH_KNOTS('',1,1,(
    (#1743,#1744)
    ,(#1745,#1746
    )),.UNSPECIFIED.,.F.,.F.,.F.,(2,2),(2,2),(0.,19.05),(0.,1.),
  .PIECEWISE_BEZIER_KNOTS.);
#1743 = CARTESIAN_POINT('',(6.985,-17.145,2.157));
#1744 = CARTESIAN_POINT('',(6.91,-17.07,2.157));
#1745 = CARTESIAN_POINT('',(6.985,1.905,2.157));
#1746 = CARTESIAN_POINT('',(6.91,1.83,2.157));
#1747 = ADVANCED_FACE('',(#1748),#1800,.F.);
#1748 = FACE_BOUND('',#1749,.F.);
#1749 = EDGE_LOOP('',(#1750,#1751,#1752,#1760,#1769,#1777,#1785,#1793));
#1750 = ORIENTED_EDGE('',*,*,#627,.T.);
#1751 = ORIENTED_EDGE('',*,*,#565,.T.);
#1752 = ORIENTED_EDGE('',*,*,#1753,.F.);
#1753 = EDGE_CURVE('',#1754,#566,#1756,.T.);
#1754 = VERTEX_POINT('',#1755);
#1755 = CARTESIAN_POINT('',(7.366,-13.462,2.157));
#1756 = LINE('',#1757,#1758);
#1757 = CARTESIAN_POINT('',(7.62,-13.462,2.157));
#1758 = VECTOR('',#1759,1.);
#1759 = DIRECTION('',(-1.,-3.216245299353E-16,0.));
#1760 = ORIENTED_EDGE('',*,*,#1761,.T.);
#1761 = EDGE_CURVE('',#1754,#1762,#1764,.T.);
#1762 = VERTEX_POINT('',#1763);
#1763 = CARTESIAN_POINT('',(7.747,-13.462,1.776));
#1764 = CIRCLE('',#1765,0.381);
#1765 = AXIS2_PLACEMENT_3D('',#1766,#1767,#1768);
#1766 = CARTESIAN_POINT('',(7.366,-13.462,1.776));
#1767 = DIRECTION('',(-3.216245299353E-16,1.,0.));
#1768 = DIRECTION('',(0.,0.,1.));
#1769 = ORIENTED_EDGE('',*,*,#1770,.T.);
#1770 = EDGE_CURVE('',#1762,#1771,#1773,.T.);
#1771 = VERTEX_POINT('',#1772);
#1772 = CARTESIAN_POINT('',(7.747,-13.462,0.));
#1773 = LINE('',#1774,#1775);
#1774 = CARTESIAN_POINT('',(7.747,-13.462,2.157));
#1775 = VECTOR('',#1776,1.);
#1776 = DIRECTION('',(-1.324339206003E-31,4.11765609504E-16,-1.));
#1777 = ORIENTED_EDGE('',*,*,#1778,.T.);
#1778 = EDGE_CURVE('',#1771,#1779,#1781,.T.);
#1779 = VERTEX_POINT('',#1780);
#1780 = CARTESIAN_POINT('',(7.493,-13.462,0.));
#1781 = LINE('',#1782,#1783);
#1782 = CARTESIAN_POINT('',(7.747,-13.462,0.));
#1783 = VECTOR('',#1784,1.);
#1784 = DIRECTION('',(-1.,-3.216245299353E-16,0.));
#1785 = ORIENTED_EDGE('',*,*,#1786,.F.);
#1786 = EDGE_CURVE('',#1787,#1779,#1789,.T.);
#1787 = VERTEX_POINT('',#1788);
#1788 = CARTESIAN_POINT('',(7.493,-13.462,1.776));
#1789 = LINE('',#1790,#1791);
#1790 = CARTESIAN_POINT('',(7.493,-13.462,2.157));
#1791 = VECTOR('',#1792,1.);
#1792 = DIRECTION('',(-1.324339206003E-31,4.11765609504E-16,-1.));
#1793 = ORIENTED_EDGE('',*,*,#1794,.T.);
#1794 = EDGE_CURVE('',#1787,#628,#1795,.T.);
#1795 = CIRCLE('',#1796,0.127);
#1796 = AXIS2_PLACEMENT_3D('',#1797,#1798,#1799);
#1797 = CARTESIAN_POINT('',(7.366,-13.462,1.776));
#1798 = DIRECTION('',(3.216245299353E-16,-1.,0.));
#1799 = DIRECTION('',(0.,0.,-1.));
#1800 = PLANE('',#1801);
#1801 = AXIS2_PLACEMENT_3D('',#1802,#1803,#1804);
#1802 = CARTESIAN_POINT('',(0.254,-13.462,2.157));
#1803 = DIRECTION('',(-4.440892098501E-16,1.,0.));
#1804 = DIRECTION('',(0.,0.,1.));
#1805 = ADVANCED_FACE('',(#1806),#1858,.T.);
#1806 = FACE_BOUND('',#1807,.T.);
#1807 = EDGE_LOOP('',(#1808,#1809,#1810,#1818,#1827,#1835,#1843,#1851));
#1808 = ORIENTED_EDGE('',*,*,#649,.F.);
#1809 = ORIENTED_EDGE('',*,*,#587,.T.);
#1810 = ORIENTED_EDGE('',*,*,#1811,.T.);
#1811 = EDGE_CURVE('',#588,#1812,#1814,.T.);
#1812 = VERTEX_POINT('',#1813);
#1813 = CARTESIAN_POINT('',(7.366,-1.778,2.157));
#1814 = LINE('',#1815,#1816);
#1815 = CARTESIAN_POINT('',(3.683,-1.778,2.157));
#1816 = VECTOR('',#1817,1.);
#1817 = DIRECTION('',(1.,3.216245299353E-16,0.));
#1818 = ORIENTED_EDGE('',*,*,#1819,.T.);
#1819 = EDGE_CURVE('',#1812,#1820,#1822,.T.);
#1820 = VERTEX_POINT('',#1821);
#1821 = CARTESIAN_POINT('',(7.747,-1.778,1.776));
#1822 = CIRCLE('',#1823,0.381);
#1823 = AXIS2_PLACEMENT_3D('',#1824,#1825,#1826);
#1824 = CARTESIAN_POINT('',(7.366,-1.778,1.776));
#1825 = DIRECTION('',(-3.216245299353E-16,1.,0.));
#1826 = DIRECTION('',(0.,0.,1.));
#1827 = ORIENTED_EDGE('',*,*,#1828,.F.);
#1828 = EDGE_CURVE('',#1829,#1820,#1831,.T.);
#1829 = VERTEX_POINT('',#1830);
#1830 = CARTESIAN_POINT('',(7.747,-1.778,0.));
#1831 = LINE('',#1832,#1833);
#1832 = CARTESIAN_POINT('',(7.747,-1.778,0.));
#1833 = VECTOR('',#1834,1.);
#1834 = DIRECTION('',(-1.324339206003E-31,4.11765609504E-16,1.));
#1835 = ORIENTED_EDGE('',*,*,#1836,.T.);
#1836 = EDGE_CURVE('',#1829,#1837,#1839,.T.);
#1837 = VERTEX_POINT('',#1838);
#1838 = CARTESIAN_POINT('',(7.493,-1.778,0.));
#1839 = LINE('',#1840,#1841);
#1840 = CARTESIAN_POINT('',(7.747,-1.778,0.));
#1841 = VECTOR('',#1842,1.);
#1842 = DIRECTION('',(-1.,-3.216245299353E-16,0.));
#1843 = ORIENTED_EDGE('',*,*,#1844,.T.);
#1844 = EDGE_CURVE('',#1837,#1845,#1847,.T.);
#1845 = VERTEX_POINT('',#1846);
#1846 = CARTESIAN_POINT('',(7.493,-1.778,1.776));
#1847 = LINE('',#1848,#1849);
#1848 = CARTESIAN_POINT('',(7.493,-1.778,0.));
#1849 = VECTOR('',#1850,1.);
#1850 = DIRECTION('',(-1.324339206003E-31,4.11765609504E-16,1.));
#1851 = ORIENTED_EDGE('',*,*,#1852,.T.);
#1852 = EDGE_CURVE('',#1845,#650,#1853,.T.);
#1853 = CIRCLE('',#1854,0.127);
#1854 = AXIS2_PLACEMENT_3D('',#1855,#1856,#1857);
#1855 = CARTESIAN_POINT('',(7.366,-1.778,1.776));
#1856 = DIRECTION('',(3.216245299353E-16,-1.,0.));
#1857 = DIRECTION('',(0.,0.,-1.));
#1858 = PLANE('',#1859);
#1859 = AXIS2_PLACEMENT_3D('',#1860,#1861,#1862);
#1860 = CARTESIAN_POINT('',(0.254,-1.778,2.157));
#1861 = DIRECTION('',(-4.440892098501E-16,1.,0.));
#1862 = DIRECTION('',(0.,0.,1.));
#1863 = ADVANCED_FACE('',(#1864),#1889,.T.);
#1864 = FACE_BOUND('',#1865,.T.);
#1865 = EDGE_LOOP('',(#1866,#1874,#1875,#1883));
#1866 = ORIENTED_EDGE('',*,*,#1867,.T.);
#1867 = EDGE_CURVE('',#1868,#588,#1870,.T.);
#1868 = VERTEX_POINT('',#1869);
#1869 = CARTESIAN_POINT('',(6.91,-1.778,2.157));
#1870 = LINE('',#1871,#1872);
#1871 = CARTESIAN_POINT('',(3.683,-1.778,2.157));
#1872 = VECTOR('',#1873,1.);
#1873 = DIRECTION('',(1.,3.216245299353E-16,0.));
#1874 = ORIENTED_EDGE('',*,*,#604,.T.);
#1875 = ORIENTED_EDGE('',*,*,#1876,.T.);
#1876 = EDGE_CURVE('',#597,#1877,#1879,.T.);
#1877 = VERTEX_POINT('',#1878);
#1878 = CARTESIAN_POINT('',(6.91,-0.762,2.157));
#1879 = LINE('',#1880,#1881);
#1880 = CARTESIAN_POINT('',(7.747,-0.762,2.157));
#1881 = VECTOR('',#1882,1.);
#1882 = DIRECTION('',(-1.,-3.216245299353E-16,0.));
#1883 = ORIENTED_EDGE('',*,*,#1884,.F.);
#1884 = EDGE_CURVE('',#1868,#1877,#1885,.T.);
#1885 = LINE('',#1886,#1887);
#1886 = CARTESIAN_POINT('',(6.91,-17.07,2.157));
#1887 = VECTOR('',#1888,1.);
#1888 = DIRECTION('',(-4.440892098501E-16,1.,0.));
#1889 = B_SPLINE_SURFACE_WITH_KNOTS('',1,1,(
    (#1890,#1891)
    ,(#1892,#1893
    )),.UNSPECIFIED.,.F.,.F.,.F.,(2,2),(2,2),(0.,19.05),(0.,1.),
  .PIECEWISE_BEZIER_KNOTS.);
#1890 = CARTESIAN_POINT('',(6.985,-17.145,2.157));
#1891 = CARTESIAN_POINT('',(6.91,-17.07,2.157));
#1892 = CARTESIAN_POINT('',(6.985,1.905,2.157));
#1893 = CARTESIAN_POINT('',(6.91,1.83,2.157));
#1894 = ADVANCED_FACE('',(#1895),#1947,.T.);
#1895 = FACE_BOUND('',#1896,.T.);
#1896 = EDGE_LOOP('',(#1897,#1898,#1899,#1907,#1916,#1924,#1932,#1940));
#1897 = ORIENTED_EDGE('',*,*,#618,.F.);
#1898 = ORIENTED_EDGE('',*,*,#680,.T.);
#1899 = ORIENTED_EDGE('',*,*,#1900,.T.);
#1900 = EDGE_CURVE('',#681,#1901,#1903,.T.);
#1901 = VERTEX_POINT('',#1902);
#1902 = CARTESIAN_POINT('',(7.366,-11.938,2.157));
#1903 = LINE('',#1904,#1905);
#1904 = CARTESIAN_POINT('',(3.683,-11.938,2.157));
#1905 = VECTOR('',#1906,1.);
#1906 = DIRECTION('',(1.,3.216245299353E-16,0.));
#1907 = ORIENTED_EDGE('',*,*,#1908,.T.);
#1908 = EDGE_CURVE('',#1901,#1909,#1911,.T.);
#1909 = VERTEX_POINT('',#1910);
#1910 = CARTESIAN_POINT('',(7.747,-11.938,1.776));
#1911 = CIRCLE('',#1912,0.381);
#1912 = AXIS2_PLACEMENT_3D('',#1913,#1914,#1915);
#1913 = CARTESIAN_POINT('',(7.366,-11.938,1.776));
#1914 = DIRECTION('',(-3.216245299353E-16,1.,0.));
#1915 = DIRECTION('',(0.,0.,1.));
#1916 = ORIENTED_EDGE('',*,*,#1917,.F.);
#1917 = EDGE_CURVE('',#1918,#1909,#1920,.T.);
#1918 = VERTEX_POINT('',#1919);
#1919 = CARTESIAN_POINT('',(7.747,-11.938,0.));
#1920 = LINE('',#1921,#1922);
#1921 = CARTESIAN_POINT('',(7.747,-11.938,0.));
#1922 = VECTOR('',#1923,1.);
#1923 = DIRECTION('',(-1.324339206003E-31,4.11765609504E-16,1.));
#1924 = ORIENTED_EDGE('',*,*,#1925,.T.);
#1925 = EDGE_CURVE('',#1918,#1926,#1928,.T.);
#1926 = VERTEX_POINT('',#1927);
#1927 = CARTESIAN_POINT('',(7.493,-11.938,0.));
#1928 = LINE('',#1929,#1930);
#1929 = CARTESIAN_POINT('',(7.747,-11.938,0.));
#1930 = VECTOR('',#1931,1.);
#1931 = DIRECTION('',(-1.,-3.216245299353E-16,0.));
#1932 = ORIENTED_EDGE('',*,*,#1933,.T.);
#1933 = EDGE_CURVE('',#1926,#1934,#1936,.T.);
#1934 = VERTEX_POINT('',#1935);
#1935 = CARTESIAN_POINT('',(7.493,-11.938,1.776));
#1936 = LINE('',#1937,#1938);
#1937 = CARTESIAN_POINT('',(7.493,-11.938,0.));
#1938 = VECTOR('',#1939,1.);
#1939 = DIRECTION('',(-1.324339206003E-31,4.11765609504E-16,1.));
#1940 = ORIENTED_EDGE('',*,*,#1941,.T.);
#1941 = EDGE_CURVE('',#1934,#619,#1942,.T.);
#1942 = CIRCLE('',#1943,0.127);
#1943 = AXIS2_PLACEMENT_3D('',#1944,#1945,#1946);
#1944 = CARTESIAN_POINT('',(7.366,-11.938,1.776));
#1945 = DIRECTION('',(3.216245299353E-16,-1.,0.));
#1946 = DIRECTION('',(0.,0.,-1.));
#1947 = PLANE('',#1948);
#1948 = AXIS2_PLACEMENT_3D('',#1949,#1950,#1951);
#1949 = CARTESIAN_POINT('',(0.254,-11.938,2.157));
#1950 = DIRECTION('',(-4.440892098501E-16,1.,0.));
#1951 = DIRECTION('',(0.,0.,1.));
#1952 = ADVANCED_FACE('',(#1953),#1964,.F.);
#1953 = FACE_BOUND('',#1954,.F.);
#1954 = EDGE_LOOP('',(#1955,#1961,#1962,#1963));
#1955 = ORIENTED_EDGE('',*,*,#1956,.T.);
#1956 = EDGE_CURVE('',#1787,#1934,#1957,.T.);
#1957 = LINE('',#1958,#1959);
#1958 = CARTESIAN_POINT('',(7.493,-13.462,1.776));
#1959 = VECTOR('',#1960,1.);
#1960 = DIRECTION('',(-3.216245299353E-16,1.,0.));
#1961 = ORIENTED_EDGE('',*,*,#1941,.T.);
#1962 = ORIENTED_EDGE('',*,*,#635,.F.);
#1963 = ORIENTED_EDGE('',*,*,#1794,.F.);
#1964 = CYLINDRICAL_SURFACE('',#1965,0.127);
#1965 = AXIS2_PLACEMENT_3D('',#1966,#1967,#1968);
#1966 = CARTESIAN_POINT('',(7.366,-13.462,1.776));
#1967 = DIRECTION('',(-3.216245299353E-16,1.,0.));
#1968 = DIRECTION('',(1.,3.216245299353E-16,0.));
#1969 = ADVANCED_FACE('',(#1970),#1989,.F.);
#1970 = FACE_BOUND('',#1971,.F.);
#1971 = EDGE_LOOP('',(#1972,#1980,#1981,#1982));
#1972 = ORIENTED_EDGE('',*,*,#1973,.T.);
#1973 = EDGE_CURVE('',#1974,#1845,#1976,.T.);
#1974 = VERTEX_POINT('',#1975);
#1975 = CARTESIAN_POINT('',(7.493,-3.302,1.776));
#1976 = LINE('',#1977,#1978);
#1977 = CARTESIAN_POINT('',(7.493,-3.302,1.776));
#1978 = VECTOR('',#1979,1.);
#1979 = DIRECTION('',(-3.216245299353E-16,1.,0.));
#1980 = ORIENTED_EDGE('',*,*,#1852,.T.);
#1981 = ORIENTED_EDGE('',*,*,#666,.F.);
#1982 = ORIENTED_EDGE('',*,*,#1983,.F.);
#1983 = EDGE_CURVE('',#1974,#659,#1984,.T.);
#1984 = CIRCLE('',#1985,0.127);
#1985 = AXIS2_PLACEMENT_3D('',#1986,#1987,#1988);
#1986 = CARTESIAN_POINT('',(7.366,-3.302,1.776));
#1987 = DIRECTION('',(3.216245299353E-16,-1.,0.));
#1988 = DIRECTION('',(0.,0.,-1.));
#1989 = CYLINDRICAL_SURFACE('',#1990,0.127);
#1990 = AXIS2_PLACEMENT_3D('',#1991,#1992,#1993);
#1991 = CARTESIAN_POINT('',(7.366,-3.302,1.776));
#1992 = DIRECTION('',(-3.216245299353E-16,1.,0.));
#1993 = DIRECTION('',(1.,3.216245299353E-16,0.));
#1994 = ADVANCED_FACE('',(#1995),#2039,.F.);
#1995 = FACE_BOUND('',#1996,.F.);
#1996 = EDGE_LOOP('',(#1997,#1998,#1999,#2007,#2016,#2024,#2032,#2038));
#1997 = ORIENTED_EDGE('',*,*,#658,.T.);
#1998 = ORIENTED_EDGE('',*,*,#720,.T.);
#1999 = ORIENTED_EDGE('',*,*,#2000,.F.);
#2000 = EDGE_CURVE('',#2001,#721,#2003,.T.);
#2001 = VERTEX_POINT('',#2002);
#2002 = CARTESIAN_POINT('',(7.366,-3.302,2.157));
#2003 = LINE('',#2004,#2005);
#2004 = CARTESIAN_POINT('',(7.62,-3.302,2.157));
#2005 = VECTOR('',#2006,1.);
#2006 = DIRECTION('',(-1.,-3.216245299353E-16,0.));
#2007 = ORIENTED_EDGE('',*,*,#2008,.T.);
#2008 = EDGE_CURVE('',#2001,#2009,#2011,.T.);
#2009 = VERTEX_POINT('',#2010);
#2010 = CARTESIAN_POINT('',(7.747,-3.302,1.776));
#2011 = CIRCLE('',#2012,0.381);
#2012 = AXIS2_PLACEMENT_3D('',#2013,#2014,#2015);
#2013 = CARTESIAN_POINT('',(7.366,-3.302,1.776));
#2014 = DIRECTION('',(-3.216245299353E-16,1.,0.));
#2015 = DIRECTION('',(0.,0.,1.));
#2016 = ORIENTED_EDGE('',*,*,#2017,.T.);
#2017 = EDGE_CURVE('',#2009,#2018,#2020,.T.);
#2018 = VERTEX_POINT('',#2019);
#2019 = CARTESIAN_POINT('',(7.747,-3.302,0.));
#2020 = LINE('',#2021,#2022);
#2021 = CARTESIAN_POINT('',(7.747,-3.302,2.157));
#2022 = VECTOR('',#2023,1.);
#2023 = DIRECTION('',(-1.324339206003E-31,4.11765609504E-16,-1.));
#2024 = ORIENTED_EDGE('',*,*,#2025,.T.);
#2025 = EDGE_CURVE('',#2018,#2026,#2028,.T.);
#2026 = VERTEX_POINT('',#2027);
#2027 = CARTESIAN_POINT('',(7.493,-3.302,0.));
#2028 = LINE('',#2029,#2030);
#2029 = CARTESIAN_POINT('',(7.747,-3.302,0.));
#2030 = VECTOR('',#2031,1.);
#2031 = DIRECTION('',(-1.,-3.216245299353E-16,0.));
#2032 = ORIENTED_EDGE('',*,*,#2033,.F.);
#2033 = EDGE_CURVE('',#1974,#2026,#2034,.T.);
#2034 = LINE('',#2035,#2036);
#2035 = CARTESIAN_POINT('',(7.493,-3.302,2.157));
#2036 = VECTOR('',#2037,1.);
#2037 = DIRECTION('',(-1.324339206003E-31,4.11765609504E-16,-1.));
#2038 = ORIENTED_EDGE('',*,*,#1983,.T.);
#2039 = PLANE('',#2040);
#2040 = AXIS2_PLACEMENT_3D('',#2041,#2042,#2043);
#2041 = CARTESIAN_POINT('',(0.254,-3.302,2.157));
#2042 = DIRECTION('',(-4.440892098501E-16,1.,0.));
#2043 = DIRECTION('',(0.,0.,1.));
#2044 = ADVANCED_FACE('',(#2045),#2070,.T.);
#2045 = FACE_BOUND('',#2046,.T.);
#2046 = EDGE_LOOP('',(#2047,#2055,#2056,#2064));
#2047 = ORIENTED_EDGE('',*,*,#2048,.T.);
#2048 = EDGE_CURVE('',#2049,#681,#2051,.T.);
#2049 = VERTEX_POINT('',#2050);
#2050 = CARTESIAN_POINT('',(6.91,-11.938,2.157));
#2051 = LINE('',#2052,#2053);
#2052 = CARTESIAN_POINT('',(3.683,-11.938,2.157));
#2053 = VECTOR('',#2054,1.);
#2054 = DIRECTION('',(1.,3.216245299353E-16,0.));
#2055 = ORIENTED_EDGE('',*,*,#697,.T.);
#2056 = ORIENTED_EDGE('',*,*,#2057,.T.);
#2057 = EDGE_CURVE('',#690,#2058,#2060,.T.);
#2058 = VERTEX_POINT('',#2059);
#2059 = CARTESIAN_POINT('',(6.91,-10.922,2.157));
#2060 = LINE('',#2061,#2062);
#2061 = CARTESIAN_POINT('',(7.62,-10.922,2.157));
#2062 = VECTOR('',#2063,1.);
#2063 = DIRECTION('',(-1.,-3.216245299353E-16,0.));
#2064 = ORIENTED_EDGE('',*,*,#2065,.F.);
#2065 = EDGE_CURVE('',#2049,#2058,#2066,.T.);
#2066 = LINE('',#2067,#2068);
#2067 = CARTESIAN_POINT('',(6.91,-17.07,2.157));
#2068 = VECTOR('',#2069,1.);
#2069 = DIRECTION('',(-4.440892098501E-16,1.,0.));
#2070 = B_SPLINE_SURFACE_WITH_KNOTS('',1,1,(
    (#2071,#2072)
    ,(#2073,#2074
    )),.UNSPECIFIED.,.F.,.F.,.F.,(2,2),(2,2),(0.,19.05),(0.,1.),
  .PIECEWISE_BEZIER_KNOTS.);
#2071 = CARTESIAN_POINT('',(6.985,-17.145,2.157));
#2072 = CARTESIAN_POINT('',(6.91,-17.07,2.157));
#2073 = CARTESIAN_POINT('',(6.985,1.905,2.157));
#2074 = CARTESIAN_POINT('',(6.91,1.83,2.157));
#2075 = ADVANCED_FACE('',(#2076),#2128,.F.);
#2076 = FACE_BOUND('',#2077,.F.);
#2077 = EDGE_LOOP('',(#2078,#2079,#2080,#2088,#2097,#2105,#2113,#2121));
#2078 = ORIENTED_EDGE('',*,*,#751,.T.);
#2079 = ORIENTED_EDGE('',*,*,#689,.T.);
#2080 = ORIENTED_EDGE('',*,*,#2081,.F.);
#2081 = EDGE_CURVE('',#2082,#690,#2084,.T.);
#2082 = VERTEX_POINT('',#2083);
#2083 = CARTESIAN_POINT('',(7.366,-10.922,2.157));
#2084 = LINE('',#2085,#2086);
#2085 = CARTESIAN_POINT('',(7.62,-10.922,2.157));
#2086 = VECTOR('',#2087,1.);
#2087 = DIRECTION('',(-1.,-3.216245299353E-16,0.));
#2088 = ORIENTED_EDGE('',*,*,#2089,.T.);
#2089 = EDGE_CURVE('',#2082,#2090,#2092,.T.);
#2090 = VERTEX_POINT('',#2091);
#2091 = CARTESIAN_POINT('',(7.747,-10.922,1.776));
#2092 = CIRCLE('',#2093,0.381);
#2093 = AXIS2_PLACEMENT_3D('',#2094,#2095,#2096);
#2094 = CARTESIAN_POINT('',(7.366,-10.922,1.776));
#2095 = DIRECTION('',(-3.216245299353E-16,1.,0.));
#2096 = DIRECTION('',(0.,0.,1.));
#2097 = ORIENTED_EDGE('',*,*,#2098,.T.);
#2098 = EDGE_CURVE('',#2090,#2099,#2101,.T.);
#2099 = VERTEX_POINT('',#2100);
#2100 = CARTESIAN_POINT('',(7.747,-10.922,0.));
#2101 = LINE('',#2102,#2103);
#2102 = CARTESIAN_POINT('',(7.747,-10.922,2.157));
#2103 = VECTOR('',#2104,1.);
#2104 = DIRECTION('',(-1.324339206003E-31,4.11765609504E-16,-1.));
#2105 = ORIENTED_EDGE('',*,*,#2106,.T.);
#2106 = EDGE_CURVE('',#2099,#2107,#2109,.T.);
#2107 = VERTEX_POINT('',#2108);
#2108 = CARTESIAN_POINT('',(7.493,-10.922,0.));
#2109 = LINE('',#2110,#2111);
#2110 = CARTESIAN_POINT('',(7.747,-10.922,0.));
#2111 = VECTOR('',#2112,1.);
#2112 = DIRECTION('',(-1.,-3.216245299353E-16,0.));
#2113 = ORIENTED_EDGE('',*,*,#2114,.F.);
#2114 = EDGE_CURVE('',#2115,#2107,#2117,.T.);
#2115 = VERTEX_POINT('',#2116);
#2116 = CARTESIAN_POINT('',(7.493,-10.922,1.776));
#2117 = LINE('',#2118,#2119);
#2118 = CARTESIAN_POINT('',(7.493,-10.922,2.157));
#2119 = VECTOR('',#2120,1.);
#2120 = DIRECTION('',(-1.324339206003E-31,4.11765609504E-16,-1.));
#2121 = ORIENTED_EDGE('',*,*,#2122,.T.);
#2122 = EDGE_CURVE('',#2115,#752,#2123,.T.);
#2123 = CIRCLE('',#2124,0.127);
#2124 = AXIS2_PLACEMENT_3D('',#2125,#2126,#2127);
#2125 = CARTESIAN_POINT('',(7.366,-10.922,1.776));
#2126 = DIRECTION('',(3.216245299353E-16,-1.,0.));
#2127 = DIRECTION('',(0.,0.,-1.));
#2128 = PLANE('',#2129);
#2129 = AXIS2_PLACEMENT_3D('',#2130,#2131,#2132);
#2130 = CARTESIAN_POINT('',(0.254,-10.922,2.157));
#2131 = DIRECTION('',(-4.440892098501E-16,1.,0.));
#2132 = DIRECTION('',(0.,0.,1.));
#2133 = ADVANCED_FACE('',(#2134),#2186,.T.);
#2134 = FACE_BOUND('',#2135,.T.);
#2135 = EDGE_LOOP('',(#2136,#2137,#2138,#2146,#2155,#2163,#2171,#2179));
#2136 = ORIENTED_EDGE('',*,*,#773,.F.);
#2137 = ORIENTED_EDGE('',*,*,#711,.T.);
#2138 = ORIENTED_EDGE('',*,*,#2139,.T.);
#2139 = EDGE_CURVE('',#712,#2140,#2142,.T.);
#2140 = VERTEX_POINT('',#2141);
#2141 = CARTESIAN_POINT('',(7.366,-4.318,2.157));
#2142 = LINE('',#2143,#2144);
#2143 = CARTESIAN_POINT('',(3.683,-4.318,2.157));
#2144 = VECTOR('',#2145,1.);
#2145 = DIRECTION('',(1.,3.216245299353E-16,0.));
#2146 = ORIENTED_EDGE('',*,*,#2147,.T.);
#2147 = EDGE_CURVE('',#2140,#2148,#2150,.T.);
#2148 = VERTEX_POINT('',#2149);
#2149 = CARTESIAN_POINT('',(7.747,-4.318,1.776));
#2150 = CIRCLE('',#2151,0.381);
#2151 = AXIS2_PLACEMENT_3D('',#2152,#2153,#2154);
#2152 = CARTESIAN_POINT('',(7.366,-4.318,1.776));
#2153 = DIRECTION('',(-3.216245299353E-16,1.,0.));
#2154 = DIRECTION('',(0.,0.,1.));
#2155 = ORIENTED_EDGE('',*,*,#2156,.F.);
#2156 = EDGE_CURVE('',#2157,#2148,#2159,.T.);
#2157 = VERTEX_POINT('',#2158);
#2158 = CARTESIAN_POINT('',(7.747,-4.318,0.));
#2159 = LINE('',#2160,#2161);
#2160 = CARTESIAN_POINT('',(7.747,-4.318,0.));
#2161 = VECTOR('',#2162,1.);
#2162 = DIRECTION('',(-1.324339206003E-31,4.11765609504E-16,1.));
#2163 = ORIENTED_EDGE('',*,*,#2164,.T.);
#2164 = EDGE_CURVE('',#2157,#2165,#2167,.T.);
#2165 = VERTEX_POINT('',#2166);
#2166 = CARTESIAN_POINT('',(7.493,-4.318,0.));
#2167 = LINE('',#2168,#2169);
#2168 = CARTESIAN_POINT('',(7.747,-4.318,0.));
#2169 = VECTOR('',#2170,1.);
#2170 = DIRECTION('',(-1.,-3.216245299353E-16,0.));
#2171 = ORIENTED_EDGE('',*,*,#2172,.T.);
#2172 = EDGE_CURVE('',#2165,#2173,#2175,.T.);
#2173 = VERTEX_POINT('',#2174);
#2174 = CARTESIAN_POINT('',(7.493,-4.318,1.776));
#2175 = LINE('',#2176,#2177);
#2176 = CARTESIAN_POINT('',(7.493,-4.318,0.));
#2177 = VECTOR('',#2178,1.);
#2178 = DIRECTION('',(-1.324339206003E-31,4.11765609504E-16,1.));
#2179 = ORIENTED_EDGE('',*,*,#2180,.T.);
#2180 = EDGE_CURVE('',#2173,#774,#2181,.T.);
#2181 = CIRCLE('',#2182,0.127);
#2182 = AXIS2_PLACEMENT_3D('',#2183,#2184,#2185);
#2183 = CARTESIAN_POINT('',(7.366,-4.318,1.776));
#2184 = DIRECTION('',(3.216245299353E-16,-1.,0.));
#2185 = DIRECTION('',(0.,0.,-1.));
#2186 = PLANE('',#2187);
#2187 = AXIS2_PLACEMENT_3D('',#2188,#2189,#2190);
#2188 = CARTESIAN_POINT('',(0.254,-4.318,2.157));
#2189 = DIRECTION('',(-4.440892098501E-16,1.,0.));
#2190 = DIRECTION('',(0.,0.,1.));
#2191 = ADVANCED_FACE('',(#2192),#2217,.T.);
#2192 = FACE_BOUND('',#2193,.T.);
#2193 = EDGE_LOOP('',(#2194,#2202,#2203,#2211));
#2194 = ORIENTED_EDGE('',*,*,#2195,.T.);
#2195 = EDGE_CURVE('',#2196,#712,#2198,.T.);
#2196 = VERTEX_POINT('',#2197);
#2197 = CARTESIAN_POINT('',(6.91,-4.318,2.157));
#2198 = LINE('',#2199,#2200);
#2199 = CARTESIAN_POINT('',(3.683,-4.318,2.157));
#2200 = VECTOR('',#2201,1.);
#2201 = DIRECTION('',(1.,3.216245299353E-16,0.));
#2202 = ORIENTED_EDGE('',*,*,#728,.T.);
#2203 = ORIENTED_EDGE('',*,*,#2204,.T.);
#2204 = EDGE_CURVE('',#721,#2205,#2207,.T.);
#2205 = VERTEX_POINT('',#2206);
#2206 = CARTESIAN_POINT('',(6.91,-3.302,2.157));
#2207 = LINE('',#2208,#2209);
#2208 = CARTESIAN_POINT('',(7.62,-3.302,2.157));
#2209 = VECTOR('',#2210,1.);
#2210 = DIRECTION('',(-1.,-3.216245299353E-16,0.));
#2211 = ORIENTED_EDGE('',*,*,#2212,.F.);
#2212 = EDGE_CURVE('',#2196,#2205,#2213,.T.);
#2213 = LINE('',#2214,#2215);
#2214 = CARTESIAN_POINT('',(6.91,-17.07,2.157));
#2215 = VECTOR('',#2216,1.);
#2216 = DIRECTION('',(-4.440892098501E-16,1.,0.));
#2217 = B_SPLINE_SURFACE_WITH_KNOTS('',1,1,(
    (#2218,#2219)
    ,(#2220,#2221
    )),.UNSPECIFIED.,.F.,.F.,.F.,(2,2),(2,2),(0.,19.05),(0.,1.),
  .PIECEWISE_BEZIER_KNOTS.);
#2218 = CARTESIAN_POINT('',(6.985,-17.145,2.157));
#2219 = CARTESIAN_POINT('',(6.91,-17.07,2.157));
#2220 = CARTESIAN_POINT('',(6.985,1.905,2.157));
#2221 = CARTESIAN_POINT('',(6.91,1.83,2.157));
#2222 = ADVANCED_FACE('',(#2223),#2275,.T.);
#2223 = FACE_BOUND('',#2224,.T.);
#2224 = EDGE_LOOP('',(#2225,#2226,#2227,#2235,#2244,#2252,#2260,#2268));
#2225 = ORIENTED_EDGE('',*,*,#742,.F.);
#2226 = ORIENTED_EDGE('',*,*,#804,.T.);
#2227 = ORIENTED_EDGE('',*,*,#2228,.T.);
#2228 = EDGE_CURVE('',#805,#2229,#2231,.T.);
#2229 = VERTEX_POINT('',#2230);
#2230 = CARTESIAN_POINT('',(7.366,-9.398,2.157));
#2231 = LINE('',#2232,#2233);
#2232 = CARTESIAN_POINT('',(3.683,-9.398,2.157));
#2233 = VECTOR('',#2234,1.);
#2234 = DIRECTION('',(1.,3.216245299353E-16,0.));
#2235 = ORIENTED_EDGE('',*,*,#2236,.T.);
#2236 = EDGE_CURVE('',#2229,#2237,#2239,.T.);
#2237 = VERTEX_POINT('',#2238);
#2238 = CARTESIAN_POINT('',(7.747,-9.398,1.776));
#2239 = CIRCLE('',#2240,0.381);
#2240 = AXIS2_PLACEMENT_3D('',#2241,#2242,#2243);
#2241 = CARTESIAN_POINT('',(7.366,-9.398,1.776));
#2242 = DIRECTION('',(-3.216245299353E-16,1.,0.));
#2243 = DIRECTION('',(0.,0.,1.));
#2244 = ORIENTED_EDGE('',*,*,#2245,.F.);
#2245 = EDGE_CURVE('',#2246,#2237,#2248,.T.);
#2246 = VERTEX_POINT('',#2247);
#2247 = CARTESIAN_POINT('',(7.747,-9.398,0.));
#2248 = LINE('',#2249,#2250);
#2249 = CARTESIAN_POINT('',(7.747,-9.398,0.));
#2250 = VECTOR('',#2251,1.);
#2251 = DIRECTION('',(-1.324339206003E-31,4.11765609504E-16,1.));
#2252 = ORIENTED_EDGE('',*,*,#2253,.T.);
#2253 = EDGE_CURVE('',#2246,#2254,#2256,.T.);
#2254 = VERTEX_POINT('',#2255);
#2255 = CARTESIAN_POINT('',(7.493,-9.398,0.));
#2256 = LINE('',#2257,#2258);
#2257 = CARTESIAN_POINT('',(7.747,-9.398,0.));
#2258 = VECTOR('',#2259,1.);
#2259 = DIRECTION('',(-1.,-3.216245299353E-16,0.));
#2260 = ORIENTED_EDGE('',*,*,#2261,.T.);
#2261 = EDGE_CURVE('',#2254,#2262,#2264,.T.);
#2262 = VERTEX_POINT('',#2263);
#2263 = CARTESIAN_POINT('',(7.493,-9.398,1.776));
#2264 = LINE('',#2265,#2266);
#2265 = CARTESIAN_POINT('',(7.493,-9.398,0.));
#2266 = VECTOR('',#2267,1.);
#2267 = DIRECTION('',(-1.324339206003E-31,4.11765609504E-16,1.));
#2268 = ORIENTED_EDGE('',*,*,#2269,.T.);
#2269 = EDGE_CURVE('',#2262,#743,#2270,.T.);
#2270 = CIRCLE('',#2271,0.127);
#2271 = AXIS2_PLACEMENT_3D('',#2272,#2273,#2274);
#2272 = CARTESIAN_POINT('',(7.366,-9.398,1.776));
#2273 = DIRECTION('',(3.216245299353E-16,-1.,0.));
#2274 = DIRECTION('',(0.,0.,-1.));
#2275 = PLANE('',#2276);
#2276 = AXIS2_PLACEMENT_3D('',#2277,#2278,#2279);
#2277 = CARTESIAN_POINT('',(0.254,-9.398,2.157));
#2278 = DIRECTION('',(-4.440892098501E-16,1.,0.));
#2279 = DIRECTION('',(0.,0.,1.));
#2280 = ADVANCED_FACE('',(#2281),#2292,.F.);
#2281 = FACE_BOUND('',#2282,.F.);
#2282 = EDGE_LOOP('',(#2283,#2289,#2290,#2291));
#2283 = ORIENTED_EDGE('',*,*,#2284,.T.);
#2284 = EDGE_CURVE('',#2115,#2262,#2285,.T.);
#2285 = LINE('',#2286,#2287);
#2286 = CARTESIAN_POINT('',(7.493,-10.922,1.776));
#2287 = VECTOR('',#2288,1.);
#2288 = DIRECTION('',(-3.216245299353E-16,1.,0.));
#2289 = ORIENTED_EDGE('',*,*,#2269,.T.);
#2290 = ORIENTED_EDGE('',*,*,#759,.F.);
#2291 = ORIENTED_EDGE('',*,*,#2122,.F.);
#2292 = CYLINDRICAL_SURFACE('',#2293,0.127);
#2293 = AXIS2_PLACEMENT_3D('',#2294,#2295,#2296);
#2294 = CARTESIAN_POINT('',(7.366,-10.922,1.776));
#2295 = DIRECTION('',(-3.216245299353E-16,1.,0.));
#2296 = DIRECTION('',(1.,3.216245299353E-16,0.));
#2297 = ADVANCED_FACE('',(#2298),#2317,.F.);
#2298 = FACE_BOUND('',#2299,.F.);
#2299 = EDGE_LOOP('',(#2300,#2308,#2309,#2310));
#2300 = ORIENTED_EDGE('',*,*,#2301,.T.);
#2301 = EDGE_CURVE('',#2302,#2173,#2304,.T.);
#2302 = VERTEX_POINT('',#2303);
#2303 = CARTESIAN_POINT('',(7.493,-5.842,1.776));
#2304 = LINE('',#2305,#2306);
#2305 = CARTESIAN_POINT('',(7.493,-5.842,1.776));
#2306 = VECTOR('',#2307,1.);
#2307 = DIRECTION('',(-3.216245299353E-16,1.,0.));
#2308 = ORIENTED_EDGE('',*,*,#2180,.T.);
#2309 = ORIENTED_EDGE('',*,*,#790,.F.);
#2310 = ORIENTED_EDGE('',*,*,#2311,.F.);
#2311 = EDGE_CURVE('',#2302,#783,#2312,.T.);
#2312 = CIRCLE('',#2313,0.127);
#2313 = AXIS2_PLACEMENT_3D('',#2314,#2315,#2316);
#2314 = CARTESIAN_POINT('',(7.366,-5.842,1.776));
#2315 = DIRECTION('',(3.216245299353E-16,-1.,0.));
#2316 = DIRECTION('',(0.,0.,-1.));
#2317 = CYLINDRICAL_SURFACE('',#2318,0.127);
#2318 = AXIS2_PLACEMENT_3D('',#2319,#2320,#2321);
#2319 = CARTESIAN_POINT('',(7.366,-5.842,1.776));
#2320 = DIRECTION('',(-3.216245299353E-16,1.,0.));
#2321 = DIRECTION('',(1.,3.216245299353E-16,0.));
#2322 = ADVANCED_FACE('',(#2323),#2367,.F.);
#2323 = FACE_BOUND('',#2324,.F.);
#2324 = EDGE_LOOP('',(#2325,#2326,#2327,#2335,#2344,#2352,#2360,#2366));
#2325 = ORIENTED_EDGE('',*,*,#782,.T.);
#2326 = ORIENTED_EDGE('',*,*,#844,.T.);
#2327 = ORIENTED_EDGE('',*,*,#2328,.F.);
#2328 = EDGE_CURVE('',#2329,#845,#2331,.T.);
#2329 = VERTEX_POINT('',#2330);
#2330 = CARTESIAN_POINT('',(7.366,-5.842,2.157));
#2331 = LINE('',#2332,#2333);
#2332 = CARTESIAN_POINT('',(7.62,-5.842,2.157));
#2333 = VECTOR('',#2334,1.);
#2334 = DIRECTION('',(-1.,-3.216245299353E-16,0.));
#2335 = ORIENTED_EDGE('',*,*,#2336,.T.);
#2336 = EDGE_CURVE('',#2329,#2337,#2339,.T.);
#2337 = VERTEX_POINT('',#2338);
#2338 = CARTESIAN_POINT('',(7.747,-5.842,1.776));
#2339 = CIRCLE('',#2340,0.381);
#2340 = AXIS2_PLACEMENT_3D('',#2341,#2342,#2343);
#2341 = CARTESIAN_POINT('',(7.366,-5.842,1.776));
#2342 = DIRECTION('',(-3.216245299353E-16,1.,0.));
#2343 = DIRECTION('',(0.,0.,1.));
#2344 = ORIENTED_EDGE('',*,*,#2345,.T.);
#2345 = EDGE_CURVE('',#2337,#2346,#2348,.T.);
#2346 = VERTEX_POINT('',#2347);
#2347 = CARTESIAN_POINT('',(7.747,-5.842,0.));
#2348 = LINE('',#2349,#2350);
#2349 = CARTESIAN_POINT('',(7.747,-5.842,2.157));
#2350 = VECTOR('',#2351,1.);
#2351 = DIRECTION('',(-1.324339206003E-31,4.11765609504E-16,-1.));
#2352 = ORIENTED_EDGE('',*,*,#2353,.T.);
#2353 = EDGE_CURVE('',#2346,#2354,#2356,.T.);
#2354 = VERTEX_POINT('',#2355);
#2355 = CARTESIAN_POINT('',(7.493,-5.842,0.));
#2356 = LINE('',#2357,#2358);
#2357 = CARTESIAN_POINT('',(7.747,-5.842,0.));
#2358 = VECTOR('',#2359,1.);
#2359 = DIRECTION('',(-1.,-3.216245299353E-16,0.));
#2360 = ORIENTED_EDGE('',*,*,#2361,.F.);
#2361 = EDGE_CURVE('',#2302,#2354,#2362,.T.);
#2362 = LINE('',#2363,#2364);
#2363 = CARTESIAN_POINT('',(7.493,-5.842,2.157));
#2364 = VECTOR('',#2365,1.);
#2365 = DIRECTION('',(-1.324339206003E-31,4.11765609504E-16,-1.));
#2366 = ORIENTED_EDGE('',*,*,#2311,.T.);
#2367 = PLANE('',#2368);
#2368 = AXIS2_PLACEMENT_3D('',#2369,#2370,#2371);
#2369 = CARTESIAN_POINT('',(0.254,-5.842,2.157));
#2370 = DIRECTION('',(-4.440892098501E-16,1.,0.));
#2371 = DIRECTION('',(0.,0.,1.));
#2372 = ADVANCED_FACE('',(#2373),#2398,.T.);
#2373 = FACE_BOUND('',#2374,.T.);
#2374 = EDGE_LOOP('',(#2375,#2383,#2384,#2392));
#2375 = ORIENTED_EDGE('',*,*,#2376,.T.);
#2376 = EDGE_CURVE('',#2377,#805,#2379,.T.);
#2377 = VERTEX_POINT('',#2378);
#2378 = CARTESIAN_POINT('',(6.91,-9.398,2.157));
#2379 = LINE('',#2380,#2381);
#2380 = CARTESIAN_POINT('',(3.683,-9.398,2.157));
#2381 = VECTOR('',#2382,1.);
#2382 = DIRECTION('',(1.,3.216245299353E-16,0.));
#2383 = ORIENTED_EDGE('',*,*,#821,.T.);
#2384 = ORIENTED_EDGE('',*,*,#2385,.T.);
#2385 = EDGE_CURVE('',#814,#2386,#2388,.T.);
#2386 = VERTEX_POINT('',#2387);
#2387 = CARTESIAN_POINT('',(6.91,-8.382,2.157));
#2388 = LINE('',#2389,#2390);
#2389 = CARTESIAN_POINT('',(7.62,-8.382,2.157));
#2390 = VECTOR('',#2391,1.);
#2391 = DIRECTION('',(-1.,-3.216245299353E-16,0.));
#2392 = ORIENTED_EDGE('',*,*,#2393,.F.);
#2393 = EDGE_CURVE('',#2377,#2386,#2394,.T.);
#2394 = LINE('',#2395,#2396);
#2395 = CARTESIAN_POINT('',(6.91,-17.07,2.157));
#2396 = VECTOR('',#2397,1.);
#2397 = DIRECTION('',(-4.440892098501E-16,1.,0.));
#2398 = B_SPLINE_SURFACE_WITH_KNOTS('',1,1,(
    (#2399,#2400)
    ,(#2401,#2402
    )),.UNSPECIFIED.,.F.,.F.,.F.,(2,2),(2,2),(0.,19.05),(0.,1.),
  .PIECEWISE_BEZIER_KNOTS.);
#2399 = CARTESIAN_POINT('',(6.985,-17.145,2.157));
#2400 = CARTESIAN_POINT('',(6.91,-17.07,2.157));
#2401 = CARTESIAN_POINT('',(6.985,1.905,2.157));
#2402 = CARTESIAN_POINT('',(6.91,1.83,2.157));
#2403 = ADVANCED_FACE('',(#2404),#2456,.F.);
#2404 = FACE_BOUND('',#2405,.F.);
#2405 = EDGE_LOOP('',(#2406,#2407,#2408,#2416,#2425,#2433,#2441,#2449));
#2406 = ORIENTED_EDGE('',*,*,#875,.T.);
#2407 = ORIENTED_EDGE('',*,*,#813,.T.);
#2408 = ORIENTED_EDGE('',*,*,#2409,.F.);
#2409 = EDGE_CURVE('',#2410,#814,#2412,.T.);
#2410 = VERTEX_POINT('',#2411);
#2411 = CARTESIAN_POINT('',(7.366,-8.382,2.157));
#2412 = LINE('',#2413,#2414);
#2413 = CARTESIAN_POINT('',(7.62,-8.382,2.157));
#2414 = VECTOR('',#2415,1.);
#2415 = DIRECTION('',(-1.,-3.216245299353E-16,0.));
#2416 = ORIENTED_EDGE('',*,*,#2417,.T.);
#2417 = EDGE_CURVE('',#2410,#2418,#2420,.T.);
#2418 = VERTEX_POINT('',#2419);
#2419 = CARTESIAN_POINT('',(7.747,-8.382,1.776));
#2420 = CIRCLE('',#2421,0.381);
#2421 = AXIS2_PLACEMENT_3D('',#2422,#2423,#2424);
#2422 = CARTESIAN_POINT('',(7.366,-8.382,1.776));
#2423 = DIRECTION('',(-3.216245299353E-16,1.,0.));
#2424 = DIRECTION('',(0.,0.,1.));
#2425 = ORIENTED_EDGE('',*,*,#2426,.T.);
#2426 = EDGE_CURVE('',#2418,#2427,#2429,.T.);
#2427 = VERTEX_POINT('',#2428);
#2428 = CARTESIAN_POINT('',(7.747,-8.382,0.));
#2429 = LINE('',#2430,#2431);
#2430 = CARTESIAN_POINT('',(7.747,-8.382,2.157));
#2431 = VECTOR('',#2432,1.);
#2432 = DIRECTION('',(-1.324339206003E-31,4.11765609504E-16,-1.));
#2433 = ORIENTED_EDGE('',*,*,#2434,.T.);
#2434 = EDGE_CURVE('',#2427,#2435,#2437,.T.);
#2435 = VERTEX_POINT('',#2436);
#2436 = CARTESIAN_POINT('',(7.493,-8.382,0.));
#2437 = LINE('',#2438,#2439);
#2438 = CARTESIAN_POINT('',(7.747,-8.382,0.));
#2439 = VECTOR('',#2440,1.);
#2440 = DIRECTION('',(-1.,-3.216245299353E-16,0.));
#2441 = ORIENTED_EDGE('',*,*,#2442,.F.);
#2442 = EDGE_CURVE('',#2443,#2435,#2445,.T.);
#2443 = VERTEX_POINT('',#2444);
#2444 = CARTESIAN_POINT('',(7.493,-8.382,1.776));
#2445 = LINE('',#2446,#2447);
#2446 = CARTESIAN_POINT('',(7.493,-8.382,2.157));
#2447 = VECTOR('',#2448,1.);
#2448 = DIRECTION('',(-1.324339206003E-31,4.11765609504E-16,-1.));
#2449 = ORIENTED_EDGE('',*,*,#2450,.T.);
#2450 = EDGE_CURVE('',#2443,#876,#2451,.T.);
#2451 = CIRCLE('',#2452,0.127);
#2452 = AXIS2_PLACEMENT_3D('',#2453,#2454,#2455);
#2453 = CARTESIAN_POINT('',(7.366,-8.382,1.776));
#2454 = DIRECTION('',(3.216245299353E-16,-1.,0.));
#2455 = DIRECTION('',(0.,0.,-1.));
#2456 = PLANE('',#2457);
#2457 = AXIS2_PLACEMENT_3D('',#2458,#2459,#2460);
#2458 = CARTESIAN_POINT('',(0.254,-8.382,2.157));
#2459 = DIRECTION('',(-4.440892098501E-16,1.,0.));
#2460 = DIRECTION('',(0.,0.,1.));
#2461 = ADVANCED_FACE('',(#2462),#2514,.T.);
#2462 = FACE_BOUND('',#2463,.T.);
#2463 = EDGE_LOOP('',(#2464,#2465,#2466,#2474,#2483,#2491,#2499,#2507));
#2464 = ORIENTED_EDGE('',*,*,#866,.F.);
#2465 = ORIENTED_EDGE('',*,*,#835,.T.);
#2466 = ORIENTED_EDGE('',*,*,#2467,.T.);
#2467 = EDGE_CURVE('',#836,#2468,#2470,.T.);
#2468 = VERTEX_POINT('',#2469);
#2469 = CARTESIAN_POINT('',(7.366,-6.858,2.157));
#2470 = LINE('',#2471,#2472);
#2471 = CARTESIAN_POINT('',(3.683,-6.858,2.157));
#2472 = VECTOR('',#2473,1.);
#2473 = DIRECTION('',(1.,3.216245299353E-16,0.));
#2474 = ORIENTED_EDGE('',*,*,#2475,.T.);
#2475 = EDGE_CURVE('',#2468,#2476,#2478,.T.);
#2476 = VERTEX_POINT('',#2477);
#2477 = CARTESIAN_POINT('',(7.747,-6.858,1.776));
#2478 = CIRCLE('',#2479,0.381);
#2479 = AXIS2_PLACEMENT_3D('',#2480,#2481,#2482);
#2480 = CARTESIAN_POINT('',(7.366,-6.858,1.776));
#2481 = DIRECTION('',(-3.216245299353E-16,1.,0.));
#2482 = DIRECTION('',(0.,0.,1.));
#2483 = ORIENTED_EDGE('',*,*,#2484,.F.);
#2484 = EDGE_CURVE('',#2485,#2476,#2487,.T.);
#2485 = VERTEX_POINT('',#2486);
#2486 = CARTESIAN_POINT('',(7.747,-6.858,0.));
#2487 = LINE('',#2488,#2489);
#2488 = CARTESIAN_POINT('',(7.747,-6.858,0.));
#2489 = VECTOR('',#2490,1.);
#2490 = DIRECTION('',(-1.324339206003E-31,4.11765609504E-16,1.));
#2491 = ORIENTED_EDGE('',*,*,#2492,.T.);
#2492 = EDGE_CURVE('',#2485,#2493,#2495,.T.);
#2493 = VERTEX_POINT('',#2494);
#2494 = CARTESIAN_POINT('',(7.493,-6.858,0.));
#2495 = LINE('',#2496,#2497);
#2496 = CARTESIAN_POINT('',(7.747,-6.858,0.));
#2497 = VECTOR('',#2498,1.);
#2498 = DIRECTION('',(-1.,-3.216245299353E-16,0.));
#2499 = ORIENTED_EDGE('',*,*,#2500,.T.);
#2500 = EDGE_CURVE('',#2493,#2501,#2503,.T.);
#2501 = VERTEX_POINT('',#2502);
#2502 = CARTESIAN_POINT('',(7.493,-6.858,1.776));
#2503 = LINE('',#2504,#2505);
#2504 = CARTESIAN_POINT('',(7.493,-6.858,0.));
#2505 = VECTOR('',#2506,1.);
#2506 = DIRECTION('',(-1.324339206003E-31,4.11765609504E-16,1.));
#2507 = ORIENTED_EDGE('',*,*,#2508,.T.);
#2508 = EDGE_CURVE('',#2501,#867,#2509,.T.);
#2509 = CIRCLE('',#2510,0.127);
#2510 = AXIS2_PLACEMENT_3D('',#2511,#2512,#2513);
#2511 = CARTESIAN_POINT('',(7.366,-6.858,1.776));
#2512 = DIRECTION('',(3.216245299353E-16,-1.,0.));
#2513 = DIRECTION('',(0.,0.,-1.));
#2514 = PLANE('',#2515);
#2515 = AXIS2_PLACEMENT_3D('',#2516,#2517,#2518);
#2516 = CARTESIAN_POINT('',(0.254,-6.858,2.157));
#2517 = DIRECTION('',(-4.440892098501E-16,1.,0.));
#2518 = DIRECTION('',(0.,0.,1.));
#2519 = ADVANCED_FACE('',(#2520),#2545,.T.);
#2520 = FACE_BOUND('',#2521,.T.);
#2521 = EDGE_LOOP('',(#2522,#2530,#2531,#2539));
#2522 = ORIENTED_EDGE('',*,*,#2523,.T.);
#2523 = EDGE_CURVE('',#2524,#836,#2526,.T.);
#2524 = VERTEX_POINT('',#2525);
#2525 = CARTESIAN_POINT('',(6.91,-6.858,2.157));
#2526 = LINE('',#2527,#2528);
#2527 = CARTESIAN_POINT('',(3.683,-6.858,2.157));
#2528 = VECTOR('',#2529,1.);
#2529 = DIRECTION('',(1.,3.216245299353E-16,0.));
#2530 = ORIENTED_EDGE('',*,*,#852,.T.);
#2531 = ORIENTED_EDGE('',*,*,#2532,.T.);
#2532 = EDGE_CURVE('',#845,#2533,#2535,.T.);
#2533 = VERTEX_POINT('',#2534);
#2534 = CARTESIAN_POINT('',(6.91,-5.842,2.157));
#2535 = LINE('',#2536,#2537);
#2536 = CARTESIAN_POINT('',(7.62,-5.842,2.157));
#2537 = VECTOR('',#2538,1.);
#2538 = DIRECTION('',(-1.,-3.216245299353E-16,0.));
#2539 = ORIENTED_EDGE('',*,*,#2540,.F.);
#2540 = EDGE_CURVE('',#2524,#2533,#2541,.T.);
#2541 = LINE('',#2542,#2543);
#2542 = CARTESIAN_POINT('',(6.91,-17.07,2.157));
#2543 = VECTOR('',#2544,1.);
#2544 = DIRECTION('',(-4.440892098501E-16,1.,0.));
#2545 = B_SPLINE_SURFACE_WITH_KNOTS('',1,1,(
    (#2546,#2547)
    ,(#2548,#2549
    )),.UNSPECIFIED.,.F.,.F.,.F.,(2,2),(2,2),(0.,19.05),(0.,1.),
  .PIECEWISE_BEZIER_KNOTS.);
#2546 = CARTESIAN_POINT('',(6.985,-17.145,2.157));
#2547 = CARTESIAN_POINT('',(6.91,-17.07,2.157));
#2548 = CARTESIAN_POINT('',(6.985,1.905,2.157));
#2549 = CARTESIAN_POINT('',(6.91,1.83,2.157));
#2550 = ADVANCED_FACE('',(#2551),#2562,.F.);
#2551 = FACE_BOUND('',#2552,.F.);
#2552 = EDGE_LOOP('',(#2553,#2559,#2560,#2561));
#2553 = ORIENTED_EDGE('',*,*,#2554,.T.);
#2554 = EDGE_CURVE('',#2443,#2501,#2555,.T.);
#2555 = LINE('',#2556,#2557);
#2556 = CARTESIAN_POINT('',(7.493,-8.382,1.776));
#2557 = VECTOR('',#2558,1.);
#2558 = DIRECTION('',(-3.216245299353E-16,1.,0.));
#2559 = ORIENTED_EDGE('',*,*,#2508,.T.);
#2560 = ORIENTED_EDGE('',*,*,#883,.F.);
#2561 = ORIENTED_EDGE('',*,*,#2450,.F.);
#2562 = CYLINDRICAL_SURFACE('',#2563,0.127);
#2563 = AXIS2_PLACEMENT_3D('',#2564,#2565,#2566);
#2564 = CARTESIAN_POINT('',(7.366,-8.382,1.776));
#2565 = DIRECTION('',(-3.216245299353E-16,1.,0.));
#2566 = DIRECTION('',(1.,3.216245299353E-16,0.));
#2567 = ADVANCED_FACE('',(#2568),#2585,.T.);
#2568 = FACE_BOUND('',#2569,.T.);
#2569 = EDGE_LOOP('',(#2570,#2571,#2578,#2584));
#2570 = ORIENTED_EDGE('',*,*,#905,.T.);
#2571 = ORIENTED_EDGE('',*,*,#2572,.T.);
#2572 = EDGE_CURVE('',#899,#2573,#2575,.T.);
#2573 = VERTEX_POINT('',#2574);
#2574 = CARTESIAN_POINT('',(0.71,1.83,2.157));
#2575 = B_SPLINE_CURVE_WITH_KNOTS('',1,(#2576,#2577),.UNSPECIFIED.,.F.,
  .F.,(2,2),(0.,1.),.PIECEWISE_BEZIER_KNOTS.);
#2576 = CARTESIAN_POINT('',(0.635,1.905,2.157));
#2577 = CARTESIAN_POINT('',(0.71,1.83,2.157));
#2578 = ORIENTED_EDGE('',*,*,#2579,.F.);
#2579 = EDGE_CURVE('',#1550,#2573,#2580,.T.);
#2580 = LINE('',#2581,#2582);
#2581 = CARTESIAN_POINT('',(6.91,1.83,2.157));
#2582 = VECTOR('',#2583,1.);
#2583 = DIRECTION('',(-1.,-4.440892098501E-16,0.));
#2584 = ORIENTED_EDGE('',*,*,#1549,.F.);
#2585 = B_SPLINE_SURFACE_WITH_KNOTS('',1,1,(
    (#2586,#2587)
    ,(#2588,#2589
    )),.UNSPECIFIED.,.F.,.F.,.F.,(2,2),(2,2),(0.,6.35),(0.,1.),
  .PIECEWISE_BEZIER_KNOTS.);
#2586 = CARTESIAN_POINT('',(6.985,1.905,2.157));
#2587 = CARTESIAN_POINT('',(6.91,1.83,2.157));
#2588 = CARTESIAN_POINT('',(0.635,1.905,2.157));
#2589 = CARTESIAN_POINT('',(0.71,1.83,2.157));
#2590 = ADVANCED_FACE('',(#2591),#2609,.T.);
#2591 = FACE_BOUND('',#2592,.T.);
#2592 = EDGE_LOOP('',(#2593,#2594,#2595,#2603));
#2593 = ORIENTED_EDGE('',*,*,#2572,.F.);
#2594 = ORIENTED_EDGE('',*,*,#930,.T.);
#2595 = ORIENTED_EDGE('',*,*,#2596,.T.);
#2596 = EDGE_CURVE('',#923,#2597,#2599,.T.);
#2597 = VERTEX_POINT('',#2598);
#2598 = CARTESIAN_POINT('',(0.71,0.2285,2.157));
#2599 = LINE('',#2600,#2601);
#2600 = CARTESIAN_POINT('',(-0.127,0.2285,2.157));
#2601 = VECTOR('',#2602,1.);
#2602 = DIRECTION('',(1.,4.440892098501E-16,0.));
#2603 = ORIENTED_EDGE('',*,*,#2604,.F.);
#2604 = EDGE_CURVE('',#2573,#2597,#2605,.T.);
#2605 = LINE('',#2606,#2607);
#2606 = CARTESIAN_POINT('',(0.71,1.83,2.157));
#2607 = VECTOR('',#2608,1.);
#2608 = DIRECTION('',(4.440892098501E-16,-1.,0.));
#2609 = B_SPLINE_SURFACE_WITH_KNOTS('',1,1,(
    (#2610,#2611)
    ,(#2612,#2613
    )),.UNSPECIFIED.,.F.,.F.,.F.,(2,2),(2,2),(0.,19.05),(0.,1.),
  .PIECEWISE_BEZIER_KNOTS.);
#2610 = CARTESIAN_POINT('',(0.635,1.905,2.157));
#2611 = CARTESIAN_POINT('',(0.71,1.83,2.157));
#2612 = CARTESIAN_POINT('',(0.635,-17.145,2.157));
#2613 = CARTESIAN_POINT('',(0.71,-17.07,2.157));
#2614 = ADVANCED_FACE('',(#2615),#2667,.F.);
#2615 = FACE_BOUND('',#2616,.F.);
#2616 = EDGE_LOOP('',(#2617,#2625,#2634,#2642,#2650,#2658,#2665,#2666));
#2617 = ORIENTED_EDGE('',*,*,#2618,.F.);
#2618 = EDGE_CURVE('',#2619,#923,#2621,.T.);
#2619 = VERTEX_POINT('',#2620);
#2620 = CARTESIAN_POINT('',(0.254,0.2285,2.157));
#2621 = LINE('',#2622,#2623);
#2622 = CARTESIAN_POINT('',(-0.127,0.2285,2.157));
#2623 = VECTOR('',#2624,1.);
#2624 = DIRECTION('',(1.,4.440892098501E-16,0.));
#2625 = ORIENTED_EDGE('',*,*,#2626,.T.);
#2626 = EDGE_CURVE('',#2619,#2627,#2629,.T.);
#2627 = VERTEX_POINT('',#2628);
#2628 = CARTESIAN_POINT('',(-0.127,0.2285,1.776));
#2629 = CIRCLE('',#2630,0.381);
#2630 = AXIS2_PLACEMENT_3D('',#2631,#2632,#2633);
#2631 = CARTESIAN_POINT('',(0.254,0.2285,1.776));
#2632 = DIRECTION('',(4.440892098501E-16,-1.,0.));
#2633 = DIRECTION('',(0.,0.,1.));
#2634 = ORIENTED_EDGE('',*,*,#2635,.T.);
#2635 = EDGE_CURVE('',#2627,#2636,#2638,.T.);
#2636 = VERTEX_POINT('',#2637);
#2637 = CARTESIAN_POINT('',(-0.127,0.2285,-2.843));
#2638 = LINE('',#2639,#2640);
#2639 = CARTESIAN_POINT('',(-0.127,0.2285,2.157));
#2640 = VECTOR('',#2641,1.);
#2641 = DIRECTION('',(-0.,0.,-1.));
#2642 = ORIENTED_EDGE('',*,*,#2643,.T.);
#2643 = EDGE_CURVE('',#2636,#2644,#2646,.T.);
#2644 = VERTEX_POINT('',#2645);
#2645 = CARTESIAN_POINT('',(0.127,0.2285,-2.843));
#2646 = LINE('',#2647,#2648);
#2647 = CARTESIAN_POINT('',(-0.127,0.2285,-2.843));
#2648 = VECTOR('',#2649,1.);
#2649 = DIRECTION('',(1.,4.440892098501E-16,0.));
#2650 = ORIENTED_EDGE('',*,*,#2651,.F.);
#2651 = EDGE_CURVE('',#2652,#2644,#2654,.T.);
#2652 = VERTEX_POINT('',#2653);
#2653 = CARTESIAN_POINT('',(0.127,0.2285,1.776));
#2654 = LINE('',#2655,#2656);
#2655 = CARTESIAN_POINT('',(0.127,0.2285,2.157));
#2656 = VECTOR('',#2657,1.);
#2657 = DIRECTION('',(-0.,0.,-1.));
#2658 = ORIENTED_EDGE('',*,*,#2659,.T.);
#2659 = EDGE_CURVE('',#2652,#975,#2660,.T.);
#2660 = CIRCLE('',#2661,0.127);
#2661 = AXIS2_PLACEMENT_3D('',#2662,#2663,#2664);
#2662 = CARTESIAN_POINT('',(0.254,0.2285,1.776));
#2663 = DIRECTION('',(-4.440892098501E-16,1.,0.));
#2664 = DIRECTION('',(0.,0.,-1.));
#2665 = ORIENTED_EDGE('',*,*,#974,.T.);
#2666 = ORIENTED_EDGE('',*,*,#922,.T.);
#2667 = PLANE('',#2668);
#2668 = AXIS2_PLACEMENT_3D('',#2669,#2670,#2671);
#2669 = CARTESIAN_POINT('',(0.254,0.2285,2.157));
#2670 = DIRECTION('',(4.440892098501E-16,-1.,0.));
#2671 = DIRECTION('',(0.,-0.,-1.));
#2672 = ADVANCED_FACE('',(#2673),#2725,.F.);
#2673 = FACE_BOUND('',#2674,.F.);
#2674 = EDGE_LOOP('',(#2675,#2685,#2694,#2700,#2701,#2702,#2711,#2719));
#2675 = ORIENTED_EDGE('',*,*,#2676,.F.);
#2676 = EDGE_CURVE('',#2677,#2679,#2681,.T.);
#2677 = VERTEX_POINT('',#2678);
#2678 = CARTESIAN_POINT('',(-0.127,-15.4685,1.776));
#2679 = VERTEX_POINT('',#2680);
#2680 = CARTESIAN_POINT('',(-0.127,-15.4685,-2.843));
#2681 = LINE('',#2682,#2683);
#2682 = CARTESIAN_POINT('',(-0.127,-15.4685,2.157));
#2683 = VECTOR('',#2684,1.);
#2684 = DIRECTION('',(-0.,0.,-1.));
#2685 = ORIENTED_EDGE('',*,*,#2686,.T.);
#2686 = EDGE_CURVE('',#2677,#2687,#2689,.T.);
#2687 = VERTEX_POINT('',#2688);
#2688 = CARTESIAN_POINT('',(0.254,-15.4685,2.157));
#2689 = CIRCLE('',#2690,0.381);
#2690 = AXIS2_PLACEMENT_3D('',#2691,#2692,#2693);
#2691 = CARTESIAN_POINT('',(0.254,-15.4685,1.776));
#2692 = DIRECTION('',(-4.440892098501E-16,1.,0.));
#2693 = DIRECTION('',(0.,0.,1.));
#2694 = ORIENTED_EDGE('',*,*,#2695,.F.);
#2695 = EDGE_CURVE('',#945,#2687,#2696,.T.);
#2696 = LINE('',#2697,#2698);
#2697 = CARTESIAN_POINT('',(3.81,-15.4685,2.157));
#2698 = VECTOR('',#2699,1.);
#2699 = DIRECTION('',(-1.,-4.440892098501E-16,0.));
#2700 = ORIENTED_EDGE('',*,*,#944,.T.);
#2701 = ORIENTED_EDGE('',*,*,#1021,.T.);
#2702 = ORIENTED_EDGE('',*,*,#2703,.F.);
#2703 = EDGE_CURVE('',#2704,#1014,#2706,.T.);
#2704 = VERTEX_POINT('',#2705);
#2705 = CARTESIAN_POINT('',(0.127,-15.4685,1.776));
#2706 = CIRCLE('',#2707,0.127);
#2707 = AXIS2_PLACEMENT_3D('',#2708,#2709,#2710);
#2708 = CARTESIAN_POINT('',(0.254,-15.4685,1.776));
#2709 = DIRECTION('',(-4.440892098501E-16,1.,0.));
#2710 = DIRECTION('',(0.,0.,1.));
#2711 = ORIENTED_EDGE('',*,*,#2712,.T.);
#2712 = EDGE_CURVE('',#2704,#2713,#2715,.T.);
#2713 = VERTEX_POINT('',#2714);
#2714 = CARTESIAN_POINT('',(0.127,-15.4685,-2.843));
#2715 = LINE('',#2716,#2717);
#2716 = CARTESIAN_POINT('',(0.127,-15.4685,2.157));
#2717 = VECTOR('',#2718,1.);
#2718 = DIRECTION('',(-0.,0.,-1.));
#2719 = ORIENTED_EDGE('',*,*,#2720,.F.);
#2720 = EDGE_CURVE('',#2679,#2713,#2721,.T.);
#2721 = LINE('',#2722,#2723);
#2722 = CARTESIAN_POINT('',(-0.127,-15.4685,-2.843));
#2723 = VECTOR('',#2724,1.);
#2724 = DIRECTION('',(1.,4.440892098501E-16,0.));
#2725 = PLANE('',#2726);
#2726 = AXIS2_PLACEMENT_3D('',#2727,#2728,#2729);
#2727 = CARTESIAN_POINT('',(-0.127,-15.4685,1.776));
#2728 = DIRECTION('',(-4.440892098501E-16,1.,0.));
#2729 = DIRECTION('',(0.,0.,1.));
#2730 = ADVANCED_FACE('',(#2731),#2755,.T.);
#2731 = FACE_BOUND('',#2732,.T.);
#2732 = EDGE_LOOP('',(#2733,#2741,#2742,#2749));
#2733 = ORIENTED_EDGE('',*,*,#2734,.T.);
#2734 = EDGE_CURVE('',#2735,#945,#2737,.T.);
#2735 = VERTEX_POINT('',#2736);
#2736 = CARTESIAN_POINT('',(0.71,-15.4685,2.157));
#2737 = LINE('',#2738,#2739);
#2738 = CARTESIAN_POINT('',(3.81,-15.4685,2.157));
#2739 = VECTOR('',#2740,1.);
#2740 = DIRECTION('',(-1.,-4.440892098501E-16,0.));
#2741 = ORIENTED_EDGE('',*,*,#960,.T.);
#2742 = ORIENTED_EDGE('',*,*,#2743,.T.);
#2743 = EDGE_CURVE('',#954,#2744,#2746,.T.);
#2744 = VERTEX_POINT('',#2745);
#2745 = CARTESIAN_POINT('',(0.71,-17.07,2.157));
#2746 = B_SPLINE_CURVE_WITH_KNOTS('',1,(#2747,#2748),.UNSPECIFIED.,.F.,
  .F.,(2,2),(0.,1.),.PIECEWISE_BEZIER_KNOTS.);
#2747 = CARTESIAN_POINT('',(0.635,-17.145,2.157));
#2748 = CARTESIAN_POINT('',(0.71,-17.07,2.157));
#2749 = ORIENTED_EDGE('',*,*,#2750,.F.);
#2750 = EDGE_CURVE('',#2735,#2744,#2751,.T.);
#2751 = LINE('',#2752,#2753);
#2752 = CARTESIAN_POINT('',(0.71,1.83,2.157));
#2753 = VECTOR('',#2754,1.);
#2754 = DIRECTION('',(4.440892098501E-16,-1.,0.));
#2755 = B_SPLINE_SURFACE_WITH_KNOTS('',1,1,(
    (#2756,#2757)
    ,(#2758,#2759
    )),.UNSPECIFIED.,.F.,.F.,.F.,(2,2),(2,2),(0.,19.05),(0.,1.),
  .PIECEWISE_BEZIER_KNOTS.);
#2756 = CARTESIAN_POINT('',(0.635,1.905,2.157));
#2757 = CARTESIAN_POINT('',(0.71,1.83,2.157));
#2758 = CARTESIAN_POINT('',(0.635,-17.145,2.157));
#2759 = CARTESIAN_POINT('',(0.71,-17.07,2.157));
#2760 = ADVANCED_FACE('',(#2761),#2813,.T.);
#2761 = FACE_BOUND('',#2762,.T.);
#2762 = EDGE_LOOP('',(#2763,#2774,#2782,#2790,#2798,#2805,#2806,#2807));
#2763 = ORIENTED_EDGE('',*,*,#2764,.T.);
#2764 = EDGE_CURVE('',#2765,#2767,#2769,.T.);
#2765 = VERTEX_POINT('',#2766);
#2766 = CARTESIAN_POINT('',(0.254,-0.762,2.157));
#2767 = VERTEX_POINT('',#2768);
#2768 = CARTESIAN_POINT('',(-0.127,-0.762,1.776));
#2769 = CIRCLE('',#2770,0.381);
#2770 = AXIS2_PLACEMENT_3D('',#2771,#2772,#2773);
#2771 = CARTESIAN_POINT('',(0.254,-0.762,1.776));
#2772 = DIRECTION('',(4.440892098501E-16,-1.,0.));
#2773 = DIRECTION('',(0.,0.,1.));
#2774 = ORIENTED_EDGE('',*,*,#2775,.F.);
#2775 = EDGE_CURVE('',#2776,#2767,#2778,.T.);
#2776 = VERTEX_POINT('',#2777);
#2777 = CARTESIAN_POINT('',(-0.127,-0.762,0.));
#2778 = LINE('',#2779,#2780);
#2779 = CARTESIAN_POINT('',(-0.127,-0.762,0.));
#2780 = VECTOR('',#2781,1.);
#2781 = DIRECTION('',(0.,0.,1.));
#2782 = ORIENTED_EDGE('',*,*,#2783,.T.);
#2783 = EDGE_CURVE('',#2776,#2784,#2786,.T.);
#2784 = VERTEX_POINT('',#2785);
#2785 = CARTESIAN_POINT('',(0.127,-0.762,0.));
#2786 = LINE('',#2787,#2788);
#2787 = CARTESIAN_POINT('',(-0.127,-0.762,0.));
#2788 = VECTOR('',#2789,1.);
#2789 = DIRECTION('',(1.,4.440892098501E-16,0.));
#2790 = ORIENTED_EDGE('',*,*,#2791,.T.);
#2791 = EDGE_CURVE('',#2784,#2792,#2794,.T.);
#2792 = VERTEX_POINT('',#2793);
#2793 = CARTESIAN_POINT('',(0.127,-0.762,1.776));
#2794 = LINE('',#2795,#2796);
#2795 = CARTESIAN_POINT('',(0.127,-0.762,0.));
#2796 = VECTOR('',#2797,1.);
#2797 = DIRECTION('',(0.,0.,1.));
#2798 = ORIENTED_EDGE('',*,*,#2799,.T.);
#2799 = EDGE_CURVE('',#2792,#983,#2800,.T.);
#2800 = CIRCLE('',#2801,0.127);
#2801 = AXIS2_PLACEMENT_3D('',#2802,#2803,#2804);
#2802 = CARTESIAN_POINT('',(0.254,-0.762,1.776));
#2803 = DIRECTION('',(-4.440892098501E-16,1.,0.));
#2804 = DIRECTION('',(0.,0.,-1.));
#2805 = ORIENTED_EDGE('',*,*,#990,.F.);
#2806 = ORIENTED_EDGE('',*,*,#1036,.T.);
#2807 = ORIENTED_EDGE('',*,*,#2808,.T.);
#2808 = EDGE_CURVE('',#1037,#2765,#2809,.T.);
#2809 = LINE('',#2810,#2811);
#2810 = CARTESIAN_POINT('',(3.81,-0.762,2.157));
#2811 = VECTOR('',#2812,1.);
#2812 = DIRECTION('',(-1.,-4.440892098501E-16,0.));
#2813 = PLANE('',#2814);
#2814 = AXIS2_PLACEMENT_3D('',#2815,#2816,#2817);
#2815 = CARTESIAN_POINT('',(-0.127,-0.762,0.));
#2816 = DIRECTION('',(4.440892098501E-16,-1.,0.));
#2817 = DIRECTION('',(0.,-0.,-1.));
#2818 = ADVANCED_FACE('',(#2819),#2830,.F.);
#2819 = FACE_BOUND('',#2820,.F.);
#2820 = EDGE_LOOP('',(#2821,#2827,#2828,#2829));
#2821 = ORIENTED_EDGE('',*,*,#2822,.T.);
#2822 = EDGE_CURVE('',#2652,#2792,#2823,.T.);
#2823 = LINE('',#2824,#2825);
#2824 = CARTESIAN_POINT('',(0.127,0.2285,1.776));
#2825 = VECTOR('',#2826,1.);
#2826 = DIRECTION('',(4.440892098501E-16,-1.,0.));
#2827 = ORIENTED_EDGE('',*,*,#2799,.T.);
#2828 = ORIENTED_EDGE('',*,*,#982,.F.);
#2829 = ORIENTED_EDGE('',*,*,#2659,.F.);
#2830 = CYLINDRICAL_SURFACE('',#2831,0.127);
#2831 = AXIS2_PLACEMENT_3D('',#2832,#2833,#2834);
#2832 = CARTESIAN_POINT('',(0.254,0.2285,1.776));
#2833 = DIRECTION('',(4.440892098501E-16,-1.,0.));
#2834 = DIRECTION('',(-1.,-4.440892098501E-16,0.));
#2835 = ADVANCED_FACE('',(#2836),#2888,.F.);
#2836 = FACE_BOUND('',#2837,.F.);
#2837 = EDGE_LOOP('',(#2838,#2846,#2855,#2863,#2871,#2879,#2886,#2887));
#2838 = ORIENTED_EDGE('',*,*,#2839,.F.);
#2839 = EDGE_CURVE('',#2840,#1077,#2842,.T.);
#2840 = VERTEX_POINT('',#2841);
#2841 = CARTESIAN_POINT('',(0.254,-14.478,2.157));
#2842 = LINE('',#2843,#2844);
#2843 = CARTESIAN_POINT('',(-0.127,-14.478,2.157));
#2844 = VECTOR('',#2845,1.);
#2845 = DIRECTION('',(1.,4.440892098501E-16,0.));
#2846 = ORIENTED_EDGE('',*,*,#2847,.F.);
#2847 = EDGE_CURVE('',#2848,#2840,#2850,.T.);
#2848 = VERTEX_POINT('',#2849);
#2849 = CARTESIAN_POINT('',(-0.127,-14.478,1.776));
#2850 = CIRCLE('',#2851,0.381);
#2851 = AXIS2_PLACEMENT_3D('',#2852,#2853,#2854);
#2852 = CARTESIAN_POINT('',(0.254,-14.478,1.776));
#2853 = DIRECTION('',(-4.440892098501E-16,1.,0.));
#2854 = DIRECTION('',(0.,0.,1.));
#2855 = ORIENTED_EDGE('',*,*,#2856,.F.);
#2856 = EDGE_CURVE('',#2857,#2848,#2859,.T.);
#2857 = VERTEX_POINT('',#2858);
#2858 = CARTESIAN_POINT('',(-0.127,-14.478,0.));
#2859 = LINE('',#2860,#2861);
#2860 = CARTESIAN_POINT('',(-0.127,-14.478,0.));
#2861 = VECTOR('',#2862,1.);
#2862 = DIRECTION('',(0.,0.,1.));
#2863 = ORIENTED_EDGE('',*,*,#2864,.T.);
#2864 = EDGE_CURVE('',#2857,#2865,#2867,.T.);
#2865 = VERTEX_POINT('',#2866);
#2866 = CARTESIAN_POINT('',(0.127,-14.478,0.));
#2867 = LINE('',#2868,#2869);
#2868 = CARTESIAN_POINT('',(-0.127,-14.478,0.));
#2869 = VECTOR('',#2870,1.);
#2870 = DIRECTION('',(1.,4.440892098501E-16,0.));
#2871 = ORIENTED_EDGE('',*,*,#2872,.T.);
#2872 = EDGE_CURVE('',#2865,#2873,#2875,.T.);
#2873 = VERTEX_POINT('',#2874);
#2874 = CARTESIAN_POINT('',(0.127,-14.478,1.776));
#2875 = LINE('',#2876,#2877);
#2876 = CARTESIAN_POINT('',(0.127,-14.478,0.));
#2877 = VECTOR('',#2878,1.);
#2878 = DIRECTION('',(0.,0.,1.));
#2879 = ORIENTED_EDGE('',*,*,#2880,.T.);
#2880 = EDGE_CURVE('',#2873,#1006,#2881,.T.);
#2881 = CIRCLE('',#2882,0.127);
#2882 = AXIS2_PLACEMENT_3D('',#2883,#2884,#2885);
#2883 = CARTESIAN_POINT('',(0.254,-14.478,1.776));
#2884 = DIRECTION('',(-4.440892098501E-16,1.,0.));
#2885 = DIRECTION('',(0.,0.,1.));
#2886 = ORIENTED_EDGE('',*,*,#1005,.T.);
#2887 = ORIENTED_EDGE('',*,*,#1076,.T.);
#2888 = PLANE('',#2889);
#2889 = AXIS2_PLACEMENT_3D('',#2890,#2891,#2892);
#2890 = CARTESIAN_POINT('',(0.254,-14.478,2.157));
#2891 = DIRECTION('',(4.440892098501E-16,-1.,1.740014167195E-14));
#2892 = DIRECTION('',(7.727215166377E-30,-1.740014167195E-14,-1.));
#2893 = ADVANCED_FACE('',(#2894),#2905,.F.);
#2894 = FACE_BOUND('',#2895,.F.);
#2895 = EDGE_LOOP('',(#2896,#2897,#2898,#2899));
#2896 = ORIENTED_EDGE('',*,*,#2703,.T.);
#2897 = ORIENTED_EDGE('',*,*,#1013,.T.);
#2898 = ORIENTED_EDGE('',*,*,#2880,.F.);
#2899 = ORIENTED_EDGE('',*,*,#2900,.F.);
#2900 = EDGE_CURVE('',#2704,#2873,#2901,.T.);
#2901 = LINE('',#2902,#2903);
#2902 = CARTESIAN_POINT('',(0.127,-15.4685,1.776));
#2903 = VECTOR('',#2904,1.);
#2904 = DIRECTION('',(-4.440892098501E-16,1.,0.));
#2905 = CYLINDRICAL_SURFACE('',#2906,0.127);
#2906 = AXIS2_PLACEMENT_3D('',#2907,#2908,#2909);
#2907 = CARTESIAN_POINT('',(0.254,-15.4685,1.776));
#2908 = DIRECTION('',(-4.440892098501E-16,1.,0.));
#2909 = DIRECTION('',(-1.,-4.440892098501E-16,0.));
#2910 = ADVANCED_FACE('',(#2911),#2936,.T.);
#2911 = FACE_BOUND('',#2912,.T.);
#2912 = EDGE_LOOP('',(#2913,#2921,#2922,#2930));
#2913 = ORIENTED_EDGE('',*,*,#2914,.T.);
#2914 = EDGE_CURVE('',#2915,#1037,#2917,.T.);
#2915 = VERTEX_POINT('',#2916);
#2916 = CARTESIAN_POINT('',(0.71,-0.762,2.157));
#2917 = LINE('',#2918,#2919);
#2918 = CARTESIAN_POINT('',(3.81,-0.762,2.157));
#2919 = VECTOR('',#2920,1.);
#2920 = DIRECTION('',(-1.,-4.440892098501E-16,0.));
#2921 = ORIENTED_EDGE('',*,*,#1053,.T.);
#2922 = ORIENTED_EDGE('',*,*,#2923,.T.);
#2923 = EDGE_CURVE('',#1046,#2924,#2926,.T.);
#2924 = VERTEX_POINT('',#2925);
#2925 = CARTESIAN_POINT('',(0.71,-1.778,2.157));
#2926 = LINE('',#2927,#2928);
#2927 = CARTESIAN_POINT('',(-3.552713678801E-15,-1.778,2.157));
#2928 = VECTOR('',#2929,1.);
#2929 = DIRECTION('',(1.,4.440892098501E-16,0.));
#2930 = ORIENTED_EDGE('',*,*,#2931,.F.);
#2931 = EDGE_CURVE('',#2915,#2924,#2932,.T.);
#2932 = LINE('',#2933,#2934);
#2933 = CARTESIAN_POINT('',(0.71,1.83,2.157));
#2934 = VECTOR('',#2935,1.);
#2935 = DIRECTION('',(4.440892098501E-16,-1.,0.));
#2936 = B_SPLINE_SURFACE_WITH_KNOTS('',1,1,(
    (#2937,#2938)
    ,(#2939,#2940
    )),.UNSPECIFIED.,.F.,.F.,.F.,(2,2),(2,2),(0.,19.05),(0.,1.),
  .PIECEWISE_BEZIER_KNOTS.);
#2937 = CARTESIAN_POINT('',(0.635,1.905,2.157));
#2938 = CARTESIAN_POINT('',(0.71,1.83,2.157));
#2939 = CARTESIAN_POINT('',(0.635,-17.145,2.157));
#2940 = CARTESIAN_POINT('',(0.71,-17.07,2.157));
#2941 = ADVANCED_FACE('',(#2942),#2994,.T.);
#2942 = FACE_BOUND('',#2943,.T.);
#2943 = EDGE_LOOP('',(#2944,#2955,#2961,#2962,#2963,#2972,#2980,#2988));
#2944 = ORIENTED_EDGE('',*,*,#2945,.F.);
#2945 = EDGE_CURVE('',#2946,#2948,#2950,.T.);
#2946 = VERTEX_POINT('',#2947);
#2947 = CARTESIAN_POINT('',(0.254,-1.778,2.157));
#2948 = VERTEX_POINT('',#2949);
#2949 = CARTESIAN_POINT('',(-0.127,-1.778,1.776));
#2950 = CIRCLE('',#2951,0.381);
#2951 = AXIS2_PLACEMENT_3D('',#2952,#2953,#2954);
#2952 = CARTESIAN_POINT('',(0.254,-1.778,1.776));
#2953 = DIRECTION('',(4.440892098501E-16,-1.,0.));
#2954 = DIRECTION('',(0.,0.,1.));
#2955 = ORIENTED_EDGE('',*,*,#2956,.T.);
#2956 = EDGE_CURVE('',#2946,#1046,#2957,.T.);
#2957 = LINE('',#2958,#2959);
#2958 = CARTESIAN_POINT('',(-3.552713678801E-15,-1.778,2.157));
#2959 = VECTOR('',#2960,1.);
#2960 = DIRECTION('',(1.,4.440892098501E-16,0.));
#2961 = ORIENTED_EDGE('',*,*,#1045,.T.);
#2962 = ORIENTED_EDGE('',*,*,#1098,.F.);
#2963 = ORIENTED_EDGE('',*,*,#2964,.F.);
#2964 = EDGE_CURVE('',#2965,#1099,#2967,.T.);
#2965 = VERTEX_POINT('',#2966);
#2966 = CARTESIAN_POINT('',(0.127,-1.778,1.776));
#2967 = CIRCLE('',#2968,0.127);
#2968 = AXIS2_PLACEMENT_3D('',#2969,#2970,#2971);
#2969 = CARTESIAN_POINT('',(0.254,-1.778,1.776));
#2970 = DIRECTION('',(-4.440892098501E-16,1.,0.));
#2971 = DIRECTION('',(0.,0.,-1.));
#2972 = ORIENTED_EDGE('',*,*,#2973,.T.);
#2973 = EDGE_CURVE('',#2965,#2974,#2976,.T.);
#2974 = VERTEX_POINT('',#2975);
#2975 = CARTESIAN_POINT('',(0.127,-1.778,0.));
#2976 = LINE('',#2977,#2978);
#2977 = CARTESIAN_POINT('',(0.127,-1.778,2.157));
#2978 = VECTOR('',#2979,1.);
#2979 = DIRECTION('',(1.828606641681E-31,-4.11765609504E-16,-1.));
#2980 = ORIENTED_EDGE('',*,*,#2981,.F.);
#2981 = EDGE_CURVE('',#2982,#2974,#2984,.T.);
#2982 = VERTEX_POINT('',#2983);
#2983 = CARTESIAN_POINT('',(-0.127,-1.778,0.));
#2984 = LINE('',#2985,#2986);
#2985 = CARTESIAN_POINT('',(-0.127,-1.778,0.));
#2986 = VECTOR('',#2987,1.);
#2987 = DIRECTION('',(1.,4.440892098501E-16,0.));
#2988 = ORIENTED_EDGE('',*,*,#2989,.F.);
#2989 = EDGE_CURVE('',#2948,#2982,#2990,.T.);
#2990 = LINE('',#2991,#2992);
#2991 = CARTESIAN_POINT('',(-0.127,-1.778,2.157));
#2992 = VECTOR('',#2993,1.);
#2993 = DIRECTION('',(1.828606641681E-31,-4.11765609504E-16,-1.));
#2994 = PLANE('',#2995);
#2995 = AXIS2_PLACEMENT_3D('',#2996,#2997,#2998);
#2996 = CARTESIAN_POINT('',(0.254,-1.778,2.157));
#2997 = DIRECTION('',(-4.440892098501E-16,1.,0.));
#2998 = DIRECTION('',(0.,0.,1.));
#2999 = ADVANCED_FACE('',(#3000),#3052,.F.);
#3000 = FACE_BOUND('',#3001,.F.);
#3001 = EDGE_LOOP('',(#3002,#3013,#3019,#3020,#3021,#3030,#3038,#3046));
#3002 = ORIENTED_EDGE('',*,*,#3003,.F.);
#3003 = EDGE_CURVE('',#3004,#3006,#3008,.T.);
#3004 = VERTEX_POINT('',#3005);
#3005 = CARTESIAN_POINT('',(0.254,-13.462,2.157));
#3006 = VERTEX_POINT('',#3007);
#3007 = CARTESIAN_POINT('',(-0.127,-13.462,1.776));
#3008 = CIRCLE('',#3009,0.381);
#3009 = AXIS2_PLACEMENT_3D('',#3010,#3011,#3012);
#3010 = CARTESIAN_POINT('',(0.254,-13.462,1.776));
#3011 = DIRECTION('',(4.440892098501E-16,-1.,0.));
#3012 = DIRECTION('',(0.,0.,1.));
#3013 = ORIENTED_EDGE('',*,*,#3014,.F.);
#3014 = EDGE_CURVE('',#1068,#3004,#3015,.T.);
#3015 = LINE('',#3016,#3017);
#3016 = CARTESIAN_POINT('',(3.937,-13.462,2.157));
#3017 = VECTOR('',#3018,1.);
#3018 = DIRECTION('',(-1.,-4.440892098501E-16,0.));
#3019 = ORIENTED_EDGE('',*,*,#1067,.T.);
#3020 = ORIENTED_EDGE('',*,*,#1145,.T.);
#3021 = ORIENTED_EDGE('',*,*,#3022,.F.);
#3022 = EDGE_CURVE('',#3023,#1138,#3025,.T.);
#3023 = VERTEX_POINT('',#3024);
#3024 = CARTESIAN_POINT('',(0.127,-13.462,1.776));
#3025 = CIRCLE('',#3026,0.127);
#3026 = AXIS2_PLACEMENT_3D('',#3027,#3028,#3029);
#3027 = CARTESIAN_POINT('',(0.254,-13.462,1.776));
#3028 = DIRECTION('',(-4.440892098501E-16,1.,0.));
#3029 = DIRECTION('',(0.,0.,-1.));
#3030 = ORIENTED_EDGE('',*,*,#3031,.F.);
#3031 = EDGE_CURVE('',#3032,#3023,#3034,.T.);
#3032 = VERTEX_POINT('',#3033);
#3033 = CARTESIAN_POINT('',(0.127,-13.462,0.));
#3034 = LINE('',#3035,#3036);
#3035 = CARTESIAN_POINT('',(0.127,-13.462,0.));
#3036 = VECTOR('',#3037,1.);
#3037 = DIRECTION('',(1.828606641681E-31,-4.11765609504E-16,1.));
#3038 = ORIENTED_EDGE('',*,*,#3039,.F.);
#3039 = EDGE_CURVE('',#3040,#3032,#3042,.T.);
#3040 = VERTEX_POINT('',#3041);
#3041 = CARTESIAN_POINT('',(-0.127,-13.462,0.));
#3042 = LINE('',#3043,#3044);
#3043 = CARTESIAN_POINT('',(-0.127,-13.462,0.));
#3044 = VECTOR('',#3045,1.);
#3045 = DIRECTION('',(1.,4.440892098501E-16,0.));
#3046 = ORIENTED_EDGE('',*,*,#3047,.T.);
#3047 = EDGE_CURVE('',#3040,#3006,#3048,.T.);
#3048 = LINE('',#3049,#3050);
#3049 = CARTESIAN_POINT('',(-0.127,-13.462,0.));
#3050 = VECTOR('',#3051,1.);
#3051 = DIRECTION('',(1.828606641681E-31,-4.11765609504E-16,1.));
#3052 = PLANE('',#3053);
#3053 = AXIS2_PLACEMENT_3D('',#3054,#3055,#3056);
#3054 = CARTESIAN_POINT('',(0.254,-13.462,2.157));
#3055 = DIRECTION('',(-4.440892098501E-16,1.,0.));
#3056 = DIRECTION('',(0.,0.,1.));
#3057 = ADVANCED_FACE('',(#3058),#3083,.T.);
#3058 = FACE_BOUND('',#3059,.T.);
#3059 = EDGE_LOOP('',(#3060,#3068,#3069,#3077));
#3060 = ORIENTED_EDGE('',*,*,#3061,.T.);
#3061 = EDGE_CURVE('',#3062,#1068,#3064,.T.);
#3062 = VERTEX_POINT('',#3063);
#3063 = CARTESIAN_POINT('',(0.71,-13.462,2.157));
#3064 = LINE('',#3065,#3066);
#3065 = CARTESIAN_POINT('',(3.937,-13.462,2.157));
#3066 = VECTOR('',#3067,1.);
#3067 = DIRECTION('',(-1.,-4.440892098501E-16,0.));
#3068 = ORIENTED_EDGE('',*,*,#1084,.T.);
#3069 = ORIENTED_EDGE('',*,*,#3070,.T.);
#3070 = EDGE_CURVE('',#1077,#3071,#3073,.T.);
#3071 = VERTEX_POINT('',#3072);
#3072 = CARTESIAN_POINT('',(0.71,-14.478,2.157));
#3073 = LINE('',#3074,#3075);
#3074 = CARTESIAN_POINT('',(-0.127,-14.478,2.157));
#3075 = VECTOR('',#3076,1.);
#3076 = DIRECTION('',(1.,4.440892098501E-16,0.));
#3077 = ORIENTED_EDGE('',*,*,#3078,.F.);
#3078 = EDGE_CURVE('',#3062,#3071,#3079,.T.);
#3079 = LINE('',#3080,#3081);
#3080 = CARTESIAN_POINT('',(0.71,1.83,2.157));
#3081 = VECTOR('',#3082,1.);
#3082 = DIRECTION('',(4.440892098501E-16,-1.,0.));
#3083 = B_SPLINE_SURFACE_WITH_KNOTS('',1,1,(
    (#3084,#3085)
    ,(#3086,#3087
    )),.UNSPECIFIED.,.F.,.F.,.F.,(2,2),(2,2),(0.,19.05),(0.,1.),
  .PIECEWISE_BEZIER_KNOTS.);
#3084 = CARTESIAN_POINT('',(0.635,1.905,2.157));
#3085 = CARTESIAN_POINT('',(0.71,1.83,2.157));
#3086 = CARTESIAN_POINT('',(0.635,-17.145,2.157));
#3087 = CARTESIAN_POINT('',(0.71,-17.07,2.157));
#3088 = ADVANCED_FACE('',(#3089),#3141,.F.);
#3089 = FACE_BOUND('',#3090,.F.);
#3090 = EDGE_LOOP('',(#3091,#3102,#3108,#3109,#3110,#3119,#3127,#3135));
#3091 = ORIENTED_EDGE('',*,*,#3092,.F.);
#3092 = EDGE_CURVE('',#3093,#3095,#3097,.T.);
#3093 = VERTEX_POINT('',#3094);
#3094 = CARTESIAN_POINT('',(0.254,-3.302,2.157));
#3095 = VERTEX_POINT('',#3096);
#3096 = CARTESIAN_POINT('',(-0.127,-3.302,1.776));
#3097 = CIRCLE('',#3098,0.381);
#3098 = AXIS2_PLACEMENT_3D('',#3099,#3100,#3101);
#3099 = CARTESIAN_POINT('',(0.254,-3.302,1.776));
#3100 = DIRECTION('',(4.440892098501E-16,-1.,0.));
#3101 = DIRECTION('',(0.,0.,1.));
#3102 = ORIENTED_EDGE('',*,*,#3103,.F.);
#3103 = EDGE_CURVE('',#1161,#3093,#3104,.T.);
#3104 = LINE('',#3105,#3106);
#3105 = CARTESIAN_POINT('',(3.937,-3.302,2.157));
#3106 = VECTOR('',#3107,1.);
#3107 = DIRECTION('',(-1.,-4.440892098501E-16,0.));
#3108 = ORIENTED_EDGE('',*,*,#1160,.T.);
#3109 = ORIENTED_EDGE('',*,*,#1114,.T.);
#3110 = ORIENTED_EDGE('',*,*,#3111,.F.);
#3111 = EDGE_CURVE('',#3112,#1107,#3114,.T.);
#3112 = VERTEX_POINT('',#3113);
#3113 = CARTESIAN_POINT('',(0.127,-3.302,1.776));
#3114 = CIRCLE('',#3115,0.127);
#3115 = AXIS2_PLACEMENT_3D('',#3116,#3117,#3118);
#3116 = CARTESIAN_POINT('',(0.254,-3.302,1.776));
#3117 = DIRECTION('',(-4.440892098501E-16,1.,0.));
#3118 = DIRECTION('',(0.,0.,-1.));
#3119 = ORIENTED_EDGE('',*,*,#3120,.F.);
#3120 = EDGE_CURVE('',#3121,#3112,#3123,.T.);
#3121 = VERTEX_POINT('',#3122);
#3122 = CARTESIAN_POINT('',(0.127,-3.302,0.));
#3123 = LINE('',#3124,#3125);
#3124 = CARTESIAN_POINT('',(0.127,-3.302,0.));
#3125 = VECTOR('',#3126,1.);
#3126 = DIRECTION('',(1.828606641681E-31,-4.11765609504E-16,1.));
#3127 = ORIENTED_EDGE('',*,*,#3128,.F.);
#3128 = EDGE_CURVE('',#3129,#3121,#3131,.T.);
#3129 = VERTEX_POINT('',#3130);
#3130 = CARTESIAN_POINT('',(-0.127,-3.302,0.));
#3131 = LINE('',#3132,#3133);
#3132 = CARTESIAN_POINT('',(-0.127,-3.302,0.));
#3133 = VECTOR('',#3134,1.);
#3134 = DIRECTION('',(1.,4.440892098501E-16,0.));
#3135 = ORIENTED_EDGE('',*,*,#3136,.T.);
#3136 = EDGE_CURVE('',#3129,#3095,#3137,.T.);
#3137 = LINE('',#3138,#3139);
#3138 = CARTESIAN_POINT('',(-0.127,-3.302,0.));
#3139 = VECTOR('',#3140,1.);
#3140 = DIRECTION('',(1.828606641681E-31,-4.11765609504E-16,1.));
#3141 = PLANE('',#3142);
#3142 = AXIS2_PLACEMENT_3D('',#3143,#3144,#3145);
#3143 = CARTESIAN_POINT('',(0.254,-3.302,2.157));
#3144 = DIRECTION('',(-4.440892098501E-16,1.,0.));
#3145 = DIRECTION('',(0.,0.,1.));
#3146 = ADVANCED_FACE('',(#3147),#3158,.F.);
#3147 = FACE_BOUND('',#3148,.F.);
#3148 = EDGE_LOOP('',(#3149,#3155,#3156,#3157));
#3149 = ORIENTED_EDGE('',*,*,#3150,.T.);
#3150 = EDGE_CURVE('',#2965,#3112,#3151,.T.);
#3151 = LINE('',#3152,#3153);
#3152 = CARTESIAN_POINT('',(0.127,-1.778,1.776));
#3153 = VECTOR('',#3154,1.);
#3154 = DIRECTION('',(4.440892098501E-16,-1.,0.));
#3155 = ORIENTED_EDGE('',*,*,#3111,.T.);
#3156 = ORIENTED_EDGE('',*,*,#1106,.F.);
#3157 = ORIENTED_EDGE('',*,*,#2964,.F.);
#3158 = CYLINDRICAL_SURFACE('',#3159,0.127);
#3159 = AXIS2_PLACEMENT_3D('',#3160,#3161,#3162);
#3160 = CARTESIAN_POINT('',(0.254,-1.778,1.776));
#3161 = DIRECTION('',(4.440892098501E-16,-1.,0.));
#3162 = DIRECTION('',(-1.,-4.440892098501E-16,0.));
#3163 = ADVANCED_FACE('',(#3164),#3216,.T.);
#3164 = FACE_BOUND('',#3165,.T.);
#3165 = EDGE_LOOP('',(#3166,#3177,#3183,#3184,#3185,#3194,#3202,#3210));
#3166 = ORIENTED_EDGE('',*,*,#3167,.F.);
#3167 = EDGE_CURVE('',#3168,#3170,#3172,.T.);
#3168 = VERTEX_POINT('',#3169);
#3169 = CARTESIAN_POINT('',(0.254,-11.938,2.157));
#3170 = VERTEX_POINT('',#3171);
#3171 = CARTESIAN_POINT('',(-0.127,-11.938,1.776));
#3172 = CIRCLE('',#3173,0.381);
#3173 = AXIS2_PLACEMENT_3D('',#3174,#3175,#3176);
#3174 = CARTESIAN_POINT('',(0.254,-11.938,1.776));
#3175 = DIRECTION('',(4.440892098501E-16,-1.,0.));
#3176 = DIRECTION('',(0.,0.,1.));
#3177 = ORIENTED_EDGE('',*,*,#3178,.T.);
#3178 = EDGE_CURVE('',#3168,#1201,#3179,.T.);
#3179 = LINE('',#3180,#3181);
#3180 = CARTESIAN_POINT('',(8.881784197001E-16,-11.938,2.157));
#3181 = VECTOR('',#3182,1.);
#3182 = DIRECTION('',(1.,4.440892098501E-16,0.));
#3183 = ORIENTED_EDGE('',*,*,#1200,.T.);
#3184 = ORIENTED_EDGE('',*,*,#1129,.F.);
#3185 = ORIENTED_EDGE('',*,*,#3186,.F.);
#3186 = EDGE_CURVE('',#3187,#1130,#3189,.T.);
#3187 = VERTEX_POINT('',#3188);
#3188 = CARTESIAN_POINT('',(0.127,-11.938,1.776));
#3189 = CIRCLE('',#3190,0.127);
#3190 = AXIS2_PLACEMENT_3D('',#3191,#3192,#3193);
#3191 = CARTESIAN_POINT('',(0.254,-11.938,1.776));
#3192 = DIRECTION('',(-4.440892098501E-16,1.,0.));
#3193 = DIRECTION('',(0.,0.,-1.));
#3194 = ORIENTED_EDGE('',*,*,#3195,.T.);
#3195 = EDGE_CURVE('',#3187,#3196,#3198,.T.);
#3196 = VERTEX_POINT('',#3197);
#3197 = CARTESIAN_POINT('',(0.127,-11.938,0.));
#3198 = LINE('',#3199,#3200);
#3199 = CARTESIAN_POINT('',(0.127,-11.938,2.157));
#3200 = VECTOR('',#3201,1.);
#3201 = DIRECTION('',(1.828606641681E-31,-4.11765609504E-16,-1.));
#3202 = ORIENTED_EDGE('',*,*,#3203,.F.);
#3203 = EDGE_CURVE('',#3204,#3196,#3206,.T.);
#3204 = VERTEX_POINT('',#3205);
#3205 = CARTESIAN_POINT('',(-0.127,-11.938,0.));
#3206 = LINE('',#3207,#3208);
#3207 = CARTESIAN_POINT('',(-0.127,-11.938,0.));
#3208 = VECTOR('',#3209,1.);
#3209 = DIRECTION('',(1.,4.440892098501E-16,0.));
#3210 = ORIENTED_EDGE('',*,*,#3211,.F.);
#3211 = EDGE_CURVE('',#3170,#3204,#3212,.T.);
#3212 = LINE('',#3213,#3214);
#3213 = CARTESIAN_POINT('',(-0.127,-11.938,2.157));
#3214 = VECTOR('',#3215,1.);
#3215 = DIRECTION('',(1.828606641681E-31,-4.11765609504E-16,-1.));
#3216 = PLANE('',#3217);
#3217 = AXIS2_PLACEMENT_3D('',#3218,#3219,#3220);
#3218 = CARTESIAN_POINT('',(0.254,-11.938,2.157));
#3219 = DIRECTION('',(-4.440892098501E-16,1.,0.));
#3220 = DIRECTION('',(0.,0.,1.));
#3221 = ADVANCED_FACE('',(#3222),#3233,.F.);
#3222 = FACE_BOUND('',#3223,.F.);
#3223 = EDGE_LOOP('',(#3224,#3230,#3231,#3232));
#3224 = ORIENTED_EDGE('',*,*,#3225,.T.);
#3225 = EDGE_CURVE('',#3187,#3023,#3226,.T.);
#3226 = LINE('',#3227,#3228);
#3227 = CARTESIAN_POINT('',(0.127,-11.938,1.776));
#3228 = VECTOR('',#3229,1.);
#3229 = DIRECTION('',(4.440892098501E-16,-1.,0.));
#3230 = ORIENTED_EDGE('',*,*,#3022,.T.);
#3231 = ORIENTED_EDGE('',*,*,#1137,.F.);
#3232 = ORIENTED_EDGE('',*,*,#3186,.F.);
#3233 = CYLINDRICAL_SURFACE('',#3234,0.127);
#3234 = AXIS2_PLACEMENT_3D('',#3235,#3236,#3237);
#3235 = CARTESIAN_POINT('',(0.254,-11.938,1.776));
#3236 = DIRECTION('',(4.440892098501E-16,-1.,0.));
#3237 = DIRECTION('',(-1.,-4.440892098501E-16,0.));
#3238 = ADVANCED_FACE('',(#3239),#3264,.T.);
#3239 = FACE_BOUND('',#3240,.T.);
#3240 = EDGE_LOOP('',(#3241,#3249,#3250,#3258));
#3241 = ORIENTED_EDGE('',*,*,#3242,.T.);
#3242 = EDGE_CURVE('',#3243,#1161,#3245,.T.);
#3243 = VERTEX_POINT('',#3244);
#3244 = CARTESIAN_POINT('',(0.71,-3.302,2.157));
#3245 = LINE('',#3246,#3247);
#3246 = CARTESIAN_POINT('',(3.937,-3.302,2.157));
#3247 = VECTOR('',#3248,1.);
#3248 = DIRECTION('',(-1.,-4.440892098501E-16,0.));
#3249 = ORIENTED_EDGE('',*,*,#1177,.T.);
#3250 = ORIENTED_EDGE('',*,*,#3251,.T.);
#3251 = EDGE_CURVE('',#1170,#3252,#3254,.T.);
#3252 = VERTEX_POINT('',#3253);
#3253 = CARTESIAN_POINT('',(0.71,-4.318,2.157));
#3254 = LINE('',#3255,#3256);
#3255 = CARTESIAN_POINT('',(-2.22044604925E-15,-4.318,2.157));
#3256 = VECTOR('',#3257,1.);
#3257 = DIRECTION('',(1.,4.440892098501E-16,0.));
#3258 = ORIENTED_EDGE('',*,*,#3259,.F.);
#3259 = EDGE_CURVE('',#3243,#3252,#3260,.T.);
#3260 = LINE('',#3261,#3262);
#3261 = CARTESIAN_POINT('',(0.71,1.83,2.157));
#3262 = VECTOR('',#3263,1.);
#3263 = DIRECTION('',(4.440892098501E-16,-1.,0.));
#3264 = B_SPLINE_SURFACE_WITH_KNOTS('',1,1,(
    (#3265,#3266)
    ,(#3267,#3268
    )),.UNSPECIFIED.,.F.,.F.,.F.,(2,2),(2,2),(0.,19.05),(0.,1.),
  .PIECEWISE_BEZIER_KNOTS.);
#3265 = CARTESIAN_POINT('',(0.635,1.905,2.157));
#3266 = CARTESIAN_POINT('',(0.71,1.83,2.157));
#3267 = CARTESIAN_POINT('',(0.635,-17.145,2.157));
#3268 = CARTESIAN_POINT('',(0.71,-17.07,2.157));
#3269 = ADVANCED_FACE('',(#3270),#3322,.T.);
#3270 = FACE_BOUND('',#3271,.T.);
#3271 = EDGE_LOOP('',(#3272,#3283,#3289,#3290,#3291,#3300,#3308,#3316));
#3272 = ORIENTED_EDGE('',*,*,#3273,.F.);
#3273 = EDGE_CURVE('',#3274,#3276,#3278,.T.);
#3274 = VERTEX_POINT('',#3275);
#3275 = CARTESIAN_POINT('',(0.254,-4.318,2.157));
#3276 = VERTEX_POINT('',#3277);
#3277 = CARTESIAN_POINT('',(-0.127,-4.318,1.776));
#3278 = CIRCLE('',#3279,0.381);
#3279 = AXIS2_PLACEMENT_3D('',#3280,#3281,#3282);
#3280 = CARTESIAN_POINT('',(0.254,-4.318,1.776));
#3281 = DIRECTION('',(4.440892098501E-16,-1.,0.));
#3282 = DIRECTION('',(0.,0.,1.));
#3283 = ORIENTED_EDGE('',*,*,#3284,.T.);
#3284 = EDGE_CURVE('',#3274,#1170,#3285,.T.);
#3285 = LINE('',#3286,#3287);
#3286 = CARTESIAN_POINT('',(-2.22044604925E-15,-4.318,2.157));
#3287 = VECTOR('',#3288,1.);
#3288 = DIRECTION('',(1.,4.440892098501E-16,0.));
#3289 = ORIENTED_EDGE('',*,*,#1169,.T.);
#3290 = ORIENTED_EDGE('',*,*,#1222,.F.);
#3291 = ORIENTED_EDGE('',*,*,#3292,.F.);
#3292 = EDGE_CURVE('',#3293,#1223,#3295,.T.);
#3293 = VERTEX_POINT('',#3294);
#3294 = CARTESIAN_POINT('',(0.127,-4.318,1.776));
#3295 = CIRCLE('',#3296,0.127);
#3296 = AXIS2_PLACEMENT_3D('',#3297,#3298,#3299);
#3297 = CARTESIAN_POINT('',(0.254,-4.318,1.776));
#3298 = DIRECTION('',(-4.440892098501E-16,1.,0.));
#3299 = DIRECTION('',(0.,0.,-1.));
#3300 = ORIENTED_EDGE('',*,*,#3301,.T.);
#3301 = EDGE_CURVE('',#3293,#3302,#3304,.T.);
#3302 = VERTEX_POINT('',#3303);
#3303 = CARTESIAN_POINT('',(0.127,-4.318,0.));
#3304 = LINE('',#3305,#3306);
#3305 = CARTESIAN_POINT('',(0.127,-4.318,2.157));
#3306 = VECTOR('',#3307,1.);
#3307 = DIRECTION('',(1.828606641681E-31,-4.11765609504E-16,-1.));
#3308 = ORIENTED_EDGE('',*,*,#3309,.F.);
#3309 = EDGE_CURVE('',#3310,#3302,#3312,.T.);
#3310 = VERTEX_POINT('',#3311);
#3311 = CARTESIAN_POINT('',(-0.127,-4.318,0.));
#3312 = LINE('',#3313,#3314);
#3313 = CARTESIAN_POINT('',(-0.127,-4.318,0.));
#3314 = VECTOR('',#3315,1.);
#3315 = DIRECTION('',(1.,4.440892098501E-16,0.));
#3316 = ORIENTED_EDGE('',*,*,#3317,.F.);
#3317 = EDGE_CURVE('',#3276,#3310,#3318,.T.);
#3318 = LINE('',#3319,#3320);
#3319 = CARTESIAN_POINT('',(-0.127,-4.318,2.157));
#3320 = VECTOR('',#3321,1.);
#3321 = DIRECTION('',(1.828606641681E-31,-4.11765609504E-16,-1.));
#3322 = PLANE('',#3323);
#3323 = AXIS2_PLACEMENT_3D('',#3324,#3325,#3326);
#3324 = CARTESIAN_POINT('',(0.254,-4.318,2.157));
#3325 = DIRECTION('',(-4.440892098501E-16,1.,0.));
#3326 = DIRECTION('',(0.,0.,1.));
#3327 = ADVANCED_FACE('',(#3328),#3380,.F.);
#3328 = FACE_BOUND('',#3329,.F.);
#3329 = EDGE_LOOP('',(#3330,#3341,#3347,#3348,#3349,#3358,#3366,#3374));
#3330 = ORIENTED_EDGE('',*,*,#3331,.F.);
#3331 = EDGE_CURVE('',#3332,#3334,#3336,.T.);
#3332 = VERTEX_POINT('',#3333);
#3333 = CARTESIAN_POINT('',(0.254,-10.922,2.157));
#3334 = VERTEX_POINT('',#3335);
#3335 = CARTESIAN_POINT('',(-0.127,-10.922,1.776));
#3336 = CIRCLE('',#3337,0.381);
#3337 = AXIS2_PLACEMENT_3D('',#3338,#3339,#3340);
#3338 = CARTESIAN_POINT('',(0.254,-10.922,1.776));
#3339 = DIRECTION('',(4.440892098501E-16,-1.,0.));
#3340 = DIRECTION('',(0.,0.,1.));
#3341 = ORIENTED_EDGE('',*,*,#3342,.F.);
#3342 = EDGE_CURVE('',#1192,#3332,#3343,.T.);
#3343 = LINE('',#3344,#3345);
#3344 = CARTESIAN_POINT('',(3.937,-10.922,2.157));
#3345 = VECTOR('',#3346,1.);
#3346 = DIRECTION('',(-1.,-4.440892098501E-16,0.));
#3347 = ORIENTED_EDGE('',*,*,#1191,.T.);
#3348 = ORIENTED_EDGE('',*,*,#1269,.T.);
#3349 = ORIENTED_EDGE('',*,*,#3350,.F.);
#3350 = EDGE_CURVE('',#3351,#1262,#3353,.T.);
#3351 = VERTEX_POINT('',#3352);
#3352 = CARTESIAN_POINT('',(0.127,-10.922,1.776));
#3353 = CIRCLE('',#3354,0.127);
#3354 = AXIS2_PLACEMENT_3D('',#3355,#3356,#3357);
#3355 = CARTESIAN_POINT('',(0.254,-10.922,1.776));
#3356 = DIRECTION('',(-4.440892098501E-16,1.,0.));
#3357 = DIRECTION('',(0.,0.,-1.));
#3358 = ORIENTED_EDGE('',*,*,#3359,.F.);
#3359 = EDGE_CURVE('',#3360,#3351,#3362,.T.);
#3360 = VERTEX_POINT('',#3361);
#3361 = CARTESIAN_POINT('',(0.127,-10.922,0.));
#3362 = LINE('',#3363,#3364);
#3363 = CARTESIAN_POINT('',(0.127,-10.922,0.));
#3364 = VECTOR('',#3365,1.);
#3365 = DIRECTION('',(1.828606641681E-31,-4.11765609504E-16,1.));
#3366 = ORIENTED_EDGE('',*,*,#3367,.F.);
#3367 = EDGE_CURVE('',#3368,#3360,#3370,.T.);
#3368 = VERTEX_POINT('',#3369);
#3369 = CARTESIAN_POINT('',(-0.127,-10.922,0.));
#3370 = LINE('',#3371,#3372);
#3371 = CARTESIAN_POINT('',(-0.127,-10.922,0.));
#3372 = VECTOR('',#3373,1.);
#3373 = DIRECTION('',(1.,4.440892098501E-16,0.));
#3374 = ORIENTED_EDGE('',*,*,#3375,.T.);
#3375 = EDGE_CURVE('',#3368,#3334,#3376,.T.);
#3376 = LINE('',#3377,#3378);
#3377 = CARTESIAN_POINT('',(-0.127,-10.922,0.));
#3378 = VECTOR('',#3379,1.);
#3379 = DIRECTION('',(1.828606641681E-31,-4.11765609504E-16,1.));
#3380 = PLANE('',#3381);
#3381 = AXIS2_PLACEMENT_3D('',#3382,#3383,#3384);
#3382 = CARTESIAN_POINT('',(0.254,-10.922,2.157));
#3383 = DIRECTION('',(-4.440892098501E-16,1.,0.));
#3384 = DIRECTION('',(0.,0.,1.));
#3385 = ADVANCED_FACE('',(#3386),#3411,.T.);
#3386 = FACE_BOUND('',#3387,.T.);
#3387 = EDGE_LOOP('',(#3388,#3396,#3397,#3405));
#3388 = ORIENTED_EDGE('',*,*,#3389,.T.);
#3389 = EDGE_CURVE('',#3390,#1192,#3392,.T.);
#3390 = VERTEX_POINT('',#3391);
#3391 = CARTESIAN_POINT('',(0.71,-10.922,2.157));
#3392 = LINE('',#3393,#3394);
#3393 = CARTESIAN_POINT('',(3.937,-10.922,2.157));
#3394 = VECTOR('',#3395,1.);
#3395 = DIRECTION('',(-1.,-4.440892098501E-16,0.));
#3396 = ORIENTED_EDGE('',*,*,#1208,.T.);
#3397 = ORIENTED_EDGE('',*,*,#3398,.T.);
#3398 = EDGE_CURVE('',#1201,#3399,#3401,.T.);
#3399 = VERTEX_POINT('',#3400);
#3400 = CARTESIAN_POINT('',(0.71,-11.938,2.157));
#3401 = LINE('',#3402,#3403);
#3402 = CARTESIAN_POINT('',(8.881784197001E-16,-11.938,2.157));
#3403 = VECTOR('',#3404,1.);
#3404 = DIRECTION('',(1.,4.440892098501E-16,0.));
#3405 = ORIENTED_EDGE('',*,*,#3406,.F.);
#3406 = EDGE_CURVE('',#3390,#3399,#3407,.T.);
#3407 = LINE('',#3408,#3409);
#3408 = CARTESIAN_POINT('',(0.71,1.83,2.157));
#3409 = VECTOR('',#3410,1.);
#3410 = DIRECTION('',(4.440892098501E-16,-1.,0.));
#3411 = B_SPLINE_SURFACE_WITH_KNOTS('',1,1,(
    (#3412,#3413)
    ,(#3414,#3415
    )),.UNSPECIFIED.,.F.,.F.,.F.,(2,2),(2,2),(0.,19.05),(0.,1.),
  .PIECEWISE_BEZIER_KNOTS.);
#3412 = CARTESIAN_POINT('',(0.635,1.905,2.157));
#3413 = CARTESIAN_POINT('',(0.71,1.83,2.157));
#3414 = CARTESIAN_POINT('',(0.635,-17.145,2.157));
#3415 = CARTESIAN_POINT('',(0.71,-17.07,2.157));
#3416 = ADVANCED_FACE('',(#3417),#3469,.F.);
#3417 = FACE_BOUND('',#3418,.F.);
#3418 = EDGE_LOOP('',(#3419,#3430,#3436,#3437,#3438,#3447,#3455,#3463));
#3419 = ORIENTED_EDGE('',*,*,#3420,.F.);
#3420 = EDGE_CURVE('',#3421,#3423,#3425,.T.);
#3421 = VERTEX_POINT('',#3422);
#3422 = CARTESIAN_POINT('',(0.254,-5.842,2.157));
#3423 = VERTEX_POINT('',#3424);
#3424 = CARTESIAN_POINT('',(-0.127,-5.842,1.776));
#3425 = CIRCLE('',#3426,0.381);
#3426 = AXIS2_PLACEMENT_3D('',#3427,#3428,#3429);
#3427 = CARTESIAN_POINT('',(0.254,-5.842,1.776));
#3428 = DIRECTION('',(4.440892098501E-16,-1.,0.));
#3429 = DIRECTION('',(0.,0.,1.));
#3430 = ORIENTED_EDGE('',*,*,#3431,.F.);
#3431 = EDGE_CURVE('',#1285,#3421,#3432,.T.);
#3432 = LINE('',#3433,#3434);
#3433 = CARTESIAN_POINT('',(3.937,-5.842,2.157));
#3434 = VECTOR('',#3435,1.);
#3435 = DIRECTION('',(-1.,-4.440892098501E-16,0.));
#3436 = ORIENTED_EDGE('',*,*,#1284,.T.);
#3437 = ORIENTED_EDGE('',*,*,#1238,.T.);
#3438 = ORIENTED_EDGE('',*,*,#3439,.F.);
#3439 = EDGE_CURVE('',#3440,#1231,#3442,.T.);
#3440 = VERTEX_POINT('',#3441);
#3441 = CARTESIAN_POINT('',(0.127,-5.842,1.776));
#3442 = CIRCLE('',#3443,0.127);
#3443 = AXIS2_PLACEMENT_3D('',#3444,#3445,#3446);
#3444 = CARTESIAN_POINT('',(0.254,-5.842,1.776));
#3445 = DIRECTION('',(-4.440892098501E-16,1.,0.));
#3446 = DIRECTION('',(0.,0.,-1.));
#3447 = ORIENTED_EDGE('',*,*,#3448,.F.);
#3448 = EDGE_CURVE('',#3449,#3440,#3451,.T.);
#3449 = VERTEX_POINT('',#3450);
#3450 = CARTESIAN_POINT('',(0.127,-5.842,0.));
#3451 = LINE('',#3452,#3453);
#3452 = CARTESIAN_POINT('',(0.127,-5.842,0.));
#3453 = VECTOR('',#3454,1.);
#3454 = DIRECTION('',(1.828606641681E-31,-4.11765609504E-16,1.));
#3455 = ORIENTED_EDGE('',*,*,#3456,.F.);
#3456 = EDGE_CURVE('',#3457,#3449,#3459,.T.);
#3457 = VERTEX_POINT('',#3458);
#3458 = CARTESIAN_POINT('',(-0.127,-5.842,0.));
#3459 = LINE('',#3460,#3461);
#3460 = CARTESIAN_POINT('',(-0.127,-5.842,0.));
#3461 = VECTOR('',#3462,1.);
#3462 = DIRECTION('',(1.,4.440892098501E-16,0.));
#3463 = ORIENTED_EDGE('',*,*,#3464,.T.);
#3464 = EDGE_CURVE('',#3457,#3423,#3465,.T.);
#3465 = LINE('',#3466,#3467);
#3466 = CARTESIAN_POINT('',(-0.127,-5.842,0.));
#3467 = VECTOR('',#3468,1.);
#3468 = DIRECTION('',(1.828606641681E-31,-4.11765609504E-16,1.));
#3469 = PLANE('',#3470);
#3470 = AXIS2_PLACEMENT_3D('',#3471,#3472,#3473);
#3471 = CARTESIAN_POINT('',(0.254,-5.842,2.157));
#3472 = DIRECTION('',(-4.440892098501E-16,1.,0.));
#3473 = DIRECTION('',(0.,0.,1.));
#3474 = ADVANCED_FACE('',(#3475),#3486,.F.);
#3475 = FACE_BOUND('',#3476,.F.);
#3476 = EDGE_LOOP('',(#3477,#3483,#3484,#3485));
#3477 = ORIENTED_EDGE('',*,*,#3478,.T.);
#3478 = EDGE_CURVE('',#3293,#3440,#3479,.T.);
#3479 = LINE('',#3480,#3481);
#3480 = CARTESIAN_POINT('',(0.127,-4.318,1.776));
#3481 = VECTOR('',#3482,1.);
#3482 = DIRECTION('',(4.440892098501E-16,-1.,0.));
#3483 = ORIENTED_EDGE('',*,*,#3439,.T.);
#3484 = ORIENTED_EDGE('',*,*,#1230,.F.);
#3485 = ORIENTED_EDGE('',*,*,#3292,.F.);
#3486 = CYLINDRICAL_SURFACE('',#3487,0.127);
#3487 = AXIS2_PLACEMENT_3D('',#3488,#3489,#3490);
#3488 = CARTESIAN_POINT('',(0.254,-4.318,1.776));
#3489 = DIRECTION('',(4.440892098501E-16,-1.,0.));
#3490 = DIRECTION('',(-1.,-4.440892098501E-16,0.));
#3491 = ADVANCED_FACE('',(#3492),#3544,.T.);
#3492 = FACE_BOUND('',#3493,.T.);
#3493 = EDGE_LOOP('',(#3494,#3505,#3511,#3512,#3513,#3522,#3530,#3538));
#3494 = ORIENTED_EDGE('',*,*,#3495,.F.);
#3495 = EDGE_CURVE('',#3496,#3498,#3500,.T.);
#3496 = VERTEX_POINT('',#3497);
#3497 = CARTESIAN_POINT('',(0.254,-9.398,2.157));
#3498 = VERTEX_POINT('',#3499);
#3499 = CARTESIAN_POINT('',(-0.127,-9.398,1.776));
#3500 = CIRCLE('',#3501,0.381);
#3501 = AXIS2_PLACEMENT_3D('',#3502,#3503,#3504);
#3502 = CARTESIAN_POINT('',(0.254,-9.398,1.776));
#3503 = DIRECTION('',(4.440892098501E-16,-1.,0.));
#3504 = DIRECTION('',(0.,0.,1.));
#3505 = ORIENTED_EDGE('',*,*,#3506,.T.);
#3506 = EDGE_CURVE('',#3496,#1325,#3507,.T.);
#3507 = LINE('',#3508,#3509);
#3508 = CARTESIAN_POINT('',(0.,-9.398,2.157));
#3509 = VECTOR('',#3510,1.);
#3510 = DIRECTION('',(1.,4.440892098501E-16,0.));
#3511 = ORIENTED_EDGE('',*,*,#1324,.T.);
#3512 = ORIENTED_EDGE('',*,*,#1253,.F.);
#3513 = ORIENTED_EDGE('',*,*,#3514,.F.);
#3514 = EDGE_CURVE('',#3515,#1254,#3517,.T.);
#3515 = VERTEX_POINT('',#3516);
#3516 = CARTESIAN_POINT('',(0.127,-9.398,1.776));
#3517 = CIRCLE('',#3518,0.127);
#3518 = AXIS2_PLACEMENT_3D('',#3519,#3520,#3521);
#3519 = CARTESIAN_POINT('',(0.254,-9.398,1.776));
#3520 = DIRECTION('',(-4.440892098501E-16,1.,0.));
#3521 = DIRECTION('',(0.,0.,-1.));
#3522 = ORIENTED_EDGE('',*,*,#3523,.T.);
#3523 = EDGE_CURVE('',#3515,#3524,#3526,.T.);
#3524 = VERTEX_POINT('',#3525);
#3525 = CARTESIAN_POINT('',(0.127,-9.398,0.));
#3526 = LINE('',#3527,#3528);
#3527 = CARTESIAN_POINT('',(0.127,-9.398,2.157));
#3528 = VECTOR('',#3529,1.);
#3529 = DIRECTION('',(1.828606641681E-31,-4.11765609504E-16,-1.));
#3530 = ORIENTED_EDGE('',*,*,#3531,.F.);
#3531 = EDGE_CURVE('',#3532,#3524,#3534,.T.);
#3532 = VERTEX_POINT('',#3533);
#3533 = CARTESIAN_POINT('',(-0.127,-9.398,0.));
#3534 = LINE('',#3535,#3536);
#3535 = CARTESIAN_POINT('',(-0.127,-9.398,0.));
#3536 = VECTOR('',#3537,1.);
#3537 = DIRECTION('',(1.,4.440892098501E-16,0.));
#3538 = ORIENTED_EDGE('',*,*,#3539,.F.);
#3539 = EDGE_CURVE('',#3498,#3532,#3540,.T.);
#3540 = LINE('',#3541,#3542);
#3541 = CARTESIAN_POINT('',(-0.127,-9.398,2.157));
#3542 = VECTOR('',#3543,1.);
#3543 = DIRECTION('',(1.828606641681E-31,-4.11765609504E-16,-1.));
#3544 = PLANE('',#3545);
#3545 = AXIS2_PLACEMENT_3D('',#3546,#3547,#3548);
#3546 = CARTESIAN_POINT('',(0.254,-9.398,2.157));
#3547 = DIRECTION('',(-4.440892098501E-16,1.,0.));
#3548 = DIRECTION('',(0.,0.,1.));
#3549 = ADVANCED_FACE('',(#3550),#3561,.F.);
#3550 = FACE_BOUND('',#3551,.F.);
#3551 = EDGE_LOOP('',(#3552,#3558,#3559,#3560));
#3552 = ORIENTED_EDGE('',*,*,#3553,.T.);
#3553 = EDGE_CURVE('',#3515,#3351,#3554,.T.);
#3554 = LINE('',#3555,#3556);
#3555 = CARTESIAN_POINT('',(0.127,-9.398,1.776));
#3556 = VECTOR('',#3557,1.);
#3557 = DIRECTION('',(4.440892098501E-16,-1.,0.));
#3558 = ORIENTED_EDGE('',*,*,#3350,.T.);
#3559 = ORIENTED_EDGE('',*,*,#1261,.F.);
#3560 = ORIENTED_EDGE('',*,*,#3514,.F.);
#3561 = CYLINDRICAL_SURFACE('',#3562,0.127);
#3562 = AXIS2_PLACEMENT_3D('',#3563,#3564,#3565);
#3563 = CARTESIAN_POINT('',(0.254,-9.398,1.776));
#3564 = DIRECTION('',(4.440892098501E-16,-1.,0.));
#3565 = DIRECTION('',(-1.,-4.440892098501E-16,0.));
#3566 = ADVANCED_FACE('',(#3567),#3592,.T.);
#3567 = FACE_BOUND('',#3568,.T.);
#3568 = EDGE_LOOP('',(#3569,#3577,#3578,#3586));
#3569 = ORIENTED_EDGE('',*,*,#3570,.T.);
#3570 = EDGE_CURVE('',#3571,#1285,#3573,.T.);
#3571 = VERTEX_POINT('',#3572);
#3572 = CARTESIAN_POINT('',(0.71,-5.842,2.157));
#3573 = LINE('',#3574,#3575);
#3574 = CARTESIAN_POINT('',(3.937,-5.842,2.157));
#3575 = VECTOR('',#3576,1.);
#3576 = DIRECTION('',(-1.,-4.440892098501E-16,0.));
#3577 = ORIENTED_EDGE('',*,*,#1301,.T.);
#3578 = ORIENTED_EDGE('',*,*,#3579,.T.);
#3579 = EDGE_CURVE('',#1294,#3580,#3582,.T.);
#3580 = VERTEX_POINT('',#3581);
#3581 = CARTESIAN_POINT('',(0.71,-6.858,2.157));
#3582 = LINE('',#3583,#3584);
#3583 = CARTESIAN_POINT('',(-1.33226762955E-15,-6.858,2.157));
#3584 = VECTOR('',#3585,1.);
#3585 = DIRECTION('',(1.,4.440892098501E-16,0.));
#3586 = ORIENTED_EDGE('',*,*,#3587,.F.);
#3587 = EDGE_CURVE('',#3571,#3580,#3588,.T.);
#3588 = LINE('',#3589,#3590);
#3589 = CARTESIAN_POINT('',(0.71,1.83,2.157));
#3590 = VECTOR('',#3591,1.);
#3591 = DIRECTION('',(4.440892098501E-16,-1.,0.));
#3592 = B_SPLINE_SURFACE_WITH_KNOTS('',1,1,(
    (#3593,#3594)
    ,(#3595,#3596
    )),.UNSPECIFIED.,.F.,.F.,.F.,(2,2),(2,2),(0.,19.05),(0.,1.),
  .PIECEWISE_BEZIER_KNOTS.);
#3593 = CARTESIAN_POINT('',(0.635,1.905,2.157));
#3594 = CARTESIAN_POINT('',(0.71,1.83,2.157));
#3595 = CARTESIAN_POINT('',(0.635,-17.145,2.157));
#3596 = CARTESIAN_POINT('',(0.71,-17.07,2.157));
#3597 = ADVANCED_FACE('',(#3598),#3650,.T.);
#3598 = FACE_BOUND('',#3599,.T.);
#3599 = EDGE_LOOP('',(#3600,#3611,#3617,#3618,#3619,#3628,#3636,#3644));
#3600 = ORIENTED_EDGE('',*,*,#3601,.F.);
#3601 = EDGE_CURVE('',#3602,#3604,#3606,.T.);
#3602 = VERTEX_POINT('',#3603);
#3603 = CARTESIAN_POINT('',(0.254,-6.858,2.157));
#3604 = VERTEX_POINT('',#3605);
#3605 = CARTESIAN_POINT('',(-0.127,-6.858,1.776));
#3606 = CIRCLE('',#3607,0.381);
#3607 = AXIS2_PLACEMENT_3D('',#3608,#3609,#3610);
#3608 = CARTESIAN_POINT('',(0.254,-6.858,1.776));
#3609 = DIRECTION('',(4.440892098501E-16,-1.,0.));
#3610 = DIRECTION('',(0.,0.,1.));
#3611 = ORIENTED_EDGE('',*,*,#3612,.T.);
#3612 = EDGE_CURVE('',#3602,#1294,#3613,.T.);
#3613 = LINE('',#3614,#3615);
#3614 = CARTESIAN_POINT('',(-1.33226762955E-15,-6.858,2.157));
#3615 = VECTOR('',#3616,1.);
#3616 = DIRECTION('',(1.,4.440892098501E-16,0.));
#3617 = ORIENTED_EDGE('',*,*,#1293,.T.);
#3618 = ORIENTED_EDGE('',*,*,#1346,.F.);
#3619 = ORIENTED_EDGE('',*,*,#3620,.F.);
#3620 = EDGE_CURVE('',#3621,#1347,#3623,.T.);
#3621 = VERTEX_POINT('',#3622);
#3622 = CARTESIAN_POINT('',(0.127,-6.858,1.776));
#3623 = CIRCLE('',#3624,0.127);
#3624 = AXIS2_PLACEMENT_3D('',#3625,#3626,#3627);
#3625 = CARTESIAN_POINT('',(0.254,-6.858,1.776));
#3626 = DIRECTION('',(-4.440892098501E-16,1.,0.));
#3627 = DIRECTION('',(0.,0.,-1.));
#3628 = ORIENTED_EDGE('',*,*,#3629,.T.);
#3629 = EDGE_CURVE('',#3621,#3630,#3632,.T.);
#3630 = VERTEX_POINT('',#3631);
#3631 = CARTESIAN_POINT('',(0.127,-6.858,0.));
#3632 = LINE('',#3633,#3634);
#3633 = CARTESIAN_POINT('',(0.127,-6.858,2.157));
#3634 = VECTOR('',#3635,1.);
#3635 = DIRECTION('',(1.828606641681E-31,-4.11765609504E-16,-1.));
#3636 = ORIENTED_EDGE('',*,*,#3637,.F.);
#3637 = EDGE_CURVE('',#3638,#3630,#3640,.T.);
#3638 = VERTEX_POINT('',#3639);
#3639 = CARTESIAN_POINT('',(-0.127,-6.858,0.));
#3640 = LINE('',#3641,#3642);
#3641 = CARTESIAN_POINT('',(-0.127,-6.858,0.));
#3642 = VECTOR('',#3643,1.);
#3643 = DIRECTION('',(1.,4.440892098501E-16,0.));
#3644 = ORIENTED_EDGE('',*,*,#3645,.F.);
#3645 = EDGE_CURVE('',#3604,#3638,#3646,.T.);
#3646 = LINE('',#3647,#3648);
#3647 = CARTESIAN_POINT('',(-0.127,-6.858,2.157));
#3648 = VECTOR('',#3649,1.);
#3649 = DIRECTION('',(1.828606641681E-31,-4.11765609504E-16,-1.));
#3650 = PLANE('',#3651);
#3651 = AXIS2_PLACEMENT_3D('',#3652,#3653,#3654);
#3652 = CARTESIAN_POINT('',(0.254,-6.858,2.157));
#3653 = DIRECTION('',(-4.440892098501E-16,1.,0.));
#3654 = DIRECTION('',(0.,0.,1.));
#3655 = ADVANCED_FACE('',(#3656),#3708,.F.);
#3656 = FACE_BOUND('',#3657,.F.);
#3657 = EDGE_LOOP('',(#3658,#3669,#3675,#3676,#3677,#3686,#3694,#3702));
#3658 = ORIENTED_EDGE('',*,*,#3659,.F.);
#3659 = EDGE_CURVE('',#3660,#3662,#3664,.T.);
#3660 = VERTEX_POINT('',#3661);
#3661 = CARTESIAN_POINT('',(0.254,-8.382,2.157));
#3662 = VERTEX_POINT('',#3663);
#3663 = CARTESIAN_POINT('',(-0.127,-8.382,1.776));
#3664 = CIRCLE('',#3665,0.381);
#3665 = AXIS2_PLACEMENT_3D('',#3666,#3667,#3668);
#3666 = CARTESIAN_POINT('',(0.254,-8.382,1.776));
#3667 = DIRECTION('',(4.440892098501E-16,-1.,0.));
#3668 = DIRECTION('',(0.,0.,1.));
#3669 = ORIENTED_EDGE('',*,*,#3670,.F.);
#3670 = EDGE_CURVE('',#1316,#3660,#3671,.T.);
#3671 = LINE('',#3672,#3673);
#3672 = CARTESIAN_POINT('',(3.937,-8.382,2.157));
#3673 = VECTOR('',#3674,1.);
#3674 = DIRECTION('',(-1.,-4.440892098501E-16,0.));
#3675 = ORIENTED_EDGE('',*,*,#1315,.T.);
#3676 = ORIENTED_EDGE('',*,*,#1362,.T.);
#3677 = ORIENTED_EDGE('',*,*,#3678,.F.);
#3678 = EDGE_CURVE('',#3679,#1355,#3681,.T.);
#3679 = VERTEX_POINT('',#3680);
#3680 = CARTESIAN_POINT('',(0.127,-8.382,1.776));
#3681 = CIRCLE('',#3682,0.127);
#3682 = AXIS2_PLACEMENT_3D('',#3683,#3684,#3685);
#3683 = CARTESIAN_POINT('',(0.254,-8.382,1.776));
#3684 = DIRECTION('',(-4.440892098501E-16,1.,0.));
#3685 = DIRECTION('',(0.,0.,-1.));
#3686 = ORIENTED_EDGE('',*,*,#3687,.F.);
#3687 = EDGE_CURVE('',#3688,#3679,#3690,.T.);
#3688 = VERTEX_POINT('',#3689);
#3689 = CARTESIAN_POINT('',(0.127,-8.382,0.));
#3690 = LINE('',#3691,#3692);
#3691 = CARTESIAN_POINT('',(0.127,-8.382,0.));
#3692 = VECTOR('',#3693,1.);
#3693 = DIRECTION('',(1.828606641681E-31,-4.11765609504E-16,1.));
#3694 = ORIENTED_EDGE('',*,*,#3695,.F.);
#3695 = EDGE_CURVE('',#3696,#3688,#3698,.T.);
#3696 = VERTEX_POINT('',#3697);
#3697 = CARTESIAN_POINT('',(-0.127,-8.382,0.));
#3698 = LINE('',#3699,#3700);
#3699 = CARTESIAN_POINT('',(-0.127,-8.382,0.));
#3700 = VECTOR('',#3701,1.);
#3701 = DIRECTION('',(1.,4.440892098501E-16,0.));
#3702 = ORIENTED_EDGE('',*,*,#3703,.T.);
#3703 = EDGE_CURVE('',#3696,#3662,#3704,.T.);
#3704 = LINE('',#3705,#3706);
#3705 = CARTESIAN_POINT('',(-0.127,-8.382,0.));
#3706 = VECTOR('',#3707,1.);
#3707 = DIRECTION('',(1.828606641681E-31,-4.11765609504E-16,1.));
#3708 = PLANE('',#3709);
#3709 = AXIS2_PLACEMENT_3D('',#3710,#3711,#3712);
#3710 = CARTESIAN_POINT('',(0.254,-8.382,2.157));
#3711 = DIRECTION('',(-4.440892098501E-16,1.,0.));
#3712 = DIRECTION('',(0.,0.,1.));
#3713 = ADVANCED_FACE('',(#3714),#3739,.T.);
#3714 = FACE_BOUND('',#3715,.T.);
#3715 = EDGE_LOOP('',(#3716,#3724,#3725,#3733));
#3716 = ORIENTED_EDGE('',*,*,#3717,.T.);
#3717 = EDGE_CURVE('',#3718,#1316,#3720,.T.);
#3718 = VERTEX_POINT('',#3719);
#3719 = CARTESIAN_POINT('',(0.71,-8.382,2.157));
#3720 = LINE('',#3721,#3722);
#3721 = CARTESIAN_POINT('',(3.937,-8.382,2.157));
#3722 = VECTOR('',#3723,1.);
#3723 = DIRECTION('',(-1.,-4.440892098501E-16,0.));
#3724 = ORIENTED_EDGE('',*,*,#1332,.T.);
#3725 = ORIENTED_EDGE('',*,*,#3726,.T.);
#3726 = EDGE_CURVE('',#1325,#3727,#3729,.T.);
#3727 = VERTEX_POINT('',#3728);
#3728 = CARTESIAN_POINT('',(0.71,-9.398,2.157));
#3729 = LINE('',#3730,#3731);
#3730 = CARTESIAN_POINT('',(0.,-9.398,2.157));
#3731 = VECTOR('',#3732,1.);
#3732 = DIRECTION('',(1.,4.440892098501E-16,0.));
#3733 = ORIENTED_EDGE('',*,*,#3734,.F.);
#3734 = EDGE_CURVE('',#3718,#3727,#3735,.T.);
#3735 = LINE('',#3736,#3737);
#3736 = CARTESIAN_POINT('',(0.71,1.83,2.157));
#3737 = VECTOR('',#3738,1.);
#3738 = DIRECTION('',(4.440892098501E-16,-1.,0.));
#3739 = B_SPLINE_SURFACE_WITH_KNOTS('',1,1,(
    (#3740,#3741)
    ,(#3742,#3743
    )),.UNSPECIFIED.,.F.,.F.,.F.,(2,2),(2,2),(0.,19.05),(0.,1.),
  .PIECEWISE_BEZIER_KNOTS.);
#3740 = CARTESIAN_POINT('',(0.635,1.905,2.157));
#3741 = CARTESIAN_POINT('',(0.71,1.83,2.157));
#3742 = CARTESIAN_POINT('',(0.635,-17.145,2.157));
#3743 = CARTESIAN_POINT('',(0.71,-17.07,2.157));
#3744 = ADVANCED_FACE('',(#3745),#3756,.F.);
#3745 = FACE_BOUND('',#3746,.F.);
#3746 = EDGE_LOOP('',(#3747,#3753,#3754,#3755));
#3747 = ORIENTED_EDGE('',*,*,#3748,.T.);
#3748 = EDGE_CURVE('',#3621,#3679,#3749,.T.);
#3749 = LINE('',#3750,#3751);
#3750 = CARTESIAN_POINT('',(0.127,-6.858,1.776));
#3751 = VECTOR('',#3752,1.);
#3752 = DIRECTION('',(4.440892098501E-16,-1.,0.));
#3753 = ORIENTED_EDGE('',*,*,#3678,.T.);
#3754 = ORIENTED_EDGE('',*,*,#1354,.F.);
#3755 = ORIENTED_EDGE('',*,*,#3620,.F.);
#3756 = CYLINDRICAL_SURFACE('',#3757,0.127);
#3757 = AXIS2_PLACEMENT_3D('',#3758,#3759,#3760);
#3758 = CARTESIAN_POINT('',(0.254,-6.858,1.776));
#3759 = DIRECTION('',(4.440892098501E-16,-1.,0.));
#3760 = DIRECTION('',(-1.,-4.440892098501E-16,0.));
#3761 = ADVANCED_FACE('',(#3762),#3773,.T.);
#3762 = FACE_BOUND('',#3763,.T.);
#3763 = EDGE_LOOP('',(#3764,#3765,#3766,#3772));
#3764 = ORIENTED_EDGE('',*,*,#1379,.T.);
#3765 = ORIENTED_EDGE('',*,*,#1394,.T.);
#3766 = ORIENTED_EDGE('',*,*,#3767,.F.);
#3767 = EDGE_CURVE('',#2744,#1395,#3768,.T.);
#3768 = LINE('',#3769,#3770);
#3769 = CARTESIAN_POINT('',(0.71,-17.07,2.157));
#3770 = VECTOR('',#3771,1.);
#3771 = DIRECTION('',(1.,4.440892098501E-16,0.));
#3772 = ORIENTED_EDGE('',*,*,#2743,.F.);
#3773 = B_SPLINE_SURFACE_WITH_KNOTS('',1,1,(
    (#3774,#3775)
    ,(#3776,#3777
    )),.UNSPECIFIED.,.F.,.F.,.F.,(2,2),(2,2),(0.,6.35),(0.,1.),
  .PIECEWISE_BEZIER_KNOTS.);
#3774 = CARTESIAN_POINT('',(0.635,-17.145,2.157));
#3775 = CARTESIAN_POINT('',(0.71,-17.07,2.157));
#3776 = CARTESIAN_POINT('',(6.985,-17.145,2.157));
#3777 = CARTESIAN_POINT('',(6.91,-17.07,2.157));
#3778 = ADVANCED_FACE('',(#3779),#3851,.T.);
#3779 = FACE_BOUND('',#3780,.T.);
#3780 = EDGE_LOOP('',(#3781,#3782,#3788,#3789,#3795,#3796,#3802,#3803,
    #3809,#3810,#3816,#3817,#3823,#3824,#3830,#3831,#3838,#3846));
#3781 = ORIENTED_EDGE('',*,*,#1410,.T.);
#3782 = ORIENTED_EDGE('',*,*,#3783,.T.);
#3783 = EDGE_CURVE('',#1403,#1721,#3784,.T.);
#3784 = LINE('',#3785,#3786);
#3785 = CARTESIAN_POINT('',(6.91,-17.07,2.157));
#3786 = VECTOR('',#3787,1.);
#3787 = DIRECTION('',(-4.440892098501E-16,1.,0.));
#3788 = ORIENTED_EDGE('',*,*,#1737,.T.);
#3789 = ORIENTED_EDGE('',*,*,#3790,.T.);
#3790 = EDGE_CURVE('',#1730,#2049,#3791,.T.);
#3791 = LINE('',#3792,#3793);
#3792 = CARTESIAN_POINT('',(6.91,-17.07,2.157));
#3793 = VECTOR('',#3794,1.);
#3794 = DIRECTION('',(-4.440892098501E-16,1.,0.));
#3795 = ORIENTED_EDGE('',*,*,#2065,.T.);
#3796 = ORIENTED_EDGE('',*,*,#3797,.T.);
#3797 = EDGE_CURVE('',#2058,#2377,#3798,.T.);
#3798 = LINE('',#3799,#3800);
#3799 = CARTESIAN_POINT('',(6.91,-17.07,2.157));
#3800 = VECTOR('',#3801,1.);
#3801 = DIRECTION('',(-4.440892098501E-16,1.,0.));
#3802 = ORIENTED_EDGE('',*,*,#2393,.T.);
#3803 = ORIENTED_EDGE('',*,*,#3804,.T.);
#3804 = EDGE_CURVE('',#2386,#2524,#3805,.T.);
#3805 = LINE('',#3806,#3807);
#3806 = CARTESIAN_POINT('',(6.91,-17.07,2.157));
#3807 = VECTOR('',#3808,1.);
#3808 = DIRECTION('',(-4.440892098501E-16,1.,0.));
#3809 = ORIENTED_EDGE('',*,*,#2540,.T.);
#3810 = ORIENTED_EDGE('',*,*,#3811,.T.);
#3811 = EDGE_CURVE('',#2533,#2196,#3812,.T.);
#3812 = LINE('',#3813,#3814);
#3813 = CARTESIAN_POINT('',(6.91,-17.07,2.157));
#3814 = VECTOR('',#3815,1.);
#3815 = DIRECTION('',(-4.440892098501E-16,1.,0.));
#3816 = ORIENTED_EDGE('',*,*,#2212,.T.);
#3817 = ORIENTED_EDGE('',*,*,#3818,.T.);
#3818 = EDGE_CURVE('',#2205,#1868,#3819,.T.);
#3819 = LINE('',#3820,#3821);
#3820 = CARTESIAN_POINT('',(6.91,-17.07,2.157));
#3821 = VECTOR('',#3822,1.);
#3822 = DIRECTION('',(-4.440892098501E-16,1.,0.));
#3823 = ORIENTED_EDGE('',*,*,#1884,.T.);
#3824 = ORIENTED_EDGE('',*,*,#3825,.T.);
#3825 = EDGE_CURVE('',#1877,#1541,#3826,.T.);
#3826 = LINE('',#3827,#3828);
#3827 = CARTESIAN_POINT('',(6.91,-17.07,2.157));
#3828 = VECTOR('',#3829,1.);
#3829 = DIRECTION('',(-4.440892098501E-16,1.,0.));
#3830 = ORIENTED_EDGE('',*,*,#1556,.T.);
#3831 = ORIENTED_EDGE('',*,*,#3832,.T.);
#3832 = EDGE_CURVE('',#1550,#3833,#3835,.T.);
#3833 = VERTEX_POINT('',#3834);
#3834 = CARTESIAN_POINT('',(6.586276356577,1.506276356577,3.68));
#3835 = B_SPLINE_CURVE_WITH_KNOTS('',1,(#3836,#3837),.UNSPECIFIED.,.F.,
  .F.,(2,2),(0.,1.),.PIECEWISE_BEZIER_KNOTS.);
#3836 = CARTESIAN_POINT('',(6.91,1.83,2.157));
#3837 = CARTESIAN_POINT('',(6.586276356577,1.506276356577,3.68));
#3838 = ORIENTED_EDGE('',*,*,#3839,.F.);
#3839 = EDGE_CURVE('',#3840,#3833,#3842,.T.);
#3840 = VERTEX_POINT('',#3841);
#3841 = CARTESIAN_POINT('',(6.586276356577,-16.74627635657,3.68));
#3842 = LINE('',#3843,#3844);
#3843 = CARTESIAN_POINT('',(6.586276356577,-16.74627635657,3.68));
#3844 = VECTOR('',#3845,1.);
#3845 = DIRECTION('',(-4.440892098501E-16,1.,0.));
#3846 = ORIENTED_EDGE('',*,*,#3847,.F.);
#3847 = EDGE_CURVE('',#1395,#3840,#3848,.T.);
#3848 = B_SPLINE_CURVE_WITH_KNOTS('',1,(#3849,#3850),.UNSPECIFIED.,.F.,
  .F.,(2,2),(0.,1.),.PIECEWISE_BEZIER_KNOTS.);
#3849 = CARTESIAN_POINT('',(6.91,-17.07,2.157));
#3850 = CARTESIAN_POINT('',(6.586276356577,-16.74627635657,3.68));
#3851 = B_SPLINE_SURFACE_WITH_KNOTS('',1,1,(
    (#3852,#3853)
    ,(#3854,#3855
    )),.UNSPECIFIED.,.F.,.F.,.F.,(2,2),(2,2),(0.,18.9),(0.,1.),
  .PIECEWISE_BEZIER_KNOTS.);
#3852 = CARTESIAN_POINT('',(6.91,-17.07,2.157));
#3853 = CARTESIAN_POINT('',(6.586276356577,-16.74627635657,3.68));
#3854 = CARTESIAN_POINT('',(6.91,1.83,2.157));
#3855 = CARTESIAN_POINT('',(6.586276356577,1.506276356577,3.68));
#3856 = ADVANCED_FACE('',(#3857),#3870,.T.);
#3857 = FACE_BOUND('',#3858,.T.);
#3858 = EDGE_LOOP('',(#3859,#3860,#3861,#3862,#3868,#3869));
#3859 = ORIENTED_EDGE('',*,*,#3783,.F.);
#3860 = ORIENTED_EDGE('',*,*,#1402,.F.);
#3861 = ORIENTED_EDGE('',*,*,#1426,.F.);
#3862 = ORIENTED_EDGE('',*,*,#3863,.F.);
#3863 = EDGE_CURVE('',#1606,#1427,#3864,.T.);
#3864 = LINE('',#3865,#3866);
#3865 = CARTESIAN_POINT('',(7.366,-14.478,2.157));
#3866 = VECTOR('',#3867,1.);
#3867 = DIRECTION('',(3.216245299353E-16,-1.,0.));
#3868 = ORIENTED_EDGE('',*,*,#1614,.F.);
#3869 = ORIENTED_EDGE('',*,*,#1720,.F.);
#3870 = PLANE('',#3871);
#3871 = AXIS2_PLACEMENT_3D('',#3872,#3873,#3874);
#3872 = CARTESIAN_POINT('',(3.81,-15.4685,2.157));
#3873 = DIRECTION('',(0.,0.,1.));
#3874 = DIRECTION('',(-4.440892098501E-16,1.,0.));
#3875 = ADVANCED_FACE('',(#3876),#3919,.T.);
#3876 = FACE_BOUND('',#3877,.T.);
#3877 = EDGE_LOOP('',(#3878,#3879,#3880,#3881,#3889,#3897,#3905,#3913));
#3878 = ORIENTED_EDGE('',*,*,#1459,.F.);
#3879 = ORIENTED_EDGE('',*,*,#1628,.T.);
#3880 = ORIENTED_EDGE('',*,*,#1581,.F.);
#3881 = ORIENTED_EDGE('',*,*,#3882,.F.);
#3882 = EDGE_CURVE('',#3883,#1582,#3885,.T.);
#3883 = VERTEX_POINT('',#3884);
#3884 = CARTESIAN_POINT('',(7.493,-15.0115,0.));
#3885 = LINE('',#3886,#3887);
#3886 = CARTESIAN_POINT('',(7.493,-15.0115,0.));
#3887 = VECTOR('',#3888,1.);
#3888 = DIRECTION('',(-3.216245299353E-16,1.,0.));
#3889 = ORIENTED_EDGE('',*,*,#3890,.F.);
#3890 = EDGE_CURVE('',#3891,#3883,#3893,.T.);
#3891 = VERTEX_POINT('',#3892);
#3892 = CARTESIAN_POINT('',(7.493,-15.0115,-2.843));
#3893 = LINE('',#3894,#3895);
#3894 = CARTESIAN_POINT('',(7.493,-15.0115,-2.843));
#3895 = VECTOR('',#3896,1.);
#3896 = DIRECTION('',(0.,0.,1.));
#3897 = ORIENTED_EDGE('',*,*,#3898,.F.);
#3898 = EDGE_CURVE('',#3899,#3891,#3901,.T.);
#3899 = VERTEX_POINT('',#3900);
#3900 = CARTESIAN_POINT('',(7.493,-15.12575,-3.3));
#3901 = LINE('',#3902,#3903);
#3902 = CARTESIAN_POINT('',(7.493,-15.12575,-3.3));
#3903 = VECTOR('',#3904,1.);
#3904 = DIRECTION('',(-7.800540639491E-17,0.242535625036,0.970142500145)
  );
#3905 = ORIENTED_EDGE('',*,*,#3906,.F.);
#3906 = EDGE_CURVE('',#3907,#3899,#3909,.T.);
#3907 = VERTEX_POINT('',#3908);
#3908 = CARTESIAN_POINT('',(7.493,-15.35425,-3.3));
#3909 = LINE('',#3910,#3911);
#3910 = CARTESIAN_POINT('',(7.493,-15.35425,-3.3));
#3911 = VECTOR('',#3912,1.);
#3912 = DIRECTION('',(-3.216245299353E-16,1.,0.));
#3913 = ORIENTED_EDGE('',*,*,#3914,.F.);
#3914 = EDGE_CURVE('',#1452,#3907,#3915,.T.);
#3915 = LINE('',#3916,#3917);
#3916 = CARTESIAN_POINT('',(7.493,-15.4685,-2.843));
#3917 = VECTOR('',#3918,1.);
#3918 = DIRECTION('',(-7.800540639491E-17,0.242535625036,-0.970142500145
    ));
#3919 = PLANE('',#3920);
#3920 = AXIS2_PLACEMENT_3D('',#3921,#3922,#3923);
#3921 = CARTESIAN_POINT('',(7.493,-15.4685,2.157));
#3922 = DIRECTION('',(-1.,-3.216245299353E-16,0.));
#3923 = DIRECTION('',(-0.,0.,-1.));
#3924 = ADVANCED_FACE('',(#3925),#3943,.T.);
#3925 = FACE_BOUND('',#3926,.T.);
#3926 = EDGE_LOOP('',(#3927,#3928,#3929,#3937));
#3927 = ORIENTED_EDGE('',*,*,#1451,.T.);
#3928 = ORIENTED_EDGE('',*,*,#3914,.T.);
#3929 = ORIENTED_EDGE('',*,*,#3930,.F.);
#3930 = EDGE_CURVE('',#3931,#3907,#3933,.T.);
#3931 = VERTEX_POINT('',#3932);
#3932 = CARTESIAN_POINT('',(7.747,-15.35425,-3.3));
#3933 = LINE('',#3934,#3935);
#3934 = CARTESIAN_POINT('',(7.747,-15.35425,-3.3));
#3935 = VECTOR('',#3936,1.);
#3936 = DIRECTION('',(-1.,-3.216245299353E-16,0.));
#3937 = ORIENTED_EDGE('',*,*,#3938,.F.);
#3938 = EDGE_CURVE('',#1444,#3931,#3939,.T.);
#3939 = LINE('',#3940,#3941);
#3940 = CARTESIAN_POINT('',(7.747,-15.4685,-2.843));
#3941 = VECTOR('',#3942,1.);
#3942 = DIRECTION('',(-7.800540639491E-17,0.242535625036,-0.970142500145
    ));
#3943 = PLANE('',#3944);
#3944 = AXIS2_PLACEMENT_3D('',#3945,#3946,#3947);
#3945 = CARTESIAN_POINT('',(7.747,-15.4685,-2.843));
#3946 = DIRECTION('',(3.120216255796E-16,-0.970142500145,-0.242535625036
    ));
#3947 = DIRECTION('',(-7.800540639491E-17,0.242535625036,-0.970142500145
    ));
#3948 = ADVANCED_FACE('',(#3949),#3990,.F.);
#3949 = FACE_BOUND('',#3950,.F.);
#3950 = EDGE_LOOP('',(#3951,#3952,#3958,#3959,#3967,#3975,#3983,#3989));
#3951 = ORIENTED_EDGE('',*,*,#1443,.F.);
#3952 = ORIENTED_EDGE('',*,*,#3953,.F.);
#3953 = EDGE_CURVE('',#1598,#1435,#3954,.T.);
#3954 = LINE('',#3955,#3956);
#3955 = CARTESIAN_POINT('',(7.747,-14.478,1.776));
#3956 = VECTOR('',#3957,1.);
#3957 = DIRECTION('',(3.216245299353E-16,-1.,0.));
#3958 = ORIENTED_EDGE('',*,*,#1597,.F.);
#3959 = ORIENTED_EDGE('',*,*,#3960,.F.);
#3960 = EDGE_CURVE('',#3961,#1590,#3963,.T.);
#3961 = VERTEX_POINT('',#3962);
#3962 = CARTESIAN_POINT('',(7.747,-15.0115,0.));
#3963 = LINE('',#3964,#3965);
#3964 = CARTESIAN_POINT('',(7.747,-15.0115,0.));
#3965 = VECTOR('',#3966,1.);
#3966 = DIRECTION('',(-3.216245299353E-16,1.,0.));
#3967 = ORIENTED_EDGE('',*,*,#3968,.F.);
#3968 = EDGE_CURVE('',#3969,#3961,#3971,.T.);
#3969 = VERTEX_POINT('',#3970);
#3970 = CARTESIAN_POINT('',(7.747,-15.0115,-2.843));
#3971 = LINE('',#3972,#3973);
#3972 = CARTESIAN_POINT('',(7.747,-15.0115,-2.843));
#3973 = VECTOR('',#3974,1.);
#3974 = DIRECTION('',(0.,0.,1.));
#3975 = ORIENTED_EDGE('',*,*,#3976,.F.);
#3976 = EDGE_CURVE('',#3977,#3969,#3979,.T.);
#3977 = VERTEX_POINT('',#3978);
#3978 = CARTESIAN_POINT('',(7.747,-15.12575,-3.3));
#3979 = LINE('',#3980,#3981);
#3980 = CARTESIAN_POINT('',(7.747,-15.12575,-3.3));
#3981 = VECTOR('',#3982,1.);
#3982 = DIRECTION('',(-7.800540639491E-17,0.242535625036,0.970142500145)
  );
#3983 = ORIENTED_EDGE('',*,*,#3984,.F.);
#3984 = EDGE_CURVE('',#3931,#3977,#3985,.T.);
#3985 = LINE('',#3986,#3987);
#3986 = CARTESIAN_POINT('',(7.747,-15.35425,-3.3));
#3987 = VECTOR('',#3988,1.);
#3988 = DIRECTION('',(-3.216245299353E-16,1.,0.));
#3989 = ORIENTED_EDGE('',*,*,#3938,.F.);
#3990 = PLANE('',#3991);
#3991 = AXIS2_PLACEMENT_3D('',#3992,#3993,#3994);
#3992 = CARTESIAN_POINT('',(7.747,-15.4685,2.157));
#3993 = DIRECTION('',(-1.,-3.216245299353E-16,0.));
#3994 = DIRECTION('',(-0.,0.,-1.));
#3995 = ADVANCED_FACE('',(#3996),#4002,.T.);
#3996 = FACE_BOUND('',#3997,.T.);
#3997 = EDGE_LOOP('',(#3998,#3999,#4000,#4001));
#3998 = ORIENTED_EDGE('',*,*,#3863,.T.);
#3999 = ORIENTED_EDGE('',*,*,#1434,.T.);
#4000 = ORIENTED_EDGE('',*,*,#3953,.F.);
#4001 = ORIENTED_EDGE('',*,*,#1605,.F.);
#4002 = CYLINDRICAL_SURFACE('',#4003,0.381);
#4003 = AXIS2_PLACEMENT_3D('',#4004,#4005,#4006);
#4004 = CARTESIAN_POINT('',(7.366,-14.478,1.776));
#4005 = DIRECTION('',(3.216245299353E-16,-1.,0.));
#4006 = DIRECTION('',(0.,0.,1.));
#4007 = ADVANCED_FACE('',(#4008),#4021,.T.);
#4008 = FACE_BOUND('',#4009,.T.);
#4009 = EDGE_LOOP('',(#4010,#4011,#4012,#4013,#4019,#4020));
#4010 = ORIENTED_EDGE('',*,*,#3825,.F.);
#4011 = ORIENTED_EDGE('',*,*,#1876,.F.);
#4012 = ORIENTED_EDGE('',*,*,#1706,.F.);
#4013 = ORIENTED_EDGE('',*,*,#4014,.F.);
#4014 = EDGE_CURVE('',#1518,#1698,#4015,.T.);
#4015 = LINE('',#4016,#4017);
#4016 = CARTESIAN_POINT('',(7.366,0.2285,2.157));
#4017 = VECTOR('',#4018,1.);
#4018 = DIRECTION('',(3.216245299353E-16,-1.,0.));
#4019 = ORIENTED_EDGE('',*,*,#1526,.F.);
#4020 = ORIENTED_EDGE('',*,*,#1540,.F.);
#4021 = PLANE('',#4022);
#4022 = AXIS2_PLACEMENT_3D('',#4023,#4024,#4025);
#4023 = CARTESIAN_POINT('',(3.81,-0.762,2.157));
#4024 = DIRECTION('',(0.,0.,1.));
#4025 = DIRECTION('',(-4.440892098501E-16,1.,0.));
#4026 = ADVANCED_FACE('',(#4027),#4038,.T.);
#4027 = FACE_BOUND('',#4028,.T.);
#4028 = EDGE_LOOP('',(#4029,#4030,#4031,#4032));
#4029 = ORIENTED_EDGE('',*,*,#1517,.T.);
#4030 = ORIENTED_EDGE('',*,*,#4014,.T.);
#4031 = ORIENTED_EDGE('',*,*,#1697,.F.);
#4032 = ORIENTED_EDGE('',*,*,#4033,.F.);
#4033 = EDGE_CURVE('',#1510,#1690,#4034,.T.);
#4034 = LINE('',#4035,#4036);
#4035 = CARTESIAN_POINT('',(7.747,0.2285,1.776));
#4036 = VECTOR('',#4037,1.);
#4037 = DIRECTION('',(3.216245299353E-16,-1.,0.));
#4038 = CYLINDRICAL_SURFACE('',#4039,0.381);
#4039 = AXIS2_PLACEMENT_3D('',#4040,#4041,#4042);
#4040 = CARTESIAN_POINT('',(7.366,0.2285,1.776));
#4041 = DIRECTION('',(3.216245299353E-16,-1.,0.));
#4042 = DIRECTION('',(1.,3.216245299353E-16,0.));
#4043 = ADVANCED_FACE('',(#4044),#4087,.T.);
#4044 = FACE_BOUND('',#4045,.T.);
#4045 = EDGE_LOOP('',(#4046,#4047,#4048,#4049,#4057,#4065,#4073,#4081));
#4046 = ORIENTED_EDGE('',*,*,#1509,.F.);
#4047 = ORIENTED_EDGE('',*,*,#4033,.T.);
#4048 = ORIENTED_EDGE('',*,*,#1689,.F.);
#4049 = ORIENTED_EDGE('',*,*,#4050,.F.);
#4050 = EDGE_CURVE('',#4051,#1682,#4053,.T.);
#4051 = VERTEX_POINT('',#4052);
#4052 = CARTESIAN_POINT('',(7.747,-0.2285,0.));
#4053 = LINE('',#4054,#4055);
#4054 = CARTESIAN_POINT('',(7.747,-0.2285,0.));
#4055 = VECTOR('',#4056,1.);
#4056 = DIRECTION('',(3.216245299353E-16,-1.,0.));
#4057 = ORIENTED_EDGE('',*,*,#4058,.F.);
#4058 = EDGE_CURVE('',#4059,#4051,#4061,.T.);
#4059 = VERTEX_POINT('',#4060);
#4060 = CARTESIAN_POINT('',(7.747,-0.2285,-2.843));
#4061 = LINE('',#4062,#4063);
#4062 = CARTESIAN_POINT('',(7.747,-0.2285,-2.843));
#4063 = VECTOR('',#4064,1.);
#4064 = DIRECTION('',(0.,0.,1.));
#4065 = ORIENTED_EDGE('',*,*,#4066,.F.);
#4066 = EDGE_CURVE('',#4067,#4059,#4069,.T.);
#4067 = VERTEX_POINT('',#4068);
#4068 = CARTESIAN_POINT('',(7.747,-0.11425,-3.3));
#4069 = LINE('',#4070,#4071);
#4070 = CARTESIAN_POINT('',(7.747,-0.11425,-3.3));
#4071 = VECTOR('',#4072,1.);
#4072 = DIRECTION('',(7.800540639491E-17,-0.242535625036,0.970142500145)
  );
#4073 = ORIENTED_EDGE('',*,*,#4074,.F.);
#4074 = EDGE_CURVE('',#4075,#4067,#4077,.T.);
#4075 = VERTEX_POINT('',#4076);
#4076 = CARTESIAN_POINT('',(7.747,0.11425,-3.3));
#4077 = LINE('',#4078,#4079);
#4078 = CARTESIAN_POINT('',(7.747,0.11425,-3.3));
#4079 = VECTOR('',#4080,1.);
#4080 = DIRECTION('',(3.216245299353E-16,-1.,0.));
#4081 = ORIENTED_EDGE('',*,*,#4082,.F.);
#4082 = EDGE_CURVE('',#1502,#4075,#4083,.T.);
#4083 = LINE('',#4084,#4085);
#4084 = CARTESIAN_POINT('',(7.747,0.2285,-2.843));
#4085 = VECTOR('',#4086,1.);
#4086 = DIRECTION('',(7.800540639491E-17,-0.242535625036,-0.970142500145
    ));
#4087 = PLANE('',#4088);
#4088 = AXIS2_PLACEMENT_3D('',#4089,#4090,#4091);
#4089 = CARTESIAN_POINT('',(7.747,0.2285,2.157));
#4090 = DIRECTION('',(1.,3.216245299353E-16,0.));
#4091 = DIRECTION('',(0.,-0.,1.));
#4092 = ADVANCED_FACE('',(#4093),#4111,.F.);
#4093 = FACE_BOUND('',#4094,.F.);
#4094 = EDGE_LOOP('',(#4095,#4096,#4104,#4110));
#4095 = ORIENTED_EDGE('',*,*,#1501,.T.);
#4096 = ORIENTED_EDGE('',*,*,#4097,.T.);
#4097 = EDGE_CURVE('',#1494,#4098,#4100,.T.);
#4098 = VERTEX_POINT('',#4099);
#4099 = CARTESIAN_POINT('',(7.493,0.11425,-3.3));
#4100 = LINE('',#4101,#4102);
#4101 = CARTESIAN_POINT('',(7.493,0.2285,-2.843));
#4102 = VECTOR('',#4103,1.);
#4103 = DIRECTION('',(7.800540639491E-17,-0.242535625036,-0.970142500145
    ));
#4104 = ORIENTED_EDGE('',*,*,#4105,.F.);
#4105 = EDGE_CURVE('',#4075,#4098,#4106,.T.);
#4106 = LINE('',#4107,#4108);
#4107 = CARTESIAN_POINT('',(7.747,0.11425,-3.3));
#4108 = VECTOR('',#4109,1.);
#4109 = DIRECTION('',(-1.,-3.216245299353E-16,0.));
#4110 = ORIENTED_EDGE('',*,*,#4082,.F.);
#4111 = PLANE('',#4112);
#4112 = AXIS2_PLACEMENT_3D('',#4113,#4114,#4115);
#4113 = CARTESIAN_POINT('',(7.747,0.2285,-2.843));
#4114 = DIRECTION('',(3.120216255796E-16,-0.970142500145,0.242535625036)
  );
#4115 = DIRECTION('',(7.800540639491E-17,-0.242535625036,-0.970142500145
    ));
#4116 = ADVANCED_FACE('',(#4117),#4153,.F.);
#4117 = FACE_BOUND('',#4118,.F.);
#4118 = EDGE_LOOP('',(#4119,#4120,#4121,#4122,#4130,#4138,#4146,#4152));
#4119 = ORIENTED_EDGE('',*,*,#1493,.F.);
#4120 = ORIENTED_EDGE('',*,*,#1656,.T.);
#4121 = ORIENTED_EDGE('',*,*,#1673,.F.);
#4122 = ORIENTED_EDGE('',*,*,#4123,.F.);
#4123 = EDGE_CURVE('',#4124,#1674,#4126,.T.);
#4124 = VERTEX_POINT('',#4125);
#4125 = CARTESIAN_POINT('',(7.493,-0.2285,0.));
#4126 = LINE('',#4127,#4128);
#4127 = CARTESIAN_POINT('',(7.493,-0.2285,0.));
#4128 = VECTOR('',#4129,1.);
#4129 = DIRECTION('',(3.216245299353E-16,-1.,0.));
#4130 = ORIENTED_EDGE('',*,*,#4131,.F.);
#4131 = EDGE_CURVE('',#4132,#4124,#4134,.T.);
#4132 = VERTEX_POINT('',#4133);
#4133 = CARTESIAN_POINT('',(7.493,-0.2285,-2.843));
#4134 = LINE('',#4135,#4136);
#4135 = CARTESIAN_POINT('',(7.493,-0.2285,-2.843));
#4136 = VECTOR('',#4137,1.);
#4137 = DIRECTION('',(0.,0.,1.));
#4138 = ORIENTED_EDGE('',*,*,#4139,.F.);
#4139 = EDGE_CURVE('',#4140,#4132,#4142,.T.);
#4140 = VERTEX_POINT('',#4141);
#4141 = CARTESIAN_POINT('',(7.493,-0.11425,-3.3));
#4142 = LINE('',#4143,#4144);
#4143 = CARTESIAN_POINT('',(7.493,-0.11425,-3.3));
#4144 = VECTOR('',#4145,1.);
#4145 = DIRECTION('',(7.800540639491E-17,-0.242535625036,0.970142500145)
  );
#4146 = ORIENTED_EDGE('',*,*,#4147,.F.);
#4147 = EDGE_CURVE('',#4098,#4140,#4148,.T.);
#4148 = LINE('',#4149,#4150);
#4149 = CARTESIAN_POINT('',(7.493,0.11425,-3.3));
#4150 = VECTOR('',#4151,1.);
#4151 = DIRECTION('',(3.216245299353E-16,-1.,0.));
#4152 = ORIENTED_EDGE('',*,*,#4097,.F.);
#4153 = PLANE('',#4154);
#4154 = AXIS2_PLACEMENT_3D('',#4155,#4156,#4157);
#4155 = CARTESIAN_POINT('',(7.493,0.2285,2.157));
#4156 = DIRECTION('',(1.,3.216245299353E-16,0.));
#4157 = DIRECTION('',(0.,-0.,1.));
#4158 = ADVANCED_FACE('',(#4159),#4170,.T.);
#4159 = FACE_BOUND('',#4160,.T.);
#4160 = EDGE_LOOP('',(#4161,#4167,#4168,#4169));
#4161 = ORIENTED_EDGE('',*,*,#4162,.T.);
#4162 = EDGE_CURVE('',#3961,#3883,#4163,.T.);
#4163 = LINE('',#4164,#4165);
#4164 = CARTESIAN_POINT('',(7.747,-15.0115,0.));
#4165 = VECTOR('',#4166,1.);
#4166 = DIRECTION('',(-1.,-3.216245299353E-16,0.));
#4167 = ORIENTED_EDGE('',*,*,#3882,.T.);
#4168 = ORIENTED_EDGE('',*,*,#1589,.F.);
#4169 = ORIENTED_EDGE('',*,*,#3960,.F.);
#4170 = PLANE('',#4171);
#4171 = AXIS2_PLACEMENT_3D('',#4172,#4173,#4174);
#4172 = CARTESIAN_POINT('',(7.747,-15.0115,0.));
#4173 = DIRECTION('',(-0.,0.,-1.));
#4174 = DIRECTION('',(-3.216245299353E-16,1.,0.));
#4175 = ADVANCED_FACE('',(#4176),#4187,.F.);
#4176 = FACE_BOUND('',#4177,.F.);
#4177 = EDGE_LOOP('',(#4178,#4184,#4185,#4186));
#4178 = ORIENTED_EDGE('',*,*,#4179,.T.);
#4179 = EDGE_CURVE('',#4051,#4124,#4180,.T.);
#4180 = LINE('',#4181,#4182);
#4181 = CARTESIAN_POINT('',(7.747,-0.2285,0.));
#4182 = VECTOR('',#4183,1.);
#4183 = DIRECTION('',(-1.,-3.216245299353E-16,0.));
#4184 = ORIENTED_EDGE('',*,*,#4123,.T.);
#4185 = ORIENTED_EDGE('',*,*,#1681,.F.);
#4186 = ORIENTED_EDGE('',*,*,#4050,.F.);
#4187 = PLANE('',#4188);
#4188 = AXIS2_PLACEMENT_3D('',#4189,#4190,#4191);
#4189 = CARTESIAN_POINT('',(7.747,-0.2285,0.));
#4190 = DIRECTION('',(0.,0.,1.));
#4191 = DIRECTION('',(3.216245299353E-16,-1.,0.));
#4192 = ADVANCED_FACE('',(#4193),#4206,.T.);
#4193 = FACE_BOUND('',#4194,.T.);
#4194 = EDGE_LOOP('',(#4195,#4196,#4197,#4198,#4204,#4205));
#4195 = ORIENTED_EDGE('',*,*,#3790,.F.);
#4196 = ORIENTED_EDGE('',*,*,#1729,.F.);
#4197 = ORIENTED_EDGE('',*,*,#1753,.F.);
#4198 = ORIENTED_EDGE('',*,*,#4199,.F.);
#4199 = EDGE_CURVE('',#1901,#1754,#4200,.T.);
#4200 = LINE('',#4201,#4202);
#4201 = CARTESIAN_POINT('',(7.366,-11.938,2.157));
#4202 = VECTOR('',#4203,1.);
#4203 = DIRECTION('',(3.216245299353E-16,-1.,0.));
#4204 = ORIENTED_EDGE('',*,*,#1900,.F.);
#4205 = ORIENTED_EDGE('',*,*,#2048,.F.);
#4206 = PLANE('',#4207);
#4207 = AXIS2_PLACEMENT_3D('',#4208,#4209,#4210);
#4208 = CARTESIAN_POINT('',(3.683,-13.462,2.157));
#4209 = DIRECTION('',(0.,0.,1.));
#4210 = DIRECTION('',(-4.440892098501E-16,1.,0.));
#4211 = ADVANCED_FACE('',(#4212),#4271,.T.);
#4212 = FACE_BOUND('',#4213,.T.);
#4213 = EDGE_LOOP('',(#4214,#4215,#4216,#4217,#4225,#4233,#4241,#4249,
    #4257,#4265));
#4214 = ORIENTED_EDGE('',*,*,#1786,.F.);
#4215 = ORIENTED_EDGE('',*,*,#1956,.T.);
#4216 = ORIENTED_EDGE('',*,*,#1933,.F.);
#4217 = ORIENTED_EDGE('',*,*,#4218,.F.);
#4218 = EDGE_CURVE('',#4219,#1926,#4221,.T.);
#4219 = VERTEX_POINT('',#4220);
#4220 = CARTESIAN_POINT('',(7.493,-12.4715,0.));
#4221 = LINE('',#4222,#4223);
#4222 = CARTESIAN_POINT('',(7.493,-12.4715,0.));
#4223 = VECTOR('',#4224,1.);
#4224 = DIRECTION('',(-3.216245299353E-16,1.,0.));
#4225 = ORIENTED_EDGE('',*,*,#4226,.F.);
#4226 = EDGE_CURVE('',#4227,#4219,#4229,.T.);
#4227 = VERTEX_POINT('',#4228);
#4228 = CARTESIAN_POINT('',(7.493,-12.4715,-2.843));
#4229 = LINE('',#4230,#4231);
#4230 = CARTESIAN_POINT('',(7.493,-12.4715,-2.843));
#4231 = VECTOR('',#4232,1.);
#4232 = DIRECTION('',(-1.004783562205E-31,3.124088708055E-16,1.));
#4233 = ORIENTED_EDGE('',*,*,#4234,.F.);
#4234 = EDGE_CURVE('',#4235,#4227,#4237,.T.);
#4235 = VERTEX_POINT('',#4236);
#4236 = CARTESIAN_POINT('',(7.493,-12.58575,-3.3));
#4237 = LINE('',#4238,#4239);
#4238 = CARTESIAN_POINT('',(7.493,-12.58575,-3.3));
#4239 = VECTOR('',#4240,1.);
#4240 = DIRECTION('',(-7.800540639491E-17,0.242535625036,0.970142500145)
  );
#4241 = ORIENTED_EDGE('',*,*,#4242,.F.);
#4242 = EDGE_CURVE('',#4243,#4235,#4245,.T.);
#4243 = VERTEX_POINT('',#4244);
#4244 = CARTESIAN_POINT('',(7.493,-12.81425,-3.3));
#4245 = LINE('',#4246,#4247);
#4246 = CARTESIAN_POINT('',(7.493,-12.81425,-3.3));
#4247 = VECTOR('',#4248,1.);
#4248 = DIRECTION('',(-3.216245299353E-16,1.,0.));
#4249 = ORIENTED_EDGE('',*,*,#4250,.F.);
#4250 = EDGE_CURVE('',#4251,#4243,#4253,.T.);
#4251 = VERTEX_POINT('',#4252);
#4252 = CARTESIAN_POINT('',(7.493,-12.9285,-2.843));
#4253 = LINE('',#4254,#4255);
#4254 = CARTESIAN_POINT('',(7.493,-12.9285,-2.843));
#4255 = VECTOR('',#4256,1.);
#4256 = DIRECTION('',(-7.800540639491E-17,0.242535625036,-0.970142500145
    ));
#4257 = ORIENTED_EDGE('',*,*,#4258,.F.);
#4258 = EDGE_CURVE('',#4259,#4251,#4261,.T.);
#4259 = VERTEX_POINT('',#4260);
#4260 = CARTESIAN_POINT('',(7.493,-12.9285,0.));
#4261 = LINE('',#4262,#4263);
#4262 = CARTESIAN_POINT('',(7.493,-12.9285,0.));
#4263 = VECTOR('',#4264,1.);
#4264 = DIRECTION('',(-1.004783562205E-31,3.124088708055E-16,-1.));
#4265 = ORIENTED_EDGE('',*,*,#4266,.F.);
#4266 = EDGE_CURVE('',#1779,#4259,#4267,.T.);
#4267 = LINE('',#4268,#4269);
#4268 = CARTESIAN_POINT('',(7.493,-13.462,0.));
#4269 = VECTOR('',#4270,1.);
#4270 = DIRECTION('',(-3.216245299353E-16,1.,0.));
#4271 = PLANE('',#4272);
#4272 = AXIS2_PLACEMENT_3D('',#4273,#4274,#4275);
#4273 = CARTESIAN_POINT('',(7.493,-13.462,2.157));
#4274 = DIRECTION('',(-1.,-3.216245299353E-16,0.));
#4275 = DIRECTION('',(0.,-0.,-1.));
#4276 = ADVANCED_FACE('',(#4277),#4295,.T.);
#4277 = FACE_BOUND('',#4278,.T.);
#4278 = EDGE_LOOP('',(#4279,#4280,#4281,#4289));
#4279 = ORIENTED_EDGE('',*,*,#1778,.T.);
#4280 = ORIENTED_EDGE('',*,*,#4266,.T.);
#4281 = ORIENTED_EDGE('',*,*,#4282,.F.);
#4282 = EDGE_CURVE('',#4283,#4259,#4285,.T.);
#4283 = VERTEX_POINT('',#4284);
#4284 = CARTESIAN_POINT('',(7.747,-12.9285,0.));
#4285 = LINE('',#4286,#4287);
#4286 = CARTESIAN_POINT('',(7.747,-12.9285,0.));
#4287 = VECTOR('',#4288,1.);
#4288 = DIRECTION('',(-1.,-3.216245299353E-16,0.));
#4289 = ORIENTED_EDGE('',*,*,#4290,.F.);
#4290 = EDGE_CURVE('',#1771,#4283,#4291,.T.);
#4291 = LINE('',#4292,#4293);
#4292 = CARTESIAN_POINT('',(7.747,-13.462,0.));
#4293 = VECTOR('',#4294,1.);
#4294 = DIRECTION('',(-3.216245299353E-16,1.,0.));
#4295 = PLANE('',#4296);
#4296 = AXIS2_PLACEMENT_3D('',#4297,#4298,#4299);
#4297 = CARTESIAN_POINT('',(7.747,-13.462,0.));
#4298 = DIRECTION('',(-0.,0.,-1.));
#4299 = DIRECTION('',(-3.216245299353E-16,1.,0.));
#4300 = ADVANCED_FACE('',(#4301),#4358,.F.);
#4301 = FACE_BOUND('',#4302,.F.);
#4302 = EDGE_LOOP('',(#4303,#4304,#4310,#4311,#4319,#4327,#4335,#4343,
    #4351,#4357));
#4303 = ORIENTED_EDGE('',*,*,#1770,.F.);
#4304 = ORIENTED_EDGE('',*,*,#4305,.F.);
#4305 = EDGE_CURVE('',#1909,#1762,#4306,.T.);
#4306 = LINE('',#4307,#4308);
#4307 = CARTESIAN_POINT('',(7.747,-11.938,1.776));
#4308 = VECTOR('',#4309,1.);
#4309 = DIRECTION('',(3.216245299353E-16,-1.,0.));
#4310 = ORIENTED_EDGE('',*,*,#1917,.F.);
#4311 = ORIENTED_EDGE('',*,*,#4312,.F.);
#4312 = EDGE_CURVE('',#4313,#1918,#4315,.T.);
#4313 = VERTEX_POINT('',#4314);
#4314 = CARTESIAN_POINT('',(7.747,-12.4715,0.));
#4315 = LINE('',#4316,#4317);
#4316 = CARTESIAN_POINT('',(7.747,-12.4715,0.));
#4317 = VECTOR('',#4318,1.);
#4318 = DIRECTION('',(-3.216245299353E-16,1.,0.));
#4319 = ORIENTED_EDGE('',*,*,#4320,.F.);
#4320 = EDGE_CURVE('',#4321,#4313,#4323,.T.);
#4321 = VERTEX_POINT('',#4322);
#4322 = CARTESIAN_POINT('',(7.747,-12.4715,-2.843));
#4323 = LINE('',#4324,#4325);
#4324 = CARTESIAN_POINT('',(7.747,-12.4715,-2.843));
#4325 = VECTOR('',#4326,1.);
#4326 = DIRECTION('',(-1.004783562205E-31,3.124088708055E-16,1.));
#4327 = ORIENTED_EDGE('',*,*,#4328,.F.);
#4328 = EDGE_CURVE('',#4329,#4321,#4331,.T.);
#4329 = VERTEX_POINT('',#4330);
#4330 = CARTESIAN_POINT('',(7.747,-12.58575,-3.3));
#4331 = LINE('',#4332,#4333);
#4332 = CARTESIAN_POINT('',(7.747,-12.58575,-3.3));
#4333 = VECTOR('',#4334,1.);
#4334 = DIRECTION('',(-7.800540639491E-17,0.242535625036,0.970142500145)
  );
#4335 = ORIENTED_EDGE('',*,*,#4336,.F.);
#4336 = EDGE_CURVE('',#4337,#4329,#4339,.T.);
#4337 = VERTEX_POINT('',#4338);
#4338 = CARTESIAN_POINT('',(7.747,-12.81425,-3.3));
#4339 = LINE('',#4340,#4341);
#4340 = CARTESIAN_POINT('',(7.747,-12.81425,-3.3));
#4341 = VECTOR('',#4342,1.);
#4342 = DIRECTION('',(-3.216245299353E-16,1.,0.));
#4343 = ORIENTED_EDGE('',*,*,#4344,.F.);
#4344 = EDGE_CURVE('',#4345,#4337,#4347,.T.);
#4345 = VERTEX_POINT('',#4346);
#4346 = CARTESIAN_POINT('',(7.747,-12.9285,-2.843));
#4347 = LINE('',#4348,#4349);
#4348 = CARTESIAN_POINT('',(7.747,-12.9285,-2.843));
#4349 = VECTOR('',#4350,1.);
#4350 = DIRECTION('',(-7.800540639491E-17,0.242535625036,-0.970142500145
    ));
#4351 = ORIENTED_EDGE('',*,*,#4352,.F.);
#4352 = EDGE_CURVE('',#4283,#4345,#4353,.T.);
#4353 = LINE('',#4354,#4355);
#4354 = CARTESIAN_POINT('',(7.747,-12.9285,0.));
#4355 = VECTOR('',#4356,1.);
#4356 = DIRECTION('',(-1.004783562205E-31,3.124088708055E-16,-1.));
#4357 = ORIENTED_EDGE('',*,*,#4290,.F.);
#4358 = PLANE('',#4359);
#4359 = AXIS2_PLACEMENT_3D('',#4360,#4361,#4362);
#4360 = CARTESIAN_POINT('',(7.747,-13.462,2.157));
#4361 = DIRECTION('',(-1.,-3.216245299353E-16,0.));
#4362 = DIRECTION('',(0.,-0.,-1.));
#4363 = ADVANCED_FACE('',(#4364),#4370,.T.);
#4364 = FACE_BOUND('',#4365,.T.);
#4365 = EDGE_LOOP('',(#4366,#4367,#4368,#4369));
#4366 = ORIENTED_EDGE('',*,*,#4199,.T.);
#4367 = ORIENTED_EDGE('',*,*,#1761,.T.);
#4368 = ORIENTED_EDGE('',*,*,#4305,.F.);
#4369 = ORIENTED_EDGE('',*,*,#1908,.F.);
#4370 = CYLINDRICAL_SURFACE('',#4371,0.381);
#4371 = AXIS2_PLACEMENT_3D('',#4372,#4373,#4374);
#4372 = CARTESIAN_POINT('',(7.366,-11.938,1.776));
#4373 = DIRECTION('',(3.216245299353E-16,-1.,0.));
#4374 = DIRECTION('',(0.,0.,1.));
#4375 = ADVANCED_FACE('',(#4376),#4435,.T.);
#4376 = FACE_BOUND('',#4377,.T.);
#4377 = EDGE_LOOP('',(#4378,#4379,#4380,#4381,#4389,#4397,#4405,#4413,
    #4421,#4429));
#4378 = ORIENTED_EDGE('',*,*,#2033,.F.);
#4379 = ORIENTED_EDGE('',*,*,#1973,.T.);
#4380 = ORIENTED_EDGE('',*,*,#1844,.F.);
#4381 = ORIENTED_EDGE('',*,*,#4382,.F.);
#4382 = EDGE_CURVE('',#4383,#1837,#4385,.T.);
#4383 = VERTEX_POINT('',#4384);
#4384 = CARTESIAN_POINT('',(7.493,-2.3115,0.));
#4385 = LINE('',#4386,#4387);
#4386 = CARTESIAN_POINT('',(7.493,-2.3115,0.));
#4387 = VECTOR('',#4388,1.);
#4388 = DIRECTION('',(-3.216245299353E-16,1.,0.));
#4389 = ORIENTED_EDGE('',*,*,#4390,.F.);
#4390 = EDGE_CURVE('',#4391,#4383,#4393,.T.);
#4391 = VERTEX_POINT('',#4392);
#4392 = CARTESIAN_POINT('',(7.493,-2.3115,-2.843));
#4393 = LINE('',#4394,#4395);
#4394 = CARTESIAN_POINT('',(7.493,-2.3115,-2.843));
#4395 = VECTOR('',#4396,1.);
#4396 = DIRECTION('',(-1.004783562205E-31,3.124088708055E-16,1.));
#4397 = ORIENTED_EDGE('',*,*,#4398,.F.);
#4398 = EDGE_CURVE('',#4399,#4391,#4401,.T.);
#4399 = VERTEX_POINT('',#4400);
#4400 = CARTESIAN_POINT('',(7.493,-2.42575,-3.3));
#4401 = LINE('',#4402,#4403);
#4402 = CARTESIAN_POINT('',(7.493,-2.42575,-3.3));
#4403 = VECTOR('',#4404,1.);
#4404 = DIRECTION('',(-7.800540639491E-17,0.242535625036,0.970142500145)
  );
#4405 = ORIENTED_EDGE('',*,*,#4406,.F.);
#4406 = EDGE_CURVE('',#4407,#4399,#4409,.T.);
#4407 = VERTEX_POINT('',#4408);
#4408 = CARTESIAN_POINT('',(7.493,-2.65425,-3.3));
#4409 = LINE('',#4410,#4411);
#4410 = CARTESIAN_POINT('',(7.493,-2.65425,-3.3));
#4411 = VECTOR('',#4412,1.);
#4412 = DIRECTION('',(-3.216245299353E-16,1.,0.));
#4413 = ORIENTED_EDGE('',*,*,#4414,.F.);
#4414 = EDGE_CURVE('',#4415,#4407,#4417,.T.);
#4415 = VERTEX_POINT('',#4416);
#4416 = CARTESIAN_POINT('',(7.493,-2.7685,-2.843));
#4417 = LINE('',#4418,#4419);
#4418 = CARTESIAN_POINT('',(7.493,-2.7685,-2.843));
#4419 = VECTOR('',#4420,1.);
#4420 = DIRECTION('',(-7.800540639491E-17,0.242535625036,-0.970142500145
    ));
#4421 = ORIENTED_EDGE('',*,*,#4422,.F.);
#4422 = EDGE_CURVE('',#4423,#4415,#4425,.T.);
#4423 = VERTEX_POINT('',#4424);
#4424 = CARTESIAN_POINT('',(7.493,-2.7685,0.));
#4425 = LINE('',#4426,#4427);
#4426 = CARTESIAN_POINT('',(7.493,-2.7685,0.));
#4427 = VECTOR('',#4428,1.);
#4428 = DIRECTION('',(-1.004783562205E-31,3.124088708055E-16,-1.));
#4429 = ORIENTED_EDGE('',*,*,#4430,.F.);
#4430 = EDGE_CURVE('',#2026,#4423,#4431,.T.);
#4431 = LINE('',#4432,#4433);
#4432 = CARTESIAN_POINT('',(7.493,-3.302,0.));
#4433 = VECTOR('',#4434,1.);
#4434 = DIRECTION('',(-3.216245299353E-16,1.,0.));
#4435 = PLANE('',#4436);
#4436 = AXIS2_PLACEMENT_3D('',#4437,#4438,#4439);
#4437 = CARTESIAN_POINT('',(7.493,-3.302,2.157));
#4438 = DIRECTION('',(-1.,-3.216245299353E-16,0.));
#4439 = DIRECTION('',(0.,-0.,-1.));
#4440 = ADVANCED_FACE('',(#4441),#4459,.T.);
#4441 = FACE_BOUND('',#4442,.T.);
#4442 = EDGE_LOOP('',(#4443,#4451,#4452,#4453));
#4443 = ORIENTED_EDGE('',*,*,#4444,.T.);
#4444 = EDGE_CURVE('',#4445,#4383,#4447,.T.);
#4445 = VERTEX_POINT('',#4446);
#4446 = CARTESIAN_POINT('',(7.747,-2.3115,0.));
#4447 = LINE('',#4448,#4449);
#4448 = CARTESIAN_POINT('',(7.747,-2.3115,0.));
#4449 = VECTOR('',#4450,1.);
#4450 = DIRECTION('',(-1.,-3.216245299353E-16,0.));
#4451 = ORIENTED_EDGE('',*,*,#4382,.T.);
#4452 = ORIENTED_EDGE('',*,*,#1836,.F.);
#4453 = ORIENTED_EDGE('',*,*,#4454,.F.);
#4454 = EDGE_CURVE('',#4445,#1829,#4455,.T.);
#4455 = LINE('',#4456,#4457);
#4456 = CARTESIAN_POINT('',(7.747,-2.3115,0.));
#4457 = VECTOR('',#4458,1.);
#4458 = DIRECTION('',(-3.216245299353E-16,1.,0.));
#4459 = PLANE('',#4460);
#4460 = AXIS2_PLACEMENT_3D('',#4461,#4462,#4463);
#4461 = CARTESIAN_POINT('',(7.747,-2.3115,0.));
#4462 = DIRECTION('',(-0.,0.,-1.));
#4463 = DIRECTION('',(-3.216245299353E-16,1.,0.));
#4464 = ADVANCED_FACE('',(#4465),#4522,.F.);
#4465 = FACE_BOUND('',#4466,.F.);
#4466 = EDGE_LOOP('',(#4467,#4468,#4474,#4475,#4476,#4484,#4492,#4500,
    #4508,#4516));
#4467 = ORIENTED_EDGE('',*,*,#2017,.F.);
#4468 = ORIENTED_EDGE('',*,*,#4469,.F.);
#4469 = EDGE_CURVE('',#1820,#2009,#4470,.T.);
#4470 = LINE('',#4471,#4472);
#4471 = CARTESIAN_POINT('',(7.747,-1.778,1.776));
#4472 = VECTOR('',#4473,1.);
#4473 = DIRECTION('',(3.216245299353E-16,-1.,0.));
#4474 = ORIENTED_EDGE('',*,*,#1828,.F.);
#4475 = ORIENTED_EDGE('',*,*,#4454,.F.);
#4476 = ORIENTED_EDGE('',*,*,#4477,.F.);
#4477 = EDGE_CURVE('',#4478,#4445,#4480,.T.);
#4478 = VERTEX_POINT('',#4479);
#4479 = CARTESIAN_POINT('',(7.747,-2.3115,-2.843));
#4480 = LINE('',#4481,#4482);
#4481 = CARTESIAN_POINT('',(7.747,-2.3115,-2.843));
#4482 = VECTOR('',#4483,1.);
#4483 = DIRECTION('',(-1.004783562205E-31,3.124088708055E-16,1.));
#4484 = ORIENTED_EDGE('',*,*,#4485,.F.);
#4485 = EDGE_CURVE('',#4486,#4478,#4488,.T.);
#4486 = VERTEX_POINT('',#4487);
#4487 = CARTESIAN_POINT('',(7.747,-2.42575,-3.3));
#4488 = LINE('',#4489,#4490);
#4489 = CARTESIAN_POINT('',(7.747,-2.42575,-3.3));
#4490 = VECTOR('',#4491,1.);
#4491 = DIRECTION('',(-7.800540639491E-17,0.242535625036,0.970142500145)
  );
#4492 = ORIENTED_EDGE('',*,*,#4493,.F.);
#4493 = EDGE_CURVE('',#4494,#4486,#4496,.T.);
#4494 = VERTEX_POINT('',#4495);
#4495 = CARTESIAN_POINT('',(7.747,-2.65425,-3.3));
#4496 = LINE('',#4497,#4498);
#4497 = CARTESIAN_POINT('',(7.747,-2.65425,-3.3));
#4498 = VECTOR('',#4499,1.);
#4499 = DIRECTION('',(-3.216245299353E-16,1.,0.));
#4500 = ORIENTED_EDGE('',*,*,#4501,.F.);
#4501 = EDGE_CURVE('',#4502,#4494,#4504,.T.);
#4502 = VERTEX_POINT('',#4503);
#4503 = CARTESIAN_POINT('',(7.747,-2.7685,-2.843));
#4504 = LINE('',#4505,#4506);
#4505 = CARTESIAN_POINT('',(7.747,-2.7685,-2.843));
#4506 = VECTOR('',#4507,1.);
#4507 = DIRECTION('',(-7.800540639491E-17,0.242535625036,-0.970142500145
    ));
#4508 = ORIENTED_EDGE('',*,*,#4509,.F.);
#4509 = EDGE_CURVE('',#4510,#4502,#4512,.T.);
#4510 = VERTEX_POINT('',#4511);
#4511 = CARTESIAN_POINT('',(7.747,-2.7685,0.));
#4512 = LINE('',#4513,#4514);
#4513 = CARTESIAN_POINT('',(7.747,-2.7685,0.));
#4514 = VECTOR('',#4515,1.);
#4515 = DIRECTION('',(-1.004783562205E-31,3.124088708055E-16,-1.));
#4516 = ORIENTED_EDGE('',*,*,#4517,.F.);
#4517 = EDGE_CURVE('',#2018,#4510,#4518,.T.);
#4518 = LINE('',#4519,#4520);
#4519 = CARTESIAN_POINT('',(7.747,-3.302,0.));
#4520 = VECTOR('',#4521,1.);
#4521 = DIRECTION('',(-3.216245299353E-16,1.,0.));
#4522 = PLANE('',#4523);
#4523 = AXIS2_PLACEMENT_3D('',#4524,#4525,#4526);
#4524 = CARTESIAN_POINT('',(7.747,-3.302,2.157));
#4525 = DIRECTION('',(-1.,-3.216245299353E-16,0.));
#4526 = DIRECTION('',(0.,-0.,-1.));
#4527 = ADVANCED_FACE('',(#4528),#4539,.T.);
#4528 = FACE_BOUND('',#4529,.T.);
#4529 = EDGE_LOOP('',(#4530,#4536,#4537,#4538));
#4530 = ORIENTED_EDGE('',*,*,#4531,.T.);
#4531 = EDGE_CURVE('',#1812,#2001,#4532,.T.);
#4532 = LINE('',#4533,#4534);
#4533 = CARTESIAN_POINT('',(7.366,-1.778,2.157));
#4534 = VECTOR('',#4535,1.);
#4535 = DIRECTION('',(3.216245299353E-16,-1.,0.));
#4536 = ORIENTED_EDGE('',*,*,#2008,.T.);
#4537 = ORIENTED_EDGE('',*,*,#4469,.F.);
#4538 = ORIENTED_EDGE('',*,*,#1819,.F.);
#4539 = CYLINDRICAL_SURFACE('',#4540,0.381);
#4540 = AXIS2_PLACEMENT_3D('',#4541,#4542,#4543);
#4541 = CARTESIAN_POINT('',(7.366,-1.778,1.776));
#4542 = DIRECTION('',(3.216245299353E-16,-1.,0.));
#4543 = DIRECTION('',(0.,0.,1.));
#4544 = ADVANCED_FACE('',(#4545),#4553,.T.);
#4545 = FACE_BOUND('',#4546,.T.);
#4546 = EDGE_LOOP('',(#4547,#4548,#4549,#4550,#4551,#4552));
#4547 = ORIENTED_EDGE('',*,*,#3818,.F.);
#4548 = ORIENTED_EDGE('',*,*,#2204,.F.);
#4549 = ORIENTED_EDGE('',*,*,#2000,.F.);
#4550 = ORIENTED_EDGE('',*,*,#4531,.F.);
#4551 = ORIENTED_EDGE('',*,*,#1811,.F.);
#4552 = ORIENTED_EDGE('',*,*,#1867,.F.);
#4553 = PLANE('',#4554);
#4554 = AXIS2_PLACEMENT_3D('',#4555,#4556,#4557);
#4555 = CARTESIAN_POINT('',(3.683,-3.302,2.157));
#4556 = DIRECTION('',(0.,0.,1.));
#4557 = DIRECTION('',(-4.440892098501E-16,1.,0.));
#4558 = ADVANCED_FACE('',(#4559),#4570,.T.);
#4559 = FACE_BOUND('',#4560,.T.);
#4560 = EDGE_LOOP('',(#4561,#4567,#4568,#4569));
#4561 = ORIENTED_EDGE('',*,*,#4562,.T.);
#4562 = EDGE_CURVE('',#4313,#4219,#4563,.T.);
#4563 = LINE('',#4564,#4565);
#4564 = CARTESIAN_POINT('',(7.747,-12.4715,0.));
#4565 = VECTOR('',#4566,1.);
#4566 = DIRECTION('',(-1.,-3.216245299353E-16,0.));
#4567 = ORIENTED_EDGE('',*,*,#4218,.T.);
#4568 = ORIENTED_EDGE('',*,*,#1925,.F.);
#4569 = ORIENTED_EDGE('',*,*,#4312,.F.);
#4570 = PLANE('',#4571);
#4571 = AXIS2_PLACEMENT_3D('',#4572,#4573,#4574);
#4572 = CARTESIAN_POINT('',(7.747,-12.4715,0.));
#4573 = DIRECTION('',(-0.,0.,-1.));
#4574 = DIRECTION('',(-3.216245299353E-16,1.,0.));
#4575 = ADVANCED_FACE('',(#4576),#4587,.T.);
#4576 = FACE_BOUND('',#4577,.T.);
#4577 = EDGE_LOOP('',(#4578,#4579,#4580,#4586));
#4578 = ORIENTED_EDGE('',*,*,#2025,.T.);
#4579 = ORIENTED_EDGE('',*,*,#4430,.T.);
#4580 = ORIENTED_EDGE('',*,*,#4581,.F.);
#4581 = EDGE_CURVE('',#4510,#4423,#4582,.T.);
#4582 = LINE('',#4583,#4584);
#4583 = CARTESIAN_POINT('',(7.747,-2.7685,0.));
#4584 = VECTOR('',#4585,1.);
#4585 = DIRECTION('',(-1.,-3.216245299353E-16,0.));
#4586 = ORIENTED_EDGE('',*,*,#4517,.F.);
#4587 = PLANE('',#4588);
#4588 = AXIS2_PLACEMENT_3D('',#4589,#4590,#4591);
#4589 = CARTESIAN_POINT('',(7.747,-3.302,0.));
#4590 = DIRECTION('',(-0.,0.,-1.));
#4591 = DIRECTION('',(-3.216245299353E-16,1.,0.));
#4592 = ADVANCED_FACE('',(#4593),#4606,.T.);
#4593 = FACE_BOUND('',#4594,.T.);
#4594 = EDGE_LOOP('',(#4595,#4596,#4597,#4598,#4604,#4605));
#4595 = ORIENTED_EDGE('',*,*,#3797,.F.);
#4596 = ORIENTED_EDGE('',*,*,#2057,.F.);
#4597 = ORIENTED_EDGE('',*,*,#2081,.F.);
#4598 = ORIENTED_EDGE('',*,*,#4599,.F.);
#4599 = EDGE_CURVE('',#2229,#2082,#4600,.T.);
#4600 = LINE('',#4601,#4602);
#4601 = CARTESIAN_POINT('',(7.366,-9.398,2.157));
#4602 = VECTOR('',#4603,1.);
#4603 = DIRECTION('',(3.216245299353E-16,-1.,0.));
#4604 = ORIENTED_EDGE('',*,*,#2228,.F.);
#4605 = ORIENTED_EDGE('',*,*,#2376,.F.);
#4606 = PLANE('',#4607);
#4607 = AXIS2_PLACEMENT_3D('',#4608,#4609,#4610);
#4608 = CARTESIAN_POINT('',(3.683,-10.922,2.157));
#4609 = DIRECTION('',(0.,0.,1.));
#4610 = DIRECTION('',(-4.440892098501E-16,1.,0.));
#4611 = ADVANCED_FACE('',(#4612),#4671,.T.);
#4612 = FACE_BOUND('',#4613,.T.);
#4613 = EDGE_LOOP('',(#4614,#4615,#4616,#4617,#4625,#4633,#4641,#4649,
    #4657,#4665));
#4614 = ORIENTED_EDGE('',*,*,#2114,.F.);
#4615 = ORIENTED_EDGE('',*,*,#2284,.T.);
#4616 = ORIENTED_EDGE('',*,*,#2261,.F.);
#4617 = ORIENTED_EDGE('',*,*,#4618,.F.);
#4618 = EDGE_CURVE('',#4619,#2254,#4621,.T.);
#4619 = VERTEX_POINT('',#4620);
#4620 = CARTESIAN_POINT('',(7.493,-9.9315,0.));
#4621 = LINE('',#4622,#4623);
#4622 = CARTESIAN_POINT('',(7.493,-9.9315,0.));
#4623 = VECTOR('',#4624,1.);
#4624 = DIRECTION('',(-3.216245299353E-16,1.,0.));
#4625 = ORIENTED_EDGE('',*,*,#4626,.F.);
#4626 = EDGE_CURVE('',#4627,#4619,#4629,.T.);
#4627 = VERTEX_POINT('',#4628);
#4628 = CARTESIAN_POINT('',(7.493,-9.9315,-2.843));
#4629 = LINE('',#4630,#4631);
#4630 = CARTESIAN_POINT('',(7.493,-9.9315,-2.843));
#4631 = VECTOR('',#4632,1.);
#4632 = DIRECTION('',(-1.004783562205E-31,3.124088708055E-16,1.));
#4633 = ORIENTED_EDGE('',*,*,#4634,.F.);
#4634 = EDGE_CURVE('',#4635,#4627,#4637,.T.);
#4635 = VERTEX_POINT('',#4636);
#4636 = CARTESIAN_POINT('',(7.493,-10.04575,-3.3));
#4637 = LINE('',#4638,#4639);
#4638 = CARTESIAN_POINT('',(7.493,-10.04575,-3.3));
#4639 = VECTOR('',#4640,1.);
#4640 = DIRECTION('',(-7.800540639491E-17,0.242535625036,0.970142500145)
  );
#4641 = ORIENTED_EDGE('',*,*,#4642,.F.);
#4642 = EDGE_CURVE('',#4643,#4635,#4645,.T.);
#4643 = VERTEX_POINT('',#4644);
#4644 = CARTESIAN_POINT('',(7.493,-10.27425,-3.3));
#4645 = LINE('',#4646,#4647);
#4646 = CARTESIAN_POINT('',(7.493,-10.27425,-3.3));
#4647 = VECTOR('',#4648,1.);
#4648 = DIRECTION('',(-3.216245299353E-16,1.,0.));
#4649 = ORIENTED_EDGE('',*,*,#4650,.F.);
#4650 = EDGE_CURVE('',#4651,#4643,#4653,.T.);
#4651 = VERTEX_POINT('',#4652);
#4652 = CARTESIAN_POINT('',(7.493,-10.3885,-2.843));
#4653 = LINE('',#4654,#4655);
#4654 = CARTESIAN_POINT('',(7.493,-10.3885,-2.843));
#4655 = VECTOR('',#4656,1.);
#4656 = DIRECTION('',(-7.800540639491E-17,0.242535625036,-0.970142500145
    ));
#4657 = ORIENTED_EDGE('',*,*,#4658,.F.);
#4658 = EDGE_CURVE('',#4659,#4651,#4661,.T.);
#4659 = VERTEX_POINT('',#4660);
#4660 = CARTESIAN_POINT('',(7.493,-10.3885,0.));
#4661 = LINE('',#4662,#4663);
#4662 = CARTESIAN_POINT('',(7.493,-10.3885,0.));
#4663 = VECTOR('',#4664,1.);
#4664 = DIRECTION('',(-1.004783562205E-31,3.124088708055E-16,-1.));
#4665 = ORIENTED_EDGE('',*,*,#4666,.F.);
#4666 = EDGE_CURVE('',#2107,#4659,#4667,.T.);
#4667 = LINE('',#4668,#4669);
#4668 = CARTESIAN_POINT('',(7.493,-10.922,0.));
#4669 = VECTOR('',#4670,1.);
#4670 = DIRECTION('',(-3.216245299353E-16,1.,0.));
#4671 = PLANE('',#4672);
#4672 = AXIS2_PLACEMENT_3D('',#4673,#4674,#4675);
#4673 = CARTESIAN_POINT('',(7.493,-10.922,2.157));
#4674 = DIRECTION('',(-1.,-3.216245299353E-16,0.));
#4675 = DIRECTION('',(0.,-0.,-1.));
#4676 = ADVANCED_FACE('',(#4677),#4695,.T.);
#4677 = FACE_BOUND('',#4678,.T.);
#4678 = EDGE_LOOP('',(#4679,#4680,#4681,#4689));
#4679 = ORIENTED_EDGE('',*,*,#2106,.T.);
#4680 = ORIENTED_EDGE('',*,*,#4666,.T.);
#4681 = ORIENTED_EDGE('',*,*,#4682,.F.);
#4682 = EDGE_CURVE('',#4683,#4659,#4685,.T.);
#4683 = VERTEX_POINT('',#4684);
#4684 = CARTESIAN_POINT('',(7.747,-10.3885,0.));
#4685 = LINE('',#4686,#4687);
#4686 = CARTESIAN_POINT('',(7.747,-10.3885,0.));
#4687 = VECTOR('',#4688,1.);
#4688 = DIRECTION('',(-1.,-3.216245299353E-16,0.));
#4689 = ORIENTED_EDGE('',*,*,#4690,.F.);
#4690 = EDGE_CURVE('',#2099,#4683,#4691,.T.);
#4691 = LINE('',#4692,#4693);
#4692 = CARTESIAN_POINT('',(7.747,-10.922,0.));
#4693 = VECTOR('',#4694,1.);
#4694 = DIRECTION('',(-3.216245299353E-16,1.,0.));
#4695 = PLANE('',#4696);
#4696 = AXIS2_PLACEMENT_3D('',#4697,#4698,#4699);
#4697 = CARTESIAN_POINT('',(7.747,-10.922,0.));
#4698 = DIRECTION('',(-0.,0.,-1.));
#4699 = DIRECTION('',(-3.216245299353E-16,1.,0.));
#4700 = ADVANCED_FACE('',(#4701),#4758,.F.);
#4701 = FACE_BOUND('',#4702,.F.);
#4702 = EDGE_LOOP('',(#4703,#4704,#4710,#4711,#4719,#4727,#4735,#4743,
    #4751,#4757));
#4703 = ORIENTED_EDGE('',*,*,#2098,.F.);
#4704 = ORIENTED_EDGE('',*,*,#4705,.F.);
#4705 = EDGE_CURVE('',#2237,#2090,#4706,.T.);
#4706 = LINE('',#4707,#4708);
#4707 = CARTESIAN_POINT('',(7.747,-9.398,1.776));
#4708 = VECTOR('',#4709,1.);
#4709 = DIRECTION('',(3.216245299353E-16,-1.,0.));
#4710 = ORIENTED_EDGE('',*,*,#2245,.F.);
#4711 = ORIENTED_EDGE('',*,*,#4712,.F.);
#4712 = EDGE_CURVE('',#4713,#2246,#4715,.T.);
#4713 = VERTEX_POINT('',#4714);
#4714 = CARTESIAN_POINT('',(7.747,-9.9315,0.));
#4715 = LINE('',#4716,#4717);
#4716 = CARTESIAN_POINT('',(7.747,-9.9315,0.));
#4717 = VECTOR('',#4718,1.);
#4718 = DIRECTION('',(-3.216245299353E-16,1.,0.));
#4719 = ORIENTED_EDGE('',*,*,#4720,.F.);
#4720 = EDGE_CURVE('',#4721,#4713,#4723,.T.);
#4721 = VERTEX_POINT('',#4722);
#4722 = CARTESIAN_POINT('',(7.747,-9.9315,-2.843));
#4723 = LINE('',#4724,#4725);
#4724 = CARTESIAN_POINT('',(7.747,-9.9315,-2.843));
#4725 = VECTOR('',#4726,1.);
#4726 = DIRECTION('',(-1.004783562205E-31,3.124088708055E-16,1.));
#4727 = ORIENTED_EDGE('',*,*,#4728,.F.);
#4728 = EDGE_CURVE('',#4729,#4721,#4731,.T.);
#4729 = VERTEX_POINT('',#4730);
#4730 = CARTESIAN_POINT('',(7.747,-10.04575,-3.3));
#4731 = LINE('',#4732,#4733);
#4732 = CARTESIAN_POINT('',(7.747,-10.04575,-3.3));
#4733 = VECTOR('',#4734,1.);
#4734 = DIRECTION('',(-7.800540639491E-17,0.242535625036,0.970142500145)
  );
#4735 = ORIENTED_EDGE('',*,*,#4736,.F.);
#4736 = EDGE_CURVE('',#4737,#4729,#4739,.T.);
#4737 = VERTEX_POINT('',#4738);
#4738 = CARTESIAN_POINT('',(7.747,-10.27425,-3.3));
#4739 = LINE('',#4740,#4741);
#4740 = CARTESIAN_POINT('',(7.747,-10.27425,-3.3));
#4741 = VECTOR('',#4742,1.);
#4742 = DIRECTION('',(-3.216245299353E-16,1.,0.));
#4743 = ORIENTED_EDGE('',*,*,#4744,.F.);
#4744 = EDGE_CURVE('',#4745,#4737,#4747,.T.);
#4745 = VERTEX_POINT('',#4746);
#4746 = CARTESIAN_POINT('',(7.747,-10.3885,-2.843));
#4747 = LINE('',#4748,#4749);
#4748 = CARTESIAN_POINT('',(7.747,-10.3885,-2.843));
#4749 = VECTOR('',#4750,1.);
#4750 = DIRECTION('',(-7.800540639491E-17,0.242535625036,-0.970142500145
    ));
#4751 = ORIENTED_EDGE('',*,*,#4752,.F.);
#4752 = EDGE_CURVE('',#4683,#4745,#4753,.T.);
#4753 = LINE('',#4754,#4755);
#4754 = CARTESIAN_POINT('',(7.747,-10.3885,0.));
#4755 = VECTOR('',#4756,1.);
#4756 = DIRECTION('',(-1.004783562205E-31,3.124088708055E-16,-1.));
#4757 = ORIENTED_EDGE('',*,*,#4690,.F.);
#4758 = PLANE('',#4759);
#4759 = AXIS2_PLACEMENT_3D('',#4760,#4761,#4762);
#4760 = CARTESIAN_POINT('',(7.747,-10.922,2.157));
#4761 = DIRECTION('',(-1.,-3.216245299353E-16,0.));
#4762 = DIRECTION('',(0.,-0.,-1.));
#4763 = ADVANCED_FACE('',(#4764),#4770,.T.);
#4764 = FACE_BOUND('',#4765,.T.);
#4765 = EDGE_LOOP('',(#4766,#4767,#4768,#4769));
#4766 = ORIENTED_EDGE('',*,*,#4599,.T.);
#4767 = ORIENTED_EDGE('',*,*,#2089,.T.);
#4768 = ORIENTED_EDGE('',*,*,#4705,.F.);
#4769 = ORIENTED_EDGE('',*,*,#2236,.F.);
#4770 = CYLINDRICAL_SURFACE('',#4771,0.381);
#4771 = AXIS2_PLACEMENT_3D('',#4772,#4773,#4774);
#4772 = CARTESIAN_POINT('',(7.366,-9.398,1.776));
#4773 = DIRECTION('',(3.216245299353E-16,-1.,0.));
#4774 = DIRECTION('',(0.,0.,1.));
#4775 = ADVANCED_FACE('',(#4776),#4835,.T.);
#4776 = FACE_BOUND('',#4777,.T.);
#4777 = EDGE_LOOP('',(#4778,#4779,#4780,#4781,#4789,#4797,#4805,#4813,
    #4821,#4829));
#4778 = ORIENTED_EDGE('',*,*,#2361,.F.);
#4779 = ORIENTED_EDGE('',*,*,#2301,.T.);
#4780 = ORIENTED_EDGE('',*,*,#2172,.F.);
#4781 = ORIENTED_EDGE('',*,*,#4782,.F.);
#4782 = EDGE_CURVE('',#4783,#2165,#4785,.T.);
#4783 = VERTEX_POINT('',#4784);
#4784 = CARTESIAN_POINT('',(7.493,-4.8515,0.));
#4785 = LINE('',#4786,#4787);
#4786 = CARTESIAN_POINT('',(7.493,-4.8515,0.));
#4787 = VECTOR('',#4788,1.);
#4788 = DIRECTION('',(-3.216245299353E-16,1.,0.));
#4789 = ORIENTED_EDGE('',*,*,#4790,.F.);
#4790 = EDGE_CURVE('',#4791,#4783,#4793,.T.);
#4791 = VERTEX_POINT('',#4792);
#4792 = CARTESIAN_POINT('',(7.493,-4.8515,-2.843));
#4793 = LINE('',#4794,#4795);
#4794 = CARTESIAN_POINT('',(7.493,-4.8515,-2.843));
#4795 = VECTOR('',#4796,1.);
#4796 = DIRECTION('',(-1.004783562205E-31,3.124088708055E-16,1.));
#4797 = ORIENTED_EDGE('',*,*,#4798,.F.);
#4798 = EDGE_CURVE('',#4799,#4791,#4801,.T.);
#4799 = VERTEX_POINT('',#4800);
#4800 = CARTESIAN_POINT('',(7.493,-4.96575,-3.3));
#4801 = LINE('',#4802,#4803);
#4802 = CARTESIAN_POINT('',(7.493,-4.96575,-3.3));
#4803 = VECTOR('',#4804,1.);
#4804 = DIRECTION('',(-7.800540639491E-17,0.242535625036,0.970142500145)
  );
#4805 = ORIENTED_EDGE('',*,*,#4806,.F.);
#4806 = EDGE_CURVE('',#4807,#4799,#4809,.T.);
#4807 = VERTEX_POINT('',#4808);
#4808 = CARTESIAN_POINT('',(7.493,-5.19425,-3.3));
#4809 = LINE('',#4810,#4811);
#4810 = CARTESIAN_POINT('',(7.493,-5.19425,-3.3));
#4811 = VECTOR('',#4812,1.);
#4812 = DIRECTION('',(-3.216245299353E-16,1.,0.));
#4813 = ORIENTED_EDGE('',*,*,#4814,.F.);
#4814 = EDGE_CURVE('',#4815,#4807,#4817,.T.);
#4815 = VERTEX_POINT('',#4816);
#4816 = CARTESIAN_POINT('',(7.493,-5.3085,-2.843));
#4817 = LINE('',#4818,#4819);
#4818 = CARTESIAN_POINT('',(7.493,-5.3085,-2.843));
#4819 = VECTOR('',#4820,1.);
#4820 = DIRECTION('',(-7.800540639491E-17,0.242535625036,-0.970142500145
    ));
#4821 = ORIENTED_EDGE('',*,*,#4822,.F.);
#4822 = EDGE_CURVE('',#4823,#4815,#4825,.T.);
#4823 = VERTEX_POINT('',#4824);
#4824 = CARTESIAN_POINT('',(7.493,-5.3085,0.));
#4825 = LINE('',#4826,#4827);
#4826 = CARTESIAN_POINT('',(7.493,-5.3085,0.));
#4827 = VECTOR('',#4828,1.);
#4828 = DIRECTION('',(-1.004783562205E-31,3.124088708055E-16,-1.));
#4829 = ORIENTED_EDGE('',*,*,#4830,.F.);
#4830 = EDGE_CURVE('',#2354,#4823,#4831,.T.);
#4831 = LINE('',#4832,#4833);
#4832 = CARTESIAN_POINT('',(7.493,-5.842,0.));
#4833 = VECTOR('',#4834,1.);
#4834 = DIRECTION('',(-3.216245299353E-16,1.,0.));
#4835 = PLANE('',#4836);
#4836 = AXIS2_PLACEMENT_3D('',#4837,#4838,#4839);
#4837 = CARTESIAN_POINT('',(7.493,-5.842,2.157));
#4838 = DIRECTION('',(-1.,-3.216245299353E-16,0.));
#4839 = DIRECTION('',(0.,-0.,-1.));
#4840 = ADVANCED_FACE('',(#4841),#4859,.T.);
#4841 = FACE_BOUND('',#4842,.T.);
#4842 = EDGE_LOOP('',(#4843,#4851,#4852,#4853));
#4843 = ORIENTED_EDGE('',*,*,#4844,.T.);
#4844 = EDGE_CURVE('',#4845,#4783,#4847,.T.);
#4845 = VERTEX_POINT('',#4846);
#4846 = CARTESIAN_POINT('',(7.747,-4.8515,0.));
#4847 = LINE('',#4848,#4849);
#4848 = CARTESIAN_POINT('',(7.747,-4.8515,0.));
#4849 = VECTOR('',#4850,1.);
#4850 = DIRECTION('',(-1.,-3.216245299353E-16,0.));
#4851 = ORIENTED_EDGE('',*,*,#4782,.T.);
#4852 = ORIENTED_EDGE('',*,*,#2164,.F.);
#4853 = ORIENTED_EDGE('',*,*,#4854,.F.);
#4854 = EDGE_CURVE('',#4845,#2157,#4855,.T.);
#4855 = LINE('',#4856,#4857);
#4856 = CARTESIAN_POINT('',(7.747,-4.8515,0.));
#4857 = VECTOR('',#4858,1.);
#4858 = DIRECTION('',(-3.216245299353E-16,1.,0.));
#4859 = PLANE('',#4860);
#4860 = AXIS2_PLACEMENT_3D('',#4861,#4862,#4863);
#4861 = CARTESIAN_POINT('',(7.747,-4.8515,0.));
#4862 = DIRECTION('',(-0.,0.,-1.));
#4863 = DIRECTION('',(-3.216245299353E-16,1.,0.));
#4864 = ADVANCED_FACE('',(#4865),#4922,.F.);
#4865 = FACE_BOUND('',#4866,.F.);
#4866 = EDGE_LOOP('',(#4867,#4868,#4874,#4875,#4876,#4884,#4892,#4900,
    #4908,#4916));
#4867 = ORIENTED_EDGE('',*,*,#2345,.F.);
#4868 = ORIENTED_EDGE('',*,*,#4869,.F.);
#4869 = EDGE_CURVE('',#2148,#2337,#4870,.T.);
#4870 = LINE('',#4871,#4872);
#4871 = CARTESIAN_POINT('',(7.747,-4.318,1.776));
#4872 = VECTOR('',#4873,1.);
#4873 = DIRECTION('',(3.216245299353E-16,-1.,0.));
#4874 = ORIENTED_EDGE('',*,*,#2156,.F.);
#4875 = ORIENTED_EDGE('',*,*,#4854,.F.);
#4876 = ORIENTED_EDGE('',*,*,#4877,.F.);
#4877 = EDGE_CURVE('',#4878,#4845,#4880,.T.);
#4878 = VERTEX_POINT('',#4879);
#4879 = CARTESIAN_POINT('',(7.747,-4.8515,-2.843));
#4880 = LINE('',#4881,#4882);
#4881 = CARTESIAN_POINT('',(7.747,-4.8515,-2.843));
#4882 = VECTOR('',#4883,1.);
#4883 = DIRECTION('',(-1.004783562205E-31,3.124088708055E-16,1.));
#4884 = ORIENTED_EDGE('',*,*,#4885,.F.);
#4885 = EDGE_CURVE('',#4886,#4878,#4888,.T.);
#4886 = VERTEX_POINT('',#4887);
#4887 = CARTESIAN_POINT('',(7.747,-4.96575,-3.3));
#4888 = LINE('',#4889,#4890);
#4889 = CARTESIAN_POINT('',(7.747,-4.96575,-3.3));
#4890 = VECTOR('',#4891,1.);
#4891 = DIRECTION('',(-7.800540639491E-17,0.242535625036,0.970142500145)
  );
#4892 = ORIENTED_EDGE('',*,*,#4893,.F.);
#4893 = EDGE_CURVE('',#4894,#4886,#4896,.T.);
#4894 = VERTEX_POINT('',#4895);
#4895 = CARTESIAN_POINT('',(7.747,-5.19425,-3.3));
#4896 = LINE('',#4897,#4898);
#4897 = CARTESIAN_POINT('',(7.747,-5.19425,-3.3));
#4898 = VECTOR('',#4899,1.);
#4899 = DIRECTION('',(-3.216245299353E-16,1.,0.));
#4900 = ORIENTED_EDGE('',*,*,#4901,.F.);
#4901 = EDGE_CURVE('',#4902,#4894,#4904,.T.);
#4902 = VERTEX_POINT('',#4903);
#4903 = CARTESIAN_POINT('',(7.747,-5.3085,-2.843));
#4904 = LINE('',#4905,#4906);
#4905 = CARTESIAN_POINT('',(7.747,-5.3085,-2.843));
#4906 = VECTOR('',#4907,1.);
#4907 = DIRECTION('',(-7.800540639491E-17,0.242535625036,-0.970142500145
    ));
#4908 = ORIENTED_EDGE('',*,*,#4909,.F.);
#4909 = EDGE_CURVE('',#4910,#4902,#4912,.T.);
#4910 = VERTEX_POINT('',#4911);
#4911 = CARTESIAN_POINT('',(7.747,-5.3085,0.));
#4912 = LINE('',#4913,#4914);
#4913 = CARTESIAN_POINT('',(7.747,-5.3085,0.));
#4914 = VECTOR('',#4915,1.);
#4915 = DIRECTION('',(-1.004783562205E-31,3.124088708055E-16,-1.));
#4916 = ORIENTED_EDGE('',*,*,#4917,.F.);
#4917 = EDGE_CURVE('',#2346,#4910,#4918,.T.);
#4918 = LINE('',#4919,#4920);
#4919 = CARTESIAN_POINT('',(7.747,-5.842,0.));
#4920 = VECTOR('',#4921,1.);
#4921 = DIRECTION('',(-3.216245299353E-16,1.,0.));
#4922 = PLANE('',#4923);
#4923 = AXIS2_PLACEMENT_3D('',#4924,#4925,#4926);
#4924 = CARTESIAN_POINT('',(7.747,-5.842,2.157));
#4925 = DIRECTION('',(-1.,-3.216245299353E-16,0.));
#4926 = DIRECTION('',(0.,-0.,-1.));
#4927 = ADVANCED_FACE('',(#4928),#4939,.T.);
#4928 = FACE_BOUND('',#4929,.T.);
#4929 = EDGE_LOOP('',(#4930,#4936,#4937,#4938));
#4930 = ORIENTED_EDGE('',*,*,#4931,.T.);
#4931 = EDGE_CURVE('',#2140,#2329,#4932,.T.);
#4932 = LINE('',#4933,#4934);
#4933 = CARTESIAN_POINT('',(7.366,-4.318,2.157));
#4934 = VECTOR('',#4935,1.);
#4935 = DIRECTION('',(3.216245299353E-16,-1.,0.));
#4936 = ORIENTED_EDGE('',*,*,#2336,.T.);
#4937 = ORIENTED_EDGE('',*,*,#4869,.F.);
#4938 = ORIENTED_EDGE('',*,*,#2147,.F.);
#4939 = CYLINDRICAL_SURFACE('',#4940,0.381);
#4940 = AXIS2_PLACEMENT_3D('',#4941,#4942,#4943);
#4941 = CARTESIAN_POINT('',(7.366,-4.318,1.776));
#4942 = DIRECTION('',(3.216245299353E-16,-1.,0.));
#4943 = DIRECTION('',(0.,0.,1.));
#4944 = ADVANCED_FACE('',(#4945),#4953,.T.);
#4945 = FACE_BOUND('',#4946,.T.);
#4946 = EDGE_LOOP('',(#4947,#4948,#4949,#4950,#4951,#4952));
#4947 = ORIENTED_EDGE('',*,*,#3811,.F.);
#4948 = ORIENTED_EDGE('',*,*,#2532,.F.);
#4949 = ORIENTED_EDGE('',*,*,#2328,.F.);
#4950 = ORIENTED_EDGE('',*,*,#4931,.F.);
#4951 = ORIENTED_EDGE('',*,*,#2139,.F.);
#4952 = ORIENTED_EDGE('',*,*,#2195,.F.);
#4953 = PLANE('',#4954);
#4954 = AXIS2_PLACEMENT_3D('',#4955,#4956,#4957);
#4955 = CARTESIAN_POINT('',(3.683,-5.842,2.157));
#4956 = DIRECTION('',(0.,0.,1.));
#4957 = DIRECTION('',(-4.440892098501E-16,1.,0.));
#4958 = ADVANCED_FACE('',(#4959),#4970,.T.);
#4959 = FACE_BOUND('',#4960,.T.);
#4960 = EDGE_LOOP('',(#4961,#4967,#4968,#4969));
#4961 = ORIENTED_EDGE('',*,*,#4962,.T.);
#4962 = EDGE_CURVE('',#4713,#4619,#4963,.T.);
#4963 = LINE('',#4964,#4965);
#4964 = CARTESIAN_POINT('',(7.747,-9.9315,0.));
#4965 = VECTOR('',#4966,1.);
#4966 = DIRECTION('',(-1.,-3.216245299353E-16,0.));
#4967 = ORIENTED_EDGE('',*,*,#4618,.T.);
#4968 = ORIENTED_EDGE('',*,*,#2253,.F.);
#4969 = ORIENTED_EDGE('',*,*,#4712,.F.);
#4970 = PLANE('',#4971);
#4971 = AXIS2_PLACEMENT_3D('',#4972,#4973,#4974);
#4972 = CARTESIAN_POINT('',(7.747,-9.9315,0.));
#4973 = DIRECTION('',(-0.,0.,-1.));
#4974 = DIRECTION('',(-3.216245299353E-16,1.,0.));
#4975 = ADVANCED_FACE('',(#4976),#4987,.T.);
#4976 = FACE_BOUND('',#4977,.T.);
#4977 = EDGE_LOOP('',(#4978,#4979,#4980,#4986));
#4978 = ORIENTED_EDGE('',*,*,#2353,.T.);
#4979 = ORIENTED_EDGE('',*,*,#4830,.T.);
#4980 = ORIENTED_EDGE('',*,*,#4981,.F.);
#4981 = EDGE_CURVE('',#4910,#4823,#4982,.T.);
#4982 = LINE('',#4983,#4984);
#4983 = CARTESIAN_POINT('',(7.747,-5.3085,0.));
#4984 = VECTOR('',#4985,1.);
#4985 = DIRECTION('',(-1.,-3.216245299353E-16,0.));
#4986 = ORIENTED_EDGE('',*,*,#4917,.F.);
#4987 = PLANE('',#4988);
#4988 = AXIS2_PLACEMENT_3D('',#4989,#4990,#4991);
#4989 = CARTESIAN_POINT('',(7.747,-5.842,0.));
#4990 = DIRECTION('',(-0.,0.,-1.));
#4991 = DIRECTION('',(-3.216245299353E-16,1.,0.));
#4992 = ADVANCED_FACE('',(#4993),#5006,.T.);
#4993 = FACE_BOUND('',#4994,.T.);
#4994 = EDGE_LOOP('',(#4995,#4996,#4997,#4998,#5004,#5005));
#4995 = ORIENTED_EDGE('',*,*,#3804,.F.);
#4996 = ORIENTED_EDGE('',*,*,#2385,.F.);
#4997 = ORIENTED_EDGE('',*,*,#2409,.F.);
#4998 = ORIENTED_EDGE('',*,*,#4999,.F.);
#4999 = EDGE_CURVE('',#2468,#2410,#5000,.T.);
#5000 = LINE('',#5001,#5002);
#5001 = CARTESIAN_POINT('',(7.366,-6.858,2.157));
#5002 = VECTOR('',#5003,1.);
#5003 = DIRECTION('',(3.216245299353E-16,-1.,0.));
#5004 = ORIENTED_EDGE('',*,*,#2467,.F.);
#5005 = ORIENTED_EDGE('',*,*,#2523,.F.);
#5006 = PLANE('',#5007);
#5007 = AXIS2_PLACEMENT_3D('',#5008,#5009,#5010);
#5008 = CARTESIAN_POINT('',(3.683,-8.382,2.157));
#5009 = DIRECTION('',(0.,0.,1.));
#5010 = DIRECTION('',(-4.440892098501E-16,1.,0.));
#5011 = ADVANCED_FACE('',(#5012),#5071,.T.);
#5012 = FACE_BOUND('',#5013,.T.);
#5013 = EDGE_LOOP('',(#5014,#5015,#5016,#5017,#5025,#5033,#5041,#5049,
    #5057,#5065));
#5014 = ORIENTED_EDGE('',*,*,#2442,.F.);
#5015 = ORIENTED_EDGE('',*,*,#2554,.T.);
#5016 = ORIENTED_EDGE('',*,*,#2500,.F.);
#5017 = ORIENTED_EDGE('',*,*,#5018,.F.);
#5018 = EDGE_CURVE('',#5019,#2493,#5021,.T.);
#5019 = VERTEX_POINT('',#5020);
#5020 = CARTESIAN_POINT('',(7.493,-7.3915,0.));
#5021 = LINE('',#5022,#5023);
#5022 = CARTESIAN_POINT('',(7.493,-7.3915,0.));
#5023 = VECTOR('',#5024,1.);
#5024 = DIRECTION('',(-3.216245299353E-16,1.,0.));
#5025 = ORIENTED_EDGE('',*,*,#5026,.F.);
#5026 = EDGE_CURVE('',#5027,#5019,#5029,.T.);
#5027 = VERTEX_POINT('',#5028);
#5028 = CARTESIAN_POINT('',(7.493,-7.3915,-2.843));
#5029 = LINE('',#5030,#5031);
#5030 = CARTESIAN_POINT('',(7.493,-7.3915,-2.843));
#5031 = VECTOR('',#5032,1.);
#5032 = DIRECTION('',(-1.004783562205E-31,3.124088708055E-16,1.));
#5033 = ORIENTED_EDGE('',*,*,#5034,.F.);
#5034 = EDGE_CURVE('',#5035,#5027,#5037,.T.);
#5035 = VERTEX_POINT('',#5036);
#5036 = CARTESIAN_POINT('',(7.493,-7.50575,-3.3));
#5037 = LINE('',#5038,#5039);
#5038 = CARTESIAN_POINT('',(7.493,-7.50575,-3.3));
#5039 = VECTOR('',#5040,1.);
#5040 = DIRECTION('',(-7.800540639491E-17,0.242535625036,0.970142500145)
  );
#5041 = ORIENTED_EDGE('',*,*,#5042,.F.);
#5042 = EDGE_CURVE('',#5043,#5035,#5045,.T.);
#5043 = VERTEX_POINT('',#5044);
#5044 = CARTESIAN_POINT('',(7.493,-7.73425,-3.3));
#5045 = LINE('',#5046,#5047);
#5046 = CARTESIAN_POINT('',(7.493,-7.73425,-3.3));
#5047 = VECTOR('',#5048,1.);
#5048 = DIRECTION('',(-3.216245299353E-16,1.,0.));
#5049 = ORIENTED_EDGE('',*,*,#5050,.F.);
#5050 = EDGE_CURVE('',#5051,#5043,#5053,.T.);
#5051 = VERTEX_POINT('',#5052);
#5052 = CARTESIAN_POINT('',(7.493,-7.8485,-2.843));
#5053 = LINE('',#5054,#5055);
#5054 = CARTESIAN_POINT('',(7.493,-7.8485,-2.843));
#5055 = VECTOR('',#5056,1.);
#5056 = DIRECTION('',(-7.800540639491E-17,0.242535625036,-0.970142500145
    ));
#5057 = ORIENTED_EDGE('',*,*,#5058,.F.);
#5058 = EDGE_CURVE('',#5059,#5051,#5061,.T.);
#5059 = VERTEX_POINT('',#5060);
#5060 = CARTESIAN_POINT('',(7.493,-7.8485,0.));
#5061 = LINE('',#5062,#5063);
#5062 = CARTESIAN_POINT('',(7.493,-7.8485,0.));
#5063 = VECTOR('',#5064,1.);
#5064 = DIRECTION('',(-1.004783562205E-31,3.124088708055E-16,-1.));
#5065 = ORIENTED_EDGE('',*,*,#5066,.F.);
#5066 = EDGE_CURVE('',#2435,#5059,#5067,.T.);
#5067 = LINE('',#5068,#5069);
#5068 = CARTESIAN_POINT('',(7.493,-8.382,0.));
#5069 = VECTOR('',#5070,1.);
#5070 = DIRECTION('',(-3.216245299353E-16,1.,0.));
#5071 = PLANE('',#5072);
#5072 = AXIS2_PLACEMENT_3D('',#5073,#5074,#5075);
#5073 = CARTESIAN_POINT('',(7.493,-8.382,2.157));
#5074 = DIRECTION('',(-1.,-3.216245299353E-16,0.));
#5075 = DIRECTION('',(0.,-0.,-1.));
#5076 = ADVANCED_FACE('',(#5077),#5095,.T.);
#5077 = FACE_BOUND('',#5078,.T.);
#5078 = EDGE_LOOP('',(#5079,#5080,#5081,#5089));
#5079 = ORIENTED_EDGE('',*,*,#2434,.T.);
#5080 = ORIENTED_EDGE('',*,*,#5066,.T.);
#5081 = ORIENTED_EDGE('',*,*,#5082,.F.);
#5082 = EDGE_CURVE('',#5083,#5059,#5085,.T.);
#5083 = VERTEX_POINT('',#5084);
#5084 = CARTESIAN_POINT('',(7.747,-7.8485,0.));
#5085 = LINE('',#5086,#5087);
#5086 = CARTESIAN_POINT('',(7.747,-7.8485,0.));
#5087 = VECTOR('',#5088,1.);
#5088 = DIRECTION('',(-1.,-3.216245299353E-16,0.));
#5089 = ORIENTED_EDGE('',*,*,#5090,.F.);
#5090 = EDGE_CURVE('',#2427,#5083,#5091,.T.);
#5091 = LINE('',#5092,#5093);
#5092 = CARTESIAN_POINT('',(7.747,-8.382,0.));
#5093 = VECTOR('',#5094,1.);
#5094 = DIRECTION('',(-3.216245299353E-16,1.,0.));
#5095 = PLANE('',#5096);
#5096 = AXIS2_PLACEMENT_3D('',#5097,#5098,#5099);
#5097 = CARTESIAN_POINT('',(7.747,-8.382,0.));
#5098 = DIRECTION('',(-0.,0.,-1.));
#5099 = DIRECTION('',(-3.216245299353E-16,1.,0.));
#5100 = ADVANCED_FACE('',(#5101),#5158,.F.);
#5101 = FACE_BOUND('',#5102,.F.);
#5102 = EDGE_LOOP('',(#5103,#5104,#5110,#5111,#5119,#5127,#5135,#5143,
    #5151,#5157));
#5103 = ORIENTED_EDGE('',*,*,#2426,.F.);
#5104 = ORIENTED_EDGE('',*,*,#5105,.F.);
#5105 = EDGE_CURVE('',#2476,#2418,#5106,.T.);
#5106 = LINE('',#5107,#5108);
#5107 = CARTESIAN_POINT('',(7.747,-6.858,1.776));
#5108 = VECTOR('',#5109,1.);
#5109 = DIRECTION('',(3.216245299353E-16,-1.,0.));
#5110 = ORIENTED_EDGE('',*,*,#2484,.F.);
#5111 = ORIENTED_EDGE('',*,*,#5112,.F.);
#5112 = EDGE_CURVE('',#5113,#2485,#5115,.T.);
#5113 = VERTEX_POINT('',#5114);
#5114 = CARTESIAN_POINT('',(7.747,-7.3915,0.));
#5115 = LINE('',#5116,#5117);
#5116 = CARTESIAN_POINT('',(7.747,-7.3915,0.));
#5117 = VECTOR('',#5118,1.);
#5118 = DIRECTION('',(-3.216245299353E-16,1.,0.));
#5119 = ORIENTED_EDGE('',*,*,#5120,.F.);
#5120 = EDGE_CURVE('',#5121,#5113,#5123,.T.);
#5121 = VERTEX_POINT('',#5122);
#5122 = CARTESIAN_POINT('',(7.747,-7.3915,-2.843));
#5123 = LINE('',#5124,#5125);
#5124 = CARTESIAN_POINT('',(7.747,-7.3915,-2.843));
#5125 = VECTOR('',#5126,1.);
#5126 = DIRECTION('',(-1.004783562205E-31,3.124088708055E-16,1.));
#5127 = ORIENTED_EDGE('',*,*,#5128,.F.);
#5128 = EDGE_CURVE('',#5129,#5121,#5131,.T.);
#5129 = VERTEX_POINT('',#5130);
#5130 = CARTESIAN_POINT('',(7.747,-7.50575,-3.3));
#5131 = LINE('',#5132,#5133);
#5132 = CARTESIAN_POINT('',(7.747,-7.50575,-3.3));
#5133 = VECTOR('',#5134,1.);
#5134 = DIRECTION('',(-7.800540639491E-17,0.242535625036,0.970142500145)
  );
#5135 = ORIENTED_EDGE('',*,*,#5136,.F.);
#5136 = EDGE_CURVE('',#5137,#5129,#5139,.T.);
#5137 = VERTEX_POINT('',#5138);
#5138 = CARTESIAN_POINT('',(7.747,-7.73425,-3.3));
#5139 = LINE('',#5140,#5141);
#5140 = CARTESIAN_POINT('',(7.747,-7.73425,-3.3));
#5141 = VECTOR('',#5142,1.);
#5142 = DIRECTION('',(-3.216245299353E-16,1.,0.));
#5143 = ORIENTED_EDGE('',*,*,#5144,.F.);
#5144 = EDGE_CURVE('',#5145,#5137,#5147,.T.);
#5145 = VERTEX_POINT('',#5146);
#5146 = CARTESIAN_POINT('',(7.747,-7.8485,-2.843));
#5147 = LINE('',#5148,#5149);
#5148 = CARTESIAN_POINT('',(7.747,-7.8485,-2.843));
#5149 = VECTOR('',#5150,1.);
#5150 = DIRECTION('',(-7.800540639491E-17,0.242535625036,-0.970142500145
    ));
#5151 = ORIENTED_EDGE('',*,*,#5152,.F.);
#5152 = EDGE_CURVE('',#5083,#5145,#5153,.T.);
#5153 = LINE('',#5154,#5155);
#5154 = CARTESIAN_POINT('',(7.747,-7.8485,0.));
#5155 = VECTOR('',#5156,1.);
#5156 = DIRECTION('',(-1.004783562205E-31,3.124088708055E-16,-1.));
#5157 = ORIENTED_EDGE('',*,*,#5090,.F.);
#5158 = PLANE('',#5159);
#5159 = AXIS2_PLACEMENT_3D('',#5160,#5161,#5162);
#5160 = CARTESIAN_POINT('',(7.747,-8.382,2.157));
#5161 = DIRECTION('',(-1.,-3.216245299353E-16,0.));
#5162 = DIRECTION('',(0.,-0.,-1.));
#5163 = ADVANCED_FACE('',(#5164),#5170,.T.);
#5164 = FACE_BOUND('',#5165,.T.);
#5165 = EDGE_LOOP('',(#5166,#5167,#5168,#5169));
#5166 = ORIENTED_EDGE('',*,*,#4999,.T.);
#5167 = ORIENTED_EDGE('',*,*,#2417,.T.);
#5168 = ORIENTED_EDGE('',*,*,#5105,.F.);
#5169 = ORIENTED_EDGE('',*,*,#2475,.F.);
#5170 = CYLINDRICAL_SURFACE('',#5171,0.381);
#5171 = AXIS2_PLACEMENT_3D('',#5172,#5173,#5174);
#5172 = CARTESIAN_POINT('',(7.366,-6.858,1.776));
#5173 = DIRECTION('',(3.216245299353E-16,-1.,0.));
#5174 = DIRECTION('',(0.,0.,1.));
#5175 = ADVANCED_FACE('',(#5176),#5187,.T.);
#5176 = FACE_BOUND('',#5177,.T.);
#5177 = EDGE_LOOP('',(#5178,#5184,#5185,#5186));
#5178 = ORIENTED_EDGE('',*,*,#5179,.T.);
#5179 = EDGE_CURVE('',#5113,#5019,#5180,.T.);
#5180 = LINE('',#5181,#5182);
#5181 = CARTESIAN_POINT('',(7.747,-7.3915,0.));
#5182 = VECTOR('',#5183,1.);
#5183 = DIRECTION('',(-1.,-3.216245299353E-16,0.));
#5184 = ORIENTED_EDGE('',*,*,#5018,.T.);
#5185 = ORIENTED_EDGE('',*,*,#2492,.F.);
#5186 = ORIENTED_EDGE('',*,*,#5112,.F.);
#5187 = PLANE('',#5188);
#5188 = AXIS2_PLACEMENT_3D('',#5189,#5190,#5191);
#5189 = CARTESIAN_POINT('',(7.747,-7.3915,0.));
#5190 = DIRECTION('',(-0.,0.,-1.));
#5191 = DIRECTION('',(-3.216245299353E-16,1.,0.));
#5192 = ADVANCED_FACE('',(#5193),#5536,.T.);
#5193 = FACE_BOUND('',#5194,.T.);
#5194 = EDGE_LOOP('',(#5195,#5196,#5197,#5204,#5212,#5318,#5424,#5530));
#5195 = ORIENTED_EDGE('',*,*,#3832,.F.);
#5196 = ORIENTED_EDGE('',*,*,#2579,.T.);
#5197 = ORIENTED_EDGE('',*,*,#5198,.T.);
#5198 = EDGE_CURVE('',#2573,#5199,#5201,.T.);
#5199 = VERTEX_POINT('',#5200);
#5200 = CARTESIAN_POINT('',(1.033723643423,1.506276356577,3.68));
#5201 = B_SPLINE_CURVE_WITH_KNOTS('',1,(#5202,#5203),.UNSPECIFIED.,.F.,
  .F.,(2,2),(0.,1.),.PIECEWISE_BEZIER_KNOTS.);
#5202 = CARTESIAN_POINT('',(0.71,1.83,2.157));
#5203 = CARTESIAN_POINT('',(1.033723643423,1.506276356577,3.68));
#5204 = ORIENTED_EDGE('',*,*,#5205,.F.);
#5205 = EDGE_CURVE('',#5206,#5199,#5208,.T.);
#5206 = VERTEX_POINT('',#5207);
#5207 = CARTESIAN_POINT('',(3.06375942217,1.506276356577,3.68));
#5208 = LINE('',#5209,#5210);
#5209 = CARTESIAN_POINT('',(6.586276356577,1.506276356577,3.68));
#5210 = VECTOR('',#5211,1.);
#5211 = DIRECTION('',(-1.,-4.440892098501E-16,0.));
#5212 = ORIENTED_EDGE('',*,*,#5213,.F.);
#5213 = EDGE_CURVE('',#5214,#5206,#5216,.T.);
#5214 = VERTEX_POINT('',#5215);
#5215 = CARTESIAN_POINT('',(3.060652504409,1.612554637412,3.18));
#5216 = B_SPLINE_CURVE_WITH_KNOTS('',4,(#5217,#5218,#5219,#5220,#5221,
    #5222,#5223,#5224,#5225,#5226,#5227,#5228,#5229,#5230,#5231,#5232,
    #5233,#5234,#5235,#5236,#5237,#5238,#5239,#5240,#5241,#5242,#5243,
    #5244,#5245,#5246,#5247,#5248,#5249,#5250,#5251,#5252,#5253,#5254,
    #5255,#5256,#5257,#5258,#5259,#5260,#5261,#5262,#5263,#5264,#5265,
    #5266,#5267,#5268,#5269,#5270,#5271,#5272,#5273,#5274,#5275,#5276,
    #5277,#5278,#5279,#5280,#5281,#5282,#5283,#5284,#5285,#5286,#5287,
    #5288,#5289,#5290,#5291,#5292,#5293,#5294,#5295,#5296,#5297,#5298,
    #5299,#5300,#5301,#5302,#5303,#5304,#5305,#5306,#5307,#5308,#5309,
    #5310,#5311,#5312,#5313,#5314,#5315,#5316,#5317),.UNSPECIFIED.,.F.,
  .F.,(5,3,3,3,3,3,3,3,3,3,3,3,3,3,3,3,3,3,3,3,3,3,3,3,3,3,3,3,3,3,3,3,3
    ,5),(0.,3.832661857544E-02,7.588616027405E-02,0.112697851853,
    0.148780767068,0.184153940431,0.218836486671,0.252847727222,
    0.286207325059,0.318935429062,0.351052828922,0.382581121221,
    0.413542886787,0.443961878574,0.47386321812,0.503273596996,
    0.532221477517,0.560737284348,0.588853575632,0.616605179129,
    0.644029276191,0.671165414825,0.698055433749,0.723856466375,
    0.750392376563,0.776817491054,0.80317991565,0.829528157021,
    0.855910545381,0.882374672274,0.908966882881,0.935731854039,
    0.962712277262,1.),.UNSPECIFIED.);
#5217 = CARTESIAN_POINT('',(3.102443253723,1.83,2.157));
#5218 = CARTESIAN_POINT('',(3.10159836505,1.827596502417,2.168307567096)
  );
#5219 = CARTESIAN_POINT('',(3.100760043871,1.825176893235,2.179690933308
    ));
#5220 = CARTESIAN_POINT('',(3.099928470497,1.822740885558,2.191151448372
    ));
#5221 = CARTESIAN_POINT('',(3.098295716868,1.817884563992,2.213998645033
    ));
#5222 = CARTESIAN_POINT('',(3.097494261506,1.815464911842,2.225382213394
    ));
#5223 = CARTESIAN_POINT('',(3.096699660478,1.813028942322,2.236842548942
    ));
#5224 = CARTESIAN_POINT('',(3.095140251405,1.808172618361,2.259689756871
    ));
#5225 = CARTESIAN_POINT('',(3.094375165256,1.805752918822,2.271073548177
    ));
#5226 = CARTESIAN_POINT('',(3.093617046982,1.80331699024,2.282533691129)
  );
#5227 = CARTESIAN_POINT('',(3.092130026932,1.798460661398,2.305380922018
    ));
#5228 = CARTESIAN_POINT('',(3.091400843964,1.796040908555,2.316764964101
    ));
#5229 = CARTESIAN_POINT('',(3.090678749632,1.79360502492,2.328224895597)
  );
#5230 = CARTESIAN_POINT('',(3.089263222812,1.788748688464,2.351072162308
    ));
#5231 = CARTESIAN_POINT('',(3.088569506013,1.786328874704,2.362456490983
    ));
#5232 = CARTESIAN_POINT('',(3.087883006017,1.783893041415,2.373916185615
    ));
#5233 = CARTESIAN_POINT('',(3.08653813337,1.779036694321,2.396763502377)
  );
#5234 = CARTESIAN_POINT('',(3.085879473324,1.776616810106,2.408148162516
    ));
#5235 = CARTESIAN_POINT('',(3.085228165819,1.774181034144,2.419607587444
    ));
#5236 = CARTESIAN_POINT('',(3.083953162281,1.769324673051,2.442454970066
    ));
#5237 = CARTESIAN_POINT('',(3.08332917589,1.766904706661,2.453840016811)
  );
#5238 = CARTESIAN_POINT('',(3.08271268547,1.764468996804,2.465299130741)
  );
#5239 = CARTESIAN_POINT('',(3.081506817467,1.75961261797,2.488146596824)
  );
#5240 = CARTESIAN_POINT('',(3.080917146787,1.757192555215,2.499532096932
    ));
#5241 = CARTESIAN_POINT('',(3.080335123266,1.754756922283,2.510990848958
    ));
#5242 = CARTESIAN_POINT('',(3.079197706436,1.749900521543,2.533838418102
    ));
#5243 = CARTESIAN_POINT('',(3.078642017638,1.747480345451,2.545224451414
    ));
#5244 = CARTESIAN_POINT('',(3.078094134929,1.745044802583,2.556682779723
    ));
#5245 = CARTESIAN_POINT('',(3.07702453204,1.74018837531,2.579530473698)
  );
#5246 = CARTESIAN_POINT('',(3.07650251448,1.737768065798,2.590917134701)
  );
#5247 = CARTESIAN_POINT('',(3.075988469554,1.735332628757,2.602374965137
    ));
#5248 = CARTESIAN_POINT('',(3.074986088616,1.730476169835,2.625222808007
    ));
#5249 = CARTESIAN_POINT('',(3.074497454016,1.728055703366,2.636610207432
    ));
#5250 = CARTESIAN_POINT('',(3.074016965933,1.725620390865,2.64806745195)
  );
#5251 = CARTESIAN_POINT('',(3.073081258485,1.720763894688,2.670915470094
    ));
#5252 = CARTESIAN_POINT('',(3.072625740214,1.718343243943,2.682303736473
    ));
#5253 = CARTESIAN_POINT('',(3.072178549227,1.715908077994,2.693760291517
    ));
#5254 = CARTESIAN_POINT('',(3.071309008778,1.711051538489,2.716608513501
    ));
#5255 = CARTESIAN_POINT('',(3.070886361242,1.708630672067,2.727997794563
    ));
#5256 = CARTESIAN_POINT('',(3.070472227939,1.706195678326,2.739453539431
    ));
#5257 = CARTESIAN_POINT('',(3.069668388574,1.701339089031,2.762301995656
    ));
#5258 = CARTESIAN_POINT('',(3.069278386703,1.698917971229,2.773692459367
    ));
#5259 = CARTESIAN_POINT('',(3.068897091202,1.696483179322,2.785147254684
    ));
#5260 = CARTESIAN_POINT('',(3.068158526316,1.691626533526,2.807995976726
    ));
#5261 = CARTESIAN_POINT('',(3.067800965147,1.689205124242,2.81938781175)
  );
#5262 = CARTESIAN_POINT('',(3.067452306324,1.686770568034,2.83084149819)
  );
#5263 = CARTESIAN_POINT('',(3.066778627491,1.681913859003,2.85369051773)
  );
#5264 = CARTESIAN_POINT('',(3.066453321841,1.679492113826,2.865083933008
    ));
#5265 = CARTESIAN_POINT('',(3.066137116583,1.677057831594,2.876536330492
    ));
#5266 = CARTESIAN_POINT('',(3.065527972543,1.672201052906,2.899385677745
    ));
#5267 = CARTESIAN_POINT('',(3.065234756765,1.669778923466,2.910780900835
    ));
#5268 = CARTESIAN_POINT('',(3.064950839246,1.667344957907,2.922231808487
    ));
#5269 = CARTESIAN_POINT('',(3.064405914993,1.662488103904,2.945081510067
    ));
#5270 = CARTESIAN_POINT('',(3.064144642791,1.660065538575,2.956478783859
    ));
#5271 = CARTESIAN_POINT('',(3.063892863774,1.657631936579,2.967927981082
    ));
#5272 = CARTESIAN_POINT('',(3.063411879734,1.652775002947,2.99077805729)
  );
#5273 = CARTESIAN_POINT('',(3.063182424021,1.650351947956,3.002177634756
    ));
#5274 = CARTESIAN_POINT('',(3.062962650185,1.647918760056,3.01362488381)
  );
#5275 = CARTESIAN_POINT('',(3.062545361468,1.643061744495,3.036475345463
    ));
#5276 = CARTESIAN_POINT('',(3.062347614228,1.640638145511,3.047877482217
    ));
#5277 = CARTESIAN_POINT('',(3.062159727543,1.638205424932,3.059322532699
    ));
#5278 = CARTESIAN_POINT('',(3.061805923247,1.633348327874,3.082173377761
    ));
#5279 = CARTESIAN_POINT('',(3.06163979537,1.630924132049,3.093578322432)
  );
#5280 = CARTESIAN_POINT('',(3.061483692536,1.628491933287,3.105020917961
    ));
#5281 = CARTESIAN_POINT('',(3.061193195095,1.623634758563,3.127872128414
    ));
#5282 = CARTESIAN_POINT('',(3.061058616139,1.621209916965,3.139280111208
    ));
#5283 = CARTESIAN_POINT('',(3.060934208127,1.618778293878,3.150719998397
    ));
#5284 = CARTESIAN_POINT('',(3.060710635538,1.614001445917,3.173193301142
    ));
#5285 = CARTESIAN_POINT('',(3.060610652449,1.611656709793,3.184224417312
    ));
#5286 = CARTESIAN_POINT('',(3.060520286222,1.609306845248,3.195279660803
    ));
#5287 = CARTESIAN_POINT('',(3.060356690777,1.604531015986,3.217748170946
    ));
#5288 = CARTESIAN_POINT('',(3.060284022745,1.602104789354,3.229162669811
    ));
#5289 = CARTESIAN_POINT('',(3.060221741893,1.599674441603,3.240596557019
    ));
#5290 = CARTESIAN_POINT('',(3.060118326142,1.594817097121,3.26344856612)
  );
#5291 = CARTESIAN_POINT('',(3.060077103863,1.592390127828,3.274866558929
    ));
#5292 = CARTESIAN_POINT('',(3.060046335552,1.589960487816,3.286297116485
    ));
#5293 = CARTESIAN_POINT('',(3.060005839486,1.585103118425,3.309149242777
    ));
#5294 = CARTESIAN_POINT('',(3.059996061896,1.582675397106,3.320570773588
    ));
#5295 = CARTESIAN_POINT('',(3.059996772537,1.580246491538,3.331997875857
    ));
#5296 = CARTESIAN_POINT('',(3.060019176318,1.57538911742,3.354850024389)
  );
#5297 = CARTESIAN_POINT('',(3.060040858167,1.572960648212,3.366275073744
    ));
#5298 = CARTESIAN_POINT('',(3.060073028876,1.570532491387,3.37769865345)
  );
#5299 = CARTESIAN_POINT('',(3.060158343526,1.565675133035,3.400550727806
    ));
#5300 = CARTESIAN_POINT('',(3.060211514682,1.563245933163,3.411979214666
    ));
#5301 = CARTESIAN_POINT('',(3.060275141935,1.560818526053,3.423399267246
    ));
#5302 = CARTESIAN_POINT('',(3.060423409398,1.555961202735,3.446251176778
    ));
#5303 = CARTESIAN_POINT('',(3.060508114269,1.553531301133,3.457682965016
    ));
#5304 = CARTESIAN_POINT('',(3.06060321063,1.551104631472,3.469099548169)
  );
#5305 = CARTESIAN_POINT('',(3.060814503999,1.546247359896,3.491951214278
    ));
#5306 = CARTESIAN_POINT('',(3.060930801132,1.543816795086,3.503386122664
    ));
#5307 = CARTESIAN_POINT('',(3.061057395988,1.541390838462,3.514799351241
    ));
#5308 = CARTESIAN_POINT('',(3.061331819874,1.536533631832,3.537650711804
    ));
#5309 = CARTESIAN_POINT('',(3.06147978178,1.534102449372,3.549088526007)
  );
#5310 = CARTESIAN_POINT('',(3.061637921998,1.531677171116,3.560498563111
    ));
#5311 = CARTESIAN_POINT('',(3.061975613012,1.526820038677,3.583349574633
    ));
#5312 = CARTESIAN_POINT('',(3.062155326198,1.524388288514,3.594790059667
    ));
#5313 = CARTESIAN_POINT('',(3.062345076673,1.521963646102,3.606197105365
    ));
#5314 = CARTESIAN_POINT('',(3.062820569592,1.516206135645,3.633284062415
    ));
#5315 = CARTESIAN_POINT('',(3.063115291368,1.512880166482,3.64893151708)
  );
#5316 = CARTESIAN_POINT('',(3.063428406313,1.50956992391,3.664504983956)
  );
#5317 = CARTESIAN_POINT('',(3.06375942217,1.506276356577,3.68));
#5318 = ORIENTED_EDGE('',*,*,#5319,.T.);
#5319 = EDGE_CURVE('',#5214,#5320,#5322,.T.);
#5320 = VERTEX_POINT('',#5321);
#5321 = CARTESIAN_POINT('',(4.559347495591,1.612554637412,3.18));
#5322 = B_SPLINE_CURVE_WITH_KNOTS('',4,(#5323,#5324,#5325,#5326,#5327,
    #5328,#5329,#5330,#5331,#5332,#5333,#5334,#5335,#5336,#5337,#5338,
    #5339,#5340,#5341,#5342,#5343,#5344,#5345,#5346,#5347,#5348,#5349,
    #5350,#5351,#5352,#5353,#5354,#5355,#5356,#5357,#5358,#5359,#5360,
    #5361,#5362,#5363,#5364,#5365,#5366,#5367,#5368,#5369,#5370,#5371,
    #5372,#5373,#5374,#5375,#5376,#5377,#5378,#5379,#5380,#5381,#5382,
    #5383,#5384,#5385,#5386,#5387,#5388,#5389,#5390,#5391,#5392,#5393,
    #5394,#5395,#5396,#5397,#5398,#5399,#5400,#5401,#5402,#5403,#5404,
    #5405,#5406,#5407,#5408,#5409,#5410,#5411,#5412,#5413,#5414,#5415,
    #5416,#5417,#5418,#5419,#5420,#5421,#5422,#5423),.UNSPECIFIED.,.F.,
  .F.,(5,3,3,3,3,3,3,3,3,3,3,3,3,3,3,3,3,3,3,3,3,3,3,3,3,3,3,3,3,3,3,3,3
    ,5),(0.,3.000000000005E-02,6.000000000007E-02,9.000000000007E-02,
    0.12,0.15,0.18,0.21,0.24,0.27,0.3,0.33,0.36,0.389,0.419,0.449,0.479,
    0.509,0.539,0.569,0.599,0.629,0.658,0.688,0.718,0.748,0.778,0.808,
    0.838,0.868,0.898,0.928,0.958,1.),.UNSPECIFIED.);
#5323 = CARTESIAN_POINT('',(0.927445362588,1.612554637412,3.18));
#5324 = CARTESIAN_POINT('',(0.97068368215,1.612554637412,3.18));
#5325 = CARTESIAN_POINT('',(1.013922001711,1.612554637412,3.18));
#5326 = CARTESIAN_POINT('',(1.057160321272,1.612554637412,3.18));
#5327 = CARTESIAN_POINT('',(1.143636960394,1.612554637412,3.18));
#5328 = CARTESIAN_POINT('',(1.186875279956,1.612554637412,3.18));
#5329 = CARTESIAN_POINT('',(1.230113599517,1.612554637412,3.18));
#5330 = CARTESIAN_POINT('',(1.316590238639,1.612554637412,3.18));
#5331 = CARTESIAN_POINT('',(1.3598285582,1.612554637412,3.18));
#5332 = CARTESIAN_POINT('',(1.403066877761,1.612554637412,3.18));
#5333 = CARTESIAN_POINT('',(1.489543516884,1.612554637412,3.18));
#5334 = CARTESIAN_POINT('',(1.532781836445,1.612554637412,3.18));
#5335 = CARTESIAN_POINT('',(1.576020156006,1.612554637412,3.18));
#5336 = CARTESIAN_POINT('',(1.662496795128,1.612554637412,3.18));
#5337 = CARTESIAN_POINT('',(1.70573511469,1.612554637412,3.18));
#5338 = CARTESIAN_POINT('',(1.748973434251,1.612554637412,3.18));
#5339 = CARTESIAN_POINT('',(1.835450073373,1.612554637412,3.18));
#5340 = CARTESIAN_POINT('',(1.878688392934,1.612554637412,3.18));
#5341 = CARTESIAN_POINT('',(1.921926712495,1.612554637412,3.18));
#5342 = CARTESIAN_POINT('',(2.008403351618,1.612554637412,3.18));
#5343 = CARTESIAN_POINT('',(2.051641671179,1.612554637412,3.18));
#5344 = CARTESIAN_POINT('',(2.09487999074,1.612554637412,3.18));
#5345 = CARTESIAN_POINT('',(2.181356629862,1.612554637412,3.18));
#5346 = CARTESIAN_POINT('',(2.224594949424,1.612554637412,3.18));
#5347 = CARTESIAN_POINT('',(2.267833268985,1.612554637412,3.18));
#5348 = CARTESIAN_POINT('',(2.354309908107,1.612554637412,3.18));
#5349 = CARTESIAN_POINT('',(2.397548227668,1.612554637412,3.18));
#5350 = CARTESIAN_POINT('',(2.440786547229,1.612554637412,3.18));
#5351 = CARTESIAN_POINT('',(2.527263186352,1.612554637412,3.18));
#5352 = CARTESIAN_POINT('',(2.570501505913,1.612554637412,3.18));
#5353 = CARTESIAN_POINT('',(2.613739825474,1.612554637412,3.18));
#5354 = CARTESIAN_POINT('',(2.700216464596,1.612554637412,3.18));
#5355 = CARTESIAN_POINT('',(2.743454784158,1.612554637412,3.18));
#5356 = CARTESIAN_POINT('',(2.786693103719,1.612554637412,3.18));
#5357 = CARTESIAN_POINT('',(2.873169742841,1.612554637412,3.18));
#5358 = CARTESIAN_POINT('',(2.916408062402,1.612554637412,3.18));
#5359 = CARTESIAN_POINT('',(2.959646381964,1.612554637412,3.18));
#5360 = CARTESIAN_POINT('',(3.044681743767,1.612554637412,3.18));
#5361 = CARTESIAN_POINT('',(3.08647878601,1.612554637412,3.18));
#5362 = CARTESIAN_POINT('',(3.128275828252,1.612554637412,3.18));
#5363 = CARTESIAN_POINT('',(3.213311190056,1.612554637412,3.18));
#5364 = CARTESIAN_POINT('',(3.256549509617,1.612554637412,3.18));
#5365 = CARTESIAN_POINT('',(3.299787829178,1.612554637412,3.18));
#5366 = CARTESIAN_POINT('',(3.3862644683,1.612554637412,3.18));
#5367 = CARTESIAN_POINT('',(3.429502787862,1.612554637412,3.18));
#5368 = CARTESIAN_POINT('',(3.472741107423,1.612554637412,3.18));
#5369 = CARTESIAN_POINT('',(3.559217746545,1.612554637412,3.18));
#5370 = CARTESIAN_POINT('',(3.602456066106,1.612554637412,3.18));
#5371 = CARTESIAN_POINT('',(3.645694385667,1.612554637412,3.18));
#5372 = CARTESIAN_POINT('',(3.73217102479,1.612554637412,3.18));
#5373 = CARTESIAN_POINT('',(3.775409344351,1.612554637412,3.18));
#5374 = CARTESIAN_POINT('',(3.818647663912,1.612554637412,3.18));
#5375 = CARTESIAN_POINT('',(3.905124303035,1.612554637412,3.18));
#5376 = CARTESIAN_POINT('',(3.948362622596,1.612554637412,3.18));
#5377 = CARTESIAN_POINT('',(3.991600942157,1.612554637412,3.18));
#5378 = CARTESIAN_POINT('',(4.078077581279,1.612554637412,3.18));
#5379 = CARTESIAN_POINT('',(4.12131590084,1.612554637412,3.18));
#5380 = CARTESIAN_POINT('',(4.164554220402,1.612554637412,3.18));
#5381 = CARTESIAN_POINT('',(4.251030859524,1.612554637412,3.18));
#5382 = CARTESIAN_POINT('',(4.294269179085,1.612554637412,3.18));
#5383 = CARTESIAN_POINT('',(4.337507498646,1.612554637412,3.18));
#5384 = CARTESIAN_POINT('',(4.423984137769,1.612554637412,3.18));
#5385 = CARTESIAN_POINT('',(4.46722245733,1.612554637412,3.18));
#5386 = CARTESIAN_POINT('',(4.510460776891,1.612554637412,3.18));
#5387 = CARTESIAN_POINT('',(4.595496138695,1.612554637412,3.18));
#5388 = CARTESIAN_POINT('',(4.637293180937,1.612554637412,3.18));
#5389 = CARTESIAN_POINT('',(4.67909022318,1.612554637412,3.18));
#5390 = CARTESIAN_POINT('',(4.764125584983,1.612554637412,3.18));
#5391 = CARTESIAN_POINT('',(4.807363904544,1.612554637412,3.18));
#5392 = CARTESIAN_POINT('',(4.850602224106,1.612554637412,3.18));
#5393 = CARTESIAN_POINT('',(4.937078863228,1.612554637412,3.18));
#5394 = CARTESIAN_POINT('',(4.980317182789,1.612554637412,3.18));
#5395 = CARTESIAN_POINT('',(5.02355550235,1.612554637412,3.18));
#5396 = CARTESIAN_POINT('',(5.110032141473,1.612554637412,3.18));
#5397 = CARTESIAN_POINT('',(5.153270461034,1.612554637412,3.18));
#5398 = CARTESIAN_POINT('',(5.196508780595,1.612554637412,3.18));
#5399 = CARTESIAN_POINT('',(5.282985419717,1.612554637412,3.18));
#5400 = CARTESIAN_POINT('',(5.326223739278,1.612554637412,3.18));
#5401 = CARTESIAN_POINT('',(5.36946205884,1.612554637412,3.18));
#5402 = CARTESIAN_POINT('',(5.455938697962,1.612554637412,3.18));
#5403 = CARTESIAN_POINT('',(5.499177017523,1.612554637412,3.18));
#5404 = CARTESIAN_POINT('',(5.542415337084,1.612554637412,3.18));
#5405 = CARTESIAN_POINT('',(5.628891976207,1.612554637412,3.18));
#5406 = CARTESIAN_POINT('',(5.672130295768,1.612554637412,3.18));
#5407 = CARTESIAN_POINT('',(5.715368615329,1.612554637412,3.18));
#5408 = CARTESIAN_POINT('',(5.801845254451,1.612554637412,3.18));
#5409 = CARTESIAN_POINT('',(5.845083574013,1.612554637412,3.18));
#5410 = CARTESIAN_POINT('',(5.888321893574,1.612554637412,3.18));
#5411 = CARTESIAN_POINT('',(5.974798532696,1.612554637412,3.18));
#5412 = CARTESIAN_POINT('',(6.018036852257,1.612554637412,3.18));
#5413 = CARTESIAN_POINT('',(6.061275171818,1.612554637412,3.18));
#5414 = CARTESIAN_POINT('',(6.147751810941,1.612554637412,3.18));
#5415 = CARTESIAN_POINT('',(6.190990130502,1.612554637412,3.18));
#5416 = CARTESIAN_POINT('',(6.234228450063,1.612554637412,3.18));
#5417 = CARTESIAN_POINT('',(6.320705089185,1.612554637412,3.18));
#5418 = CARTESIAN_POINT('',(6.363943408747,1.612554637412,3.18));
#5419 = CARTESIAN_POINT('',(6.407181728308,1.612554637412,3.18));
#5420 = CARTESIAN_POINT('',(6.510953695255,1.612554637412,3.18));
#5421 = CARTESIAN_POINT('',(6.57148734264,1.612554637412,3.18));
#5422 = CARTESIAN_POINT('',(6.632020990026,1.612554637412,3.18));
#5423 = CARTESIAN_POINT('',(6.692554637412,1.612554637412,3.18));
#5424 = ORIENTED_EDGE('',*,*,#5425,.T.);
#5425 = EDGE_CURVE('',#5320,#5426,#5428,.T.);
#5426 = VERTEX_POINT('',#5427);
#5427 = CARTESIAN_POINT('',(4.55624057783,1.506276356577,3.68));
#5428 = B_SPLINE_CURVE_WITH_KNOTS('',4,(#5429,#5430,#5431,#5432,#5433,
    #5434,#5435,#5436,#5437,#5438,#5439,#5440,#5441,#5442,#5443,#5444,
    #5445,#5446,#5447,#5448,#5449,#5450,#5451,#5452,#5453,#5454,#5455,
    #5456,#5457,#5458,#5459,#5460,#5461,#5462,#5463,#5464,#5465,#5466,
    #5467,#5468,#5469,#5470,#5471,#5472,#5473,#5474,#5475,#5476,#5477,
    #5478,#5479,#5480,#5481,#5482,#5483,#5484,#5485,#5486,#5487,#5488,
    #5489,#5490,#5491,#5492,#5493,#5494,#5495,#5496,#5497,#5498,#5499,
    #5500,#5501,#5502,#5503,#5504,#5505,#5506,#5507,#5508,#5509,#5510,
    #5511,#5512,#5513,#5514,#5515,#5516,#5517,#5518,#5519,#5520,#5521,
    #5522,#5523,#5524,#5525,#5526,#5527,#5528,#5529),.UNSPECIFIED.,.F.,
  .F.,(5,3,3,3,3,3,3,3,3,3,3,3,3,3,3,3,3,3,3,3,3,3,3,3,3,3,3,3,3,3,3,3,3
    ,5),(0.,3.832661857539E-02,7.588616027396E-02,0.112697851853,
    0.148780767068,0.184153940431,0.218836486671,0.252847727222,
    0.286207325058,0.318935429061,0.351052828922,0.38258112122,
    0.413542886786,0.443961878573,0.473863218119,0.503273596996,
    0.532221477517,0.560737284348,0.588853575631,0.616605179129,
    0.64402927619,0.671165414825,0.698055433749,0.723856466375,
    0.750392376563,0.776817491054,0.80317991565,0.829528157021,
    0.855910545381,0.882374672274,0.908966882881,0.935731854039,
    0.962712277261,1.),.UNSPECIFIED.);
#5429 = CARTESIAN_POINT('',(4.517556746277,1.83,2.157));
#5430 = CARTESIAN_POINT('',(4.51840163495,1.827596502417,2.168307567096)
  );
#5431 = CARTESIAN_POINT('',(4.519239956129,1.825176893235,2.179690933308
    ));
#5432 = CARTESIAN_POINT('',(4.520071529503,1.822740885558,2.191151448372
    ));
#5433 = CARTESIAN_POINT('',(4.521704283132,1.817884563992,2.213998645033
    ));
#5434 = CARTESIAN_POINT('',(4.522505738494,1.815464911842,2.225382213394
    ));
#5435 = CARTESIAN_POINT('',(4.523300339522,1.813028942322,2.236842548942
    ));
#5436 = CARTESIAN_POINT('',(4.524859748595,1.808172618361,2.259689756871
    ));
#5437 = CARTESIAN_POINT('',(4.525624834744,1.805752918822,2.271073548177
    ));
#5438 = CARTESIAN_POINT('',(4.526382953018,1.80331699024,2.282533691129)
  );
#5439 = CARTESIAN_POINT('',(4.527869973068,1.798460661398,2.305380922018
    ));
#5440 = CARTESIAN_POINT('',(4.528599156036,1.796040908555,2.316764964101
    ));
#5441 = CARTESIAN_POINT('',(4.529321250368,1.79360502492,2.328224895597)
  );
#5442 = CARTESIAN_POINT('',(4.530736777188,1.788748688464,2.351072162308
    ));
#5443 = CARTESIAN_POINT('',(4.531430493987,1.786328874704,2.362456490983
    ));
#5444 = CARTESIAN_POINT('',(4.532116993983,1.783893041415,2.373916185615
    ));
#5445 = CARTESIAN_POINT('',(4.53346186663,1.779036694321,2.396763502377)
  );
#5446 = CARTESIAN_POINT('',(4.534120526676,1.776616810106,2.408148162516
    ));
#5447 = CARTESIAN_POINT('',(4.534771834181,1.774181034144,2.419607587444
    ));
#5448 = CARTESIAN_POINT('',(4.536046837719,1.769324673051,2.442454970066
    ));
#5449 = CARTESIAN_POINT('',(4.53667082411,1.766904706661,2.453840016811)
  );
#5450 = CARTESIAN_POINT('',(4.53728731453,1.764468996804,2.465299130741)
  );
#5451 = CARTESIAN_POINT('',(4.538493182533,1.75961261797,2.488146596824)
  );
#5452 = CARTESIAN_POINT('',(4.539082853213,1.757192555215,2.499532096932
    ));
#5453 = CARTESIAN_POINT('',(4.539664876734,1.754756922283,2.510990848958
    ));
#5454 = CARTESIAN_POINT('',(4.540802293564,1.749900521543,2.533838418102
    ));
#5455 = CARTESIAN_POINT('',(4.541357982362,1.747480345451,2.545224451414
    ));
#5456 = CARTESIAN_POINT('',(4.541905865071,1.745044802583,2.556682779723
    ));
#5457 = CARTESIAN_POINT('',(4.54297546796,1.74018837531,2.579530473698)
  );
#5458 = CARTESIAN_POINT('',(4.54349748552,1.737768065798,2.590917134701)
  );
#5459 = CARTESIAN_POINT('',(4.544011530446,1.735332628757,2.602374965137
    ));
#5460 = CARTESIAN_POINT('',(4.545013911384,1.730476169835,2.625222808007
    ));
#5461 = CARTESIAN_POINT('',(4.545502545984,1.728055703366,2.636610207432
    ));
#5462 = CARTESIAN_POINT('',(4.545983034067,1.725620390865,2.64806745195)
  );
#5463 = CARTESIAN_POINT('',(4.546918741515,1.720763894688,2.670915470094
    ));
#5464 = CARTESIAN_POINT('',(4.547374259786,1.718343243943,2.682303736473
    ));
#5465 = CARTESIAN_POINT('',(4.547821450773,1.715908077994,2.693760291517
    ));
#5466 = CARTESIAN_POINT('',(4.548690991222,1.711051538489,2.716608513501
    ));
#5467 = CARTESIAN_POINT('',(4.549113638758,1.708630672067,2.727997794563
    ));
#5468 = CARTESIAN_POINT('',(4.549527772061,1.706195678326,2.739453539431
    ));
#5469 = CARTESIAN_POINT('',(4.550331611426,1.701339089031,2.762301995656
    ));
#5470 = CARTESIAN_POINT('',(4.550721613297,1.698917971229,2.773692459367
    ));
#5471 = CARTESIAN_POINT('',(4.551102908798,1.696483179322,2.785147254684
    ));
#5472 = CARTESIAN_POINT('',(4.551841473684,1.691626533526,2.807995976726
    ));
#5473 = CARTESIAN_POINT('',(4.552199034853,1.689205124242,2.81938781175)
  );
#5474 = CARTESIAN_POINT('',(4.552547693676,1.686770568034,2.83084149819)
  );
#5475 = CARTESIAN_POINT('',(4.553221372509,1.681913859003,2.85369051773)
  );
#5476 = CARTESIAN_POINT('',(4.553546678159,1.679492113826,2.865083933008
    ));
#5477 = CARTESIAN_POINT('',(4.553862883417,1.677057831594,2.876536330492
    ));
#5478 = CARTESIAN_POINT('',(4.554472027457,1.672201052906,2.899385677745
    ));
#5479 = CARTESIAN_POINT('',(4.554765243235,1.669778923466,2.910780900835
    ));
#5480 = CARTESIAN_POINT('',(4.555049160754,1.667344957907,2.922231808487
    ));
#5481 = CARTESIAN_POINT('',(4.555594085007,1.662488103904,2.945081510067
    ));
#5482 = CARTESIAN_POINT('',(4.555855357209,1.660065538575,2.956478783859
    ));
#5483 = CARTESIAN_POINT('',(4.556107136226,1.657631936579,2.967927981082
    ));
#5484 = CARTESIAN_POINT('',(4.556588120266,1.652775002947,2.99077805729)
  );
#5485 = CARTESIAN_POINT('',(4.556817575979,1.650351947956,3.002177634756
    ));
#5486 = CARTESIAN_POINT('',(4.557037349815,1.647918760056,3.01362488381)
  );
#5487 = CARTESIAN_POINT('',(4.557454638532,1.643061744495,3.036475345463
    ));
#5488 = CARTESIAN_POINT('',(4.557652385772,1.640638145511,3.047877482217
    ));
#5489 = CARTESIAN_POINT('',(4.557840272457,1.638205424932,3.059322532699
    ));
#5490 = CARTESIAN_POINT('',(4.558194076753,1.633348327874,3.082173377761
    ));
#5491 = CARTESIAN_POINT('',(4.55836020463,1.630924132049,3.093578322432)
  );
#5492 = CARTESIAN_POINT('',(4.558516307464,1.628491933287,3.105020917961
    ));
#5493 = CARTESIAN_POINT('',(4.558806804905,1.623634758563,3.127872128414
    ));
#5494 = CARTESIAN_POINT('',(4.558941383861,1.621209916965,3.139280111208
    ));
#5495 = CARTESIAN_POINT('',(4.559065791873,1.618778293878,3.150719998397
    ));
#5496 = CARTESIAN_POINT('',(4.559289364462,1.614001445917,3.173193301142
    ));
#5497 = CARTESIAN_POINT('',(4.559389347551,1.611656709793,3.184224417312
    ));
#5498 = CARTESIAN_POINT('',(4.559479713778,1.609306845248,3.195279660803
    ));
#5499 = CARTESIAN_POINT('',(4.559643309223,1.604531015986,3.217748170946
    ));
#5500 = CARTESIAN_POINT('',(4.559715977255,1.602104789354,3.229162669811
    ));
#5501 = CARTESIAN_POINT('',(4.559778258107,1.599674441603,3.240596557019
    ));
#5502 = CARTESIAN_POINT('',(4.559881673858,1.594817097121,3.26344856612)
  );
#5503 = CARTESIAN_POINT('',(4.559922896137,1.592390127828,3.274866558929
    ));
#5504 = CARTESIAN_POINT('',(4.559953664448,1.589960487816,3.286297116485
    ));
#5505 = CARTESIAN_POINT('',(4.559994160514,1.585103118425,3.309149242777
    ));
#5506 = CARTESIAN_POINT('',(4.560003938104,1.582675397106,3.320570773588
    ));
#5507 = CARTESIAN_POINT('',(4.560003227463,1.580246491538,3.331997875857
    ));
#5508 = CARTESIAN_POINT('',(4.559980823682,1.57538911742,3.354850024389)
  );
#5509 = CARTESIAN_POINT('',(4.559959141833,1.572960648212,3.366275073744
    ));
#5510 = CARTESIAN_POINT('',(4.559926971124,1.570532491387,3.37769865345)
  );
#5511 = CARTESIAN_POINT('',(4.559841656474,1.565675133035,3.400550727806
    ));
#5512 = CARTESIAN_POINT('',(4.559788485318,1.563245933163,3.411979214666
    ));
#5513 = CARTESIAN_POINT('',(4.559724858065,1.560818526053,3.423399267246
    ));
#5514 = CARTESIAN_POINT('',(4.559576590602,1.555961202735,3.446251176778
    ));
#5515 = CARTESIAN_POINT('',(4.559491885731,1.553531301133,3.457682965016
    ));
#5516 = CARTESIAN_POINT('',(4.55939678937,1.551104631472,3.469099548169)
  );
#5517 = CARTESIAN_POINT('',(4.559185496001,1.546247359896,3.491951214278
    ));
#5518 = CARTESIAN_POINT('',(4.559069198868,1.543816795086,3.503386122664
    ));
#5519 = CARTESIAN_POINT('',(4.558942604012,1.541390838462,3.514799351241
    ));
#5520 = CARTESIAN_POINT('',(4.558668180126,1.536533631832,3.537650711804
    ));
#5521 = CARTESIAN_POINT('',(4.55852021822,1.534102449372,3.549088526007)
  );
#5522 = CARTESIAN_POINT('',(4.558362078002,1.531677171116,3.560498563111
    ));
#5523 = CARTESIAN_POINT('',(4.558024386988,1.526820038677,3.583349574633
    ));
#5524 = CARTESIAN_POINT('',(4.557844673802,1.524388288514,3.594790059667
    ));
#5525 = CARTESIAN_POINT('',(4.557654923327,1.521963646102,3.606197105365
    ));
#5526 = CARTESIAN_POINT('',(4.557179430408,1.516206135645,3.633284062415
    ));
#5527 = CARTESIAN_POINT('',(4.556884708632,1.512880166482,3.64893151708)
  );
#5528 = CARTESIAN_POINT('',(4.556571593687,1.50956992391,3.664504983956)
  );
#5529 = CARTESIAN_POINT('',(4.55624057783,1.506276356577,3.68));
#5530 = ORIENTED_EDGE('',*,*,#5531,.F.);
#5531 = EDGE_CURVE('',#3833,#5426,#5532,.T.);
#5532 = LINE('',#5533,#5534);
#5533 = CARTESIAN_POINT('',(6.586276356577,1.506276356577,3.68));
#5534 = VECTOR('',#5535,1.);
#5535 = DIRECTION('',(-1.,-4.440892098501E-16,0.));
#5536 = B_SPLINE_SURFACE_WITH_KNOTS('',1,1,(
    (#5537,#5538)
    ,(#5539,#5540
    )),.UNSPECIFIED.,.F.,.F.,.F.,(2,2),(2,2),(0.,6.2),(0.,1.),
  .PIECEWISE_BEZIER_KNOTS.);
#5537 = CARTESIAN_POINT('',(6.91,1.83,2.157));
#5538 = CARTESIAN_POINT('',(6.586276356577,1.506276356577,3.68));
#5539 = CARTESIAN_POINT('',(0.71,1.83,2.157));
#5540 = CARTESIAN_POINT('',(1.033723643423,1.506276356577,3.68));
#5541 = ADVANCED_FACE('',(#5542),#5608,.T.);
#5542 = FACE_BOUND('',#5543,.T.);
#5543 = EDGE_LOOP('',(#5544,#5545,#5551,#5552,#5558,#5559,#5565,#5566,
    #5572,#5573,#5579,#5580,#5586,#5587,#5593,#5594,#5601,#5607));
#5544 = ORIENTED_EDGE('',*,*,#2604,.T.);
#5545 = ORIENTED_EDGE('',*,*,#5546,.T.);
#5546 = EDGE_CURVE('',#2597,#2915,#5547,.T.);
#5547 = LINE('',#5548,#5549);
#5548 = CARTESIAN_POINT('',(0.71,1.83,2.157));
#5549 = VECTOR('',#5550,1.);
#5550 = DIRECTION('',(4.440892098501E-16,-1.,0.));
#5551 = ORIENTED_EDGE('',*,*,#2931,.T.);
#5552 = ORIENTED_EDGE('',*,*,#5553,.T.);
#5553 = EDGE_CURVE('',#2924,#3243,#5554,.T.);
#5554 = LINE('',#5555,#5556);
#5555 = CARTESIAN_POINT('',(0.71,1.83,2.157));
#5556 = VECTOR('',#5557,1.);
#5557 = DIRECTION('',(4.440892098501E-16,-1.,0.));
#5558 = ORIENTED_EDGE('',*,*,#3259,.T.);
#5559 = ORIENTED_EDGE('',*,*,#5560,.T.);
#5560 = EDGE_CURVE('',#3252,#3571,#5561,.T.);
#5561 = LINE('',#5562,#5563);
#5562 = CARTESIAN_POINT('',(0.71,1.83,2.157));
#5563 = VECTOR('',#5564,1.);
#5564 = DIRECTION('',(4.440892098501E-16,-1.,0.));
#5565 = ORIENTED_EDGE('',*,*,#3587,.T.);
#5566 = ORIENTED_EDGE('',*,*,#5567,.T.);
#5567 = EDGE_CURVE('',#3580,#3718,#5568,.T.);
#5568 = LINE('',#5569,#5570);
#5569 = CARTESIAN_POINT('',(0.71,1.83,2.157));
#5570 = VECTOR('',#5571,1.);
#5571 = DIRECTION('',(4.440892098501E-16,-1.,0.));
#5572 = ORIENTED_EDGE('',*,*,#3734,.T.);
#5573 = ORIENTED_EDGE('',*,*,#5574,.T.);
#5574 = EDGE_CURVE('',#3727,#3390,#5575,.T.);
#5575 = LINE('',#5576,#5577);
#5576 = CARTESIAN_POINT('',(0.71,1.83,2.157));
#5577 = VECTOR('',#5578,1.);
#5578 = DIRECTION('',(4.440892098501E-16,-1.,0.));
#5579 = ORIENTED_EDGE('',*,*,#3406,.T.);
#5580 = ORIENTED_EDGE('',*,*,#5581,.T.);
#5581 = EDGE_CURVE('',#3399,#3062,#5582,.T.);
#5582 = LINE('',#5583,#5584);
#5583 = CARTESIAN_POINT('',(0.71,1.83,2.157));
#5584 = VECTOR('',#5585,1.);
#5585 = DIRECTION('',(4.440892098501E-16,-1.,0.));
#5586 = ORIENTED_EDGE('',*,*,#3078,.T.);
#5587 = ORIENTED_EDGE('',*,*,#5588,.T.);
#5588 = EDGE_CURVE('',#3071,#2735,#5589,.T.);
#5589 = LINE('',#5590,#5591);
#5590 = CARTESIAN_POINT('',(0.71,1.83,2.157));
#5591 = VECTOR('',#5592,1.);
#5592 = DIRECTION('',(4.440892098501E-16,-1.,0.));
#5593 = ORIENTED_EDGE('',*,*,#2750,.T.);
#5594 = ORIENTED_EDGE('',*,*,#5595,.T.);
#5595 = EDGE_CURVE('',#2744,#5596,#5598,.T.);
#5596 = VERTEX_POINT('',#5597);
#5597 = CARTESIAN_POINT('',(1.033723643423,-16.74627635657,3.68));
#5598 = B_SPLINE_CURVE_WITH_KNOTS('',1,(#5599,#5600),.UNSPECIFIED.,.F.,
  .F.,(2,2),(0.,1.),.PIECEWISE_BEZIER_KNOTS.);
#5599 = CARTESIAN_POINT('',(0.71,-17.07,2.157));
#5600 = CARTESIAN_POINT('',(1.033723643423,-16.74627635657,3.68));
#5601 = ORIENTED_EDGE('',*,*,#5602,.F.);
#5602 = EDGE_CURVE('',#5199,#5596,#5603,.T.);
#5603 = LINE('',#5604,#5605);
#5604 = CARTESIAN_POINT('',(1.033723643423,1.506276356577,3.68));
#5605 = VECTOR('',#5606,1.);
#5606 = DIRECTION('',(4.440892098501E-16,-1.,0.));
#5607 = ORIENTED_EDGE('',*,*,#5198,.F.);
#5608 = B_SPLINE_SURFACE_WITH_KNOTS('',1,1,(
    (#5609,#5610)
    ,(#5611,#5612
    )),.UNSPECIFIED.,.F.,.F.,.F.,(2,2),(2,2),(0.,18.9),(0.,1.),
  .PIECEWISE_BEZIER_KNOTS.);
#5609 = CARTESIAN_POINT('',(0.71,1.83,2.157));
#5610 = CARTESIAN_POINT('',(1.033723643423,1.506276356577,3.68));
#5611 = CARTESIAN_POINT('',(0.71,-17.07,2.157));
#5612 = CARTESIAN_POINT('',(1.033723643423,-16.74627635657,3.68));
#5613 = ADVANCED_FACE('',(#5614),#5627,.T.);
#5614 = FACE_BOUND('',#5615,.T.);
#5615 = EDGE_LOOP('',(#5616,#5617,#5618,#5619,#5620,#5626));
#5616 = ORIENTED_EDGE('',*,*,#2914,.F.);
#5617 = ORIENTED_EDGE('',*,*,#5546,.F.);
#5618 = ORIENTED_EDGE('',*,*,#2596,.F.);
#5619 = ORIENTED_EDGE('',*,*,#2618,.F.);
#5620 = ORIENTED_EDGE('',*,*,#5621,.F.);
#5621 = EDGE_CURVE('',#2765,#2619,#5622,.T.);
#5622 = LINE('',#5623,#5624);
#5623 = CARTESIAN_POINT('',(0.254,-0.762,2.157));
#5624 = VECTOR('',#5625,1.);
#5625 = DIRECTION('',(-4.440892098501E-16,1.,0.));
#5626 = ORIENTED_EDGE('',*,*,#2808,.F.);
#5627 = PLANE('',#5628);
#5628 = AXIS2_PLACEMENT_3D('',#5629,#5630,#5631);
#5629 = CARTESIAN_POINT('',(3.81,-0.762,2.157));
#5630 = DIRECTION('',(0.,0.,1.));
#5631 = DIRECTION('',(-4.440892098501E-16,1.,0.));
#5632 = ADVANCED_FACE('',(#5633),#5676,.T.);
#5633 = FACE_BOUND('',#5634,.T.);
#5634 = EDGE_LOOP('',(#5635,#5636,#5637,#5638,#5646,#5654,#5662,#5670));
#5635 = ORIENTED_EDGE('',*,*,#2651,.F.);
#5636 = ORIENTED_EDGE('',*,*,#2822,.T.);
#5637 = ORIENTED_EDGE('',*,*,#2791,.F.);
#5638 = ORIENTED_EDGE('',*,*,#5639,.F.);
#5639 = EDGE_CURVE('',#5640,#2784,#5642,.T.);
#5640 = VERTEX_POINT('',#5641);
#5641 = CARTESIAN_POINT('',(0.127,-0.2285,0.));
#5642 = LINE('',#5643,#5644);
#5643 = CARTESIAN_POINT('',(0.127,-0.2285,0.));
#5644 = VECTOR('',#5645,1.);
#5645 = DIRECTION('',(4.440892098501E-16,-1.,0.));
#5646 = ORIENTED_EDGE('',*,*,#5647,.F.);
#5647 = EDGE_CURVE('',#5648,#5640,#5650,.T.);
#5648 = VERTEX_POINT('',#5649);
#5649 = CARTESIAN_POINT('',(0.127,-0.2285,-2.843));
#5650 = LINE('',#5651,#5652);
#5651 = CARTESIAN_POINT('',(0.127,-0.2285,-2.843));
#5652 = VECTOR('',#5653,1.);
#5653 = DIRECTION('',(0.,0.,1.));
#5654 = ORIENTED_EDGE('',*,*,#5655,.F.);
#5655 = EDGE_CURVE('',#5656,#5648,#5658,.T.);
#5656 = VERTEX_POINT('',#5657);
#5657 = CARTESIAN_POINT('',(0.127,-0.11425,-3.3));
#5658 = LINE('',#5659,#5660);
#5659 = CARTESIAN_POINT('',(0.127,-0.11425,-3.3));
#5660 = VECTOR('',#5661,1.);
#5661 = DIRECTION('',(1.077074540829E-16,-0.242535625036,0.970142500145)
  );
#5662 = ORIENTED_EDGE('',*,*,#5663,.F.);
#5663 = EDGE_CURVE('',#5664,#5656,#5666,.T.);
#5664 = VERTEX_POINT('',#5665);
#5665 = CARTESIAN_POINT('',(0.127,0.11425,-3.3));
#5666 = LINE('',#5667,#5668);
#5667 = CARTESIAN_POINT('',(0.127,0.11425,-3.3));
#5668 = VECTOR('',#5669,1.);
#5669 = DIRECTION('',(4.440892098501E-16,-1.,0.));
#5670 = ORIENTED_EDGE('',*,*,#5671,.F.);
#5671 = EDGE_CURVE('',#2644,#5664,#5672,.T.);
#5672 = LINE('',#5673,#5674);
#5673 = CARTESIAN_POINT('',(0.127,0.2285,-2.843));
#5674 = VECTOR('',#5675,1.);
#5675 = DIRECTION('',(1.077074540829E-16,-0.242535625036,-0.970142500145
    ));
#5676 = PLANE('',#5677);
#5677 = AXIS2_PLACEMENT_3D('',#5678,#5679,#5680);
#5678 = CARTESIAN_POINT('',(0.127,0.2285,2.157));
#5679 = DIRECTION('',(1.,4.440892098501E-16,0.));
#5680 = DIRECTION('',(0.,0.,-1.));
#5681 = ADVANCED_FACE('',(#5682),#5700,.T.);
#5682 = FACE_BOUND('',#5683,.T.);
#5683 = EDGE_LOOP('',(#5684,#5685,#5686,#5694));
#5684 = ORIENTED_EDGE('',*,*,#2643,.T.);
#5685 = ORIENTED_EDGE('',*,*,#5671,.T.);
#5686 = ORIENTED_EDGE('',*,*,#5687,.F.);
#5687 = EDGE_CURVE('',#5688,#5664,#5690,.T.);
#5688 = VERTEX_POINT('',#5689);
#5689 = CARTESIAN_POINT('',(-0.127,0.11425,-3.3));
#5690 = LINE('',#5691,#5692);
#5691 = CARTESIAN_POINT('',(-0.127,0.11425,-3.3));
#5692 = VECTOR('',#5693,1.);
#5693 = DIRECTION('',(1.,4.440892098501E-16,0.));
#5694 = ORIENTED_EDGE('',*,*,#5695,.F.);
#5695 = EDGE_CURVE('',#2636,#5688,#5696,.T.);
#5696 = LINE('',#5697,#5698);
#5697 = CARTESIAN_POINT('',(-0.127,0.2285,-2.843));
#5698 = VECTOR('',#5699,1.);
#5699 = DIRECTION('',(1.077074540829E-16,-0.242535625036,-0.970142500145
    ));
#5700 = PLANE('',#5701);
#5701 = AXIS2_PLACEMENT_3D('',#5702,#5703,#5704);
#5702 = CARTESIAN_POINT('',(-0.127,0.2285,-2.843));
#5703 = DIRECTION('',(-4.308298163317E-16,0.970142500145,-0.242535625036
    ));
#5704 = DIRECTION('',(1.077074540829E-16,-0.242535625036,-0.970142500145
    ));
#5705 = ADVANCED_FACE('',(#5706),#5747,.F.);
#5706 = FACE_BOUND('',#5707,.F.);
#5707 = EDGE_LOOP('',(#5708,#5709,#5715,#5716,#5724,#5732,#5740,#5746));
#5708 = ORIENTED_EDGE('',*,*,#2635,.F.);
#5709 = ORIENTED_EDGE('',*,*,#5710,.F.);
#5710 = EDGE_CURVE('',#2767,#2627,#5711,.T.);
#5711 = LINE('',#5712,#5713);
#5712 = CARTESIAN_POINT('',(-0.127,-0.762,1.776));
#5713 = VECTOR('',#5714,1.);
#5714 = DIRECTION('',(-4.440892098501E-16,1.,0.));
#5715 = ORIENTED_EDGE('',*,*,#2775,.F.);
#5716 = ORIENTED_EDGE('',*,*,#5717,.F.);
#5717 = EDGE_CURVE('',#5718,#2776,#5720,.T.);
#5718 = VERTEX_POINT('',#5719);
#5719 = CARTESIAN_POINT('',(-0.127,-0.2285,0.));
#5720 = LINE('',#5721,#5722);
#5721 = CARTESIAN_POINT('',(-0.127,-0.2285,0.));
#5722 = VECTOR('',#5723,1.);
#5723 = DIRECTION('',(4.440892098501E-16,-1.,0.));
#5724 = ORIENTED_EDGE('',*,*,#5725,.F.);
#5725 = EDGE_CURVE('',#5726,#5718,#5728,.T.);
#5726 = VERTEX_POINT('',#5727);
#5727 = CARTESIAN_POINT('',(-0.127,-0.2285,-2.843));
#5728 = LINE('',#5729,#5730);
#5729 = CARTESIAN_POINT('',(-0.127,-0.2285,-2.843));
#5730 = VECTOR('',#5731,1.);
#5731 = DIRECTION('',(0.,0.,1.));
#5732 = ORIENTED_EDGE('',*,*,#5733,.F.);
#5733 = EDGE_CURVE('',#5734,#5726,#5736,.T.);
#5734 = VERTEX_POINT('',#5735);
#5735 = CARTESIAN_POINT('',(-0.127,-0.11425,-3.3));
#5736 = LINE('',#5737,#5738);
#5737 = CARTESIAN_POINT('',(-0.127,-0.11425,-3.3));
#5738 = VECTOR('',#5739,1.);
#5739 = DIRECTION('',(1.077074540829E-16,-0.242535625036,0.970142500145)
  );
#5740 = ORIENTED_EDGE('',*,*,#5741,.F.);
#5741 = EDGE_CURVE('',#5688,#5734,#5742,.T.);
#5742 = LINE('',#5743,#5744);
#5743 = CARTESIAN_POINT('',(-0.127,0.11425,-3.3));
#5744 = VECTOR('',#5745,1.);
#5745 = DIRECTION('',(4.440892098501E-16,-1.,0.));
#5746 = ORIENTED_EDGE('',*,*,#5695,.F.);
#5747 = PLANE('',#5748);
#5748 = AXIS2_PLACEMENT_3D('',#5749,#5750,#5751);
#5749 = CARTESIAN_POINT('',(-0.127,0.2285,2.157));
#5750 = DIRECTION('',(1.,4.440892098501E-16,0.));
#5751 = DIRECTION('',(0.,0.,-1.));
#5752 = ADVANCED_FACE('',(#5753),#5759,.T.);
#5753 = FACE_BOUND('',#5754,.T.);
#5754 = EDGE_LOOP('',(#5755,#5756,#5757,#5758));
#5755 = ORIENTED_EDGE('',*,*,#5621,.T.);
#5756 = ORIENTED_EDGE('',*,*,#2626,.T.);
#5757 = ORIENTED_EDGE('',*,*,#5710,.F.);
#5758 = ORIENTED_EDGE('',*,*,#2764,.F.);
#5759 = CYLINDRICAL_SURFACE('',#5760,0.381);
#5760 = AXIS2_PLACEMENT_3D('',#5761,#5762,#5763);
#5761 = CARTESIAN_POINT('',(0.254,-0.762,1.776));
#5762 = DIRECTION('',(-4.440892098501E-16,1.,0.));
#5763 = DIRECTION('',(0.,0.,1.));
#5764 = ADVANCED_FACE('',(#5765),#5813,.T.);
#5765 = FACE_BOUND('',#5766,.T.);
#5766 = EDGE_LOOP('',(#5767,#5768,#5774,#5775,#5783,#5791,#5799,#5807));
#5767 = ORIENTED_EDGE('',*,*,#2676,.F.);
#5768 = ORIENTED_EDGE('',*,*,#5769,.T.);
#5769 = EDGE_CURVE('',#2677,#2848,#5770,.T.);
#5770 = LINE('',#5771,#5772);
#5771 = CARTESIAN_POINT('',(-0.127,-15.4685,1.776));
#5772 = VECTOR('',#5773,1.);
#5773 = DIRECTION('',(-4.440892098501E-16,1.,0.));
#5774 = ORIENTED_EDGE('',*,*,#2856,.F.);
#5775 = ORIENTED_EDGE('',*,*,#5776,.F.);
#5776 = EDGE_CURVE('',#5777,#2857,#5779,.T.);
#5777 = VERTEX_POINT('',#5778);
#5778 = CARTESIAN_POINT('',(-0.127,-15.0115,0.));
#5779 = LINE('',#5780,#5781);
#5780 = CARTESIAN_POINT('',(-0.127,-15.0115,0.));
#5781 = VECTOR('',#5782,1.);
#5782 = DIRECTION('',(-4.440892098501E-16,1.,0.));
#5783 = ORIENTED_EDGE('',*,*,#5784,.F.);
#5784 = EDGE_CURVE('',#5785,#5777,#5787,.T.);
#5785 = VERTEX_POINT('',#5786);
#5786 = CARTESIAN_POINT('',(-0.127,-15.0115,-2.843));
#5787 = LINE('',#5788,#5789);
#5788 = CARTESIAN_POINT('',(-0.127,-15.0115,-2.843));
#5789 = VECTOR('',#5790,1.);
#5790 = DIRECTION('',(0.,0.,1.));
#5791 = ORIENTED_EDGE('',*,*,#5792,.F.);
#5792 = EDGE_CURVE('',#5793,#5785,#5795,.T.);
#5793 = VERTEX_POINT('',#5794);
#5794 = CARTESIAN_POINT('',(-0.127,-15.12575,-3.3));
#5795 = LINE('',#5796,#5797);
#5796 = CARTESIAN_POINT('',(-0.127,-15.12575,-3.3));
#5797 = VECTOR('',#5798,1.);
#5798 = DIRECTION('',(-1.077074540829E-16,0.242535625036,0.970142500145)
  );
#5799 = ORIENTED_EDGE('',*,*,#5800,.F.);
#5800 = EDGE_CURVE('',#5801,#5793,#5803,.T.);
#5801 = VERTEX_POINT('',#5802);
#5802 = CARTESIAN_POINT('',(-0.127,-15.35425,-3.3));
#5803 = LINE('',#5804,#5805);
#5804 = CARTESIAN_POINT('',(-0.127,-15.35425,-3.3));
#5805 = VECTOR('',#5806,1.);
#5806 = DIRECTION('',(-4.440892098501E-16,1.,0.));
#5807 = ORIENTED_EDGE('',*,*,#5808,.F.);
#5808 = EDGE_CURVE('',#2679,#5801,#5809,.T.);
#5809 = LINE('',#5810,#5811);
#5810 = CARTESIAN_POINT('',(-0.127,-15.4685,-2.843));
#5811 = VECTOR('',#5812,1.);
#5812 = DIRECTION('',(-1.077074540829E-16,0.242535625036,-0.970142500145
    ));
#5813 = PLANE('',#5814);
#5814 = AXIS2_PLACEMENT_3D('',#5815,#5816,#5817);
#5815 = CARTESIAN_POINT('',(-0.127,-15.4685,2.157));
#5816 = DIRECTION('',(-1.,-4.440892098501E-16,0.));
#5817 = DIRECTION('',(0.,0.,1.));
#5818 = ADVANCED_FACE('',(#5819),#5837,.F.);
#5819 = FACE_BOUND('',#5820,.F.);
#5820 = EDGE_LOOP('',(#5821,#5822,#5830,#5836));
#5821 = ORIENTED_EDGE('',*,*,#2720,.T.);
#5822 = ORIENTED_EDGE('',*,*,#5823,.T.);
#5823 = EDGE_CURVE('',#2713,#5824,#5826,.T.);
#5824 = VERTEX_POINT('',#5825);
#5825 = CARTESIAN_POINT('',(0.127,-15.35425,-3.3));
#5826 = LINE('',#5827,#5828);
#5827 = CARTESIAN_POINT('',(0.127,-15.4685,-2.843));
#5828 = VECTOR('',#5829,1.);
#5829 = DIRECTION('',(-1.077074540829E-16,0.242535625036,-0.970142500145
    ));
#5830 = ORIENTED_EDGE('',*,*,#5831,.F.);
#5831 = EDGE_CURVE('',#5801,#5824,#5832,.T.);
#5832 = LINE('',#5833,#5834);
#5833 = CARTESIAN_POINT('',(-0.127,-15.35425,-3.3));
#5834 = VECTOR('',#5835,1.);
#5835 = DIRECTION('',(1.,4.440892098501E-16,0.));
#5836 = ORIENTED_EDGE('',*,*,#5808,.F.);
#5837 = PLANE('',#5838);
#5838 = AXIS2_PLACEMENT_3D('',#5839,#5840,#5841);
#5839 = CARTESIAN_POINT('',(-0.127,-15.4685,-2.843));
#5840 = DIRECTION('',(-4.308298163317E-16,0.970142500145,0.242535625036)
  );
#5841 = DIRECTION('',(-1.077074540829E-16,0.242535625036,-0.970142500145
    ));
#5842 = ADVANCED_FACE('',(#5843),#5879,.F.);
#5843 = FACE_BOUND('',#5844,.F.);
#5844 = EDGE_LOOP('',(#5845,#5846,#5847,#5848,#5856,#5864,#5872,#5878));
#5845 = ORIENTED_EDGE('',*,*,#2712,.F.);
#5846 = ORIENTED_EDGE('',*,*,#2900,.T.);
#5847 = ORIENTED_EDGE('',*,*,#2872,.F.);
#5848 = ORIENTED_EDGE('',*,*,#5849,.F.);
#5849 = EDGE_CURVE('',#5850,#2865,#5852,.T.);
#5850 = VERTEX_POINT('',#5851);
#5851 = CARTESIAN_POINT('',(0.127,-15.0115,0.));
#5852 = LINE('',#5853,#5854);
#5853 = CARTESIAN_POINT('',(0.127,-15.0115,0.));
#5854 = VECTOR('',#5855,1.);
#5855 = DIRECTION('',(-4.440892098501E-16,1.,0.));
#5856 = ORIENTED_EDGE('',*,*,#5857,.F.);
#5857 = EDGE_CURVE('',#5858,#5850,#5860,.T.);
#5858 = VERTEX_POINT('',#5859);
#5859 = CARTESIAN_POINT('',(0.127,-15.0115,-2.843));
#5860 = LINE('',#5861,#5862);
#5861 = CARTESIAN_POINT('',(0.127,-15.0115,-2.843));
#5862 = VECTOR('',#5863,1.);
#5863 = DIRECTION('',(0.,0.,1.));
#5864 = ORIENTED_EDGE('',*,*,#5865,.F.);
#5865 = EDGE_CURVE('',#5866,#5858,#5868,.T.);
#5866 = VERTEX_POINT('',#5867);
#5867 = CARTESIAN_POINT('',(0.127,-15.12575,-3.3));
#5868 = LINE('',#5869,#5870);
#5869 = CARTESIAN_POINT('',(0.127,-15.12575,-3.3));
#5870 = VECTOR('',#5871,1.);
#5871 = DIRECTION('',(-1.077074540829E-16,0.242535625036,0.970142500145)
  );
#5872 = ORIENTED_EDGE('',*,*,#5873,.F.);
#5873 = EDGE_CURVE('',#5824,#5866,#5874,.T.);
#5874 = LINE('',#5875,#5876);
#5875 = CARTESIAN_POINT('',(0.127,-15.35425,-3.3));
#5876 = VECTOR('',#5877,1.);
#5877 = DIRECTION('',(-4.440892098501E-16,1.,0.));
#5878 = ORIENTED_EDGE('',*,*,#5823,.F.);
#5879 = PLANE('',#5880);
#5880 = AXIS2_PLACEMENT_3D('',#5881,#5882,#5883);
#5881 = CARTESIAN_POINT('',(0.127,-15.4685,2.157));
#5882 = DIRECTION('',(-1.,-4.440892098501E-16,0.));
#5883 = DIRECTION('',(0.,0.,1.));
#5884 = ADVANCED_FACE('',(#5885),#5898,.T.);
#5885 = FACE_BOUND('',#5886,.T.);
#5886 = EDGE_LOOP('',(#5887,#5888,#5889,#5890,#5891,#5897));
#5887 = ORIENTED_EDGE('',*,*,#2734,.F.);
#5888 = ORIENTED_EDGE('',*,*,#5588,.F.);
#5889 = ORIENTED_EDGE('',*,*,#3070,.F.);
#5890 = ORIENTED_EDGE('',*,*,#2839,.F.);
#5891 = ORIENTED_EDGE('',*,*,#5892,.F.);
#5892 = EDGE_CURVE('',#2687,#2840,#5893,.T.);
#5893 = LINE('',#5894,#5895);
#5894 = CARTESIAN_POINT('',(0.254,-15.4685,2.157));
#5895 = VECTOR('',#5896,1.);
#5896 = DIRECTION('',(-4.440892098501E-16,1.,0.));
#5897 = ORIENTED_EDGE('',*,*,#2695,.F.);
#5898 = PLANE('',#5899);
#5899 = AXIS2_PLACEMENT_3D('',#5900,#5901,#5902);
#5900 = CARTESIAN_POINT('',(3.81,-15.4685,2.157));
#5901 = DIRECTION('',(0.,0.,1.));
#5902 = DIRECTION('',(-4.440892098501E-16,1.,0.));
#5903 = ADVANCED_FACE('',(#5904),#5910,.T.);
#5904 = FACE_BOUND('',#5905,.T.);
#5905 = EDGE_LOOP('',(#5906,#5907,#5908,#5909));
#5906 = ORIENTED_EDGE('',*,*,#2686,.T.);
#5907 = ORIENTED_EDGE('',*,*,#5892,.T.);
#5908 = ORIENTED_EDGE('',*,*,#2847,.F.);
#5909 = ORIENTED_EDGE('',*,*,#5769,.F.);
#5910 = CYLINDRICAL_SURFACE('',#5911,0.381);
#5911 = AXIS2_PLACEMENT_3D('',#5912,#5913,#5914);
#5912 = CARTESIAN_POINT('',(0.254,-15.4685,1.776));
#5913 = DIRECTION('',(-4.440892098501E-16,1.,0.));
#5914 = DIRECTION('',(-1.,-4.440892098501E-16,0.));
#5915 = ADVANCED_FACE('',(#5916),#5927,.T.);
#5916 = FACE_BOUND('',#5917,.T.);
#5917 = EDGE_LOOP('',(#5918,#5924,#5925,#5926));
#5918 = ORIENTED_EDGE('',*,*,#5919,.T.);
#5919 = EDGE_CURVE('',#5718,#5640,#5920,.T.);
#5920 = LINE('',#5921,#5922);
#5921 = CARTESIAN_POINT('',(-0.127,-0.2285,0.));
#5922 = VECTOR('',#5923,1.);
#5923 = DIRECTION('',(1.,4.440892098501E-16,0.));
#5924 = ORIENTED_EDGE('',*,*,#5639,.T.);
#5925 = ORIENTED_EDGE('',*,*,#2783,.F.);
#5926 = ORIENTED_EDGE('',*,*,#5717,.F.);
#5927 = PLANE('',#5928);
#5928 = AXIS2_PLACEMENT_3D('',#5929,#5930,#5931);
#5929 = CARTESIAN_POINT('',(-0.127,-0.2285,0.));
#5930 = DIRECTION('',(0.,0.,-1.));
#5931 = DIRECTION('',(4.440892098501E-16,-1.,0.));
#5932 = ADVANCED_FACE('',(#5933),#5944,.F.);
#5933 = FACE_BOUND('',#5934,.F.);
#5934 = EDGE_LOOP('',(#5935,#5941,#5942,#5943));
#5935 = ORIENTED_EDGE('',*,*,#5936,.T.);
#5936 = EDGE_CURVE('',#5777,#5850,#5937,.T.);
#5937 = LINE('',#5938,#5939);
#5938 = CARTESIAN_POINT('',(-0.127,-15.0115,0.));
#5939 = VECTOR('',#5940,1.);
#5940 = DIRECTION('',(1.,4.440892098501E-16,0.));
#5941 = ORIENTED_EDGE('',*,*,#5849,.T.);
#5942 = ORIENTED_EDGE('',*,*,#2864,.F.);
#5943 = ORIENTED_EDGE('',*,*,#5776,.F.);
#5944 = PLANE('',#5945);
#5945 = AXIS2_PLACEMENT_3D('',#5946,#5947,#5948);
#5946 = CARTESIAN_POINT('',(-0.127,-15.0115,0.));
#5947 = DIRECTION('',(0.,0.,1.));
#5948 = DIRECTION('',(-4.440892098501E-16,1.,0.));
#5949 = ADVANCED_FACE('',(#5950),#5963,.T.);
#5950 = FACE_BOUND('',#5951,.T.);
#5951 = EDGE_LOOP('',(#5952,#5953,#5954,#5955,#5956,#5962));
#5952 = ORIENTED_EDGE('',*,*,#3242,.F.);
#5953 = ORIENTED_EDGE('',*,*,#5553,.F.);
#5954 = ORIENTED_EDGE('',*,*,#2923,.F.);
#5955 = ORIENTED_EDGE('',*,*,#2956,.F.);
#5956 = ORIENTED_EDGE('',*,*,#5957,.F.);
#5957 = EDGE_CURVE('',#3093,#2946,#5958,.T.);
#5958 = LINE('',#5959,#5960);
#5959 = CARTESIAN_POINT('',(0.254,-3.302,2.157));
#5960 = VECTOR('',#5961,1.);
#5961 = DIRECTION('',(-4.440892098501E-16,1.,0.));
#5962 = ORIENTED_EDGE('',*,*,#3103,.F.);
#5963 = PLANE('',#5964);
#5964 = AXIS2_PLACEMENT_3D('',#5965,#5966,#5967);
#5965 = CARTESIAN_POINT('',(3.683,-3.302,2.157));
#5966 = DIRECTION('',(0.,0.,1.));
#5967 = DIRECTION('',(-4.440892098501E-16,1.,0.));
#5968 = ADVANCED_FACE('',(#5969),#5980,.T.);
#5969 = FACE_BOUND('',#5970,.T.);
#5970 = EDGE_LOOP('',(#5971,#5972,#5973,#5979));
#5971 = ORIENTED_EDGE('',*,*,#5957,.T.);
#5972 = ORIENTED_EDGE('',*,*,#2945,.T.);
#5973 = ORIENTED_EDGE('',*,*,#5974,.F.);
#5974 = EDGE_CURVE('',#3095,#2948,#5975,.T.);
#5975 = LINE('',#5976,#5977);
#5976 = CARTESIAN_POINT('',(-0.127,-3.302,1.776));
#5977 = VECTOR('',#5978,1.);
#5978 = DIRECTION('',(-4.440892098501E-16,1.,0.));
#5979 = ORIENTED_EDGE('',*,*,#3092,.F.);
#5980 = CYLINDRICAL_SURFACE('',#5981,0.381);
#5981 = AXIS2_PLACEMENT_3D('',#5982,#5983,#5984);
#5982 = CARTESIAN_POINT('',(0.254,-3.302,1.776));
#5983 = DIRECTION('',(-4.440892098501E-16,1.,0.));
#5984 = DIRECTION('',(0.,0.,1.));
#5985 = ADVANCED_FACE('',(#5986),#6045,.F.);
#5986 = FACE_BOUND('',#5987,.F.);
#5987 = EDGE_LOOP('',(#5988,#5989,#5990,#5991,#5999,#6007,#6015,#6023,
    #6031,#6039));
#5988 = ORIENTED_EDGE('',*,*,#2989,.F.);
#5989 = ORIENTED_EDGE('',*,*,#5974,.F.);
#5990 = ORIENTED_EDGE('',*,*,#3136,.F.);
#5991 = ORIENTED_EDGE('',*,*,#5992,.F.);
#5992 = EDGE_CURVE('',#5993,#3129,#5995,.T.);
#5993 = VERTEX_POINT('',#5994);
#5994 = CARTESIAN_POINT('',(-0.127,-2.7685,0.));
#5995 = LINE('',#5996,#5997);
#5996 = CARTESIAN_POINT('',(-0.127,-2.7685,0.));
#5997 = VECTOR('',#5998,1.);
#5998 = DIRECTION('',(4.440892098501E-16,-1.,0.));
#5999 = ORIENTED_EDGE('',*,*,#6000,.F.);
#6000 = EDGE_CURVE('',#6001,#5993,#6003,.T.);
#6001 = VERTEX_POINT('',#6002);
#6002 = CARTESIAN_POINT('',(-0.127,-2.7685,-2.843));
#6003 = LINE('',#6004,#6005);
#6004 = CARTESIAN_POINT('',(-0.127,-2.7685,-2.843));
#6005 = VECTOR('',#6006,1.);
#6006 = DIRECTION('',(1.387374085862E-31,-3.124088708055E-16,1.));
#6007 = ORIENTED_EDGE('',*,*,#6008,.F.);
#6008 = EDGE_CURVE('',#6009,#6001,#6011,.T.);
#6009 = VERTEX_POINT('',#6010);
#6010 = CARTESIAN_POINT('',(-0.127,-2.65425,-3.3));
#6011 = LINE('',#6012,#6013);
#6012 = CARTESIAN_POINT('',(-0.127,-2.65425,-3.3));
#6013 = VECTOR('',#6014,1.);
#6014 = DIRECTION('',(1.077074540829E-16,-0.242535625036,0.970142500145)
  );
#6015 = ORIENTED_EDGE('',*,*,#6016,.F.);
#6016 = EDGE_CURVE('',#6017,#6009,#6019,.T.);
#6017 = VERTEX_POINT('',#6018);
#6018 = CARTESIAN_POINT('',(-0.127,-2.42575,-3.3));
#6019 = LINE('',#6020,#6021);
#6020 = CARTESIAN_POINT('',(-0.127,-2.42575,-3.3));
#6021 = VECTOR('',#6022,1.);
#6022 = DIRECTION('',(4.440892098501E-16,-1.,0.));
#6023 = ORIENTED_EDGE('',*,*,#6024,.F.);
#6024 = EDGE_CURVE('',#6025,#6017,#6027,.T.);
#6025 = VERTEX_POINT('',#6026);
#6026 = CARTESIAN_POINT('',(-0.127,-2.3115,-2.843));
#6027 = LINE('',#6028,#6029);
#6028 = CARTESIAN_POINT('',(-0.127,-2.3115,-2.843));
#6029 = VECTOR('',#6030,1.);
#6030 = DIRECTION('',(1.077074540829E-16,-0.242535625036,-0.970142500145
    ));
#6031 = ORIENTED_EDGE('',*,*,#6032,.F.);
#6032 = EDGE_CURVE('',#6033,#6025,#6035,.T.);
#6033 = VERTEX_POINT('',#6034);
#6034 = CARTESIAN_POINT('',(-0.127,-2.3115,0.));
#6035 = LINE('',#6036,#6037);
#6036 = CARTESIAN_POINT('',(-0.127,-2.3115,0.));
#6037 = VECTOR('',#6038,1.);
#6038 = DIRECTION('',(1.387374085862E-31,-3.124088708055E-16,-1.));
#6039 = ORIENTED_EDGE('',*,*,#6040,.F.);
#6040 = EDGE_CURVE('',#2982,#6033,#6041,.T.);
#6041 = LINE('',#6042,#6043);
#6042 = CARTESIAN_POINT('',(-0.127,-1.778,0.));
#6043 = VECTOR('',#6044,1.);
#6044 = DIRECTION('',(4.440892098501E-16,-1.,0.));
#6045 = PLANE('',#6046);
#6046 = AXIS2_PLACEMENT_3D('',#6047,#6048,#6049);
#6047 = CARTESIAN_POINT('',(-0.127,-1.778,2.157));
#6048 = DIRECTION('',(1.,4.440892098501E-16,0.));
#6049 = DIRECTION('',(0.,0.,-1.));
#6050 = ADVANCED_FACE('',(#6051),#6069,.T.);
#6051 = FACE_BOUND('',#6052,.T.);
#6052 = EDGE_LOOP('',(#6053,#6054,#6062,#6068));
#6053 = ORIENTED_EDGE('',*,*,#2981,.T.);
#6054 = ORIENTED_EDGE('',*,*,#6055,.T.);
#6055 = EDGE_CURVE('',#2974,#6056,#6058,.T.);
#6056 = VERTEX_POINT('',#6057);
#6057 = CARTESIAN_POINT('',(0.127,-2.3115,0.));
#6058 = LINE('',#6059,#6060);
#6059 = CARTESIAN_POINT('',(0.127,-1.778,0.));
#6060 = VECTOR('',#6061,1.);
#6061 = DIRECTION('',(4.440892098501E-16,-1.,0.));
#6062 = ORIENTED_EDGE('',*,*,#6063,.F.);
#6063 = EDGE_CURVE('',#6033,#6056,#6064,.T.);
#6064 = LINE('',#6065,#6066);
#6065 = CARTESIAN_POINT('',(-0.127,-2.3115,0.));
#6066 = VECTOR('',#6067,1.);
#6067 = DIRECTION('',(1.,4.440892098501E-16,0.));
#6068 = ORIENTED_EDGE('',*,*,#6040,.F.);
#6069 = PLANE('',#6070);
#6070 = AXIS2_PLACEMENT_3D('',#6071,#6072,#6073);
#6071 = CARTESIAN_POINT('',(-0.127,-1.778,0.));
#6072 = DIRECTION('',(0.,0.,-1.));
#6073 = DIRECTION('',(4.440892098501E-16,-1.,0.));
#6074 = ADVANCED_FACE('',(#6075),#6127,.T.);
#6075 = FACE_BOUND('',#6076,.T.);
#6076 = EDGE_LOOP('',(#6077,#6078,#6079,#6080,#6088,#6096,#6104,#6112,
    #6120,#6126));
#6077 = ORIENTED_EDGE('',*,*,#2973,.F.);
#6078 = ORIENTED_EDGE('',*,*,#3150,.T.);
#6079 = ORIENTED_EDGE('',*,*,#3120,.F.);
#6080 = ORIENTED_EDGE('',*,*,#6081,.F.);
#6081 = EDGE_CURVE('',#6082,#3121,#6084,.T.);
#6082 = VERTEX_POINT('',#6083);
#6083 = CARTESIAN_POINT('',(0.127,-2.7685,0.));
#6084 = LINE('',#6085,#6086);
#6085 = CARTESIAN_POINT('',(0.127,-2.7685,0.));
#6086 = VECTOR('',#6087,1.);
#6087 = DIRECTION('',(4.440892098501E-16,-1.,0.));
#6088 = ORIENTED_EDGE('',*,*,#6089,.F.);
#6089 = EDGE_CURVE('',#6090,#6082,#6092,.T.);
#6090 = VERTEX_POINT('',#6091);
#6091 = CARTESIAN_POINT('',(0.127,-2.7685,-2.843));
#6092 = LINE('',#6093,#6094);
#6093 = CARTESIAN_POINT('',(0.127,-2.7685,-2.843));
#6094 = VECTOR('',#6095,1.);
#6095 = DIRECTION('',(1.387374085862E-31,-3.124088708055E-16,1.));
#6096 = ORIENTED_EDGE('',*,*,#6097,.F.);
#6097 = EDGE_CURVE('',#6098,#6090,#6100,.T.);
#6098 = VERTEX_POINT('',#6099);
#6099 = CARTESIAN_POINT('',(0.127,-2.65425,-3.3));
#6100 = LINE('',#6101,#6102);
#6101 = CARTESIAN_POINT('',(0.127,-2.65425,-3.3));
#6102 = VECTOR('',#6103,1.);
#6103 = DIRECTION('',(1.077074540829E-16,-0.242535625036,0.970142500145)
  );
#6104 = ORIENTED_EDGE('',*,*,#6105,.F.);
#6105 = EDGE_CURVE('',#6106,#6098,#6108,.T.);
#6106 = VERTEX_POINT('',#6107);
#6107 = CARTESIAN_POINT('',(0.127,-2.42575,-3.3));
#6108 = LINE('',#6109,#6110);
#6109 = CARTESIAN_POINT('',(0.127,-2.42575,-3.3));
#6110 = VECTOR('',#6111,1.);
#6111 = DIRECTION('',(4.440892098501E-16,-1.,0.));
#6112 = ORIENTED_EDGE('',*,*,#6113,.F.);
#6113 = EDGE_CURVE('',#6114,#6106,#6116,.T.);
#6114 = VERTEX_POINT('',#6115);
#6115 = CARTESIAN_POINT('',(0.127,-2.3115,-2.843));
#6116 = LINE('',#6117,#6118);
#6117 = CARTESIAN_POINT('',(0.127,-2.3115,-2.843));
#6118 = VECTOR('',#6119,1.);
#6119 = DIRECTION('',(1.077074540829E-16,-0.242535625036,-0.970142500145
    ));
#6120 = ORIENTED_EDGE('',*,*,#6121,.F.);
#6121 = EDGE_CURVE('',#6056,#6114,#6122,.T.);
#6122 = LINE('',#6123,#6124);
#6123 = CARTESIAN_POINT('',(0.127,-2.3115,0.));
#6124 = VECTOR('',#6125,1.);
#6125 = DIRECTION('',(1.387374085862E-31,-3.124088708055E-16,-1.));
#6126 = ORIENTED_EDGE('',*,*,#6055,.F.);
#6127 = PLANE('',#6128);
#6128 = AXIS2_PLACEMENT_3D('',#6129,#6130,#6131);
#6129 = CARTESIAN_POINT('',(0.127,-1.778,2.157));
#6130 = DIRECTION('',(1.,4.440892098501E-16,0.));
#6131 = DIRECTION('',(0.,0.,-1.));
#6132 = ADVANCED_FACE('',(#6133),#6149,.T.);
#6133 = FACE_BOUND('',#6134,.T.);
#6134 = EDGE_LOOP('',(#6135,#6141,#6142,#6148));
#6135 = ORIENTED_EDGE('',*,*,#6136,.T.);
#6136 = EDGE_CURVE('',#3004,#3168,#6137,.T.);
#6137 = LINE('',#6138,#6139);
#6138 = CARTESIAN_POINT('',(0.254,-13.462,2.157));
#6139 = VECTOR('',#6140,1.);
#6140 = DIRECTION('',(-4.440892098501E-16,1.,0.));
#6141 = ORIENTED_EDGE('',*,*,#3167,.T.);
#6142 = ORIENTED_EDGE('',*,*,#6143,.F.);
#6143 = EDGE_CURVE('',#3006,#3170,#6144,.T.);
#6144 = LINE('',#6145,#6146);
#6145 = CARTESIAN_POINT('',(-0.127,-13.462,1.776));
#6146 = VECTOR('',#6147,1.);
#6147 = DIRECTION('',(-4.440892098501E-16,1.,0.));
#6148 = ORIENTED_EDGE('',*,*,#3003,.F.);
#6149 = CYLINDRICAL_SURFACE('',#6150,0.381);
#6150 = AXIS2_PLACEMENT_3D('',#6151,#6152,#6153);
#6151 = CARTESIAN_POINT('',(0.254,-13.462,1.776));
#6152 = DIRECTION('',(-4.440892098501E-16,1.,0.));
#6153 = DIRECTION('',(0.,0.,1.));
#6154 = ADVANCED_FACE('',(#6155),#6214,.F.);
#6155 = FACE_BOUND('',#6156,.F.);
#6156 = EDGE_LOOP('',(#6157,#6158,#6159,#6160,#6168,#6176,#6184,#6192,
    #6200,#6208));
#6157 = ORIENTED_EDGE('',*,*,#3211,.F.);
#6158 = ORIENTED_EDGE('',*,*,#6143,.F.);
#6159 = ORIENTED_EDGE('',*,*,#3047,.F.);
#6160 = ORIENTED_EDGE('',*,*,#6161,.F.);
#6161 = EDGE_CURVE('',#6162,#3040,#6164,.T.);
#6162 = VERTEX_POINT('',#6163);
#6163 = CARTESIAN_POINT('',(-0.127,-12.9285,0.));
#6164 = LINE('',#6165,#6166);
#6165 = CARTESIAN_POINT('',(-0.127,-12.9285,0.));
#6166 = VECTOR('',#6167,1.);
#6167 = DIRECTION('',(4.440892098501E-16,-1.,0.));
#6168 = ORIENTED_EDGE('',*,*,#6169,.F.);
#6169 = EDGE_CURVE('',#6170,#6162,#6172,.T.);
#6170 = VERTEX_POINT('',#6171);
#6171 = CARTESIAN_POINT('',(-0.127,-12.9285,-2.843));
#6172 = LINE('',#6173,#6174);
#6173 = CARTESIAN_POINT('',(-0.127,-12.9285,-2.843));
#6174 = VECTOR('',#6175,1.);
#6175 = DIRECTION('',(1.387374085862E-31,-3.124088708055E-16,1.));
#6176 = ORIENTED_EDGE('',*,*,#6177,.F.);
#6177 = EDGE_CURVE('',#6178,#6170,#6180,.T.);
#6178 = VERTEX_POINT('',#6179);
#6179 = CARTESIAN_POINT('',(-0.127,-12.81425,-3.3));
#6180 = LINE('',#6181,#6182);
#6181 = CARTESIAN_POINT('',(-0.127,-12.81425,-3.3));
#6182 = VECTOR('',#6183,1.);
#6183 = DIRECTION('',(1.077074540829E-16,-0.242535625036,0.970142500145)
  );
#6184 = ORIENTED_EDGE('',*,*,#6185,.F.);
#6185 = EDGE_CURVE('',#6186,#6178,#6188,.T.);
#6186 = VERTEX_POINT('',#6187);
#6187 = CARTESIAN_POINT('',(-0.127,-12.58575,-3.3));
#6188 = LINE('',#6189,#6190);
#6189 = CARTESIAN_POINT('',(-0.127,-12.58575,-3.3));
#6190 = VECTOR('',#6191,1.);
#6191 = DIRECTION('',(4.440892098501E-16,-1.,0.));
#6192 = ORIENTED_EDGE('',*,*,#6193,.F.);
#6193 = EDGE_CURVE('',#6194,#6186,#6196,.T.);
#6194 = VERTEX_POINT('',#6195);
#6195 = CARTESIAN_POINT('',(-0.127,-12.4715,-2.843));
#6196 = LINE('',#6197,#6198);
#6197 = CARTESIAN_POINT('',(-0.127,-12.4715,-2.843));
#6198 = VECTOR('',#6199,1.);
#6199 = DIRECTION('',(1.077074540829E-16,-0.242535625036,-0.970142500145
    ));
#6200 = ORIENTED_EDGE('',*,*,#6201,.F.);
#6201 = EDGE_CURVE('',#6202,#6194,#6204,.T.);
#6202 = VERTEX_POINT('',#6203);
#6203 = CARTESIAN_POINT('',(-0.127,-12.4715,0.));
#6204 = LINE('',#6205,#6206);
#6205 = CARTESIAN_POINT('',(-0.127,-12.4715,0.));
#6206 = VECTOR('',#6207,1.);
#6207 = DIRECTION('',(1.387374085862E-31,-3.124088708055E-16,-1.));
#6208 = ORIENTED_EDGE('',*,*,#6209,.F.);
#6209 = EDGE_CURVE('',#3204,#6202,#6210,.T.);
#6210 = LINE('',#6211,#6212);
#6211 = CARTESIAN_POINT('',(-0.127,-11.938,0.));
#6212 = VECTOR('',#6213,1.);
#6213 = DIRECTION('',(4.440892098501E-16,-1.,0.));
#6214 = PLANE('',#6215);
#6215 = AXIS2_PLACEMENT_3D('',#6216,#6217,#6218);
#6216 = CARTESIAN_POINT('',(-0.127,-11.938,2.157));
#6217 = DIRECTION('',(1.,4.440892098501E-16,0.));
#6218 = DIRECTION('',(0.,0.,-1.));
#6219 = ADVANCED_FACE('',(#6220),#6238,.T.);
#6220 = FACE_BOUND('',#6221,.T.);
#6221 = EDGE_LOOP('',(#6222,#6230,#6236,#6237));
#6222 = ORIENTED_EDGE('',*,*,#6223,.T.);
#6223 = EDGE_CURVE('',#6162,#6224,#6226,.T.);
#6224 = VERTEX_POINT('',#6225);
#6225 = CARTESIAN_POINT('',(0.127,-12.9285,0.));
#6226 = LINE('',#6227,#6228);
#6227 = CARTESIAN_POINT('',(-0.127,-12.9285,0.));
#6228 = VECTOR('',#6229,1.);
#6229 = DIRECTION('',(1.,4.440892098501E-16,0.));
#6230 = ORIENTED_EDGE('',*,*,#6231,.T.);
#6231 = EDGE_CURVE('',#6224,#3032,#6232,.T.);
#6232 = LINE('',#6233,#6234);
#6233 = CARTESIAN_POINT('',(0.127,-12.9285,0.));
#6234 = VECTOR('',#6235,1.);
#6235 = DIRECTION('',(4.440892098501E-16,-1.,0.));
#6236 = ORIENTED_EDGE('',*,*,#3039,.F.);
#6237 = ORIENTED_EDGE('',*,*,#6161,.F.);
#6238 = PLANE('',#6239);
#6239 = AXIS2_PLACEMENT_3D('',#6240,#6241,#6242);
#6240 = CARTESIAN_POINT('',(-0.127,-12.9285,0.));
#6241 = DIRECTION('',(0.,0.,-1.));
#6242 = DIRECTION('',(4.440892098501E-16,-1.,0.));
#6243 = ADVANCED_FACE('',(#6244),#6296,.T.);
#6244 = FACE_BOUND('',#6245,.T.);
#6245 = EDGE_LOOP('',(#6246,#6247,#6248,#6249,#6250,#6258,#6266,#6274,
    #6282,#6290));
#6246 = ORIENTED_EDGE('',*,*,#3195,.F.);
#6247 = ORIENTED_EDGE('',*,*,#3225,.T.);
#6248 = ORIENTED_EDGE('',*,*,#3031,.F.);
#6249 = ORIENTED_EDGE('',*,*,#6231,.F.);
#6250 = ORIENTED_EDGE('',*,*,#6251,.F.);
#6251 = EDGE_CURVE('',#6252,#6224,#6254,.T.);
#6252 = VERTEX_POINT('',#6253);
#6253 = CARTESIAN_POINT('',(0.127,-12.9285,-2.843));
#6254 = LINE('',#6255,#6256);
#6255 = CARTESIAN_POINT('',(0.127,-12.9285,-2.843));
#6256 = VECTOR('',#6257,1.);
#6257 = DIRECTION('',(1.387374085862E-31,-3.124088708055E-16,1.));
#6258 = ORIENTED_EDGE('',*,*,#6259,.F.);
#6259 = EDGE_CURVE('',#6260,#6252,#6262,.T.);
#6260 = VERTEX_POINT('',#6261);
#6261 = CARTESIAN_POINT('',(0.127,-12.81425,-3.3));
#6262 = LINE('',#6263,#6264);
#6263 = CARTESIAN_POINT('',(0.127,-12.81425,-3.3));
#6264 = VECTOR('',#6265,1.);
#6265 = DIRECTION('',(1.077074540829E-16,-0.242535625036,0.970142500145)
  );
#6266 = ORIENTED_EDGE('',*,*,#6267,.F.);
#6267 = EDGE_CURVE('',#6268,#6260,#6270,.T.);
#6268 = VERTEX_POINT('',#6269);
#6269 = CARTESIAN_POINT('',(0.127,-12.58575,-3.3));
#6270 = LINE('',#6271,#6272);
#6271 = CARTESIAN_POINT('',(0.127,-12.58575,-3.3));
#6272 = VECTOR('',#6273,1.);
#6273 = DIRECTION('',(4.440892098501E-16,-1.,0.));
#6274 = ORIENTED_EDGE('',*,*,#6275,.F.);
#6275 = EDGE_CURVE('',#6276,#6268,#6278,.T.);
#6276 = VERTEX_POINT('',#6277);
#6277 = CARTESIAN_POINT('',(0.127,-12.4715,-2.843));
#6278 = LINE('',#6279,#6280);
#6279 = CARTESIAN_POINT('',(0.127,-12.4715,-2.843));
#6280 = VECTOR('',#6281,1.);
#6281 = DIRECTION('',(1.077074540829E-16,-0.242535625036,-0.970142500145
    ));
#6282 = ORIENTED_EDGE('',*,*,#6283,.F.);
#6283 = EDGE_CURVE('',#6284,#6276,#6286,.T.);
#6284 = VERTEX_POINT('',#6285);
#6285 = CARTESIAN_POINT('',(0.127,-12.4715,0.));
#6286 = LINE('',#6287,#6288);
#6287 = CARTESIAN_POINT('',(0.127,-12.4715,0.));
#6288 = VECTOR('',#6289,1.);
#6289 = DIRECTION('',(1.387374085862E-31,-3.124088708055E-16,-1.));
#6290 = ORIENTED_EDGE('',*,*,#6291,.F.);
#6291 = EDGE_CURVE('',#3196,#6284,#6292,.T.);
#6292 = LINE('',#6293,#6294);
#6293 = CARTESIAN_POINT('',(0.127,-11.938,0.));
#6294 = VECTOR('',#6295,1.);
#6295 = DIRECTION('',(4.440892098501E-16,-1.,0.));
#6296 = PLANE('',#6297);
#6297 = AXIS2_PLACEMENT_3D('',#6298,#6299,#6300);
#6298 = CARTESIAN_POINT('',(0.127,-11.938,2.157));
#6299 = DIRECTION('',(1.,4.440892098501E-16,0.));
#6300 = DIRECTION('',(0.,0.,-1.));
#6301 = ADVANCED_FACE('',(#6302),#6310,.T.);
#6302 = FACE_BOUND('',#6303,.T.);
#6303 = EDGE_LOOP('',(#6304,#6305,#6306,#6307,#6308,#6309));
#6304 = ORIENTED_EDGE('',*,*,#3061,.F.);
#6305 = ORIENTED_EDGE('',*,*,#5581,.F.);
#6306 = ORIENTED_EDGE('',*,*,#3398,.F.);
#6307 = ORIENTED_EDGE('',*,*,#3178,.F.);
#6308 = ORIENTED_EDGE('',*,*,#6136,.F.);
#6309 = ORIENTED_EDGE('',*,*,#3014,.F.);
#6310 = PLANE('',#6311);
#6311 = AXIS2_PLACEMENT_3D('',#6312,#6313,#6314);
#6312 = CARTESIAN_POINT('',(3.683,-13.462,2.157));
#6313 = DIRECTION('',(0.,0.,1.));
#6314 = DIRECTION('',(-4.440892098501E-16,1.,0.));
#6315 = ADVANCED_FACE('',(#6316),#6327,.T.);
#6316 = FACE_BOUND('',#6317,.T.);
#6317 = EDGE_LOOP('',(#6318,#6324,#6325,#6326));
#6318 = ORIENTED_EDGE('',*,*,#6319,.T.);
#6319 = EDGE_CURVE('',#5993,#6082,#6320,.T.);
#6320 = LINE('',#6321,#6322);
#6321 = CARTESIAN_POINT('',(-0.127,-2.7685,0.));
#6322 = VECTOR('',#6323,1.);
#6323 = DIRECTION('',(1.,4.440892098501E-16,0.));
#6324 = ORIENTED_EDGE('',*,*,#6081,.T.);
#6325 = ORIENTED_EDGE('',*,*,#3128,.F.);
#6326 = ORIENTED_EDGE('',*,*,#5992,.F.);
#6327 = PLANE('',#6328);
#6328 = AXIS2_PLACEMENT_3D('',#6329,#6330,#6331);
#6329 = CARTESIAN_POINT('',(-0.127,-2.7685,0.));
#6330 = DIRECTION('',(0.,0.,-1.));
#6331 = DIRECTION('',(4.440892098501E-16,-1.,0.));
#6332 = ADVANCED_FACE('',(#6333),#6344,.T.);
#6333 = FACE_BOUND('',#6334,.T.);
#6334 = EDGE_LOOP('',(#6335,#6336,#6337,#6343));
#6335 = ORIENTED_EDGE('',*,*,#3203,.T.);
#6336 = ORIENTED_EDGE('',*,*,#6291,.T.);
#6337 = ORIENTED_EDGE('',*,*,#6338,.F.);
#6338 = EDGE_CURVE('',#6202,#6284,#6339,.T.);
#6339 = LINE('',#6340,#6341);
#6340 = CARTESIAN_POINT('',(-0.127,-12.4715,0.));
#6341 = VECTOR('',#6342,1.);
#6342 = DIRECTION('',(1.,4.440892098501E-16,0.));
#6343 = ORIENTED_EDGE('',*,*,#6209,.F.);
#6344 = PLANE('',#6345);
#6345 = AXIS2_PLACEMENT_3D('',#6346,#6347,#6348);
#6346 = CARTESIAN_POINT('',(-0.127,-11.938,0.));
#6347 = DIRECTION('',(0.,0.,-1.));
#6348 = DIRECTION('',(4.440892098501E-16,-1.,0.));
#6349 = ADVANCED_FACE('',(#6350),#6363,.T.);
#6350 = FACE_BOUND('',#6351,.T.);
#6351 = EDGE_LOOP('',(#6352,#6353,#6354,#6355,#6356,#6362));
#6352 = ORIENTED_EDGE('',*,*,#3570,.F.);
#6353 = ORIENTED_EDGE('',*,*,#5560,.F.);
#6354 = ORIENTED_EDGE('',*,*,#3251,.F.);
#6355 = ORIENTED_EDGE('',*,*,#3284,.F.);
#6356 = ORIENTED_EDGE('',*,*,#6357,.F.);
#6357 = EDGE_CURVE('',#3421,#3274,#6358,.T.);
#6358 = LINE('',#6359,#6360);
#6359 = CARTESIAN_POINT('',(0.254,-5.842,2.157));
#6360 = VECTOR('',#6361,1.);
#6361 = DIRECTION('',(-4.440892098501E-16,1.,0.));
#6362 = ORIENTED_EDGE('',*,*,#3431,.F.);
#6363 = PLANE('',#6364);
#6364 = AXIS2_PLACEMENT_3D('',#6365,#6366,#6367);
#6365 = CARTESIAN_POINT('',(3.683,-5.842,2.157));
#6366 = DIRECTION('',(0.,0.,1.));
#6367 = DIRECTION('',(-4.440892098501E-16,1.,0.));
#6368 = ADVANCED_FACE('',(#6369),#6380,.T.);
#6369 = FACE_BOUND('',#6370,.T.);
#6370 = EDGE_LOOP('',(#6371,#6372,#6373,#6379));
#6371 = ORIENTED_EDGE('',*,*,#6357,.T.);
#6372 = ORIENTED_EDGE('',*,*,#3273,.T.);
#6373 = ORIENTED_EDGE('',*,*,#6374,.F.);
#6374 = EDGE_CURVE('',#3423,#3276,#6375,.T.);
#6375 = LINE('',#6376,#6377);
#6376 = CARTESIAN_POINT('',(-0.127,-5.842,1.776));
#6377 = VECTOR('',#6378,1.);
#6378 = DIRECTION('',(-4.440892098501E-16,1.,0.));
#6379 = ORIENTED_EDGE('',*,*,#3420,.F.);
#6380 = CYLINDRICAL_SURFACE('',#6381,0.381);
#6381 = AXIS2_PLACEMENT_3D('',#6382,#6383,#6384);
#6382 = CARTESIAN_POINT('',(0.254,-5.842,1.776));
#6383 = DIRECTION('',(-4.440892098501E-16,1.,0.));
#6384 = DIRECTION('',(0.,0.,1.));
#6385 = ADVANCED_FACE('',(#6386),#6445,.F.);
#6386 = FACE_BOUND('',#6387,.F.);
#6387 = EDGE_LOOP('',(#6388,#6389,#6390,#6391,#6399,#6407,#6415,#6423,
    #6431,#6439));
#6388 = ORIENTED_EDGE('',*,*,#3317,.F.);
#6389 = ORIENTED_EDGE('',*,*,#6374,.F.);
#6390 = ORIENTED_EDGE('',*,*,#3464,.F.);
#6391 = ORIENTED_EDGE('',*,*,#6392,.F.);
#6392 = EDGE_CURVE('',#6393,#3457,#6395,.T.);
#6393 = VERTEX_POINT('',#6394);
#6394 = CARTESIAN_POINT('',(-0.127,-5.3085,0.));
#6395 = LINE('',#6396,#6397);
#6396 = CARTESIAN_POINT('',(-0.127,-5.3085,0.));
#6397 = VECTOR('',#6398,1.);
#6398 = DIRECTION('',(4.440892098501E-16,-1.,0.));
#6399 = ORIENTED_EDGE('',*,*,#6400,.F.);
#6400 = EDGE_CURVE('',#6401,#6393,#6403,.T.);
#6401 = VERTEX_POINT('',#6402);
#6402 = CARTESIAN_POINT('',(-0.127,-5.3085,-2.843));
#6403 = LINE('',#6404,#6405);
#6404 = CARTESIAN_POINT('',(-0.127,-5.3085,-2.843));
#6405 = VECTOR('',#6406,1.);
#6406 = DIRECTION('',(1.387374085862E-31,-3.124088708055E-16,1.));
#6407 = ORIENTED_EDGE('',*,*,#6408,.F.);
#6408 = EDGE_CURVE('',#6409,#6401,#6411,.T.);
#6409 = VERTEX_POINT('',#6410);
#6410 = CARTESIAN_POINT('',(-0.127,-5.19425,-3.3));
#6411 = LINE('',#6412,#6413);
#6412 = CARTESIAN_POINT('',(-0.127,-5.19425,-3.3));
#6413 = VECTOR('',#6414,1.);
#6414 = DIRECTION('',(1.077074540829E-16,-0.242535625036,0.970142500145)
  );
#6415 = ORIENTED_EDGE('',*,*,#6416,.F.);
#6416 = EDGE_CURVE('',#6417,#6409,#6419,.T.);
#6417 = VERTEX_POINT('',#6418);
#6418 = CARTESIAN_POINT('',(-0.127,-4.96575,-3.3));
#6419 = LINE('',#6420,#6421);
#6420 = CARTESIAN_POINT('',(-0.127,-4.96575,-3.3));
#6421 = VECTOR('',#6422,1.);
#6422 = DIRECTION('',(4.440892098501E-16,-1.,0.));
#6423 = ORIENTED_EDGE('',*,*,#6424,.F.);
#6424 = EDGE_CURVE('',#6425,#6417,#6427,.T.);
#6425 = VERTEX_POINT('',#6426);
#6426 = CARTESIAN_POINT('',(-0.127,-4.8515,-2.843));
#6427 = LINE('',#6428,#6429);
#6428 = CARTESIAN_POINT('',(-0.127,-4.8515,-2.843));
#6429 = VECTOR('',#6430,1.);
#6430 = DIRECTION('',(1.077074540829E-16,-0.242535625036,-0.970142500145
    ));
#6431 = ORIENTED_EDGE('',*,*,#6432,.F.);
#6432 = EDGE_CURVE('',#6433,#6425,#6435,.T.);
#6433 = VERTEX_POINT('',#6434);
#6434 = CARTESIAN_POINT('',(-0.127,-4.8515,0.));
#6435 = LINE('',#6436,#6437);
#6436 = CARTESIAN_POINT('',(-0.127,-4.8515,0.));
#6437 = VECTOR('',#6438,1.);
#6438 = DIRECTION('',(1.387374085862E-31,-3.124088708055E-16,-1.));
#6439 = ORIENTED_EDGE('',*,*,#6440,.F.);
#6440 = EDGE_CURVE('',#3310,#6433,#6441,.T.);
#6441 = LINE('',#6442,#6443);
#6442 = CARTESIAN_POINT('',(-0.127,-4.318,0.));
#6443 = VECTOR('',#6444,1.);
#6444 = DIRECTION('',(4.440892098501E-16,-1.,0.));
#6445 = PLANE('',#6446);
#6446 = AXIS2_PLACEMENT_3D('',#6447,#6448,#6449);
#6447 = CARTESIAN_POINT('',(-0.127,-4.318,2.157));
#6448 = DIRECTION('',(1.,4.440892098501E-16,0.));
#6449 = DIRECTION('',(0.,0.,-1.));
#6450 = ADVANCED_FACE('',(#6451),#6469,.T.);
#6451 = FACE_BOUND('',#6452,.T.);
#6452 = EDGE_LOOP('',(#6453,#6454,#6462,#6468));
#6453 = ORIENTED_EDGE('',*,*,#3309,.T.);
#6454 = ORIENTED_EDGE('',*,*,#6455,.T.);
#6455 = EDGE_CURVE('',#3302,#6456,#6458,.T.);
#6456 = VERTEX_POINT('',#6457);
#6457 = CARTESIAN_POINT('',(0.127,-4.8515,0.));
#6458 = LINE('',#6459,#6460);
#6459 = CARTESIAN_POINT('',(0.127,-4.318,0.));
#6460 = VECTOR('',#6461,1.);
#6461 = DIRECTION('',(4.440892098501E-16,-1.,0.));
#6462 = ORIENTED_EDGE('',*,*,#6463,.F.);
#6463 = EDGE_CURVE('',#6433,#6456,#6464,.T.);
#6464 = LINE('',#6465,#6466);
#6465 = CARTESIAN_POINT('',(-0.127,-4.8515,0.));
#6466 = VECTOR('',#6467,1.);
#6467 = DIRECTION('',(1.,4.440892098501E-16,0.));
#6468 = ORIENTED_EDGE('',*,*,#6440,.F.);
#6469 = PLANE('',#6470);
#6470 = AXIS2_PLACEMENT_3D('',#6471,#6472,#6473);
#6471 = CARTESIAN_POINT('',(-0.127,-4.318,0.));
#6472 = DIRECTION('',(0.,0.,-1.));
#6473 = DIRECTION('',(4.440892098501E-16,-1.,0.));
#6474 = ADVANCED_FACE('',(#6475),#6527,.T.);
#6475 = FACE_BOUND('',#6476,.T.);
#6476 = EDGE_LOOP('',(#6477,#6478,#6479,#6480,#6488,#6496,#6504,#6512,
    #6520,#6526));
#6477 = ORIENTED_EDGE('',*,*,#3301,.F.);
#6478 = ORIENTED_EDGE('',*,*,#3478,.T.);
#6479 = ORIENTED_EDGE('',*,*,#3448,.F.);
#6480 = ORIENTED_EDGE('',*,*,#6481,.F.);
#6481 = EDGE_CURVE('',#6482,#3449,#6484,.T.);
#6482 = VERTEX_POINT('',#6483);
#6483 = CARTESIAN_POINT('',(0.127,-5.3085,0.));
#6484 = LINE('',#6485,#6486);
#6485 = CARTESIAN_POINT('',(0.127,-5.3085,0.));
#6486 = VECTOR('',#6487,1.);
#6487 = DIRECTION('',(4.440892098501E-16,-1.,0.));
#6488 = ORIENTED_EDGE('',*,*,#6489,.F.);
#6489 = EDGE_CURVE('',#6490,#6482,#6492,.T.);
#6490 = VERTEX_POINT('',#6491);
#6491 = CARTESIAN_POINT('',(0.127,-5.3085,-2.843));
#6492 = LINE('',#6493,#6494);
#6493 = CARTESIAN_POINT('',(0.127,-5.3085,-2.843));
#6494 = VECTOR('',#6495,1.);
#6495 = DIRECTION('',(1.387374085862E-31,-3.124088708055E-16,1.));
#6496 = ORIENTED_EDGE('',*,*,#6497,.F.);
#6497 = EDGE_CURVE('',#6498,#6490,#6500,.T.);
#6498 = VERTEX_POINT('',#6499);
#6499 = CARTESIAN_POINT('',(0.127,-5.19425,-3.3));
#6500 = LINE('',#6501,#6502);
#6501 = CARTESIAN_POINT('',(0.127,-5.19425,-3.3));
#6502 = VECTOR('',#6503,1.);
#6503 = DIRECTION('',(1.077074540829E-16,-0.242535625036,0.970142500145)
  );
#6504 = ORIENTED_EDGE('',*,*,#6505,.F.);
#6505 = EDGE_CURVE('',#6506,#6498,#6508,.T.);
#6506 = VERTEX_POINT('',#6507);
#6507 = CARTESIAN_POINT('',(0.127,-4.96575,-3.3));
#6508 = LINE('',#6509,#6510);
#6509 = CARTESIAN_POINT('',(0.127,-4.96575,-3.3));
#6510 = VECTOR('',#6511,1.);
#6511 = DIRECTION('',(4.440892098501E-16,-1.,0.));
#6512 = ORIENTED_EDGE('',*,*,#6513,.F.);
#6513 = EDGE_CURVE('',#6514,#6506,#6516,.T.);
#6514 = VERTEX_POINT('',#6515);
#6515 = CARTESIAN_POINT('',(0.127,-4.8515,-2.843));
#6516 = LINE('',#6517,#6518);
#6517 = CARTESIAN_POINT('',(0.127,-4.8515,-2.843));
#6518 = VECTOR('',#6519,1.);
#6519 = DIRECTION('',(1.077074540829E-16,-0.242535625036,-0.970142500145
    ));
#6520 = ORIENTED_EDGE('',*,*,#6521,.F.);
#6521 = EDGE_CURVE('',#6456,#6514,#6522,.T.);
#6522 = LINE('',#6523,#6524);
#6523 = CARTESIAN_POINT('',(0.127,-4.8515,0.));
#6524 = VECTOR('',#6525,1.);
#6525 = DIRECTION('',(1.387374085862E-31,-3.124088708055E-16,-1.));
#6526 = ORIENTED_EDGE('',*,*,#6455,.F.);
#6527 = PLANE('',#6528);
#6528 = AXIS2_PLACEMENT_3D('',#6529,#6530,#6531);
#6529 = CARTESIAN_POINT('',(0.127,-4.318,2.157));
#6530 = DIRECTION('',(1.,4.440892098501E-16,0.));
#6531 = DIRECTION('',(0.,0.,-1.));
#6532 = ADVANCED_FACE('',(#6533),#6549,.T.);
#6533 = FACE_BOUND('',#6534,.T.);
#6534 = EDGE_LOOP('',(#6535,#6541,#6542,#6548));
#6535 = ORIENTED_EDGE('',*,*,#6536,.T.);
#6536 = EDGE_CURVE('',#3332,#3496,#6537,.T.);
#6537 = LINE('',#6538,#6539);
#6538 = CARTESIAN_POINT('',(0.254,-10.922,2.157));
#6539 = VECTOR('',#6540,1.);
#6540 = DIRECTION('',(-4.440892098501E-16,1.,0.));
#6541 = ORIENTED_EDGE('',*,*,#3495,.T.);
#6542 = ORIENTED_EDGE('',*,*,#6543,.F.);
#6543 = EDGE_CURVE('',#3334,#3498,#6544,.T.);
#6544 = LINE('',#6545,#6546);
#6545 = CARTESIAN_POINT('',(-0.127,-10.922,1.776));
#6546 = VECTOR('',#6547,1.);
#6547 = DIRECTION('',(-4.440892098501E-16,1.,0.));
#6548 = ORIENTED_EDGE('',*,*,#3331,.F.);
#6549 = CYLINDRICAL_SURFACE('',#6550,0.381);
#6550 = AXIS2_PLACEMENT_3D('',#6551,#6552,#6553);
#6551 = CARTESIAN_POINT('',(0.254,-10.922,1.776));
#6552 = DIRECTION('',(-4.440892098501E-16,1.,0.));
#6553 = DIRECTION('',(0.,0.,1.));
#6554 = ADVANCED_FACE('',(#6555),#6614,.F.);
#6555 = FACE_BOUND('',#6556,.F.);
#6556 = EDGE_LOOP('',(#6557,#6558,#6559,#6560,#6568,#6576,#6584,#6592,
    #6600,#6608));
#6557 = ORIENTED_EDGE('',*,*,#3539,.F.);
#6558 = ORIENTED_EDGE('',*,*,#6543,.F.);
#6559 = ORIENTED_EDGE('',*,*,#3375,.F.);
#6560 = ORIENTED_EDGE('',*,*,#6561,.F.);
#6561 = EDGE_CURVE('',#6562,#3368,#6564,.T.);
#6562 = VERTEX_POINT('',#6563);
#6563 = CARTESIAN_POINT('',(-0.127,-10.3885,0.));
#6564 = LINE('',#6565,#6566);
#6565 = CARTESIAN_POINT('',(-0.127,-10.3885,0.));
#6566 = VECTOR('',#6567,1.);
#6567 = DIRECTION('',(4.440892098501E-16,-1.,0.));
#6568 = ORIENTED_EDGE('',*,*,#6569,.F.);
#6569 = EDGE_CURVE('',#6570,#6562,#6572,.T.);
#6570 = VERTEX_POINT('',#6571);
#6571 = CARTESIAN_POINT('',(-0.127,-10.3885,-2.843));
#6572 = LINE('',#6573,#6574);
#6573 = CARTESIAN_POINT('',(-0.127,-10.3885,-2.843));
#6574 = VECTOR('',#6575,1.);
#6575 = DIRECTION('',(1.387374085862E-31,-3.124088708055E-16,1.));
#6576 = ORIENTED_EDGE('',*,*,#6577,.F.);
#6577 = EDGE_CURVE('',#6578,#6570,#6580,.T.);
#6578 = VERTEX_POINT('',#6579);
#6579 = CARTESIAN_POINT('',(-0.127,-10.27425,-3.3));
#6580 = LINE('',#6581,#6582);
#6581 = CARTESIAN_POINT('',(-0.127,-10.27425,-3.3));
#6582 = VECTOR('',#6583,1.);
#6583 = DIRECTION('',(1.077074540829E-16,-0.242535625036,0.970142500145)
  );
#6584 = ORIENTED_EDGE('',*,*,#6585,.F.);
#6585 = EDGE_CURVE('',#6586,#6578,#6588,.T.);
#6586 = VERTEX_POINT('',#6587);
#6587 = CARTESIAN_POINT('',(-0.127,-10.04575,-3.3));
#6588 = LINE('',#6589,#6590);
#6589 = CARTESIAN_POINT('',(-0.127,-10.04575,-3.3));
#6590 = VECTOR('',#6591,1.);
#6591 = DIRECTION('',(4.440892098501E-16,-1.,0.));
#6592 = ORIENTED_EDGE('',*,*,#6593,.F.);
#6593 = EDGE_CURVE('',#6594,#6586,#6596,.T.);
#6594 = VERTEX_POINT('',#6595);
#6595 = CARTESIAN_POINT('',(-0.127,-9.9315,-2.843));
#6596 = LINE('',#6597,#6598);
#6597 = CARTESIAN_POINT('',(-0.127,-9.9315,-2.843));
#6598 = VECTOR('',#6599,1.);
#6599 = DIRECTION('',(1.077074540829E-16,-0.242535625036,-0.970142500145
    ));
#6600 = ORIENTED_EDGE('',*,*,#6601,.F.);
#6601 = EDGE_CURVE('',#6602,#6594,#6604,.T.);
#6602 = VERTEX_POINT('',#6603);
#6603 = CARTESIAN_POINT('',(-0.127,-9.9315,0.));
#6604 = LINE('',#6605,#6606);
#6605 = CARTESIAN_POINT('',(-0.127,-9.9315,0.));
#6606 = VECTOR('',#6607,1.);
#6607 = DIRECTION('',(1.387374085862E-31,-3.124088708055E-16,-1.));
#6608 = ORIENTED_EDGE('',*,*,#6609,.F.);
#6609 = EDGE_CURVE('',#3532,#6602,#6610,.T.);
#6610 = LINE('',#6611,#6612);
#6611 = CARTESIAN_POINT('',(-0.127,-9.398,0.));
#6612 = VECTOR('',#6613,1.);
#6613 = DIRECTION('',(4.440892098501E-16,-1.,0.));
#6614 = PLANE('',#6615);
#6615 = AXIS2_PLACEMENT_3D('',#6616,#6617,#6618);
#6616 = CARTESIAN_POINT('',(-0.127,-9.398,2.157));
#6617 = DIRECTION('',(1.,4.440892098501E-16,0.));
#6618 = DIRECTION('',(0.,0.,-1.));
#6619 = ADVANCED_FACE('',(#6620),#6638,.T.);
#6620 = FACE_BOUND('',#6621,.T.);
#6621 = EDGE_LOOP('',(#6622,#6630,#6636,#6637));
#6622 = ORIENTED_EDGE('',*,*,#6623,.T.);
#6623 = EDGE_CURVE('',#6562,#6624,#6626,.T.);
#6624 = VERTEX_POINT('',#6625);
#6625 = CARTESIAN_POINT('',(0.127,-10.3885,0.));
#6626 = LINE('',#6627,#6628);
#6627 = CARTESIAN_POINT('',(-0.127,-10.3885,0.));
#6628 = VECTOR('',#6629,1.);
#6629 = DIRECTION('',(1.,4.440892098501E-16,0.));
#6630 = ORIENTED_EDGE('',*,*,#6631,.T.);
#6631 = EDGE_CURVE('',#6624,#3360,#6632,.T.);
#6632 = LINE('',#6633,#6634);
#6633 = CARTESIAN_POINT('',(0.127,-10.3885,0.));
#6634 = VECTOR('',#6635,1.);
#6635 = DIRECTION('',(4.440892098501E-16,-1.,0.));
#6636 = ORIENTED_EDGE('',*,*,#3367,.F.);
#6637 = ORIENTED_EDGE('',*,*,#6561,.F.);
#6638 = PLANE('',#6639);
#6639 = AXIS2_PLACEMENT_3D('',#6640,#6641,#6642);
#6640 = CARTESIAN_POINT('',(-0.127,-10.3885,0.));
#6641 = DIRECTION('',(0.,0.,-1.));
#6642 = DIRECTION('',(4.440892098501E-16,-1.,0.));
#6643 = ADVANCED_FACE('',(#6644),#6696,.T.);
#6644 = FACE_BOUND('',#6645,.T.);
#6645 = EDGE_LOOP('',(#6646,#6647,#6648,#6649,#6650,#6658,#6666,#6674,
    #6682,#6690));
#6646 = ORIENTED_EDGE('',*,*,#3523,.F.);
#6647 = ORIENTED_EDGE('',*,*,#3553,.T.);
#6648 = ORIENTED_EDGE('',*,*,#3359,.F.);
#6649 = ORIENTED_EDGE('',*,*,#6631,.F.);
#6650 = ORIENTED_EDGE('',*,*,#6651,.F.);
#6651 = EDGE_CURVE('',#6652,#6624,#6654,.T.);
#6652 = VERTEX_POINT('',#6653);
#6653 = CARTESIAN_POINT('',(0.127,-10.3885,-2.843));
#6654 = LINE('',#6655,#6656);
#6655 = CARTESIAN_POINT('',(0.127,-10.3885,-2.843));
#6656 = VECTOR('',#6657,1.);
#6657 = DIRECTION('',(1.387374085862E-31,-3.124088708055E-16,1.));
#6658 = ORIENTED_EDGE('',*,*,#6659,.F.);
#6659 = EDGE_CURVE('',#6660,#6652,#6662,.T.);
#6660 = VERTEX_POINT('',#6661);
#6661 = CARTESIAN_POINT('',(0.127,-10.27425,-3.3));
#6662 = LINE('',#6663,#6664);
#6663 = CARTESIAN_POINT('',(0.127,-10.27425,-3.3));
#6664 = VECTOR('',#6665,1.);
#6665 = DIRECTION('',(1.077074540829E-16,-0.242535625036,0.970142500145)
  );
#6666 = ORIENTED_EDGE('',*,*,#6667,.F.);
#6667 = EDGE_CURVE('',#6668,#6660,#6670,.T.);
#6668 = VERTEX_POINT('',#6669);
#6669 = CARTESIAN_POINT('',(0.127,-10.04575,-3.3));
#6670 = LINE('',#6671,#6672);
#6671 = CARTESIAN_POINT('',(0.127,-10.04575,-3.3));
#6672 = VECTOR('',#6673,1.);
#6673 = DIRECTION('',(4.440892098501E-16,-1.,0.));
#6674 = ORIENTED_EDGE('',*,*,#6675,.F.);
#6675 = EDGE_CURVE('',#6676,#6668,#6678,.T.);
#6676 = VERTEX_POINT('',#6677);
#6677 = CARTESIAN_POINT('',(0.127,-9.9315,-2.843));
#6678 = LINE('',#6679,#6680);
#6679 = CARTESIAN_POINT('',(0.127,-9.9315,-2.843));
#6680 = VECTOR('',#6681,1.);
#6681 = DIRECTION('',(1.077074540829E-16,-0.242535625036,-0.970142500145
    ));
#6682 = ORIENTED_EDGE('',*,*,#6683,.F.);
#6683 = EDGE_CURVE('',#6684,#6676,#6686,.T.);
#6684 = VERTEX_POINT('',#6685);
#6685 = CARTESIAN_POINT('',(0.127,-9.9315,0.));
#6686 = LINE('',#6687,#6688);
#6687 = CARTESIAN_POINT('',(0.127,-9.9315,0.));
#6688 = VECTOR('',#6689,1.);
#6689 = DIRECTION('',(1.387374085862E-31,-3.124088708055E-16,-1.));
#6690 = ORIENTED_EDGE('',*,*,#6691,.F.);
#6691 = EDGE_CURVE('',#3524,#6684,#6692,.T.);
#6692 = LINE('',#6693,#6694);
#6693 = CARTESIAN_POINT('',(0.127,-9.398,0.));
#6694 = VECTOR('',#6695,1.);
#6695 = DIRECTION('',(4.440892098501E-16,-1.,0.));
#6696 = PLANE('',#6697);
#6697 = AXIS2_PLACEMENT_3D('',#6698,#6699,#6700);
#6698 = CARTESIAN_POINT('',(0.127,-9.398,2.157));
#6699 = DIRECTION('',(1.,4.440892098501E-16,0.));
#6700 = DIRECTION('',(0.,0.,-1.));
#6701 = ADVANCED_FACE('',(#6702),#6710,.T.);
#6702 = FACE_BOUND('',#6703,.T.);
#6703 = EDGE_LOOP('',(#6704,#6705,#6706,#6707,#6708,#6709));
#6704 = ORIENTED_EDGE('',*,*,#3389,.F.);
#6705 = ORIENTED_EDGE('',*,*,#5574,.F.);
#6706 = ORIENTED_EDGE('',*,*,#3726,.F.);
#6707 = ORIENTED_EDGE('',*,*,#3506,.F.);
#6708 = ORIENTED_EDGE('',*,*,#6536,.F.);
#6709 = ORIENTED_EDGE('',*,*,#3342,.F.);
#6710 = PLANE('',#6711);
#6711 = AXIS2_PLACEMENT_3D('',#6712,#6713,#6714);
#6712 = CARTESIAN_POINT('',(3.683,-10.922,2.157));
#6713 = DIRECTION('',(0.,0.,1.));
#6714 = DIRECTION('',(-4.440892098501E-16,1.,0.));
#6715 = ADVANCED_FACE('',(#6716),#6727,.T.);
#6716 = FACE_BOUND('',#6717,.T.);
#6717 = EDGE_LOOP('',(#6718,#6724,#6725,#6726));
#6718 = ORIENTED_EDGE('',*,*,#6719,.T.);
#6719 = EDGE_CURVE('',#6393,#6482,#6720,.T.);
#6720 = LINE('',#6721,#6722);
#6721 = CARTESIAN_POINT('',(-0.127,-5.3085,0.));
#6722 = VECTOR('',#6723,1.);
#6723 = DIRECTION('',(1.,4.440892098501E-16,0.));
#6724 = ORIENTED_EDGE('',*,*,#6481,.T.);
#6725 = ORIENTED_EDGE('',*,*,#3456,.F.);
#6726 = ORIENTED_EDGE('',*,*,#6392,.F.);
#6727 = PLANE('',#6728);
#6728 = AXIS2_PLACEMENT_3D('',#6729,#6730,#6731);
#6729 = CARTESIAN_POINT('',(-0.127,-5.3085,0.));
#6730 = DIRECTION('',(0.,0.,-1.));
#6731 = DIRECTION('',(4.440892098501E-16,-1.,0.));
#6732 = ADVANCED_FACE('',(#6733),#6744,.T.);
#6733 = FACE_BOUND('',#6734,.T.);
#6734 = EDGE_LOOP('',(#6735,#6736,#6737,#6743));
#6735 = ORIENTED_EDGE('',*,*,#3531,.T.);
#6736 = ORIENTED_EDGE('',*,*,#6691,.T.);
#6737 = ORIENTED_EDGE('',*,*,#6738,.F.);
#6738 = EDGE_CURVE('',#6602,#6684,#6739,.T.);
#6739 = LINE('',#6740,#6741);
#6740 = CARTESIAN_POINT('',(-0.127,-9.9315,0.));
#6741 = VECTOR('',#6742,1.);
#6742 = DIRECTION('',(1.,4.440892098501E-16,0.));
#6743 = ORIENTED_EDGE('',*,*,#6609,.F.);
#6744 = PLANE('',#6745);
#6745 = AXIS2_PLACEMENT_3D('',#6746,#6747,#6748);
#6746 = CARTESIAN_POINT('',(-0.127,-9.398,0.));
#6747 = DIRECTION('',(0.,0.,-1.));
#6748 = DIRECTION('',(4.440892098501E-16,-1.,0.));
#6749 = ADVANCED_FACE('',(#6750),#6763,.T.);
#6750 = FACE_BOUND('',#6751,.T.);
#6751 = EDGE_LOOP('',(#6752,#6753,#6754,#6755,#6756,#6762));
#6752 = ORIENTED_EDGE('',*,*,#3717,.F.);
#6753 = ORIENTED_EDGE('',*,*,#5567,.F.);
#6754 = ORIENTED_EDGE('',*,*,#3579,.F.);
#6755 = ORIENTED_EDGE('',*,*,#3612,.F.);
#6756 = ORIENTED_EDGE('',*,*,#6757,.F.);
#6757 = EDGE_CURVE('',#3660,#3602,#6758,.T.);
#6758 = LINE('',#6759,#6760);
#6759 = CARTESIAN_POINT('',(0.254,-8.382,2.157));
#6760 = VECTOR('',#6761,1.);
#6761 = DIRECTION('',(-4.440892098501E-16,1.,0.));
#6762 = ORIENTED_EDGE('',*,*,#3670,.F.);
#6763 = PLANE('',#6764);
#6764 = AXIS2_PLACEMENT_3D('',#6765,#6766,#6767);
#6765 = CARTESIAN_POINT('',(3.683,-8.382,2.157));
#6766 = DIRECTION('',(0.,0.,1.));
#6767 = DIRECTION('',(-4.440892098501E-16,1.,0.));
#6768 = ADVANCED_FACE('',(#6769),#6780,.T.);
#6769 = FACE_BOUND('',#6770,.T.);
#6770 = EDGE_LOOP('',(#6771,#6772,#6773,#6779));
#6771 = ORIENTED_EDGE('',*,*,#6757,.T.);
#6772 = ORIENTED_EDGE('',*,*,#3601,.T.);
#6773 = ORIENTED_EDGE('',*,*,#6774,.F.);
#6774 = EDGE_CURVE('',#3662,#3604,#6775,.T.);
#6775 = LINE('',#6776,#6777);
#6776 = CARTESIAN_POINT('',(-0.127,-8.382,1.776));
#6777 = VECTOR('',#6778,1.);
#6778 = DIRECTION('',(-4.440892098501E-16,1.,0.));
#6779 = ORIENTED_EDGE('',*,*,#3659,.F.);
#6780 = CYLINDRICAL_SURFACE('',#6781,0.381);
#6781 = AXIS2_PLACEMENT_3D('',#6782,#6783,#6784);
#6782 = CARTESIAN_POINT('',(0.254,-8.382,1.776));
#6783 = DIRECTION('',(-4.440892098501E-16,1.,0.));
#6784 = DIRECTION('',(0.,0.,1.));
#6785 = ADVANCED_FACE('',(#6786),#6845,.F.);
#6786 = FACE_BOUND('',#6787,.F.);
#6787 = EDGE_LOOP('',(#6788,#6789,#6790,#6791,#6799,#6807,#6815,#6823,
    #6831,#6839));
#6788 = ORIENTED_EDGE('',*,*,#3645,.F.);
#6789 = ORIENTED_EDGE('',*,*,#6774,.F.);
#6790 = ORIENTED_EDGE('',*,*,#3703,.F.);
#6791 = ORIENTED_EDGE('',*,*,#6792,.F.);
#6792 = EDGE_CURVE('',#6793,#3696,#6795,.T.);
#6793 = VERTEX_POINT('',#6794);
#6794 = CARTESIAN_POINT('',(-0.127,-7.8485,0.));
#6795 = LINE('',#6796,#6797);
#6796 = CARTESIAN_POINT('',(-0.127,-7.8485,0.));
#6797 = VECTOR('',#6798,1.);
#6798 = DIRECTION('',(4.440892098501E-16,-1.,0.));
#6799 = ORIENTED_EDGE('',*,*,#6800,.F.);
#6800 = EDGE_CURVE('',#6801,#6793,#6803,.T.);
#6801 = VERTEX_POINT('',#6802);
#6802 = CARTESIAN_POINT('',(-0.127,-7.8485,-2.843));
#6803 = LINE('',#6804,#6805);
#6804 = CARTESIAN_POINT('',(-0.127,-7.8485,-2.843));
#6805 = VECTOR('',#6806,1.);
#6806 = DIRECTION('',(1.387374085862E-31,-3.124088708055E-16,1.));
#6807 = ORIENTED_EDGE('',*,*,#6808,.F.);
#6808 = EDGE_CURVE('',#6809,#6801,#6811,.T.);
#6809 = VERTEX_POINT('',#6810);
#6810 = CARTESIAN_POINT('',(-0.127,-7.73425,-3.3));
#6811 = LINE('',#6812,#6813);
#6812 = CARTESIAN_POINT('',(-0.127,-7.73425,-3.3));
#6813 = VECTOR('',#6814,1.);
#6814 = DIRECTION('',(1.077074540829E-16,-0.242535625036,0.970142500145)
  );
#6815 = ORIENTED_EDGE('',*,*,#6816,.F.);
#6816 = EDGE_CURVE('',#6817,#6809,#6819,.T.);
#6817 = VERTEX_POINT('',#6818);
#6818 = CARTESIAN_POINT('',(-0.127,-7.50575,-3.3));
#6819 = LINE('',#6820,#6821);
#6820 = CARTESIAN_POINT('',(-0.127,-7.50575,-3.3));
#6821 = VECTOR('',#6822,1.);
#6822 = DIRECTION('',(4.440892098501E-16,-1.,0.));
#6823 = ORIENTED_EDGE('',*,*,#6824,.F.);
#6824 = EDGE_CURVE('',#6825,#6817,#6827,.T.);
#6825 = VERTEX_POINT('',#6826);
#6826 = CARTESIAN_POINT('',(-0.127,-7.3915,-2.843));
#6827 = LINE('',#6828,#6829);
#6828 = CARTESIAN_POINT('',(-0.127,-7.3915,-2.843));
#6829 = VECTOR('',#6830,1.);
#6830 = DIRECTION('',(1.077074540829E-16,-0.242535625036,-0.970142500145
    ));
#6831 = ORIENTED_EDGE('',*,*,#6832,.F.);
#6832 = EDGE_CURVE('',#6833,#6825,#6835,.T.);
#6833 = VERTEX_POINT('',#6834);
#6834 = CARTESIAN_POINT('',(-0.127,-7.3915,0.));
#6835 = LINE('',#6836,#6837);
#6836 = CARTESIAN_POINT('',(-0.127,-7.3915,0.));
#6837 = VECTOR('',#6838,1.);
#6838 = DIRECTION('',(1.387374085862E-31,-3.124088708055E-16,-1.));
#6839 = ORIENTED_EDGE('',*,*,#6840,.F.);
#6840 = EDGE_CURVE('',#3638,#6833,#6841,.T.);
#6841 = LINE('',#6842,#6843);
#6842 = CARTESIAN_POINT('',(-0.127,-6.858,0.));
#6843 = VECTOR('',#6844,1.);
#6844 = DIRECTION('',(4.440892098501E-16,-1.,0.));
#6845 = PLANE('',#6846);
#6846 = AXIS2_PLACEMENT_3D('',#6847,#6848,#6849);
#6847 = CARTESIAN_POINT('',(-0.127,-6.858,2.157));
#6848 = DIRECTION('',(1.,4.440892098501E-16,0.));
#6849 = DIRECTION('',(0.,0.,-1.));
#6850 = ADVANCED_FACE('',(#6851),#6869,.T.);
#6851 = FACE_BOUND('',#6852,.T.);
#6852 = EDGE_LOOP('',(#6853,#6854,#6862,#6868));
#6853 = ORIENTED_EDGE('',*,*,#3637,.T.);
#6854 = ORIENTED_EDGE('',*,*,#6855,.T.);
#6855 = EDGE_CURVE('',#3630,#6856,#6858,.T.);
#6856 = VERTEX_POINT('',#6857);
#6857 = CARTESIAN_POINT('',(0.127,-7.3915,0.));
#6858 = LINE('',#6859,#6860);
#6859 = CARTESIAN_POINT('',(0.127,-6.858,0.));
#6860 = VECTOR('',#6861,1.);
#6861 = DIRECTION('',(4.440892098501E-16,-1.,0.));
#6862 = ORIENTED_EDGE('',*,*,#6863,.F.);
#6863 = EDGE_CURVE('',#6833,#6856,#6864,.T.);
#6864 = LINE('',#6865,#6866);
#6865 = CARTESIAN_POINT('',(-0.127,-7.3915,0.));
#6866 = VECTOR('',#6867,1.);
#6867 = DIRECTION('',(1.,4.440892098501E-16,0.));
#6868 = ORIENTED_EDGE('',*,*,#6840,.F.);
#6869 = PLANE('',#6870);
#6870 = AXIS2_PLACEMENT_3D('',#6871,#6872,#6873);
#6871 = CARTESIAN_POINT('',(-0.127,-6.858,0.));
#6872 = DIRECTION('',(0.,0.,-1.));
#6873 = DIRECTION('',(4.440892098501E-16,-1.,0.));
#6874 = ADVANCED_FACE('',(#6875),#6927,.T.);
#6875 = FACE_BOUND('',#6876,.T.);
#6876 = EDGE_LOOP('',(#6877,#6878,#6879,#6880,#6888,#6896,#6904,#6912,
    #6920,#6926));
#6877 = ORIENTED_EDGE('',*,*,#3629,.F.);
#6878 = ORIENTED_EDGE('',*,*,#3748,.T.);
#6879 = ORIENTED_EDGE('',*,*,#3687,.F.);
#6880 = ORIENTED_EDGE('',*,*,#6881,.F.);
#6881 = EDGE_CURVE('',#6882,#3688,#6884,.T.);
#6882 = VERTEX_POINT('',#6883);
#6883 = CARTESIAN_POINT('',(0.127,-7.8485,0.));
#6884 = LINE('',#6885,#6886);
#6885 = CARTESIAN_POINT('',(0.127,-7.8485,0.));
#6886 = VECTOR('',#6887,1.);
#6887 = DIRECTION('',(4.440892098501E-16,-1.,0.));
#6888 = ORIENTED_EDGE('',*,*,#6889,.F.);
#6889 = EDGE_CURVE('',#6890,#6882,#6892,.T.);
#6890 = VERTEX_POINT('',#6891);
#6891 = CARTESIAN_POINT('',(0.127,-7.8485,-2.843));
#6892 = LINE('',#6893,#6894);
#6893 = CARTESIAN_POINT('',(0.127,-7.8485,-2.843));
#6894 = VECTOR('',#6895,1.);
#6895 = DIRECTION('',(1.387374085862E-31,-3.124088708055E-16,1.));
#6896 = ORIENTED_EDGE('',*,*,#6897,.F.);
#6897 = EDGE_CURVE('',#6898,#6890,#6900,.T.);
#6898 = VERTEX_POINT('',#6899);
#6899 = CARTESIAN_POINT('',(0.127,-7.73425,-3.3));
#6900 = LINE('',#6901,#6902);
#6901 = CARTESIAN_POINT('',(0.127,-7.73425,-3.3));
#6902 = VECTOR('',#6903,1.);
#6903 = DIRECTION('',(1.077074540829E-16,-0.242535625036,0.970142500145)
  );
#6904 = ORIENTED_EDGE('',*,*,#6905,.F.);
#6905 = EDGE_CURVE('',#6906,#6898,#6908,.T.);
#6906 = VERTEX_POINT('',#6907);
#6907 = CARTESIAN_POINT('',(0.127,-7.50575,-3.3));
#6908 = LINE('',#6909,#6910);
#6909 = CARTESIAN_POINT('',(0.127,-7.50575,-3.3));
#6910 = VECTOR('',#6911,1.);
#6911 = DIRECTION('',(4.440892098501E-16,-1.,0.));
#6912 = ORIENTED_EDGE('',*,*,#6913,.F.);
#6913 = EDGE_CURVE('',#6914,#6906,#6916,.T.);
#6914 = VERTEX_POINT('',#6915);
#6915 = CARTESIAN_POINT('',(0.127,-7.3915,-2.843));
#6916 = LINE('',#6917,#6918);
#6917 = CARTESIAN_POINT('',(0.127,-7.3915,-2.843));
#6918 = VECTOR('',#6919,1.);
#6919 = DIRECTION('',(1.077074540829E-16,-0.242535625036,-0.970142500145
    ));
#6920 = ORIENTED_EDGE('',*,*,#6921,.F.);
#6921 = EDGE_CURVE('',#6856,#6914,#6922,.T.);
#6922 = LINE('',#6923,#6924);
#6923 = CARTESIAN_POINT('',(0.127,-7.3915,0.));
#6924 = VECTOR('',#6925,1.);
#6925 = DIRECTION('',(1.387374085862E-31,-3.124088708055E-16,-1.));
#6926 = ORIENTED_EDGE('',*,*,#6855,.F.);
#6927 = PLANE('',#6928);
#6928 = AXIS2_PLACEMENT_3D('',#6929,#6930,#6931);
#6929 = CARTESIAN_POINT('',(0.127,-6.858,2.157));
#6930 = DIRECTION('',(1.,4.440892098501E-16,0.));
#6931 = DIRECTION('',(0.,0.,-1.));
#6932 = ADVANCED_FACE('',(#6933),#6944,.T.);
#6933 = FACE_BOUND('',#6934,.T.);
#6934 = EDGE_LOOP('',(#6935,#6941,#6942,#6943));
#6935 = ORIENTED_EDGE('',*,*,#6936,.T.);
#6936 = EDGE_CURVE('',#6793,#6882,#6937,.T.);
#6937 = LINE('',#6938,#6939);
#6938 = CARTESIAN_POINT('',(-0.127,-7.8485,0.));
#6939 = VECTOR('',#6940,1.);
#6940 = DIRECTION('',(1.,4.440892098501E-16,0.));
#6941 = ORIENTED_EDGE('',*,*,#6881,.T.);
#6942 = ORIENTED_EDGE('',*,*,#3695,.F.);
#6943 = ORIENTED_EDGE('',*,*,#6792,.F.);
#6944 = PLANE('',#6945);
#6945 = AXIS2_PLACEMENT_3D('',#6946,#6947,#6948);
#6946 = CARTESIAN_POINT('',(-0.127,-7.8485,0.));
#6947 = DIRECTION('',(0.,0.,-1.));
#6948 = DIRECTION('',(4.440892098501E-16,-1.,0.));
#6949 = ADVANCED_FACE('',(#6950),#6961,.T.);
#6950 = FACE_BOUND('',#6951,.T.);
#6951 = EDGE_LOOP('',(#6952,#6953,#6954,#6960));
#6952 = ORIENTED_EDGE('',*,*,#3767,.T.);
#6953 = ORIENTED_EDGE('',*,*,#3847,.T.);
#6954 = ORIENTED_EDGE('',*,*,#6955,.F.);
#6955 = EDGE_CURVE('',#5596,#3840,#6956,.T.);
#6956 = LINE('',#6957,#6958);
#6957 = CARTESIAN_POINT('',(1.033723643423,-16.74627635657,3.68));
#6958 = VECTOR('',#6959,1.);
#6959 = DIRECTION('',(1.,4.440892098501E-16,0.));
#6960 = ORIENTED_EDGE('',*,*,#5595,.F.);
#6961 = B_SPLINE_SURFACE_WITH_KNOTS('',1,1,(
    (#6962,#6963)
    ,(#6964,#6965
    )),.UNSPECIFIED.,.F.,.F.,.F.,(2,2),(2,2),(0.,6.2),(0.,1.),
  .PIECEWISE_BEZIER_KNOTS.);
#6962 = CARTESIAN_POINT('',(0.71,-17.07,2.157));
#6963 = CARTESIAN_POINT('',(1.033723643423,-16.74627635657,3.68));
#6964 = CARTESIAN_POINT('',(6.91,-17.07,2.157));
#6965 = CARTESIAN_POINT('',(6.586276356577,-16.74627635657,3.68));
#6966 = ADVANCED_FACE('',(#6967),#6990,.F.);
#6967 = FACE_BOUND('',#6968,.F.);
#6968 = EDGE_LOOP('',(#6969,#6970,#6971,#6972,#6973,#6982,#6989));
#6969 = ORIENTED_EDGE('',*,*,#3839,.F.);
#6970 = ORIENTED_EDGE('',*,*,#6955,.F.);
#6971 = ORIENTED_EDGE('',*,*,#5602,.F.);
#6972 = ORIENTED_EDGE('',*,*,#5205,.F.);
#6973 = ORIENTED_EDGE('',*,*,#6974,.F.);
#6974 = EDGE_CURVE('',#6975,#5206,#6977,.T.);
#6975 = VERTEX_POINT('',#6976);
#6976 = CARTESIAN_POINT('',(3.81,0.831276356577,3.68));
#6977 = CIRCLE('',#6978,0.75);
#6978 = AXIS2_PLACEMENT_3D('',#6979,#6980,#6981);
#6979 = CARTESIAN_POINT('',(3.81,1.581276356577,3.68));
#6980 = DIRECTION('',(0.,-0.,-1.));
#6981 = DIRECTION('',(4.440892098501E-16,-1.,0.));
#6982 = ORIENTED_EDGE('',*,*,#6983,.F.);
#6983 = EDGE_CURVE('',#5426,#6975,#6984,.T.);
#6984 = CIRCLE('',#6985,0.75);
#6985 = AXIS2_PLACEMENT_3D('',#6986,#6987,#6988);
#6986 = CARTESIAN_POINT('',(3.81,1.581276356577,3.68));
#6987 = DIRECTION('',(0.,-0.,-1.));
#6988 = DIRECTION('',(4.440892098501E-16,-1.,0.));
#6989 = ORIENTED_EDGE('',*,*,#5531,.F.);
#6990 = PLANE('',#6991);
#6991 = AXIS2_PLACEMENT_3D('',#6992,#6993,#6994);
#6992 = CARTESIAN_POINT('',(6.586276356577,-16.74627635657,3.68));
#6993 = DIRECTION('',(-0.,0.,-1.));
#6994 = DIRECTION('',(-0.291038228898,0.956711424265,0.));
#6995 = ADVANCED_FACE('',(#6996),#7007,.T.);
#6996 = FACE_BOUND('',#6997,.T.);
#6997 = EDGE_LOOP('',(#6998,#6999,#7000,#7006));
#6998 = ORIENTED_EDGE('',*,*,#3930,.T.);
#6999 = ORIENTED_EDGE('',*,*,#3906,.T.);
#7000 = ORIENTED_EDGE('',*,*,#7001,.F.);
#7001 = EDGE_CURVE('',#3977,#3899,#7002,.T.);
#7002 = LINE('',#7003,#7004);
#7003 = CARTESIAN_POINT('',(7.747,-15.12575,-3.3));
#7004 = VECTOR('',#7005,1.);
#7005 = DIRECTION('',(-1.,-3.216245299353E-16,0.));
#7006 = ORIENTED_EDGE('',*,*,#3984,.F.);
#7007 = PLANE('',#7008);
#7008 = AXIS2_PLACEMENT_3D('',#7009,#7010,#7011);
#7009 = CARTESIAN_POINT('',(7.747,-15.35425,-3.3));
#7010 = DIRECTION('',(-0.,0.,-1.));
#7011 = DIRECTION('',(-3.216245299353E-16,1.,0.));
#7012 = ADVANCED_FACE('',(#7013),#7024,.T.);
#7013 = FACE_BOUND('',#7014,.T.);
#7014 = EDGE_LOOP('',(#7015,#7016,#7017,#7023));
#7015 = ORIENTED_EDGE('',*,*,#7001,.T.);
#7016 = ORIENTED_EDGE('',*,*,#3898,.T.);
#7017 = ORIENTED_EDGE('',*,*,#7018,.F.);
#7018 = EDGE_CURVE('',#3969,#3891,#7019,.T.);
#7019 = LINE('',#7020,#7021);
#7020 = CARTESIAN_POINT('',(7.747,-15.0115,-2.843));
#7021 = VECTOR('',#7022,1.);
#7022 = DIRECTION('',(-1.,-3.216245299353E-16,0.));
#7023 = ORIENTED_EDGE('',*,*,#3976,.F.);
#7024 = PLANE('',#7025);
#7025 = AXIS2_PLACEMENT_3D('',#7026,#7027,#7028);
#7026 = CARTESIAN_POINT('',(7.747,-15.12575,-3.3));
#7027 = DIRECTION('',(-3.120216255796E-16,0.970142500145,-0.242535625036
    ));
#7028 = DIRECTION('',(-7.800540639491E-17,0.242535625036,0.970142500145)
  );
#7029 = ADVANCED_FACE('',(#7030),#7036,.T.);
#7030 = FACE_BOUND('',#7031,.T.);
#7031 = EDGE_LOOP('',(#7032,#7033,#7034,#7035));
#7032 = ORIENTED_EDGE('',*,*,#7018,.T.);
#7033 = ORIENTED_EDGE('',*,*,#3890,.T.);
#7034 = ORIENTED_EDGE('',*,*,#4162,.F.);
#7035 = ORIENTED_EDGE('',*,*,#3968,.F.);
#7036 = PLANE('',#7037);
#7037 = AXIS2_PLACEMENT_3D('',#7038,#7039,#7040);
#7038 = CARTESIAN_POINT('',(7.747,-15.0115,-2.843));
#7039 = DIRECTION('',(-3.216245299353E-16,1.,0.));
#7040 = DIRECTION('',(0.,0.,1.));
#7041 = ADVANCED_FACE('',(#7042),#7053,.F.);
#7042 = FACE_BOUND('',#7043,.F.);
#7043 = EDGE_LOOP('',(#7044,#7045,#7046,#7052));
#7044 = ORIENTED_EDGE('',*,*,#4105,.T.);
#7045 = ORIENTED_EDGE('',*,*,#4147,.T.);
#7046 = ORIENTED_EDGE('',*,*,#7047,.F.);
#7047 = EDGE_CURVE('',#4067,#4140,#7048,.T.);
#7048 = LINE('',#7049,#7050);
#7049 = CARTESIAN_POINT('',(7.747,-0.11425,-3.3));
#7050 = VECTOR('',#7051,1.);
#7051 = DIRECTION('',(-1.,-3.216245299353E-16,0.));
#7052 = ORIENTED_EDGE('',*,*,#4074,.F.);
#7053 = PLANE('',#7054);
#7054 = AXIS2_PLACEMENT_3D('',#7055,#7056,#7057);
#7055 = CARTESIAN_POINT('',(7.747,0.11425,-3.3));
#7056 = DIRECTION('',(0.,0.,1.));
#7057 = DIRECTION('',(3.216245299353E-16,-1.,0.));
#7058 = ADVANCED_FACE('',(#7059),#7070,.F.);
#7059 = FACE_BOUND('',#7060,.F.);
#7060 = EDGE_LOOP('',(#7061,#7062,#7063,#7069));
#7061 = ORIENTED_EDGE('',*,*,#7047,.T.);
#7062 = ORIENTED_EDGE('',*,*,#4139,.T.);
#7063 = ORIENTED_EDGE('',*,*,#7064,.F.);
#7064 = EDGE_CURVE('',#4059,#4132,#7065,.T.);
#7065 = LINE('',#7066,#7067);
#7066 = CARTESIAN_POINT('',(7.747,-0.2285,-2.843));
#7067 = VECTOR('',#7068,1.);
#7068 = DIRECTION('',(-1.,-3.216245299353E-16,0.));
#7069 = ORIENTED_EDGE('',*,*,#4066,.F.);
#7070 = PLANE('',#7071);
#7071 = AXIS2_PLACEMENT_3D('',#7072,#7073,#7074);
#7072 = CARTESIAN_POINT('',(7.747,-0.11425,-3.3));
#7073 = DIRECTION('',(-3.120216255796E-16,0.970142500145,0.242535625036)
  );
#7074 = DIRECTION('',(7.800540639491E-17,-0.242535625036,0.970142500145)
  );
#7075 = ADVANCED_FACE('',(#7076),#7082,.F.);
#7076 = FACE_BOUND('',#7077,.F.);
#7077 = EDGE_LOOP('',(#7078,#7079,#7080,#7081));
#7078 = ORIENTED_EDGE('',*,*,#7064,.T.);
#7079 = ORIENTED_EDGE('',*,*,#4131,.T.);
#7080 = ORIENTED_EDGE('',*,*,#4179,.F.);
#7081 = ORIENTED_EDGE('',*,*,#4058,.F.);
#7082 = PLANE('',#7083);
#7083 = AXIS2_PLACEMENT_3D('',#7084,#7085,#7086);
#7084 = CARTESIAN_POINT('',(7.747,-0.2285,-2.843));
#7085 = DIRECTION('',(-3.216245299353E-16,1.,0.));
#7086 = DIRECTION('',(0.,0.,1.));
#7087 = ADVANCED_FACE('',(#7088),#7099,.T.);
#7088 = FACE_BOUND('',#7089,.T.);
#7089 = EDGE_LOOP('',(#7090,#7091,#7092,#7098));
#7090 = ORIENTED_EDGE('',*,*,#4282,.T.);
#7091 = ORIENTED_EDGE('',*,*,#4258,.T.);
#7092 = ORIENTED_EDGE('',*,*,#7093,.F.);
#7093 = EDGE_CURVE('',#4345,#4251,#7094,.T.);
#7094 = LINE('',#7095,#7096);
#7095 = CARTESIAN_POINT('',(7.747,-12.9285,-2.843));
#7096 = VECTOR('',#7097,1.);
#7097 = DIRECTION('',(-1.,-3.216245299353E-16,0.));
#7098 = ORIENTED_EDGE('',*,*,#4352,.F.);
#7099 = PLANE('',#7100);
#7100 = AXIS2_PLACEMENT_3D('',#7101,#7102,#7103);
#7101 = CARTESIAN_POINT('',(7.747,-12.9285,0.));
#7102 = DIRECTION('',(3.216245299353E-16,-1.,-3.124088708055E-16));
#7103 = DIRECTION('',(-1.004783562205E-31,3.124088708055E-16,-1.));
#7104 = ADVANCED_FACE('',(#7105),#7116,.T.);
#7105 = FACE_BOUND('',#7106,.T.);
#7106 = EDGE_LOOP('',(#7107,#7108,#7109,#7115));
#7107 = ORIENTED_EDGE('',*,*,#7093,.T.);
#7108 = ORIENTED_EDGE('',*,*,#4250,.T.);
#7109 = ORIENTED_EDGE('',*,*,#7110,.F.);
#7110 = EDGE_CURVE('',#4337,#4243,#7111,.T.);
#7111 = LINE('',#7112,#7113);
#7112 = CARTESIAN_POINT('',(7.747,-12.81425,-3.3));
#7113 = VECTOR('',#7114,1.);
#7114 = DIRECTION('',(-1.,-3.216245299353E-16,0.));
#7115 = ORIENTED_EDGE('',*,*,#4344,.F.);
#7116 = PLANE('',#7117);
#7117 = AXIS2_PLACEMENT_3D('',#7118,#7119,#7120);
#7118 = CARTESIAN_POINT('',(7.747,-12.9285,-2.843));
#7119 = DIRECTION('',(3.120216255796E-16,-0.970142500145,-0.242535625036
    ));
#7120 = DIRECTION('',(-7.800540639491E-17,0.242535625036,-0.970142500145
    ));
#7121 = ADVANCED_FACE('',(#7122),#7133,.T.);
#7122 = FACE_BOUND('',#7123,.T.);
#7123 = EDGE_LOOP('',(#7124,#7130,#7131,#7132));
#7124 = ORIENTED_EDGE('',*,*,#7125,.T.);
#7125 = EDGE_CURVE('',#4321,#4227,#7126,.T.);
#7126 = LINE('',#7127,#7128);
#7127 = CARTESIAN_POINT('',(7.747,-12.4715,-2.843));
#7128 = VECTOR('',#7129,1.);
#7129 = DIRECTION('',(-1.,-3.216245299353E-16,0.));
#7130 = ORIENTED_EDGE('',*,*,#4226,.T.);
#7131 = ORIENTED_EDGE('',*,*,#4562,.F.);
#7132 = ORIENTED_EDGE('',*,*,#4320,.F.);
#7133 = PLANE('',#7134);
#7134 = AXIS2_PLACEMENT_3D('',#7135,#7136,#7137);
#7135 = CARTESIAN_POINT('',(7.747,-12.4715,-2.843));
#7136 = DIRECTION('',(-3.216245299353E-16,1.,-3.124088708055E-16));
#7137 = DIRECTION('',(-1.004783562205E-31,3.124088708055E-16,1.));
#7138 = ADVANCED_FACE('',(#7139),#7150,.T.);
#7139 = FACE_BOUND('',#7140,.T.);
#7140 = EDGE_LOOP('',(#7141,#7142,#7143,#7149));
#7141 = ORIENTED_EDGE('',*,*,#7110,.T.);
#7142 = ORIENTED_EDGE('',*,*,#4242,.T.);
#7143 = ORIENTED_EDGE('',*,*,#7144,.F.);
#7144 = EDGE_CURVE('',#4329,#4235,#7145,.T.);
#7145 = LINE('',#7146,#7147);
#7146 = CARTESIAN_POINT('',(7.747,-12.58575,-3.3));
#7147 = VECTOR('',#7148,1.);
#7148 = DIRECTION('',(-1.,-3.216245299353E-16,0.));
#7149 = ORIENTED_EDGE('',*,*,#4336,.F.);
#7150 = PLANE('',#7151);
#7151 = AXIS2_PLACEMENT_3D('',#7152,#7153,#7154);
#7152 = CARTESIAN_POINT('',(7.747,-12.81425,-3.3));
#7153 = DIRECTION('',(-0.,0.,-1.));
#7154 = DIRECTION('',(-3.216245299353E-16,1.,0.));
#7155 = ADVANCED_FACE('',(#7156),#7162,.T.);
#7156 = FACE_BOUND('',#7157,.T.);
#7157 = EDGE_LOOP('',(#7158,#7159,#7160,#7161));
#7158 = ORIENTED_EDGE('',*,*,#7144,.T.);
#7159 = ORIENTED_EDGE('',*,*,#4234,.T.);
#7160 = ORIENTED_EDGE('',*,*,#7125,.F.);
#7161 = ORIENTED_EDGE('',*,*,#4328,.F.);
#7162 = PLANE('',#7163);
#7163 = AXIS2_PLACEMENT_3D('',#7164,#7165,#7166);
#7164 = CARTESIAN_POINT('',(7.747,-12.58575,-3.3));
#7165 = DIRECTION('',(-3.120216255796E-16,0.970142500145,-0.242535625036
    ));
#7166 = DIRECTION('',(-7.800540639491E-17,0.242535625036,0.970142500145)
  );
#7167 = ADVANCED_FACE('',(#7168),#7179,.T.);
#7168 = FACE_BOUND('',#7169,.T.);
#7169 = EDGE_LOOP('',(#7170,#7171,#7172,#7178));
#7170 = ORIENTED_EDGE('',*,*,#4581,.T.);
#7171 = ORIENTED_EDGE('',*,*,#4422,.T.);
#7172 = ORIENTED_EDGE('',*,*,#7173,.F.);
#7173 = EDGE_CURVE('',#4502,#4415,#7174,.T.);
#7174 = LINE('',#7175,#7176);
#7175 = CARTESIAN_POINT('',(7.747,-2.7685,-2.843));
#7176 = VECTOR('',#7177,1.);
#7177 = DIRECTION('',(-1.,-3.216245299353E-16,0.));
#7178 = ORIENTED_EDGE('',*,*,#4509,.F.);
#7179 = PLANE('',#7180);
#7180 = AXIS2_PLACEMENT_3D('',#7181,#7182,#7183);
#7181 = CARTESIAN_POINT('',(7.747,-2.7685,0.));
#7182 = DIRECTION('',(3.216245299353E-16,-1.,-3.124088708055E-16));
#7183 = DIRECTION('',(-1.004783562205E-31,3.124088708055E-16,-1.));
#7184 = ADVANCED_FACE('',(#7185),#7196,.T.);
#7185 = FACE_BOUND('',#7186,.T.);
#7186 = EDGE_LOOP('',(#7187,#7188,#7189,#7195));
#7187 = ORIENTED_EDGE('',*,*,#7173,.T.);
#7188 = ORIENTED_EDGE('',*,*,#4414,.T.);
#7189 = ORIENTED_EDGE('',*,*,#7190,.F.);
#7190 = EDGE_CURVE('',#4494,#4407,#7191,.T.);
#7191 = LINE('',#7192,#7193);
#7192 = CARTESIAN_POINT('',(7.747,-2.65425,-3.3));
#7193 = VECTOR('',#7194,1.);
#7194 = DIRECTION('',(-1.,-3.216245299353E-16,0.));
#7195 = ORIENTED_EDGE('',*,*,#4501,.F.);
#7196 = PLANE('',#7197);
#7197 = AXIS2_PLACEMENT_3D('',#7198,#7199,#7200);
#7198 = CARTESIAN_POINT('',(7.747,-2.7685,-2.843));
#7199 = DIRECTION('',(3.120216255796E-16,-0.970142500145,-0.242535625036
    ));
#7200 = DIRECTION('',(-7.800540639491E-17,0.242535625036,-0.970142500145
    ));
#7201 = ADVANCED_FACE('',(#7202),#7213,.T.);
#7202 = FACE_BOUND('',#7203,.T.);
#7203 = EDGE_LOOP('',(#7204,#7210,#7211,#7212));
#7204 = ORIENTED_EDGE('',*,*,#7205,.T.);
#7205 = EDGE_CURVE('',#4478,#4391,#7206,.T.);
#7206 = LINE('',#7207,#7208);
#7207 = CARTESIAN_POINT('',(7.747,-2.3115,-2.843));
#7208 = VECTOR('',#7209,1.);
#7209 = DIRECTION('',(-1.,-3.216245299353E-16,0.));
#7210 = ORIENTED_EDGE('',*,*,#4390,.T.);
#7211 = ORIENTED_EDGE('',*,*,#4444,.F.);
#7212 = ORIENTED_EDGE('',*,*,#4477,.F.);
#7213 = PLANE('',#7214);
#7214 = AXIS2_PLACEMENT_3D('',#7215,#7216,#7217);
#7215 = CARTESIAN_POINT('',(7.747,-2.3115,-2.843));
#7216 = DIRECTION('',(-3.216245299353E-16,1.,-3.124088708055E-16));
#7217 = DIRECTION('',(-1.004783562205E-31,3.124088708055E-16,1.));
#7218 = ADVANCED_FACE('',(#7219),#7230,.T.);
#7219 = FACE_BOUND('',#7220,.T.);
#7220 = EDGE_LOOP('',(#7221,#7222,#7223,#7229));
#7221 = ORIENTED_EDGE('',*,*,#7190,.T.);
#7222 = ORIENTED_EDGE('',*,*,#4406,.T.);
#7223 = ORIENTED_EDGE('',*,*,#7224,.F.);
#7224 = EDGE_CURVE('',#4486,#4399,#7225,.T.);
#7225 = LINE('',#7226,#7227);
#7226 = CARTESIAN_POINT('',(7.747,-2.42575,-3.3));
#7227 = VECTOR('',#7228,1.);
#7228 = DIRECTION('',(-1.,-3.216245299353E-16,0.));
#7229 = ORIENTED_EDGE('',*,*,#4493,.F.);
#7230 = PLANE('',#7231);
#7231 = AXIS2_PLACEMENT_3D('',#7232,#7233,#7234);
#7232 = CARTESIAN_POINT('',(7.747,-2.65425,-3.3));
#7233 = DIRECTION('',(-0.,0.,-1.));
#7234 = DIRECTION('',(-3.216245299353E-16,1.,0.));
#7235 = ADVANCED_FACE('',(#7236),#7242,.T.);
#7236 = FACE_BOUND('',#7237,.T.);
#7237 = EDGE_LOOP('',(#7238,#7239,#7240,#7241));
#7238 = ORIENTED_EDGE('',*,*,#7224,.T.);
#7239 = ORIENTED_EDGE('',*,*,#4398,.T.);
#7240 = ORIENTED_EDGE('',*,*,#7205,.F.);
#7241 = ORIENTED_EDGE('',*,*,#4485,.F.);
#7242 = PLANE('',#7243);
#7243 = AXIS2_PLACEMENT_3D('',#7244,#7245,#7246);
#7244 = CARTESIAN_POINT('',(7.747,-2.42575,-3.3));
#7245 = DIRECTION('',(-3.120216255796E-16,0.970142500145,-0.242535625036
    ));
#7246 = DIRECTION('',(-7.800540639491E-17,0.242535625036,0.970142500145)
  );
#7247 = ADVANCED_FACE('',(#7248),#7259,.T.);
#7248 = FACE_BOUND('',#7249,.T.);
#7249 = EDGE_LOOP('',(#7250,#7251,#7252,#7258));
#7250 = ORIENTED_EDGE('',*,*,#4682,.T.);
#7251 = ORIENTED_EDGE('',*,*,#4658,.T.);
#7252 = ORIENTED_EDGE('',*,*,#7253,.F.);
#7253 = EDGE_CURVE('',#4745,#4651,#7254,.T.);
#7254 = LINE('',#7255,#7256);
#7255 = CARTESIAN_POINT('',(7.747,-10.3885,-2.843));
#7256 = VECTOR('',#7257,1.);
#7257 = DIRECTION('',(-1.,-3.216245299353E-16,0.));
#7258 = ORIENTED_EDGE('',*,*,#4752,.F.);
#7259 = PLANE('',#7260);
#7260 = AXIS2_PLACEMENT_3D('',#7261,#7262,#7263);
#7261 = CARTESIAN_POINT('',(7.747,-10.3885,0.));
#7262 = DIRECTION('',(3.216245299353E-16,-1.,-3.124088708055E-16));
#7263 = DIRECTION('',(-1.004783562205E-31,3.124088708055E-16,-1.));
#7264 = ADVANCED_FACE('',(#7265),#7276,.T.);
#7265 = FACE_BOUND('',#7266,.T.);
#7266 = EDGE_LOOP('',(#7267,#7268,#7269,#7275));
#7267 = ORIENTED_EDGE('',*,*,#7253,.T.);
#7268 = ORIENTED_EDGE('',*,*,#4650,.T.);
#7269 = ORIENTED_EDGE('',*,*,#7270,.F.);
#7270 = EDGE_CURVE('',#4737,#4643,#7271,.T.);
#7271 = LINE('',#7272,#7273);
#7272 = CARTESIAN_POINT('',(7.747,-10.27425,-3.3));
#7273 = VECTOR('',#7274,1.);
#7274 = DIRECTION('',(-1.,-3.216245299353E-16,0.));
#7275 = ORIENTED_EDGE('',*,*,#4744,.F.);
#7276 = PLANE('',#7277);
#7277 = AXIS2_PLACEMENT_3D('',#7278,#7279,#7280);
#7278 = CARTESIAN_POINT('',(7.747,-10.3885,-2.843));
#7279 = DIRECTION('',(3.120216255796E-16,-0.970142500145,-0.242535625036
    ));
#7280 = DIRECTION('',(-7.800540639491E-17,0.242535625036,-0.970142500145
    ));
#7281 = ADVANCED_FACE('',(#7282),#7293,.T.);
#7282 = FACE_BOUND('',#7283,.T.);
#7283 = EDGE_LOOP('',(#7284,#7290,#7291,#7292));
#7284 = ORIENTED_EDGE('',*,*,#7285,.T.);
#7285 = EDGE_CURVE('',#4721,#4627,#7286,.T.);
#7286 = LINE('',#7287,#7288);
#7287 = CARTESIAN_POINT('',(7.747,-9.9315,-2.843));
#7288 = VECTOR('',#7289,1.);
#7289 = DIRECTION('',(-1.,-3.216245299353E-16,0.));
#7290 = ORIENTED_EDGE('',*,*,#4626,.T.);
#7291 = ORIENTED_EDGE('',*,*,#4962,.F.);
#7292 = ORIENTED_EDGE('',*,*,#4720,.F.);
#7293 = PLANE('',#7294);
#7294 = AXIS2_PLACEMENT_3D('',#7295,#7296,#7297);
#7295 = CARTESIAN_POINT('',(7.747,-9.9315,-2.843));
#7296 = DIRECTION('',(-3.216245299353E-16,1.,-3.124088708055E-16));
#7297 = DIRECTION('',(-1.004783562205E-31,3.124088708055E-16,1.));
#7298 = ADVANCED_FACE('',(#7299),#7310,.T.);
#7299 = FACE_BOUND('',#7300,.T.);
#7300 = EDGE_LOOP('',(#7301,#7302,#7303,#7309));
#7301 = ORIENTED_EDGE('',*,*,#7270,.T.);
#7302 = ORIENTED_EDGE('',*,*,#4642,.T.);
#7303 = ORIENTED_EDGE('',*,*,#7304,.F.);
#7304 = EDGE_CURVE('',#4729,#4635,#7305,.T.);
#7305 = LINE('',#7306,#7307);
#7306 = CARTESIAN_POINT('',(7.747,-10.04575,-3.3));
#7307 = VECTOR('',#7308,1.);
#7308 = DIRECTION('',(-1.,-3.216245299353E-16,0.));
#7309 = ORIENTED_EDGE('',*,*,#4736,.F.);
#7310 = PLANE('',#7311);
#7311 = AXIS2_PLACEMENT_3D('',#7312,#7313,#7314);
#7312 = CARTESIAN_POINT('',(7.747,-10.27425,-3.3));
#7313 = DIRECTION('',(-0.,0.,-1.));
#7314 = DIRECTION('',(-3.216245299353E-16,1.,0.));
#7315 = ADVANCED_FACE('',(#7316),#7322,.T.);
#7316 = FACE_BOUND('',#7317,.T.);
#7317 = EDGE_LOOP('',(#7318,#7319,#7320,#7321));
#7318 = ORIENTED_EDGE('',*,*,#7304,.T.);
#7319 = ORIENTED_EDGE('',*,*,#4634,.T.);
#7320 = ORIENTED_EDGE('',*,*,#7285,.F.);
#7321 = ORIENTED_EDGE('',*,*,#4728,.F.);
#7322 = PLANE('',#7323);
#7323 = AXIS2_PLACEMENT_3D('',#7324,#7325,#7326);
#7324 = CARTESIAN_POINT('',(7.747,-10.04575,-3.3));
#7325 = DIRECTION('',(-3.120216255796E-16,0.970142500145,-0.242535625036
    ));
#7326 = DIRECTION('',(-7.800540639491E-17,0.242535625036,0.970142500145)
  );
#7327 = ADVANCED_FACE('',(#7328),#7339,.T.);
#7328 = FACE_BOUND('',#7329,.T.);
#7329 = EDGE_LOOP('',(#7330,#7331,#7332,#7338));
#7330 = ORIENTED_EDGE('',*,*,#4981,.T.);
#7331 = ORIENTED_EDGE('',*,*,#4822,.T.);
#7332 = ORIENTED_EDGE('',*,*,#7333,.F.);
#7333 = EDGE_CURVE('',#4902,#4815,#7334,.T.);
#7334 = LINE('',#7335,#7336);
#7335 = CARTESIAN_POINT('',(7.747,-5.3085,-2.843));
#7336 = VECTOR('',#7337,1.);
#7337 = DIRECTION('',(-1.,-3.216245299353E-16,0.));
#7338 = ORIENTED_EDGE('',*,*,#4909,.F.);
#7339 = PLANE('',#7340);
#7340 = AXIS2_PLACEMENT_3D('',#7341,#7342,#7343);
#7341 = CARTESIAN_POINT('',(7.747,-5.3085,0.));
#7342 = DIRECTION('',(3.216245299353E-16,-1.,-3.124088708055E-16));
#7343 = DIRECTION('',(-1.004783562205E-31,3.124088708055E-16,-1.));
#7344 = ADVANCED_FACE('',(#7345),#7356,.T.);
#7345 = FACE_BOUND('',#7346,.T.);
#7346 = EDGE_LOOP('',(#7347,#7348,#7349,#7355));
#7347 = ORIENTED_EDGE('',*,*,#7333,.T.);
#7348 = ORIENTED_EDGE('',*,*,#4814,.T.);
#7349 = ORIENTED_EDGE('',*,*,#7350,.F.);
#7350 = EDGE_CURVE('',#4894,#4807,#7351,.T.);
#7351 = LINE('',#7352,#7353);
#7352 = CARTESIAN_POINT('',(7.747,-5.19425,-3.3));
#7353 = VECTOR('',#7354,1.);
#7354 = DIRECTION('',(-1.,-3.216245299353E-16,0.));
#7355 = ORIENTED_EDGE('',*,*,#4901,.F.);
#7356 = PLANE('',#7357);
#7357 = AXIS2_PLACEMENT_3D('',#7358,#7359,#7360);
#7358 = CARTESIAN_POINT('',(7.747,-5.3085,-2.843));
#7359 = DIRECTION('',(3.120216255796E-16,-0.970142500145,-0.242535625036
    ));
#7360 = DIRECTION('',(-7.800540639491E-17,0.242535625036,-0.970142500145
    ));
#7361 = ADVANCED_FACE('',(#7362),#7373,.T.);
#7362 = FACE_BOUND('',#7363,.T.);
#7363 = EDGE_LOOP('',(#7364,#7370,#7371,#7372));
#7364 = ORIENTED_EDGE('',*,*,#7365,.T.);
#7365 = EDGE_CURVE('',#4878,#4791,#7366,.T.);
#7366 = LINE('',#7367,#7368);
#7367 = CARTESIAN_POINT('',(7.747,-4.8515,-2.843));
#7368 = VECTOR('',#7369,1.);
#7369 = DIRECTION('',(-1.,-3.216245299353E-16,0.));
#7370 = ORIENTED_EDGE('',*,*,#4790,.T.);
#7371 = ORIENTED_EDGE('',*,*,#4844,.F.);
#7372 = ORIENTED_EDGE('',*,*,#4877,.F.);
#7373 = PLANE('',#7374);
#7374 = AXIS2_PLACEMENT_3D('',#7375,#7376,#7377);
#7375 = CARTESIAN_POINT('',(7.747,-4.8515,-2.843));
#7376 = DIRECTION('',(-3.216245299353E-16,1.,-3.124088708055E-16));
#7377 = DIRECTION('',(-1.004783562205E-31,3.124088708055E-16,1.));
#7378 = ADVANCED_FACE('',(#7379),#7390,.T.);
#7379 = FACE_BOUND('',#7380,.T.);
#7380 = EDGE_LOOP('',(#7381,#7382,#7383,#7389));
#7381 = ORIENTED_EDGE('',*,*,#7350,.T.);
#7382 = ORIENTED_EDGE('',*,*,#4806,.T.);
#7383 = ORIENTED_EDGE('',*,*,#7384,.F.);
#7384 = EDGE_CURVE('',#4886,#4799,#7385,.T.);
#7385 = LINE('',#7386,#7387);
#7386 = CARTESIAN_POINT('',(7.747,-4.96575,-3.3));
#7387 = VECTOR('',#7388,1.);
#7388 = DIRECTION('',(-1.,-3.216245299353E-16,0.));
#7389 = ORIENTED_EDGE('',*,*,#4893,.F.);
#7390 = PLANE('',#7391);
#7391 = AXIS2_PLACEMENT_3D('',#7392,#7393,#7394);
#7392 = CARTESIAN_POINT('',(7.747,-5.19425,-3.3));
#7393 = DIRECTION('',(-0.,0.,-1.));
#7394 = DIRECTION('',(-3.216245299353E-16,1.,0.));
#7395 = ADVANCED_FACE('',(#7396),#7402,.T.);
#7396 = FACE_BOUND('',#7397,.T.);
#7397 = EDGE_LOOP('',(#7398,#7399,#7400,#7401));
#7398 = ORIENTED_EDGE('',*,*,#7384,.T.);
#7399 = ORIENTED_EDGE('',*,*,#4798,.T.);
#7400 = ORIENTED_EDGE('',*,*,#7365,.F.);
#7401 = ORIENTED_EDGE('',*,*,#4885,.F.);
#7402 = PLANE('',#7403);
#7403 = AXIS2_PLACEMENT_3D('',#7404,#7405,#7406);
#7404 = CARTESIAN_POINT('',(7.747,-4.96575,-3.3));
#7405 = DIRECTION('',(-3.120216255796E-16,0.970142500145,-0.242535625036
    ));
#7406 = DIRECTION('',(-7.800540639491E-17,0.242535625036,0.970142500145)
  );
#7407 = ADVANCED_FACE('',(#7408),#7419,.T.);
#7408 = FACE_BOUND('',#7409,.T.);
#7409 = EDGE_LOOP('',(#7410,#7411,#7412,#7418));
#7410 = ORIENTED_EDGE('',*,*,#5082,.T.);
#7411 = ORIENTED_EDGE('',*,*,#5058,.T.);
#7412 = ORIENTED_EDGE('',*,*,#7413,.F.);
#7413 = EDGE_CURVE('',#5145,#5051,#7414,.T.);
#7414 = LINE('',#7415,#7416);
#7415 = CARTESIAN_POINT('',(7.747,-7.8485,-2.843));
#7416 = VECTOR('',#7417,1.);
#7417 = DIRECTION('',(-1.,-3.216245299353E-16,0.));
#7418 = ORIENTED_EDGE('',*,*,#5152,.F.);
#7419 = PLANE('',#7420);
#7420 = AXIS2_PLACEMENT_3D('',#7421,#7422,#7423);
#7421 = CARTESIAN_POINT('',(7.747,-7.8485,0.));
#7422 = DIRECTION('',(3.216245299353E-16,-1.,-3.124088708055E-16));
#7423 = DIRECTION('',(-1.004783562205E-31,3.124088708055E-16,-1.));
#7424 = ADVANCED_FACE('',(#7425),#7436,.T.);
#7425 = FACE_BOUND('',#7426,.T.);
#7426 = EDGE_LOOP('',(#7427,#7428,#7429,#7435));
#7427 = ORIENTED_EDGE('',*,*,#7413,.T.);
#7428 = ORIENTED_EDGE('',*,*,#5050,.T.);
#7429 = ORIENTED_EDGE('',*,*,#7430,.F.);
#7430 = EDGE_CURVE('',#5137,#5043,#7431,.T.);
#7431 = LINE('',#7432,#7433);
#7432 = CARTESIAN_POINT('',(7.747,-7.73425,-3.3));
#7433 = VECTOR('',#7434,1.);
#7434 = DIRECTION('',(-1.,-3.216245299353E-16,0.));
#7435 = ORIENTED_EDGE('',*,*,#5144,.F.);
#7436 = PLANE('',#7437);
#7437 = AXIS2_PLACEMENT_3D('',#7438,#7439,#7440);
#7438 = CARTESIAN_POINT('',(7.747,-7.8485,-2.843));
#7439 = DIRECTION('',(3.120216255796E-16,-0.970142500145,-0.242535625036
    ));
#7440 = DIRECTION('',(-7.800540639491E-17,0.242535625036,-0.970142500145
    ));
#7441 = ADVANCED_FACE('',(#7442),#7453,.T.);
#7442 = FACE_BOUND('',#7443,.T.);
#7443 = EDGE_LOOP('',(#7444,#7450,#7451,#7452));
#7444 = ORIENTED_EDGE('',*,*,#7445,.T.);
#7445 = EDGE_CURVE('',#5121,#5027,#7446,.T.);
#7446 = LINE('',#7447,#7448);
#7447 = CARTESIAN_POINT('',(7.747,-7.3915,-2.843));
#7448 = VECTOR('',#7449,1.);
#7449 = DIRECTION('',(-1.,-3.216245299353E-16,0.));
#7450 = ORIENTED_EDGE('',*,*,#5026,.T.);
#7451 = ORIENTED_EDGE('',*,*,#5179,.F.);
#7452 = ORIENTED_EDGE('',*,*,#5120,.F.);
#7453 = PLANE('',#7454);
#7454 = AXIS2_PLACEMENT_3D('',#7455,#7456,#7457);
#7455 = CARTESIAN_POINT('',(7.747,-7.3915,-2.843));
#7456 = DIRECTION('',(-3.216245299353E-16,1.,-3.124088708055E-16));
#7457 = DIRECTION('',(-1.004783562205E-31,3.124088708055E-16,1.));
#7458 = ADVANCED_FACE('',(#7459),#7470,.T.);
#7459 = FACE_BOUND('',#7460,.T.);
#7460 = EDGE_LOOP('',(#7461,#7462,#7463,#7469));
#7461 = ORIENTED_EDGE('',*,*,#7430,.T.);
#7462 = ORIENTED_EDGE('',*,*,#5042,.T.);
#7463 = ORIENTED_EDGE('',*,*,#7464,.F.);
#7464 = EDGE_CURVE('',#5129,#5035,#7465,.T.);
#7465 = LINE('',#7466,#7467);
#7466 = CARTESIAN_POINT('',(7.747,-7.50575,-3.3));
#7467 = VECTOR('',#7468,1.);
#7468 = DIRECTION('',(-1.,-3.216245299353E-16,0.));
#7469 = ORIENTED_EDGE('',*,*,#5136,.F.);
#7470 = PLANE('',#7471);
#7471 = AXIS2_PLACEMENT_3D('',#7472,#7473,#7474);
#7472 = CARTESIAN_POINT('',(7.747,-7.73425,-3.3));
#7473 = DIRECTION('',(-0.,0.,-1.));
#7474 = DIRECTION('',(-3.216245299353E-16,1.,0.));
#7475 = ADVANCED_FACE('',(#7476),#7482,.T.);
#7476 = FACE_BOUND('',#7477,.T.);
#7477 = EDGE_LOOP('',(#7478,#7479,#7480,#7481));
#7478 = ORIENTED_EDGE('',*,*,#7464,.T.);
#7479 = ORIENTED_EDGE('',*,*,#5034,.T.);
#7480 = ORIENTED_EDGE('',*,*,#7445,.F.);
#7481 = ORIENTED_EDGE('',*,*,#5128,.F.);
#7482 = PLANE('',#7483);
#7483 = AXIS2_PLACEMENT_3D('',#7484,#7485,#7486);
#7484 = CARTESIAN_POINT('',(7.747,-7.50575,-3.3));
#7485 = DIRECTION('',(-3.120216255796E-16,0.970142500145,-0.242535625036
    ));
#7486 = DIRECTION('',(-7.800540639491E-17,0.242535625036,0.970142500145)
  );
#7487 = ADVANCED_FACE('',(#7488),#7510,.F.);
#7488 = FACE_BOUND('',#7489,.F.);
#7489 = EDGE_LOOP('',(#7490,#7491,#7500,#7507,#7508,#7509));
#7490 = ORIENTED_EDGE('',*,*,#5213,.F.);
#7491 = ORIENTED_EDGE('',*,*,#7492,.F.);
#7492 = EDGE_CURVE('',#7493,#5214,#7495,.T.);
#7493 = VERTEX_POINT('',#7494);
#7494 = CARTESIAN_POINT('',(3.81,0.831276356577,3.18));
#7495 = CIRCLE('',#7496,0.75);
#7496 = AXIS2_PLACEMENT_3D('',#7497,#7498,#7499);
#7497 = CARTESIAN_POINT('',(3.81,1.581276356577,3.18));
#7498 = DIRECTION('',(0.,-0.,-1.));
#7499 = DIRECTION('',(4.440892098501E-16,-1.,0.));
#7500 = ORIENTED_EDGE('',*,*,#7501,.F.);
#7501 = EDGE_CURVE('',#5320,#7493,#7502,.T.);
#7502 = CIRCLE('',#7503,0.75);
#7503 = AXIS2_PLACEMENT_3D('',#7504,#7505,#7506);
#7504 = CARTESIAN_POINT('',(3.81,1.581276356577,3.18));
#7505 = DIRECTION('',(0.,-0.,-1.));
#7506 = DIRECTION('',(4.440892098501E-16,-1.,0.));
#7507 = ORIENTED_EDGE('',*,*,#5425,.T.);
#7508 = ORIENTED_EDGE('',*,*,#6983,.T.);
#7509 = ORIENTED_EDGE('',*,*,#6974,.T.);
#7510 = CYLINDRICAL_SURFACE('',#7511,0.75);
#7511 = AXIS2_PLACEMENT_3D('',#7512,#7513,#7514);
#7512 = CARTESIAN_POINT('',(3.81,1.581276356577,3.68));
#7513 = DIRECTION('',(-0.,0.,-1.));
#7514 = DIRECTION('',(4.440892098501E-16,-1.,-0.));
#7515 = ADVANCED_FACE('',(#7516),#7521,.F.);
#7516 = FACE_BOUND('',#7517,.F.);
#7517 = EDGE_LOOP('',(#7518,#7519,#7520));
#7518 = ORIENTED_EDGE('',*,*,#7501,.T.);
#7519 = ORIENTED_EDGE('',*,*,#7492,.T.);
#7520 = ORIENTED_EDGE('',*,*,#5319,.T.);
#7521 = PLANE('',#7522);
#7522 = AXIS2_PLACEMENT_3D('',#7523,#7524,#7525);
#7523 = CARTESIAN_POINT('',(3.81,1.581276356577,3.18));
#7524 = DIRECTION('',(-0.,0.,-1.));
#7525 = DIRECTION('',(4.440892098501E-16,-1.,-0.));
#7526 = ADVANCED_FACE('',(#7527),#7538,.T.);
#7527 = FACE_BOUND('',#7528,.T.);
#7528 = EDGE_LOOP('',(#7529,#7530,#7531,#7537));
#7529 = ORIENTED_EDGE('',*,*,#5687,.T.);
#7530 = ORIENTED_EDGE('',*,*,#5663,.T.);
#7531 = ORIENTED_EDGE('',*,*,#7532,.F.);
#7532 = EDGE_CURVE('',#5734,#5656,#7533,.T.);
#7533 = LINE('',#7534,#7535);
#7534 = CARTESIAN_POINT('',(-0.127,-0.11425,-3.3));
#7535 = VECTOR('',#7536,1.);
#7536 = DIRECTION('',(1.,4.440892098501E-16,0.));
#7537 = ORIENTED_EDGE('',*,*,#5741,.F.);
#7538 = PLANE('',#7539);
#7539 = AXIS2_PLACEMENT_3D('',#7540,#7541,#7542);
#7540 = CARTESIAN_POINT('',(-0.127,0.11425,-3.3));
#7541 = DIRECTION('',(0.,0.,-1.));
#7542 = DIRECTION('',(4.440892098501E-16,-1.,0.));
#7543 = ADVANCED_FACE('',(#7544),#7555,.T.);
#7544 = FACE_BOUND('',#7545,.T.);
#7545 = EDGE_LOOP('',(#7546,#7547,#7548,#7554));
#7546 = ORIENTED_EDGE('',*,*,#7532,.T.);
#7547 = ORIENTED_EDGE('',*,*,#5655,.T.);
#7548 = ORIENTED_EDGE('',*,*,#7549,.F.);
#7549 = EDGE_CURVE('',#5726,#5648,#7550,.T.);
#7550 = LINE('',#7551,#7552);
#7551 = CARTESIAN_POINT('',(-0.127,-0.2285,-2.843));
#7552 = VECTOR('',#7553,1.);
#7553 = DIRECTION('',(1.,4.440892098501E-16,0.));
#7554 = ORIENTED_EDGE('',*,*,#5733,.F.);
#7555 = PLANE('',#7556);
#7556 = AXIS2_PLACEMENT_3D('',#7557,#7558,#7559);
#7557 = CARTESIAN_POINT('',(-0.127,-0.11425,-3.3));
#7558 = DIRECTION('',(4.308298163317E-16,-0.970142500145,-0.242535625036
    ));
#7559 = DIRECTION('',(1.077074540829E-16,-0.242535625036,0.970142500145)
  );
#7560 = ADVANCED_FACE('',(#7561),#7567,.T.);
#7561 = FACE_BOUND('',#7562,.T.);
#7562 = EDGE_LOOP('',(#7563,#7564,#7565,#7566));
#7563 = ORIENTED_EDGE('',*,*,#7549,.T.);
#7564 = ORIENTED_EDGE('',*,*,#5647,.T.);
#7565 = ORIENTED_EDGE('',*,*,#5919,.F.);
#7566 = ORIENTED_EDGE('',*,*,#5725,.F.);
#7567 = PLANE('',#7568);
#7568 = AXIS2_PLACEMENT_3D('',#7569,#7570,#7571);
#7569 = CARTESIAN_POINT('',(-0.127,-0.2285,-2.843));
#7570 = DIRECTION('',(4.440892098501E-16,-1.,0.));
#7571 = DIRECTION('',(0.,0.,1.));
#7572 = ADVANCED_FACE('',(#7573),#7584,.F.);
#7573 = FACE_BOUND('',#7574,.F.);
#7574 = EDGE_LOOP('',(#7575,#7576,#7577,#7583));
#7575 = ORIENTED_EDGE('',*,*,#5831,.T.);
#7576 = ORIENTED_EDGE('',*,*,#5873,.T.);
#7577 = ORIENTED_EDGE('',*,*,#7578,.F.);
#7578 = EDGE_CURVE('',#5793,#5866,#7579,.T.);
#7579 = LINE('',#7580,#7581);
#7580 = CARTESIAN_POINT('',(-0.127,-15.12575,-3.3));
#7581 = VECTOR('',#7582,1.);
#7582 = DIRECTION('',(1.,4.440892098501E-16,0.));
#7583 = ORIENTED_EDGE('',*,*,#5800,.F.);
#7584 = PLANE('',#7585);
#7585 = AXIS2_PLACEMENT_3D('',#7586,#7587,#7588);
#7586 = CARTESIAN_POINT('',(-0.127,-15.35425,-3.3));
#7587 = DIRECTION('',(0.,0.,1.));
#7588 = DIRECTION('',(-4.440892098501E-16,1.,0.));
#7589 = ADVANCED_FACE('',(#7590),#7601,.F.);
#7590 = FACE_BOUND('',#7591,.F.);
#7591 = EDGE_LOOP('',(#7592,#7593,#7594,#7600));
#7592 = ORIENTED_EDGE('',*,*,#7578,.T.);
#7593 = ORIENTED_EDGE('',*,*,#5865,.T.);
#7594 = ORIENTED_EDGE('',*,*,#7595,.F.);
#7595 = EDGE_CURVE('',#5785,#5858,#7596,.T.);
#7596 = LINE('',#7597,#7598);
#7597 = CARTESIAN_POINT('',(-0.127,-15.0115,-2.843));
#7598 = VECTOR('',#7599,1.);
#7599 = DIRECTION('',(1.,4.440892098501E-16,0.));
#7600 = ORIENTED_EDGE('',*,*,#5792,.F.);
#7601 = PLANE('',#7602);
#7602 = AXIS2_PLACEMENT_3D('',#7603,#7604,#7605);
#7603 = CARTESIAN_POINT('',(-0.127,-15.12575,-3.3));
#7604 = DIRECTION('',(4.308298163317E-16,-0.970142500145,0.242535625036)
  );
#7605 = DIRECTION('',(-1.077074540829E-16,0.242535625036,0.970142500145)
  );
#7606 = ADVANCED_FACE('',(#7607),#7613,.F.);
#7607 = FACE_BOUND('',#7608,.F.);
#7608 = EDGE_LOOP('',(#7609,#7610,#7611,#7612));
#7609 = ORIENTED_EDGE('',*,*,#7595,.T.);
#7610 = ORIENTED_EDGE('',*,*,#5857,.T.);
#7611 = ORIENTED_EDGE('',*,*,#5936,.F.);
#7612 = ORIENTED_EDGE('',*,*,#5784,.F.);
#7613 = PLANE('',#7614);
#7614 = AXIS2_PLACEMENT_3D('',#7615,#7616,#7617);
#7615 = CARTESIAN_POINT('',(-0.127,-15.0115,-2.843));
#7616 = DIRECTION('',(4.440892098501E-16,-1.,0.));
#7617 = DIRECTION('',(0.,0.,1.));
#7618 = ADVANCED_FACE('',(#7619),#7630,.T.);
#7619 = FACE_BOUND('',#7620,.T.);
#7620 = EDGE_LOOP('',(#7621,#7622,#7623,#7629));
#7621 = ORIENTED_EDGE('',*,*,#6063,.T.);
#7622 = ORIENTED_EDGE('',*,*,#6121,.T.);
#7623 = ORIENTED_EDGE('',*,*,#7624,.F.);
#7624 = EDGE_CURVE('',#6025,#6114,#7625,.T.);
#7625 = LINE('',#7626,#7627);
#7626 = CARTESIAN_POINT('',(-0.127,-2.3115,-2.843));
#7627 = VECTOR('',#7628,1.);
#7628 = DIRECTION('',(1.,4.440892098501E-16,0.));
#7629 = ORIENTED_EDGE('',*,*,#6032,.F.);
#7630 = PLANE('',#7631);
#7631 = AXIS2_PLACEMENT_3D('',#7632,#7633,#7634);
#7632 = CARTESIAN_POINT('',(-0.127,-2.3115,0.));
#7633 = DIRECTION('',(-4.440892098501E-16,1.,-3.124088708055E-16));
#7634 = DIRECTION('',(1.387374085862E-31,-3.124088708055E-16,-1.));
#7635 = ADVANCED_FACE('',(#7636),#7647,.T.);
#7636 = FACE_BOUND('',#7637,.T.);
#7637 = EDGE_LOOP('',(#7638,#7639,#7640,#7646));
#7638 = ORIENTED_EDGE('',*,*,#7624,.T.);
#7639 = ORIENTED_EDGE('',*,*,#6113,.T.);
#7640 = ORIENTED_EDGE('',*,*,#7641,.F.);
#7641 = EDGE_CURVE('',#6017,#6106,#7642,.T.);
#7642 = LINE('',#7643,#7644);
#7643 = CARTESIAN_POINT('',(-0.127,-2.42575,-3.3));
#7644 = VECTOR('',#7645,1.);
#7645 = DIRECTION('',(1.,4.440892098501E-16,0.));
#7646 = ORIENTED_EDGE('',*,*,#6024,.F.);
#7647 = PLANE('',#7648);
#7648 = AXIS2_PLACEMENT_3D('',#7649,#7650,#7651);
#7649 = CARTESIAN_POINT('',(-0.127,-2.3115,-2.843));
#7650 = DIRECTION('',(-4.308298163317E-16,0.970142500145,-0.242535625036
    ));
#7651 = DIRECTION('',(1.077074540829E-16,-0.242535625036,-0.970142500145
    ));
#7652 = ADVANCED_FACE('',(#7653),#7664,.T.);
#7653 = FACE_BOUND('',#7654,.T.);
#7654 = EDGE_LOOP('',(#7655,#7661,#7662,#7663));
#7655 = ORIENTED_EDGE('',*,*,#7656,.T.);
#7656 = EDGE_CURVE('',#6001,#6090,#7657,.T.);
#7657 = LINE('',#7658,#7659);
#7658 = CARTESIAN_POINT('',(-0.127,-2.7685,-2.843));
#7659 = VECTOR('',#7660,1.);
#7660 = DIRECTION('',(1.,4.440892098501E-16,0.));
#7661 = ORIENTED_EDGE('',*,*,#6089,.T.);
#7662 = ORIENTED_EDGE('',*,*,#6319,.F.);
#7663 = ORIENTED_EDGE('',*,*,#6000,.F.);
#7664 = PLANE('',#7665);
#7665 = AXIS2_PLACEMENT_3D('',#7666,#7667,#7668);
#7666 = CARTESIAN_POINT('',(-0.127,-2.7685,-2.843));
#7667 = DIRECTION('',(4.440892098501E-16,-1.,-3.124088708055E-16));
#7668 = DIRECTION('',(1.387374085862E-31,-3.124088708055E-16,1.));
#7669 = ADVANCED_FACE('',(#7670),#7681,.T.);
#7670 = FACE_BOUND('',#7671,.T.);
#7671 = EDGE_LOOP('',(#7672,#7673,#7674,#7680));
#7672 = ORIENTED_EDGE('',*,*,#7641,.T.);
#7673 = ORIENTED_EDGE('',*,*,#6105,.T.);
#7674 = ORIENTED_EDGE('',*,*,#7675,.F.);
#7675 = EDGE_CURVE('',#6009,#6098,#7676,.T.);
#7676 = LINE('',#7677,#7678);
#7677 = CARTESIAN_POINT('',(-0.127,-2.65425,-3.3));
#7678 = VECTOR('',#7679,1.);
#7679 = DIRECTION('',(1.,4.440892098501E-16,0.));
#7680 = ORIENTED_EDGE('',*,*,#6016,.F.);
#7681 = PLANE('',#7682);
#7682 = AXIS2_PLACEMENT_3D('',#7683,#7684,#7685);
#7683 = CARTESIAN_POINT('',(-0.127,-2.42575,-3.3));
#7684 = DIRECTION('',(0.,0.,-1.));
#7685 = DIRECTION('',(4.440892098501E-16,-1.,0.));
#7686 = ADVANCED_FACE('',(#7687),#7693,.T.);
#7687 = FACE_BOUND('',#7688,.T.);
#7688 = EDGE_LOOP('',(#7689,#7690,#7691,#7692));
#7689 = ORIENTED_EDGE('',*,*,#7675,.T.);
#7690 = ORIENTED_EDGE('',*,*,#6097,.T.);
#7691 = ORIENTED_EDGE('',*,*,#7656,.F.);
#7692 = ORIENTED_EDGE('',*,*,#6008,.F.);
#7693 = PLANE('',#7694);
#7694 = AXIS2_PLACEMENT_3D('',#7695,#7696,#7697);
#7695 = CARTESIAN_POINT('',(-0.127,-2.65425,-3.3));
#7696 = DIRECTION('',(4.308298163317E-16,-0.970142500145,-0.242535625036
    ));
#7697 = DIRECTION('',(1.077074540829E-16,-0.242535625036,0.970142500145)
  );
#7698 = ADVANCED_FACE('',(#7699),#7710,.T.);
#7699 = FACE_BOUND('',#7700,.T.);
#7700 = EDGE_LOOP('',(#7701,#7702,#7703,#7709));
#7701 = ORIENTED_EDGE('',*,*,#6338,.T.);
#7702 = ORIENTED_EDGE('',*,*,#6283,.T.);
#7703 = ORIENTED_EDGE('',*,*,#7704,.F.);
#7704 = EDGE_CURVE('',#6194,#6276,#7705,.T.);
#7705 = LINE('',#7706,#7707);
#7706 = CARTESIAN_POINT('',(-0.127,-12.4715,-2.843));
#7707 = VECTOR('',#7708,1.);
#7708 = DIRECTION('',(1.,4.440892098501E-16,0.));
#7709 = ORIENTED_EDGE('',*,*,#6201,.F.);
#7710 = PLANE('',#7711);
#7711 = AXIS2_PLACEMENT_3D('',#7712,#7713,#7714);
#7712 = CARTESIAN_POINT('',(-0.127,-12.4715,0.));
#7713 = DIRECTION('',(-4.440892098501E-16,1.,-3.124088708055E-16));
#7714 = DIRECTION('',(1.387374085862E-31,-3.124088708055E-16,-1.));
#7715 = ADVANCED_FACE('',(#7716),#7727,.T.);
#7716 = FACE_BOUND('',#7717,.T.);
#7717 = EDGE_LOOP('',(#7718,#7719,#7720,#7726));
#7718 = ORIENTED_EDGE('',*,*,#7704,.T.);
#7719 = ORIENTED_EDGE('',*,*,#6275,.T.);
#7720 = ORIENTED_EDGE('',*,*,#7721,.F.);
#7721 = EDGE_CURVE('',#6186,#6268,#7722,.T.);
#7722 = LINE('',#7723,#7724);
#7723 = CARTESIAN_POINT('',(-0.127,-12.58575,-3.3));
#7724 = VECTOR('',#7725,1.);
#7725 = DIRECTION('',(1.,4.440892098501E-16,0.));
#7726 = ORIENTED_EDGE('',*,*,#6193,.F.);
#7727 = PLANE('',#7728);
#7728 = AXIS2_PLACEMENT_3D('',#7729,#7730,#7731);
#7729 = CARTESIAN_POINT('',(-0.127,-12.4715,-2.843));
#7730 = DIRECTION('',(-4.308298163317E-16,0.970142500145,-0.242535625036
    ));
#7731 = DIRECTION('',(1.077074540829E-16,-0.242535625036,-0.970142500145
    ));
#7732 = ADVANCED_FACE('',(#7733),#7744,.T.);
#7733 = FACE_BOUND('',#7734,.T.);
#7734 = EDGE_LOOP('',(#7735,#7741,#7742,#7743));
#7735 = ORIENTED_EDGE('',*,*,#7736,.T.);
#7736 = EDGE_CURVE('',#6170,#6252,#7737,.T.);
#7737 = LINE('',#7738,#7739);
#7738 = CARTESIAN_POINT('',(-0.127,-12.9285,-2.843));
#7739 = VECTOR('',#7740,1.);
#7740 = DIRECTION('',(1.,4.440892098501E-16,0.));
#7741 = ORIENTED_EDGE('',*,*,#6251,.T.);
#7742 = ORIENTED_EDGE('',*,*,#6223,.F.);
#7743 = ORIENTED_EDGE('',*,*,#6169,.F.);
#7744 = PLANE('',#7745);
#7745 = AXIS2_PLACEMENT_3D('',#7746,#7747,#7748);
#7746 = CARTESIAN_POINT('',(-0.127,-12.9285,-2.843));
#7747 = DIRECTION('',(4.440892098501E-16,-1.,-3.124088708055E-16));
#7748 = DIRECTION('',(1.387374085862E-31,-3.124088708055E-16,1.));
#7749 = ADVANCED_FACE('',(#7750),#7761,.T.);
#7750 = FACE_BOUND('',#7751,.T.);
#7751 = EDGE_LOOP('',(#7752,#7753,#7754,#7760));
#7752 = ORIENTED_EDGE('',*,*,#7721,.T.);
#7753 = ORIENTED_EDGE('',*,*,#6267,.T.);
#7754 = ORIENTED_EDGE('',*,*,#7755,.F.);
#7755 = EDGE_CURVE('',#6178,#6260,#7756,.T.);
#7756 = LINE('',#7757,#7758);
#7757 = CARTESIAN_POINT('',(-0.127,-12.81425,-3.3));
#7758 = VECTOR('',#7759,1.);
#7759 = DIRECTION('',(1.,4.440892098501E-16,0.));
#7760 = ORIENTED_EDGE('',*,*,#6185,.F.);
#7761 = PLANE('',#7762);
#7762 = AXIS2_PLACEMENT_3D('',#7763,#7764,#7765);
#7763 = CARTESIAN_POINT('',(-0.127,-12.58575,-3.3));
#7764 = DIRECTION('',(0.,0.,-1.));
#7765 = DIRECTION('',(4.440892098501E-16,-1.,0.));
#7766 = ADVANCED_FACE('',(#7767),#7773,.T.);
#7767 = FACE_BOUND('',#7768,.T.);
#7768 = EDGE_LOOP('',(#7769,#7770,#7771,#7772));
#7769 = ORIENTED_EDGE('',*,*,#7755,.T.);
#7770 = ORIENTED_EDGE('',*,*,#6259,.T.);
#7771 = ORIENTED_EDGE('',*,*,#7736,.F.);
#7772 = ORIENTED_EDGE('',*,*,#6177,.F.);
#7773 = PLANE('',#7774);
#7774 = AXIS2_PLACEMENT_3D('',#7775,#7776,#7777);
#7775 = CARTESIAN_POINT('',(-0.127,-12.81425,-3.3));
#7776 = DIRECTION('',(4.308298163317E-16,-0.970142500145,-0.242535625036
    ));
#7777 = DIRECTION('',(1.077074540829E-16,-0.242535625036,0.970142500145)
  );
#7778 = ADVANCED_FACE('',(#7779),#7790,.T.);
#7779 = FACE_BOUND('',#7780,.T.);
#7780 = EDGE_LOOP('',(#7781,#7782,#7783,#7789));
#7781 = ORIENTED_EDGE('',*,*,#6463,.T.);
#7782 = ORIENTED_EDGE('',*,*,#6521,.T.);
#7783 = ORIENTED_EDGE('',*,*,#7784,.F.);
#7784 = EDGE_CURVE('',#6425,#6514,#7785,.T.);
#7785 = LINE('',#7786,#7787);
#7786 = CARTESIAN_POINT('',(-0.127,-4.8515,-2.843));
#7787 = VECTOR('',#7788,1.);
#7788 = DIRECTION('',(1.,4.440892098501E-16,0.));
#7789 = ORIENTED_EDGE('',*,*,#6432,.F.);
#7790 = PLANE('',#7791);
#7791 = AXIS2_PLACEMENT_3D('',#7792,#7793,#7794);
#7792 = CARTESIAN_POINT('',(-0.127,-4.8515,0.));
#7793 = DIRECTION('',(-4.440892098501E-16,1.,-3.124088708055E-16));
#7794 = DIRECTION('',(1.387374085862E-31,-3.124088708055E-16,-1.));
#7795 = ADVANCED_FACE('',(#7796),#7807,.T.);
#7796 = FACE_BOUND('',#7797,.T.);
#7797 = EDGE_LOOP('',(#7798,#7799,#7800,#7806));
#7798 = ORIENTED_EDGE('',*,*,#7784,.T.);
#7799 = ORIENTED_EDGE('',*,*,#6513,.T.);
#7800 = ORIENTED_EDGE('',*,*,#7801,.F.);
#7801 = EDGE_CURVE('',#6417,#6506,#7802,.T.);
#7802 = LINE('',#7803,#7804);
#7803 = CARTESIAN_POINT('',(-0.127,-4.96575,-3.3));
#7804 = VECTOR('',#7805,1.);
#7805 = DIRECTION('',(1.,4.440892098501E-16,0.));
#7806 = ORIENTED_EDGE('',*,*,#6424,.F.);
#7807 = PLANE('',#7808);
#7808 = AXIS2_PLACEMENT_3D('',#7809,#7810,#7811);
#7809 = CARTESIAN_POINT('',(-0.127,-4.8515,-2.843));
#7810 = DIRECTION('',(-4.308298163317E-16,0.970142500145,-0.242535625036
    ));
#7811 = DIRECTION('',(1.077074540829E-16,-0.242535625036,-0.970142500145
    ));
#7812 = ADVANCED_FACE('',(#7813),#7824,.T.);
#7813 = FACE_BOUND('',#7814,.T.);
#7814 = EDGE_LOOP('',(#7815,#7821,#7822,#7823));
#7815 = ORIENTED_EDGE('',*,*,#7816,.T.);
#7816 = EDGE_CURVE('',#6401,#6490,#7817,.T.);
#7817 = LINE('',#7818,#7819);
#7818 = CARTESIAN_POINT('',(-0.127,-5.3085,-2.843));
#7819 = VECTOR('',#7820,1.);
#7820 = DIRECTION('',(1.,4.440892098501E-16,0.));
#7821 = ORIENTED_EDGE('',*,*,#6489,.T.);
#7822 = ORIENTED_EDGE('',*,*,#6719,.F.);
#7823 = ORIENTED_EDGE('',*,*,#6400,.F.);
#7824 = PLANE('',#7825);
#7825 = AXIS2_PLACEMENT_3D('',#7826,#7827,#7828);
#7826 = CARTESIAN_POINT('',(-0.127,-5.3085,-2.843));
#7827 = DIRECTION('',(4.440892098501E-16,-1.,-3.124088708055E-16));
#7828 = DIRECTION('',(1.387374085862E-31,-3.124088708055E-16,1.));
#7829 = ADVANCED_FACE('',(#7830),#7841,.T.);
#7830 = FACE_BOUND('',#7831,.T.);
#7831 = EDGE_LOOP('',(#7832,#7833,#7834,#7840));
#7832 = ORIENTED_EDGE('',*,*,#7801,.T.);
#7833 = ORIENTED_EDGE('',*,*,#6505,.T.);
#7834 = ORIENTED_EDGE('',*,*,#7835,.F.);
#7835 = EDGE_CURVE('',#6409,#6498,#7836,.T.);
#7836 = LINE('',#7837,#7838);
#7837 = CARTESIAN_POINT('',(-0.127,-5.19425,-3.3));
#7838 = VECTOR('',#7839,1.);
#7839 = DIRECTION('',(1.,4.440892098501E-16,0.));
#7840 = ORIENTED_EDGE('',*,*,#6416,.F.);
#7841 = PLANE('',#7842);
#7842 = AXIS2_PLACEMENT_3D('',#7843,#7844,#7845);
#7843 = CARTESIAN_POINT('',(-0.127,-4.96575,-3.3));
#7844 = DIRECTION('',(0.,0.,-1.));
#7845 = DIRECTION('',(4.440892098501E-16,-1.,0.));
#7846 = ADVANCED_FACE('',(#7847),#7853,.T.);
#7847 = FACE_BOUND('',#7848,.T.);
#7848 = EDGE_LOOP('',(#7849,#7850,#7851,#7852));
#7849 = ORIENTED_EDGE('',*,*,#7835,.T.);
#7850 = ORIENTED_EDGE('',*,*,#6497,.T.);
#7851 = ORIENTED_EDGE('',*,*,#7816,.F.);
#7852 = ORIENTED_EDGE('',*,*,#6408,.F.);
#7853 = PLANE('',#7854);
#7854 = AXIS2_PLACEMENT_3D('',#7855,#7856,#7857);
#7855 = CARTESIAN_POINT('',(-0.127,-5.19425,-3.3));
#7856 = DIRECTION('',(4.308298163317E-16,-0.970142500145,-0.242535625036
    ));
#7857 = DIRECTION('',(1.077074540829E-16,-0.242535625036,0.970142500145)
  );
#7858 = ADVANCED_FACE('',(#7859),#7870,.T.);
#7859 = FACE_BOUND('',#7860,.T.);
#7860 = EDGE_LOOP('',(#7861,#7862,#7863,#7869));
#7861 = ORIENTED_EDGE('',*,*,#6738,.T.);
#7862 = ORIENTED_EDGE('',*,*,#6683,.T.);
#7863 = ORIENTED_EDGE('',*,*,#7864,.F.);
#7864 = EDGE_CURVE('',#6594,#6676,#7865,.T.);
#7865 = LINE('',#7866,#7867);
#7866 = CARTESIAN_POINT('',(-0.127,-9.9315,-2.843));
#7867 = VECTOR('',#7868,1.);
#7868 = DIRECTION('',(1.,4.440892098501E-16,0.));
#7869 = ORIENTED_EDGE('',*,*,#6601,.F.);
#7870 = PLANE('',#7871);
#7871 = AXIS2_PLACEMENT_3D('',#7872,#7873,#7874);
#7872 = CARTESIAN_POINT('',(-0.127,-9.9315,0.));
#7873 = DIRECTION('',(-4.440892098501E-16,1.,-3.124088708055E-16));
#7874 = DIRECTION('',(1.387374085862E-31,-3.124088708055E-16,-1.));
#7875 = ADVANCED_FACE('',(#7876),#7887,.T.);
#7876 = FACE_BOUND('',#7877,.T.);
#7877 = EDGE_LOOP('',(#7878,#7879,#7880,#7886));
#7878 = ORIENTED_EDGE('',*,*,#7864,.T.);
#7879 = ORIENTED_EDGE('',*,*,#6675,.T.);
#7880 = ORIENTED_EDGE('',*,*,#7881,.F.);
#7881 = EDGE_CURVE('',#6586,#6668,#7882,.T.);
#7882 = LINE('',#7883,#7884);
#7883 = CARTESIAN_POINT('',(-0.127,-10.04575,-3.3));
#7884 = VECTOR('',#7885,1.);
#7885 = DIRECTION('',(1.,4.440892098501E-16,0.));
#7886 = ORIENTED_EDGE('',*,*,#6593,.F.);
#7887 = PLANE('',#7888);
#7888 = AXIS2_PLACEMENT_3D('',#7889,#7890,#7891);
#7889 = CARTESIAN_POINT('',(-0.127,-9.9315,-2.843));
#7890 = DIRECTION('',(-4.308298163317E-16,0.970142500145,-0.242535625036
    ));
#7891 = DIRECTION('',(1.077074540829E-16,-0.242535625036,-0.970142500145
    ));
#7892 = ADVANCED_FACE('',(#7893),#7904,.T.);
#7893 = FACE_BOUND('',#7894,.T.);
#7894 = EDGE_LOOP('',(#7895,#7901,#7902,#7903));
#7895 = ORIENTED_EDGE('',*,*,#7896,.T.);
#7896 = EDGE_CURVE('',#6570,#6652,#7897,.T.);
#7897 = LINE('',#7898,#7899);
#7898 = CARTESIAN_POINT('',(-0.127,-10.3885,-2.843));
#7899 = VECTOR('',#7900,1.);
#7900 = DIRECTION('',(1.,4.440892098501E-16,0.));
#7901 = ORIENTED_EDGE('',*,*,#6651,.T.);
#7902 = ORIENTED_EDGE('',*,*,#6623,.F.);
#7903 = ORIENTED_EDGE('',*,*,#6569,.F.);
#7904 = PLANE('',#7905);
#7905 = AXIS2_PLACEMENT_3D('',#7906,#7907,#7908);
#7906 = CARTESIAN_POINT('',(-0.127,-10.3885,-2.843));
#7907 = DIRECTION('',(4.440892098501E-16,-1.,-3.124088708055E-16));
#7908 = DIRECTION('',(1.387374085862E-31,-3.124088708055E-16,1.));
#7909 = ADVANCED_FACE('',(#7910),#7921,.T.);
#7910 = FACE_BOUND('',#7911,.T.);
#7911 = EDGE_LOOP('',(#7912,#7913,#7914,#7920));
#7912 = ORIENTED_EDGE('',*,*,#7881,.T.);
#7913 = ORIENTED_EDGE('',*,*,#6667,.T.);
#7914 = ORIENTED_EDGE('',*,*,#7915,.F.);
#7915 = EDGE_CURVE('',#6578,#6660,#7916,.T.);
#7916 = LINE('',#7917,#7918);
#7917 = CARTESIAN_POINT('',(-0.127,-10.27425,-3.3));
#7918 = VECTOR('',#7919,1.);
#7919 = DIRECTION('',(1.,4.440892098501E-16,0.));
#7920 = ORIENTED_EDGE('',*,*,#6585,.F.);
#7921 = PLANE('',#7922);
#7922 = AXIS2_PLACEMENT_3D('',#7923,#7924,#7925);
#7923 = CARTESIAN_POINT('',(-0.127,-10.04575,-3.3));
#7924 = DIRECTION('',(0.,0.,-1.));
#7925 = DIRECTION('',(4.440892098501E-16,-1.,0.));
#7926 = ADVANCED_FACE('',(#7927),#7933,.T.);
#7927 = FACE_BOUND('',#7928,.T.);
#7928 = EDGE_LOOP('',(#7929,#7930,#7931,#7932));
#7929 = ORIENTED_EDGE('',*,*,#7915,.T.);
#7930 = ORIENTED_EDGE('',*,*,#6659,.T.);
#7931 = ORIENTED_EDGE('',*,*,#7896,.F.);
#7932 = ORIENTED_EDGE('',*,*,#6577,.F.);
#7933 = PLANE('',#7934);
#7934 = AXIS2_PLACEMENT_3D('',#7935,#7936,#7937);
#7935 = CARTESIAN_POINT('',(-0.127,-10.27425,-3.3));
#7936 = DIRECTION('',(4.308298163317E-16,-0.970142500145,-0.242535625036
    ));
#7937 = DIRECTION('',(1.077074540829E-16,-0.242535625036,0.970142500145)
  );
#7938 = ADVANCED_FACE('',(#7939),#7950,.T.);
#7939 = FACE_BOUND('',#7940,.T.);
#7940 = EDGE_LOOP('',(#7941,#7942,#7943,#7949));
#7941 = ORIENTED_EDGE('',*,*,#6863,.T.);
#7942 = ORIENTED_EDGE('',*,*,#6921,.T.);
#7943 = ORIENTED_EDGE('',*,*,#7944,.F.);
#7944 = EDGE_CURVE('',#6825,#6914,#7945,.T.);
#7945 = LINE('',#7946,#7947);
#7946 = CARTESIAN_POINT('',(-0.127,-7.3915,-2.843));
#7947 = VECTOR('',#7948,1.);
#7948 = DIRECTION('',(1.,4.440892098501E-16,0.));
#7949 = ORIENTED_EDGE('',*,*,#6832,.F.);
#7950 = PLANE('',#7951);
#7951 = AXIS2_PLACEMENT_3D('',#7952,#7953,#7954);
#7952 = CARTESIAN_POINT('',(-0.127,-7.3915,0.));
#7953 = DIRECTION('',(-4.440892098501E-16,1.,-3.124088708055E-16));
#7954 = DIRECTION('',(1.387374085862E-31,-3.124088708055E-16,-1.));
#7955 = ADVANCED_FACE('',(#7956),#7967,.T.);
#7956 = FACE_BOUND('',#7957,.T.);
#7957 = EDGE_LOOP('',(#7958,#7959,#7960,#7966));
#7958 = ORIENTED_EDGE('',*,*,#7944,.T.);
#7959 = ORIENTED_EDGE('',*,*,#6913,.T.);
#7960 = ORIENTED_EDGE('',*,*,#7961,.F.);
#7961 = EDGE_CURVE('',#6817,#6906,#7962,.T.);
#7962 = LINE('',#7963,#7964);
#7963 = CARTESIAN_POINT('',(-0.127,-7.50575,-3.3));
#7964 = VECTOR('',#7965,1.);
#7965 = DIRECTION('',(1.,4.440892098501E-16,0.));
#7966 = ORIENTED_EDGE('',*,*,#6824,.F.);
#7967 = PLANE('',#7968);
#7968 = AXIS2_PLACEMENT_3D('',#7969,#7970,#7971);
#7969 = CARTESIAN_POINT('',(-0.127,-7.3915,-2.843));
#7970 = DIRECTION('',(-4.308298163317E-16,0.970142500145,-0.242535625036
    ));
#7971 = DIRECTION('',(1.077074540829E-16,-0.242535625036,-0.970142500145
    ));
#7972 = ADVANCED_FACE('',(#7973),#7984,.T.);
#7973 = FACE_BOUND('',#7974,.T.);
#7974 = EDGE_LOOP('',(#7975,#7981,#7982,#7983));
#7975 = ORIENTED_EDGE('',*,*,#7976,.T.);
#7976 = EDGE_CURVE('',#6801,#6890,#7977,.T.);
#7977 = LINE('',#7978,#7979);
#7978 = CARTESIAN_POINT('',(-0.127,-7.8485,-2.843));
#7979 = VECTOR('',#7980,1.);
#7980 = DIRECTION('',(1.,4.440892098501E-16,0.));
#7981 = ORIENTED_EDGE('',*,*,#6889,.T.);
#7982 = ORIENTED_EDGE('',*,*,#6936,.F.);
#7983 = ORIENTED_EDGE('',*,*,#6800,.F.);
#7984 = PLANE('',#7985);
#7985 = AXIS2_PLACEMENT_3D('',#7986,#7987,#7988);
#7986 = CARTESIAN_POINT('',(-0.127,-7.8485,-2.843));
#7987 = DIRECTION('',(4.440892098501E-16,-1.,-3.124088708055E-16));
#7988 = DIRECTION('',(1.387374085862E-31,-3.124088708055E-16,1.));
#7989 = ADVANCED_FACE('',(#7990),#8001,.T.);
#7990 = FACE_BOUND('',#7991,.T.);
#7991 = EDGE_LOOP('',(#7992,#7993,#7994,#8000));
#7992 = ORIENTED_EDGE('',*,*,#7961,.T.);
#7993 = ORIENTED_EDGE('',*,*,#6905,.T.);
#7994 = ORIENTED_EDGE('',*,*,#7995,.F.);
#7995 = EDGE_CURVE('',#6809,#6898,#7996,.T.);
#7996 = LINE('',#7997,#7998);
#7997 = CARTESIAN_POINT('',(-0.127,-7.73425,-3.3));
#7998 = VECTOR('',#7999,1.);
#7999 = DIRECTION('',(1.,4.440892098501E-16,0.));
#8000 = ORIENTED_EDGE('',*,*,#6816,.F.);
#8001 = PLANE('',#8002);
#8002 = AXIS2_PLACEMENT_3D('',#8003,#8004,#8005);
#8003 = CARTESIAN_POINT('',(-0.127,-7.50575,-3.3));
#8004 = DIRECTION('',(0.,0.,-1.));
#8005 = DIRECTION('',(4.440892098501E-16,-1.,0.));
#8006 = ADVANCED_FACE('',(#8007),#8013,.T.);
#8007 = FACE_BOUND('',#8008,.T.);
#8008 = EDGE_LOOP('',(#8009,#8010,#8011,#8012));
#8009 = ORIENTED_EDGE('',*,*,#7995,.T.);
#8010 = ORIENTED_EDGE('',*,*,#6897,.T.);
#8011 = ORIENTED_EDGE('',*,*,#7976,.F.);
#8012 = ORIENTED_EDGE('',*,*,#6808,.F.);
#8013 = PLANE('',#8014);
#8014 = AXIS2_PLACEMENT_3D('',#8015,#8016,#8017);
#8015 = CARTESIAN_POINT('',(-0.127,-7.73425,-3.3));
#8016 = DIRECTION('',(4.308298163317E-16,-0.970142500145,-0.242535625036
    ));
#8017 = DIRECTION('',(1.077074540829E-16,-0.242535625036,0.970142500145)
  );
#8018 = ( GEOMETRIC_REPRESENTATION_CONTEXT(3) 
GLOBAL_UNCERTAINTY_ASSIGNED_CONTEXT((#8022)) 
GLOBAL_UNIT_ASSIGNED_CONTEXT((#8019,#8020,#8021)) REPRESENTATION_CONTEXT
('Context #1','3D Context with UNIT and UNCERTAINTY') );
#8019 = ( LENGTH_UNIT() NAMED_UNIT(*) SI_UNIT(.MILLI.,.METRE.) );
#8020 = ( NAMED_UNIT(*) PLANE_ANGLE_UNIT() SI_UNIT($,.RADIAN.) );
#8021 = ( NAMED_UNIT(*) SI_UNIT($,.STERADIAN.) SOLID_ANGLE_UNIT() );
#8022 = UNCERTAINTY_MEASURE_WITH_UNIT(LENGTH_MEASURE(1.E-07),#8019,
  'distance_accuracy_value','confusion accuracy');
#8023 = CONTEXT_DEPENDENT_SHAPE_REPRESENTATION(#8024,#8026);
#8024 = ( REPRESENTATION_RELATIONSHIP('','',#71,#48) 
REPRESENTATION_RELATIONSHIP_WITH_TRANSFORMATION(#8025) 
SHAPE_REPRESENTATION_RELATIONSHIP() );
#8025 = ITEM_DEFINED_TRANSFORMATION('','',#11,#49);
#8026 = PRODUCT_DEFINITION_SHAPE('Placement','Placement of an item',
  #8027);
#8027 = NEXT_ASSEMBLY_USAGE_OCCURRENCE('1','=>[0:1:1:3]','',#43,#66,$);
#8028 = PRODUCT_RELATED_PRODUCT_CATEGORY('part',$,(#68));
#8029 = CONTEXT_DEPENDENT_SHAPE_REPRESENTATION(#8030,#8032);
#8030 = ( REPRESENTATION_RELATIONSHIP('','',#48,#10) 
REPRESENTATION_RELATIONSHIP_WITH_TRANSFORMATION(#8031) 
SHAPE_REPRESENTATION_RELATIONSHIP() );
#8031 = ITEM_DEFINED_TRANSFORMATION('','',#11,#19);
#8032 = PRODUCT_DEFINITION_SHAPE('Placement','Placement of an item',
  #8033);
#8033 = NEXT_ASSEMBLY_USAGE_OCCURRENCE('3','J2','',#5,#43,$);
#8034 = CONTEXT_DEPENDENT_SHAPE_REPRESENTATION(#8035,#8037);
#8035 = ( REPRESENTATION_RELATIONSHIP('','',#48,#10) 
REPRESENTATION_RELATIONSHIP_WITH_TRANSFORMATION(#8036) 
SHAPE_REPRESENTATION_RELATIONSHIP() );
#8036 = ITEM_DEFINED_TRANSFORMATION('','',#11,#23);
#8037 = PRODUCT_DEFINITION_SHAPE('Placement','Placement of an item',
  #8038);
#8038 = NEXT_ASSEMBLY_USAGE_OCCURRENCE('4','U1','',#5,#43,$);
#8039 = CONTEXT_DEPENDENT_SHAPE_REPRESENTATION(#8040,#8042);
#8040 = ( REPRESENTATION_RELATIONSHIP('','',#48,#10) 
REPRESENTATION_RELATIONSHIP_WITH_TRANSFORMATION(#8041) 
SHAPE_REPRESENTATION_RELATIONSHIP() );
#8041 = ITEM_DEFINED_TRANSFORMATION('','',#11,#27);
#8042 = PRODUCT_DEFINITION_SHAPE('Placement','Placement of an item',
  #8043);
#8043 = NEXT_ASSEMBLY_USAGE_OCCURRENCE('5','U2','',#5,#43,$);
#8044 = SHAPE_DEFINITION_REPRESENTATION(#8045,#8051);
#8045 = PRODUCT_DEFINITION_SHAPE('','',#8046);
#8046 = PRODUCT_DEFINITION('design','',#8047,#8050);
#8047 = PRODUCT_DEFINITION_FORMATION('','',#8048);
#8048 = PRODUCT('ACE RAM Patch_PCB','ACE RAM Patch_PCB','',(#8049));
#8049 = PRODUCT_CONTEXT('',#2,'mechanical');
#8050 = PRODUCT_DEFINITION_CONTEXT('part definition',#2,'design');
#8051 = ADVANCED_BREP_SHAPE_REPRESENTATION('',(#11,#8052),#10526);
#8052 = MANIFOLD_SOLID_BREP('',#8053);
#8053 = CLOSED_SHELL('',(#8054,#8096,#8127,#8158,#8826,#9494,#9511,#9528
    ,#9545,#9562,#9574,#9591,#9608,#9625,#9642,#9659,#9676,#9693,#9710,
    #9727,#9744,#9761,#9778,#9795,#9812,#9829,#9846,#9863,#9880,#9897,
    #9914,#9931,#9948,#9965,#9982,#9999,#10016,#10033,#10050,#10067,
    #10084,#10101,#10118,#10135,#10152,#10169,#10186,#10203,#10220,
    #10237,#10254,#10271,#10288,#10305,#10322,#10339,#10356,#10373,
    #10390,#10407,#10424,#10441,#10458,#10475,#10492,#10509));
#8054 = ADVANCED_FACE('',(#8055),#8091,.T.);
#8055 = FACE_BOUND('',#8056,.T.);
#8056 = EDGE_LOOP('',(#8057,#8067,#8076,#8084));
#8057 = ORIENTED_EDGE('',*,*,#8058,.T.);
#8058 = EDGE_CURVE('',#8059,#8061,#8063,.T.);
#8059 = VERTEX_POINT('',#8060);
#8060 = CARTESIAN_POINT('',(171.,-84.5,0.));
#8061 = VERTEX_POINT('',#8062);
#8062 = CARTESIAN_POINT('',(171.,-84.5,1.51));
#8063 = LINE('',#8064,#8065);
#8064 = CARTESIAN_POINT('',(171.,-84.5,0.));
#8065 = VECTOR('',#8066,1.);
#8066 = DIRECTION('',(0.,0.,1.));
#8067 = ORIENTED_EDGE('',*,*,#8068,.T.);
#8068 = EDGE_CURVE('',#8061,#8069,#8071,.T.);
#8069 = VERTEX_POINT('',#8070);
#8070 = CARTESIAN_POINT('',(172.,-85.5,1.51));
#8071 = CIRCLE('',#8072,1.000000960032);
#8072 = AXIS2_PLACEMENT_3D('',#8073,#8074,#8075);
#8073 = CARTESIAN_POINT('',(170.99999903996,-85.50000096003,1.51));
#8074 = DIRECTION('',(0.,0.,-1.));
#8075 = DIRECTION('',(9.600305069164E-07,1.,0.));
#8076 = ORIENTED_EDGE('',*,*,#8077,.F.);
#8077 = EDGE_CURVE('',#8078,#8069,#8080,.T.);
#8078 = VERTEX_POINT('',#8079);
#8079 = CARTESIAN_POINT('',(172.,-85.5,0.));
#8080 = LINE('',#8081,#8082);
#8081 = CARTESIAN_POINT('',(172.,-85.5,0.));
#8082 = VECTOR('',#8083,1.);
#8083 = DIRECTION('',(0.,0.,1.));
#8084 = ORIENTED_EDGE('',*,*,#8085,.F.);
#8085 = EDGE_CURVE('',#8059,#8078,#8086,.T.);
#8086 = CIRCLE('',#8087,1.000000960032);
#8087 = AXIS2_PLACEMENT_3D('',#8088,#8089,#8090);
#8088 = CARTESIAN_POINT('',(170.99999903996,-85.50000096003,0.));
#8089 = DIRECTION('',(0.,0.,-1.));
#8090 = DIRECTION('',(9.600305069164E-07,1.,0.));
#8091 = CYLINDRICAL_SURFACE('',#8092,1.000000960032);
#8092 = AXIS2_PLACEMENT_3D('',#8093,#8094,#8095);
#8093 = CARTESIAN_POINT('',(170.99999903996,-85.50000096003,0.));
#8094 = DIRECTION('',(0.,0.,-1.));
#8095 = DIRECTION('',(9.600305069164E-07,1.,0.));
#8096 = ADVANCED_FACE('',(#8097),#8122,.T.);
#8097 = FACE_BOUND('',#8098,.T.);
#8098 = EDGE_LOOP('',(#8099,#8109,#8115,#8116));
#8099 = ORIENTED_EDGE('',*,*,#8100,.T.);
#8100 = EDGE_CURVE('',#8101,#8103,#8105,.T.);
#8101 = VERTEX_POINT('',#8102);
#8102 = CARTESIAN_POINT('',(80.5,-84.5,0.));
#8103 = VERTEX_POINT('',#8104);
#8104 = CARTESIAN_POINT('',(80.5,-84.5,1.51));
#8105 = LINE('',#8106,#8107);
#8106 = CARTESIAN_POINT('',(80.5,-84.5,0.));
#8107 = VECTOR('',#8108,1.);
#8108 = DIRECTION('',(0.,0.,1.));
#8109 = ORIENTED_EDGE('',*,*,#8110,.T.);
#8110 = EDGE_CURVE('',#8103,#8061,#8111,.T.);
#8111 = LINE('',#8112,#8113);
#8112 = CARTESIAN_POINT('',(80.5,-84.5,1.51));
#8113 = VECTOR('',#8114,1.);
#8114 = DIRECTION('',(1.,0.,0.));
#8115 = ORIENTED_EDGE('',*,*,#8058,.F.);
#8116 = ORIENTED_EDGE('',*,*,#8117,.F.);
#8117 = EDGE_CURVE('',#8101,#8059,#8118,.T.);
#8118 = LINE('',#8119,#8120);
#8119 = CARTESIAN_POINT('',(80.5,-84.5,0.));
#8120 = VECTOR('',#8121,1.);
#8121 = DIRECTION('',(1.,0.,0.));
#8122 = PLANE('',#8123);
#8123 = AXIS2_PLACEMENT_3D('',#8124,#8125,#8126);
#8124 = CARTESIAN_POINT('',(80.5,-84.5,0.));
#8125 = DIRECTION('',(0.,1.,0.));
#8126 = DIRECTION('',(1.,0.,0.));
#8127 = ADVANCED_FACE('',(#8128),#8153,.T.);
#8128 = FACE_BOUND('',#8129,.T.);
#8129 = EDGE_LOOP('',(#8130,#8131,#8139,#8147));
#8130 = ORIENTED_EDGE('',*,*,#8077,.T.);
#8131 = ORIENTED_EDGE('',*,*,#8132,.T.);
#8132 = EDGE_CURVE('',#8069,#8133,#8135,.T.);
#8133 = VERTEX_POINT('',#8134);
#8134 = CARTESIAN_POINT('',(172.,-96.5,1.51));
#8135 = LINE('',#8136,#8137);
#8136 = CARTESIAN_POINT('',(172.,-85.5,1.51));
#8137 = VECTOR('',#8138,1.);
#8138 = DIRECTION('',(0.,-1.,0.));
#8139 = ORIENTED_EDGE('',*,*,#8140,.F.);
#8140 = EDGE_CURVE('',#8141,#8133,#8143,.T.);
#8141 = VERTEX_POINT('',#8142);
#8142 = CARTESIAN_POINT('',(172.,-96.5,0.));
#8143 = LINE('',#8144,#8145);
#8144 = CARTESIAN_POINT('',(172.,-96.5,0.));
#8145 = VECTOR('',#8146,1.);
#8146 = DIRECTION('',(0.,0.,1.));
#8147 = ORIENTED_EDGE('',*,*,#8148,.F.);
#8148 = EDGE_CURVE('',#8078,#8141,#8149,.T.);
#8149 = LINE('',#8150,#8151);
#8150 = CARTESIAN_POINT('',(172.,-85.5,0.));
#8151 = VECTOR('',#8152,1.);
#8152 = DIRECTION('',(0.,-1.,0.));
#8153 = PLANE('',#8154);
#8154 = AXIS2_PLACEMENT_3D('',#8155,#8156,#8157);
#8155 = CARTESIAN_POINT('',(172.,-85.5,0.));
#8156 = DIRECTION('',(1.,0.,-0.));
#8157 = DIRECTION('',(0.,-1.,0.));
#8158 = ADVANCED_FACE('',(#8159,#8205,#8216,#8227,#8238,#8249,#8260,
    #8271,#8282,#8293,#8304,#8315,#8326,#8337,#8348,#8359,#8370,#8381,
    #8392,#8403,#8414,#8425,#8436,#8447,#8458,#8469,#8480,#8491,#8502,
    #8513,#8524,#8535,#8546,#8557,#8568,#8579,#8590,#8601,#8612,#8623,
    #8634,#8645,#8656,#8667,#8678,#8689,#8700,#8711,#8722,#8733,#8744,
    #8755,#8766,#8777,#8788,#8799,#8810),#8821,.F.);
#8159 = FACE_BOUND('',#8160,.F.);
#8160 = EDGE_LOOP('',(#8161,#8162,#8163,#8172,#8180,#8189,#8197,#8204));
#8161 = ORIENTED_EDGE('',*,*,#8085,.F.);
#8162 = ORIENTED_EDGE('',*,*,#8117,.F.);
#8163 = ORIENTED_EDGE('',*,*,#8164,.F.);
#8164 = EDGE_CURVE('',#8165,#8101,#8167,.T.);
#8165 = VERTEX_POINT('',#8166);
#8166 = CARTESIAN_POINT('',(79.5,-85.5,0.));
#8167 = CIRCLE('',#8168,0.999999252925);
#8168 = AXIS2_PLACEMENT_3D('',#8169,#8170,#8171);
#8169 = CARTESIAN_POINT('',(80.499999252925,-85.49999925292,0.));
#8170 = DIRECTION('',(0.,0.,-1.));
#8171 = DIRECTION('',(-1.,-7.47075720743E-07,-0.));
#8172 = ORIENTED_EDGE('',*,*,#8173,.F.);
#8173 = EDGE_CURVE('',#8174,#8165,#8176,.T.);
#8174 = VERTEX_POINT('',#8175);
#8175 = CARTESIAN_POINT('',(79.5,-96.5,0.));
#8176 = LINE('',#8177,#8178);
#8177 = CARTESIAN_POINT('',(79.5,-96.5,0.));
#8178 = VECTOR('',#8179,1.);
#8179 = DIRECTION('',(0.,1.,0.));
#8180 = ORIENTED_EDGE('',*,*,#8181,.F.);
#8181 = EDGE_CURVE('',#8182,#8174,#8184,.T.);
#8182 = VERTEX_POINT('',#8183);
#8183 = CARTESIAN_POINT('',(80.5,-97.5,0.));
#8184 = CIRCLE('',#8185,1.000000960032);
#8185 = AXIS2_PLACEMENT_3D('',#8186,#8187,#8188);
#8186 = CARTESIAN_POINT('',(80.500000960031,-96.49999903996,0.));
#8187 = DIRECTION('',(0.,0.,-1.));
#8188 = DIRECTION('',(-9.600305211272E-07,-1.,-0.));
#8189 = ORIENTED_EDGE('',*,*,#8190,.F.);
#8190 = EDGE_CURVE('',#8191,#8182,#8193,.T.);
#8191 = VERTEX_POINT('',#8192);
#8192 = CARTESIAN_POINT('',(171.,-97.5,0.));
#8193 = LINE('',#8194,#8195);
#8194 = CARTESIAN_POINT('',(171.,-97.5,0.));
#8195 = VECTOR('',#8196,1.);
#8196 = DIRECTION('',(-1.,0.,0.));
#8197 = ORIENTED_EDGE('',*,*,#8198,.F.);
#8198 = EDGE_CURVE('',#8141,#8191,#8199,.T.);
#8199 = CIRCLE('',#8200,1.00000266715);
#8200 = AXIS2_PLACEMENT_3D('',#8201,#8202,#8203);
#8201 = CARTESIAN_POINT('',(170.99999733285,-96.49999733285,0.));
#8202 = DIRECTION('',(0.,0.,-1.));
#8203 = DIRECTION('',(0.999999999996,-2.667139162621E-06,0.));
#8204 = ORIENTED_EDGE('',*,*,#8148,.F.);
#8205 = FACE_BOUND('',#8206,.F.);
#8206 = EDGE_LOOP('',(#8207));
#8207 = ORIENTED_EDGE('',*,*,#8208,.T.);
#8208 = EDGE_CURVE('',#8209,#8209,#8211,.T.);
#8209 = VERTEX_POINT('',#8210);
#8210 = CARTESIAN_POINT('',(83.57,-95.22,0.));
#8211 = CIRCLE('',#8212,0.4);
#8212 = AXIS2_PLACEMENT_3D('',#8213,#8214,#8215);
#8213 = CARTESIAN_POINT('',(83.57,-94.82,0.));
#8214 = DIRECTION('',(-0.,0.,-1.));
#8215 = DIRECTION('',(-0.,-1.,0.));
#8216 = FACE_BOUND('',#8217,.F.);
#8217 = EDGE_LOOP('',(#8218));
#8218 = ORIENTED_EDGE('',*,*,#8219,.T.);
#8219 = EDGE_CURVE('',#8220,#8220,#8222,.T.);
#8220 = VERTEX_POINT('',#8221);
#8221 = CARTESIAN_POINT('',(86.11,-95.22,0.));
#8222 = CIRCLE('',#8223,0.4);
#8223 = AXIS2_PLACEMENT_3D('',#8224,#8225,#8226);
#8224 = CARTESIAN_POINT('',(86.11,-94.82,0.));
#8225 = DIRECTION('',(-0.,0.,-1.));
#8226 = DIRECTION('',(-0.,-1.,0.));
#8227 = FACE_BOUND('',#8228,.F.);
#8228 = EDGE_LOOP('',(#8229));
#8229 = ORIENTED_EDGE('',*,*,#8230,.T.);
#8230 = EDGE_CURVE('',#8231,#8231,#8233,.T.);
#8231 = VERTEX_POINT('',#8232);
#8232 = CARTESIAN_POINT('',(88.65,-95.22,0.));
#8233 = CIRCLE('',#8234,0.4);
#8234 = AXIS2_PLACEMENT_3D('',#8235,#8236,#8237);
#8235 = CARTESIAN_POINT('',(88.65,-94.82,0.));
#8236 = DIRECTION('',(-0.,0.,-1.));
#8237 = DIRECTION('',(-0.,-1.,0.));
#8238 = FACE_BOUND('',#8239,.F.);
#8239 = EDGE_LOOP('',(#8240));
#8240 = ORIENTED_EDGE('',*,*,#8241,.T.);
#8241 = EDGE_CURVE('',#8242,#8242,#8244,.T.);
#8242 = VERTEX_POINT('',#8243);
#8243 = CARTESIAN_POINT('',(91.19,-95.22,0.));
#8244 = CIRCLE('',#8245,0.4);
#8245 = AXIS2_PLACEMENT_3D('',#8246,#8247,#8248);
#8246 = CARTESIAN_POINT('',(91.19,-94.82,0.));
#8247 = DIRECTION('',(-0.,0.,-1.));
#8248 = DIRECTION('',(-0.,-1.,0.));
#8249 = FACE_BOUND('',#8250,.F.);
#8250 = EDGE_LOOP('',(#8251));
#8251 = ORIENTED_EDGE('',*,*,#8252,.T.);
#8252 = EDGE_CURVE('',#8253,#8253,#8255,.T.);
#8253 = VERTEX_POINT('',#8254);
#8254 = CARTESIAN_POINT('',(93.73,-95.22,0.));
#8255 = CIRCLE('',#8256,0.4);
#8256 = AXIS2_PLACEMENT_3D('',#8257,#8258,#8259);
#8257 = CARTESIAN_POINT('',(93.73,-94.82,0.));
#8258 = DIRECTION('',(-0.,0.,-1.));
#8259 = DIRECTION('',(3.5527136788E-14,-1.,-0.));
#8260 = FACE_BOUND('',#8261,.F.);
#8261 = EDGE_LOOP('',(#8262));
#8262 = ORIENTED_EDGE('',*,*,#8263,.T.);
#8263 = EDGE_CURVE('',#8264,#8264,#8266,.T.);
#8264 = VERTEX_POINT('',#8265);
#8265 = CARTESIAN_POINT('',(96.27,-95.22,0.));
#8266 = CIRCLE('',#8267,0.4);
#8267 = AXIS2_PLACEMENT_3D('',#8268,#8269,#8270);
#8268 = CARTESIAN_POINT('',(96.27,-94.82,0.));
#8269 = DIRECTION('',(-0.,0.,-1.));
#8270 = DIRECTION('',(-3.552713678801E-14,-1.,0.));
#8271 = FACE_BOUND('',#8272,.F.);
#8272 = EDGE_LOOP('',(#8273));
#8273 = ORIENTED_EDGE('',*,*,#8274,.T.);
#8274 = EDGE_CURVE('',#8275,#8275,#8277,.T.);
#8275 = VERTEX_POINT('',#8276);
#8276 = CARTESIAN_POINT('',(98.81,-95.22,0.));
#8277 = CIRCLE('',#8278,0.4);
#8278 = AXIS2_PLACEMENT_3D('',#8279,#8280,#8281);
#8279 = CARTESIAN_POINT('',(98.81,-94.82,0.));
#8280 = DIRECTION('',(-0.,0.,-1.));
#8281 = DIRECTION('',(-0.,-1.,0.));
#8282 = FACE_BOUND('',#8283,.F.);
#8283 = EDGE_LOOP('',(#8284));
#8284 = ORIENTED_EDGE('',*,*,#8285,.T.);
#8285 = EDGE_CURVE('',#8286,#8286,#8288,.T.);
#8286 = VERTEX_POINT('',#8287);
#8287 = CARTESIAN_POINT('',(106.57,-95.22,0.));
#8288 = CIRCLE('',#8289,0.4);
#8289 = AXIS2_PLACEMENT_3D('',#8290,#8291,#8292);
#8290 = CARTESIAN_POINT('',(106.57,-94.82,0.));
#8291 = DIRECTION('',(-0.,0.,-1.));
#8292 = DIRECTION('',(-0.,-1.,0.));
#8293 = FACE_BOUND('',#8294,.F.);
#8294 = EDGE_LOOP('',(#8295));
#8295 = ORIENTED_EDGE('',*,*,#8296,.T.);
#8296 = EDGE_CURVE('',#8297,#8297,#8299,.T.);
#8297 = VERTEX_POINT('',#8298);
#8298 = CARTESIAN_POINT('',(109.11,-95.22,0.));
#8299 = CIRCLE('',#8300,0.4);
#8300 = AXIS2_PLACEMENT_3D('',#8301,#8302,#8303);
#8301 = CARTESIAN_POINT('',(109.11,-94.82,0.));
#8302 = DIRECTION('',(-0.,0.,-1.));
#8303 = DIRECTION('',(-0.,-1.,0.));
#8304 = FACE_BOUND('',#8305,.F.);
#8305 = EDGE_LOOP('',(#8306));
#8306 = ORIENTED_EDGE('',*,*,#8307,.T.);
#8307 = EDGE_CURVE('',#8308,#8308,#8310,.T.);
#8308 = VERTEX_POINT('',#8309);
#8309 = CARTESIAN_POINT('',(111.65,-95.22,0.));
#8310 = CIRCLE('',#8311,0.4);
#8311 = AXIS2_PLACEMENT_3D('',#8312,#8313,#8314);
#8312 = CARTESIAN_POINT('',(111.65,-94.82,0.));
#8313 = DIRECTION('',(-0.,0.,-1.));
#8314 = DIRECTION('',(-0.,-1.,0.));
#8315 = FACE_BOUND('',#8316,.F.);
#8316 = EDGE_LOOP('',(#8317));
#8317 = ORIENTED_EDGE('',*,*,#8318,.T.);
#8318 = EDGE_CURVE('',#8319,#8319,#8321,.T.);
#8319 = VERTEX_POINT('',#8320);
#8320 = CARTESIAN_POINT('',(114.19,-95.22,0.));
#8321 = CIRCLE('',#8322,0.4);
#8322 = AXIS2_PLACEMENT_3D('',#8323,#8324,#8325);
#8323 = CARTESIAN_POINT('',(114.19,-94.82,0.));
#8324 = DIRECTION('',(-0.,0.,-1.));
#8325 = DIRECTION('',(-0.,-1.,0.));
#8326 = FACE_BOUND('',#8327,.F.);
#8327 = EDGE_LOOP('',(#8328));
#8328 = ORIENTED_EDGE('',*,*,#8329,.T.);
#8329 = EDGE_CURVE('',#8330,#8330,#8332,.T.);
#8330 = VERTEX_POINT('',#8331);
#8331 = CARTESIAN_POINT('',(116.73,-95.22,0.));
#8332 = CIRCLE('',#8333,0.4);
#8333 = AXIS2_PLACEMENT_3D('',#8334,#8335,#8336);
#8334 = CARTESIAN_POINT('',(116.73,-94.82,0.));
#8335 = DIRECTION('',(-0.,0.,-1.));
#8336 = DIRECTION('',(3.5527136788E-14,-1.,-0.));
#8337 = FACE_BOUND('',#8338,.F.);
#8338 = EDGE_LOOP('',(#8339));
#8339 = ORIENTED_EDGE('',*,*,#8340,.T.);
#8340 = EDGE_CURVE('',#8341,#8341,#8343,.T.);
#8341 = VERTEX_POINT('',#8342);
#8342 = CARTESIAN_POINT('',(119.27,-95.22,0.));
#8343 = CIRCLE('',#8344,0.4);
#8344 = AXIS2_PLACEMENT_3D('',#8345,#8346,#8347);
#8345 = CARTESIAN_POINT('',(119.27,-94.82,0.));
#8346 = DIRECTION('',(-0.,0.,-1.));
#8347 = DIRECTION('',(-3.552713678801E-14,-1.,0.));
#8348 = FACE_BOUND('',#8349,.F.);
#8349 = EDGE_LOOP('',(#8350));
#8350 = ORIENTED_EDGE('',*,*,#8351,.T.);
#8351 = EDGE_CURVE('',#8352,#8352,#8354,.T.);
#8352 = VERTEX_POINT('',#8353);
#8353 = CARTESIAN_POINT('',(121.81,-95.22,0.));
#8354 = CIRCLE('',#8355,0.4);
#8355 = AXIS2_PLACEMENT_3D('',#8356,#8357,#8358);
#8356 = CARTESIAN_POINT('',(121.81,-94.82,0.));
#8357 = DIRECTION('',(-0.,0.,-1.));
#8358 = DIRECTION('',(-0.,-1.,0.));
#8359 = FACE_BOUND('',#8360,.F.);
#8360 = EDGE_LOOP('',(#8361));
#8361 = ORIENTED_EDGE('',*,*,#8362,.T.);
#8362 = EDGE_CURVE('',#8363,#8363,#8365,.T.);
#8363 = VERTEX_POINT('',#8364);
#8364 = CARTESIAN_POINT('',(129.57,-95.22,0.));
#8365 = CIRCLE('',#8366,0.4);
#8366 = AXIS2_PLACEMENT_3D('',#8367,#8368,#8369);
#8367 = CARTESIAN_POINT('',(129.57,-94.82,0.));
#8368 = DIRECTION('',(-0.,0.,-1.));
#8369 = DIRECTION('',(-0.,-1.,0.));
#8370 = FACE_BOUND('',#8371,.F.);
#8371 = EDGE_LOOP('',(#8372));
#8372 = ORIENTED_EDGE('',*,*,#8373,.T.);
#8373 = EDGE_CURVE('',#8374,#8374,#8376,.T.);
#8374 = VERTEX_POINT('',#8375);
#8375 = CARTESIAN_POINT('',(132.11,-95.22,0.));
#8376 = CIRCLE('',#8377,0.4);
#8377 = AXIS2_PLACEMENT_3D('',#8378,#8379,#8380);
#8378 = CARTESIAN_POINT('',(132.11,-94.82,0.));
#8379 = DIRECTION('',(-0.,0.,-1.));
#8380 = DIRECTION('',(-0.,-1.,0.));
#8381 = FACE_BOUND('',#8382,.F.);
#8382 = EDGE_LOOP('',(#8383));
#8383 = ORIENTED_EDGE('',*,*,#8384,.T.);
#8384 = EDGE_CURVE('',#8385,#8385,#8387,.T.);
#8385 = VERTEX_POINT('',#8386);
#8386 = CARTESIAN_POINT('',(134.65,-95.22,0.));
#8387 = CIRCLE('',#8388,0.4);
#8388 = AXIS2_PLACEMENT_3D('',#8389,#8390,#8391);
#8389 = CARTESIAN_POINT('',(134.65,-94.82,0.));
#8390 = DIRECTION('',(-0.,0.,-1.));
#8391 = DIRECTION('',(-0.,-1.,0.));
#8392 = FACE_BOUND('',#8393,.F.);
#8393 = EDGE_LOOP('',(#8394));
#8394 = ORIENTED_EDGE('',*,*,#8395,.T.);
#8395 = EDGE_CURVE('',#8396,#8396,#8398,.T.);
#8396 = VERTEX_POINT('',#8397);
#8397 = CARTESIAN_POINT('',(137.19,-95.22,0.));
#8398 = CIRCLE('',#8399,0.4);
#8399 = AXIS2_PLACEMENT_3D('',#8400,#8401,#8402);
#8400 = CARTESIAN_POINT('',(137.19,-94.82,0.));
#8401 = DIRECTION('',(-0.,0.,-1.));
#8402 = DIRECTION('',(-0.,-1.,0.));
#8403 = FACE_BOUND('',#8404,.F.);
#8404 = EDGE_LOOP('',(#8405));
#8405 = ORIENTED_EDGE('',*,*,#8406,.T.);
#8406 = EDGE_CURVE('',#8407,#8407,#8409,.T.);
#8407 = VERTEX_POINT('',#8408);
#8408 = CARTESIAN_POINT('',(139.73,-95.22,0.));
#8409 = CIRCLE('',#8410,0.4);
#8410 = AXIS2_PLACEMENT_3D('',#8411,#8412,#8413);
#8411 = CARTESIAN_POINT('',(139.73,-94.82,0.));
#8412 = DIRECTION('',(-0.,0.,-1.));
#8413 = DIRECTION('',(-7.105427357601E-14,-1.,0.));
#8414 = FACE_BOUND('',#8415,.F.);
#8415 = EDGE_LOOP('',(#8416));
#8416 = ORIENTED_EDGE('',*,*,#8417,.T.);
#8417 = EDGE_CURVE('',#8418,#8418,#8420,.T.);
#8418 = VERTEX_POINT('',#8419);
#8419 = CARTESIAN_POINT('',(142.27,-95.22,0.));
#8420 = CIRCLE('',#8421,0.4);
#8421 = AXIS2_PLACEMENT_3D('',#8422,#8423,#8424);
#8422 = CARTESIAN_POINT('',(142.27,-94.82,0.));
#8423 = DIRECTION('',(-0.,0.,-1.));
#8424 = DIRECTION('',(7.105427357601E-14,-1.,-0.));
#8425 = FACE_BOUND('',#8426,.F.);
#8426 = EDGE_LOOP('',(#8427));
#8427 = ORIENTED_EDGE('',*,*,#8428,.T.);
#8428 = EDGE_CURVE('',#8429,#8429,#8431,.T.);
#8429 = VERTEX_POINT('',#8430);
#8430 = CARTESIAN_POINT('',(144.81,-95.22,0.));
#8431 = CIRCLE('',#8432,0.4);
#8432 = AXIS2_PLACEMENT_3D('',#8433,#8434,#8435);
#8433 = CARTESIAN_POINT('',(144.81,-94.82,0.));
#8434 = DIRECTION('',(-0.,0.,-1.));
#8435 = DIRECTION('',(-0.,-1.,0.));
#8436 = FACE_BOUND('',#8437,.F.);
#8437 = EDGE_LOOP('',(#8438));
#8438 = ORIENTED_EDGE('',*,*,#8439,.T.);
#8439 = EDGE_CURVE('',#8440,#8440,#8442,.T.);
#8440 = VERTEX_POINT('',#8441);
#8441 = CARTESIAN_POINT('',(152.57,-95.22,0.));
#8442 = CIRCLE('',#8443,0.4);
#8443 = AXIS2_PLACEMENT_3D('',#8444,#8445,#8446);
#8444 = CARTESIAN_POINT('',(152.57,-94.82,0.));
#8445 = DIRECTION('',(-0.,0.,-1.));
#8446 = DIRECTION('',(-0.,-1.,0.));
#8447 = FACE_BOUND('',#8448,.F.);
#8448 = EDGE_LOOP('',(#8449));
#8449 = ORIENTED_EDGE('',*,*,#8450,.T.);
#8450 = EDGE_CURVE('',#8451,#8451,#8453,.T.);
#8451 = VERTEX_POINT('',#8452);
#8452 = CARTESIAN_POINT('',(155.11,-95.22,0.));
#8453 = CIRCLE('',#8454,0.4);
#8454 = AXIS2_PLACEMENT_3D('',#8455,#8456,#8457);
#8455 = CARTESIAN_POINT('',(155.11,-94.82,0.));
#8456 = DIRECTION('',(-0.,0.,-1.));
#8457 = DIRECTION('',(-0.,-1.,0.));
#8458 = FACE_BOUND('',#8459,.F.);
#8459 = EDGE_LOOP('',(#8460));
#8460 = ORIENTED_EDGE('',*,*,#8461,.T.);
#8461 = EDGE_CURVE('',#8462,#8462,#8464,.T.);
#8462 = VERTEX_POINT('',#8463);
#8463 = CARTESIAN_POINT('',(157.65,-95.22,0.));
#8464 = CIRCLE('',#8465,0.4);
#8465 = AXIS2_PLACEMENT_3D('',#8466,#8467,#8468);
#8466 = CARTESIAN_POINT('',(157.65,-94.82,0.));
#8467 = DIRECTION('',(-0.,0.,-1.));
#8468 = DIRECTION('',(-0.,-1.,0.));
#8469 = FACE_BOUND('',#8470,.F.);
#8470 = EDGE_LOOP('',(#8471));
#8471 = ORIENTED_EDGE('',*,*,#8472,.T.);
#8472 = EDGE_CURVE('',#8473,#8473,#8475,.T.);
#8473 = VERTEX_POINT('',#8474);
#8474 = CARTESIAN_POINT('',(160.19,-95.22,0.));
#8475 = CIRCLE('',#8476,0.4);
#8476 = AXIS2_PLACEMENT_3D('',#8477,#8478,#8479);
#8477 = CARTESIAN_POINT('',(160.19,-94.82,0.));
#8478 = DIRECTION('',(-0.,0.,-1.));
#8479 = DIRECTION('',(-0.,-1.,0.));
#8480 = FACE_BOUND('',#8481,.F.);
#8481 = EDGE_LOOP('',(#8482));
#8482 = ORIENTED_EDGE('',*,*,#8483,.T.);
#8483 = EDGE_CURVE('',#8484,#8484,#8486,.T.);
#8484 = VERTEX_POINT('',#8485);
#8485 = CARTESIAN_POINT('',(162.73,-95.22,0.));
#8486 = CIRCLE('',#8487,0.4);
#8487 = AXIS2_PLACEMENT_3D('',#8488,#8489,#8490);
#8488 = CARTESIAN_POINT('',(162.73,-94.82,0.));
#8489 = DIRECTION('',(-0.,0.,-1.));
#8490 = DIRECTION('',(-7.105427357601E-14,-1.,0.));
#8491 = FACE_BOUND('',#8492,.F.);
#8492 = EDGE_LOOP('',(#8493));
#8493 = ORIENTED_EDGE('',*,*,#8494,.T.);
#8494 = EDGE_CURVE('',#8495,#8495,#8497,.T.);
#8495 = VERTEX_POINT('',#8496);
#8496 = CARTESIAN_POINT('',(165.27,-95.22,0.));
#8497 = CIRCLE('',#8498,0.4);
#8498 = AXIS2_PLACEMENT_3D('',#8499,#8500,#8501);
#8499 = CARTESIAN_POINT('',(165.27,-94.82,0.));
#8500 = DIRECTION('',(-0.,0.,-1.));
#8501 = DIRECTION('',(7.105427357601E-14,-1.,-0.));
#8502 = FACE_BOUND('',#8503,.F.);
#8503 = EDGE_LOOP('',(#8504));
#8504 = ORIENTED_EDGE('',*,*,#8505,.T.);
#8505 = EDGE_CURVE('',#8506,#8506,#8508,.T.);
#8506 = VERTEX_POINT('',#8507);
#8507 = CARTESIAN_POINT('',(167.81,-95.22,0.));
#8508 = CIRCLE('',#8509,0.4);
#8509 = AXIS2_PLACEMENT_3D('',#8510,#8511,#8512);
#8510 = CARTESIAN_POINT('',(167.81,-94.82,0.));
#8511 = DIRECTION('',(-0.,0.,-1.));
#8512 = DIRECTION('',(-0.,-1.,0.));
#8513 = FACE_BOUND('',#8514,.F.);
#8514 = EDGE_LOOP('',(#8515));
#8515 = ORIENTED_EDGE('',*,*,#8516,.T.);
#8516 = EDGE_CURVE('',#8517,#8517,#8519,.T.);
#8517 = VERTEX_POINT('',#8518);
#8518 = CARTESIAN_POINT('',(83.57,-87.6,0.));
#8519 = CIRCLE('',#8520,0.4);
#8520 = AXIS2_PLACEMENT_3D('',#8521,#8522,#8523);
#8521 = CARTESIAN_POINT('',(83.57,-87.2,0.));
#8522 = DIRECTION('',(-0.,0.,-1.));
#8523 = DIRECTION('',(-0.,-1.,0.));
#8524 = FACE_BOUND('',#8525,.F.);
#8525 = EDGE_LOOP('',(#8526));
#8526 = ORIENTED_EDGE('',*,*,#8527,.T.);
#8527 = EDGE_CURVE('',#8528,#8528,#8530,.T.);
#8528 = VERTEX_POINT('',#8529);
#8529 = CARTESIAN_POINT('',(86.11,-87.6,0.));
#8530 = CIRCLE('',#8531,0.4);
#8531 = AXIS2_PLACEMENT_3D('',#8532,#8533,#8534);
#8532 = CARTESIAN_POINT('',(86.11,-87.2,0.));
#8533 = DIRECTION('',(-0.,0.,-1.));
#8534 = DIRECTION('',(-0.,-1.,0.));
#8535 = FACE_BOUND('',#8536,.F.);
#8536 = EDGE_LOOP('',(#8537));
#8537 = ORIENTED_EDGE('',*,*,#8538,.T.);
#8538 = EDGE_CURVE('',#8539,#8539,#8541,.T.);
#8539 = VERTEX_POINT('',#8540);
#8540 = CARTESIAN_POINT('',(88.65,-87.6,0.));
#8541 = CIRCLE('',#8542,0.4);
#8542 = AXIS2_PLACEMENT_3D('',#8543,#8544,#8545);
#8543 = CARTESIAN_POINT('',(88.65,-87.2,0.));
#8544 = DIRECTION('',(-0.,0.,-1.));
#8545 = DIRECTION('',(-0.,-1.,0.));
#8546 = FACE_BOUND('',#8547,.F.);
#8547 = EDGE_LOOP('',(#8548));
#8548 = ORIENTED_EDGE('',*,*,#8549,.T.);
#8549 = EDGE_CURVE('',#8550,#8550,#8552,.T.);
#8550 = VERTEX_POINT('',#8551);
#8551 = CARTESIAN_POINT('',(91.19,-87.6,0.));
#8552 = CIRCLE('',#8553,0.4);
#8553 = AXIS2_PLACEMENT_3D('',#8554,#8555,#8556);
#8554 = CARTESIAN_POINT('',(91.19,-87.2,0.));
#8555 = DIRECTION('',(-0.,0.,-1.));
#8556 = DIRECTION('',(-0.,-1.,0.));
#8557 = FACE_BOUND('',#8558,.F.);
#8558 = EDGE_LOOP('',(#8559));
#8559 = ORIENTED_EDGE('',*,*,#8560,.T.);
#8560 = EDGE_CURVE('',#8561,#8561,#8563,.T.);
#8561 = VERTEX_POINT('',#8562);
#8562 = CARTESIAN_POINT('',(93.73,-87.6,0.));
#8563 = CIRCLE('',#8564,0.4);
#8564 = AXIS2_PLACEMENT_3D('',#8565,#8566,#8567);
#8565 = CARTESIAN_POINT('',(93.73,-87.2,0.));
#8566 = DIRECTION('',(-0.,0.,-1.));
#8567 = DIRECTION('',(3.5527136788E-14,-1.,-0.));
#8568 = FACE_BOUND('',#8569,.F.);
#8569 = EDGE_LOOP('',(#8570));
#8570 = ORIENTED_EDGE('',*,*,#8571,.T.);
#8571 = EDGE_CURVE('',#8572,#8572,#8574,.T.);
#8572 = VERTEX_POINT('',#8573);
#8573 = CARTESIAN_POINT('',(96.27,-87.6,0.));
#8574 = CIRCLE('',#8575,0.4);
#8575 = AXIS2_PLACEMENT_3D('',#8576,#8577,#8578);
#8576 = CARTESIAN_POINT('',(96.27,-87.2,0.));
#8577 = DIRECTION('',(-0.,0.,-1.));
#8578 = DIRECTION('',(-3.552713678801E-14,-1.,0.));
#8579 = FACE_BOUND('',#8580,.F.);
#8580 = EDGE_LOOP('',(#8581));
#8581 = ORIENTED_EDGE('',*,*,#8582,.T.);
#8582 = EDGE_CURVE('',#8583,#8583,#8585,.T.);
#8583 = VERTEX_POINT('',#8584);
#8584 = CARTESIAN_POINT('',(98.81,-87.6,0.));
#8585 = CIRCLE('',#8586,0.4);
#8586 = AXIS2_PLACEMENT_3D('',#8587,#8588,#8589);
#8587 = CARTESIAN_POINT('',(98.81,-87.2,0.));
#8588 = DIRECTION('',(-0.,0.,-1.));
#8589 = DIRECTION('',(-0.,-1.,0.));
#8590 = FACE_BOUND('',#8591,.F.);
#8591 = EDGE_LOOP('',(#8592));
#8592 = ORIENTED_EDGE('',*,*,#8593,.T.);
#8593 = EDGE_CURVE('',#8594,#8594,#8596,.T.);
#8594 = VERTEX_POINT('',#8595);
#8595 = CARTESIAN_POINT('',(106.57,-87.6,0.));
#8596 = CIRCLE('',#8597,0.4);
#8597 = AXIS2_PLACEMENT_3D('',#8598,#8599,#8600);
#8598 = CARTESIAN_POINT('',(106.57,-87.2,0.));
#8599 = DIRECTION('',(-0.,0.,-1.));
#8600 = DIRECTION('',(-0.,-1.,0.));
#8601 = FACE_BOUND('',#8602,.F.);
#8602 = EDGE_LOOP('',(#8603));
#8603 = ORIENTED_EDGE('',*,*,#8604,.T.);
#8604 = EDGE_CURVE('',#8605,#8605,#8607,.T.);
#8605 = VERTEX_POINT('',#8606);
#8606 = CARTESIAN_POINT('',(109.11,-87.6,0.));
#8607 = CIRCLE('',#8608,0.4);
#8608 = AXIS2_PLACEMENT_3D('',#8609,#8610,#8611);
#8609 = CARTESIAN_POINT('',(109.11,-87.2,0.));
#8610 = DIRECTION('',(-0.,0.,-1.));
#8611 = DIRECTION('',(-0.,-1.,0.));
#8612 = FACE_BOUND('',#8613,.F.);
#8613 = EDGE_LOOP('',(#8614));
#8614 = ORIENTED_EDGE('',*,*,#8615,.T.);
#8615 = EDGE_CURVE('',#8616,#8616,#8618,.T.);
#8616 = VERTEX_POINT('',#8617);
#8617 = CARTESIAN_POINT('',(111.65,-87.6,0.));
#8618 = CIRCLE('',#8619,0.4);
#8619 = AXIS2_PLACEMENT_3D('',#8620,#8621,#8622);
#8620 = CARTESIAN_POINT('',(111.65,-87.2,0.));
#8621 = DIRECTION('',(-0.,0.,-1.));
#8622 = DIRECTION('',(-0.,-1.,0.));
#8623 = FACE_BOUND('',#8624,.F.);
#8624 = EDGE_LOOP('',(#8625));
#8625 = ORIENTED_EDGE('',*,*,#8626,.T.);
#8626 = EDGE_CURVE('',#8627,#8627,#8629,.T.);
#8627 = VERTEX_POINT('',#8628);
#8628 = CARTESIAN_POINT('',(114.19,-87.6,0.));
#8629 = CIRCLE('',#8630,0.4);
#8630 = AXIS2_PLACEMENT_3D('',#8631,#8632,#8633);
#8631 = CARTESIAN_POINT('',(114.19,-87.2,0.));
#8632 = DIRECTION('',(-0.,0.,-1.));
#8633 = DIRECTION('',(-0.,-1.,0.));
#8634 = FACE_BOUND('',#8635,.F.);
#8635 = EDGE_LOOP('',(#8636));
#8636 = ORIENTED_EDGE('',*,*,#8637,.T.);
#8637 = EDGE_CURVE('',#8638,#8638,#8640,.T.);
#8638 = VERTEX_POINT('',#8639);
#8639 = CARTESIAN_POINT('',(116.73,-87.6,0.));
#8640 = CIRCLE('',#8641,0.4);
#8641 = AXIS2_PLACEMENT_3D('',#8642,#8643,#8644);
#8642 = CARTESIAN_POINT('',(116.73,-87.2,0.));
#8643 = DIRECTION('',(-0.,0.,-1.));
#8644 = DIRECTION('',(3.5527136788E-14,-1.,-0.));
#8645 = FACE_BOUND('',#8646,.F.);
#8646 = EDGE_LOOP('',(#8647));
#8647 = ORIENTED_EDGE('',*,*,#8648,.T.);
#8648 = EDGE_CURVE('',#8649,#8649,#8651,.T.);
#8649 = VERTEX_POINT('',#8650);
#8650 = CARTESIAN_POINT('',(119.27,-87.6,0.));
#8651 = CIRCLE('',#8652,0.4);
#8652 = AXIS2_PLACEMENT_3D('',#8653,#8654,#8655);
#8653 = CARTESIAN_POINT('',(119.27,-87.2,0.));
#8654 = DIRECTION('',(-0.,0.,-1.));
#8655 = DIRECTION('',(-3.552713678801E-14,-1.,0.));
#8656 = FACE_BOUND('',#8657,.F.);
#8657 = EDGE_LOOP('',(#8658));
#8658 = ORIENTED_EDGE('',*,*,#8659,.T.);
#8659 = EDGE_CURVE('',#8660,#8660,#8662,.T.);
#8660 = VERTEX_POINT('',#8661);
#8661 = CARTESIAN_POINT('',(121.81,-87.6,0.));
#8662 = CIRCLE('',#8663,0.4);
#8663 = AXIS2_PLACEMENT_3D('',#8664,#8665,#8666);
#8664 = CARTESIAN_POINT('',(121.81,-87.2,0.));
#8665 = DIRECTION('',(-0.,0.,-1.));
#8666 = DIRECTION('',(-0.,-1.,0.));
#8667 = FACE_BOUND('',#8668,.F.);
#8668 = EDGE_LOOP('',(#8669));
#8669 = ORIENTED_EDGE('',*,*,#8670,.T.);
#8670 = EDGE_CURVE('',#8671,#8671,#8673,.T.);
#8671 = VERTEX_POINT('',#8672);
#8672 = CARTESIAN_POINT('',(129.57,-87.6,0.));
#8673 = CIRCLE('',#8674,0.4);
#8674 = AXIS2_PLACEMENT_3D('',#8675,#8676,#8677);
#8675 = CARTESIAN_POINT('',(129.57,-87.2,0.));
#8676 = DIRECTION('',(-0.,0.,-1.));
#8677 = DIRECTION('',(-0.,-1.,0.));
#8678 = FACE_BOUND('',#8679,.F.);
#8679 = EDGE_LOOP('',(#8680));
#8680 = ORIENTED_EDGE('',*,*,#8681,.T.);
#8681 = EDGE_CURVE('',#8682,#8682,#8684,.T.);
#8682 = VERTEX_POINT('',#8683);
#8683 = CARTESIAN_POINT('',(132.11,-87.6,0.));
#8684 = CIRCLE('',#8685,0.4);
#8685 = AXIS2_PLACEMENT_3D('',#8686,#8687,#8688);
#8686 = CARTESIAN_POINT('',(132.11,-87.2,0.));
#8687 = DIRECTION('',(-0.,0.,-1.));
#8688 = DIRECTION('',(-0.,-1.,0.));
#8689 = FACE_BOUND('',#8690,.F.);
#8690 = EDGE_LOOP('',(#8691));
#8691 = ORIENTED_EDGE('',*,*,#8692,.T.);
#8692 = EDGE_CURVE('',#8693,#8693,#8695,.T.);
#8693 = VERTEX_POINT('',#8694);
#8694 = CARTESIAN_POINT('',(134.65,-87.6,0.));
#8695 = CIRCLE('',#8696,0.4);
#8696 = AXIS2_PLACEMENT_3D('',#8697,#8698,#8699);
#8697 = CARTESIAN_POINT('',(134.65,-87.2,0.));
#8698 = DIRECTION('',(-0.,0.,-1.));
#8699 = DIRECTION('',(-0.,-1.,0.));
#8700 = FACE_BOUND('',#8701,.F.);
#8701 = EDGE_LOOP('',(#8702));
#8702 = ORIENTED_EDGE('',*,*,#8703,.T.);
#8703 = EDGE_CURVE('',#8704,#8704,#8706,.T.);
#8704 = VERTEX_POINT('',#8705);
#8705 = CARTESIAN_POINT('',(137.19,-87.6,0.));
#8706 = CIRCLE('',#8707,0.4);
#8707 = AXIS2_PLACEMENT_3D('',#8708,#8709,#8710);
#8708 = CARTESIAN_POINT('',(137.19,-87.2,0.));
#8709 = DIRECTION('',(-0.,0.,-1.));
#8710 = DIRECTION('',(-0.,-1.,0.));
#8711 = FACE_BOUND('',#8712,.F.);
#8712 = EDGE_LOOP('',(#8713));
#8713 = ORIENTED_EDGE('',*,*,#8714,.T.);
#8714 = EDGE_CURVE('',#8715,#8715,#8717,.T.);
#8715 = VERTEX_POINT('',#8716);
#8716 = CARTESIAN_POINT('',(139.73,-87.6,0.));
#8717 = CIRCLE('',#8718,0.4);
#8718 = AXIS2_PLACEMENT_3D('',#8719,#8720,#8721);
#8719 = CARTESIAN_POINT('',(139.73,-87.2,0.));
#8720 = DIRECTION('',(-0.,0.,-1.));
#8721 = DIRECTION('',(-7.105427357601E-14,-1.,0.));
#8722 = FACE_BOUND('',#8723,.F.);
#8723 = EDGE_LOOP('',(#8724));
#8724 = ORIENTED_EDGE('',*,*,#8725,.T.);
#8725 = EDGE_CURVE('',#8726,#8726,#8728,.T.);
#8726 = VERTEX_POINT('',#8727);
#8727 = CARTESIAN_POINT('',(142.27,-87.6,0.));
#8728 = CIRCLE('',#8729,0.4);
#8729 = AXIS2_PLACEMENT_3D('',#8730,#8731,#8732);
#8730 = CARTESIAN_POINT('',(142.27,-87.2,0.));
#8731 = DIRECTION('',(-0.,0.,-1.));
#8732 = DIRECTION('',(7.105427357601E-14,-1.,-0.));
#8733 = FACE_BOUND('',#8734,.F.);
#8734 = EDGE_LOOP('',(#8735));
#8735 = ORIENTED_EDGE('',*,*,#8736,.T.);
#8736 = EDGE_CURVE('',#8737,#8737,#8739,.T.);
#8737 = VERTEX_POINT('',#8738);
#8738 = CARTESIAN_POINT('',(144.81,-87.6,0.));
#8739 = CIRCLE('',#8740,0.4);
#8740 = AXIS2_PLACEMENT_3D('',#8741,#8742,#8743);
#8741 = CARTESIAN_POINT('',(144.81,-87.2,0.));
#8742 = DIRECTION('',(-0.,0.,-1.));
#8743 = DIRECTION('',(-0.,-1.,0.));
#8744 = FACE_BOUND('',#8745,.F.);
#8745 = EDGE_LOOP('',(#8746));
#8746 = ORIENTED_EDGE('',*,*,#8747,.T.);
#8747 = EDGE_CURVE('',#8748,#8748,#8750,.T.);
#8748 = VERTEX_POINT('',#8749);
#8749 = CARTESIAN_POINT('',(152.57,-87.6,0.));
#8750 = CIRCLE('',#8751,0.4);
#8751 = AXIS2_PLACEMENT_3D('',#8752,#8753,#8754);
#8752 = CARTESIAN_POINT('',(152.57,-87.2,0.));
#8753 = DIRECTION('',(-0.,0.,-1.));
#8754 = DIRECTION('',(-0.,-1.,0.));
#8755 = FACE_BOUND('',#8756,.F.);
#8756 = EDGE_LOOP('',(#8757));
#8757 = ORIENTED_EDGE('',*,*,#8758,.T.);
#8758 = EDGE_CURVE('',#8759,#8759,#8761,.T.);
#8759 = VERTEX_POINT('',#8760);
#8760 = CARTESIAN_POINT('',(155.11,-87.6,0.));
#8761 = CIRCLE('',#8762,0.4);
#8762 = AXIS2_PLACEMENT_3D('',#8763,#8764,#8765);
#8763 = CARTESIAN_POINT('',(155.11,-87.2,0.));
#8764 = DIRECTION('',(-0.,0.,-1.));
#8765 = DIRECTION('',(-0.,-1.,0.));
#8766 = FACE_BOUND('',#8767,.F.);
#8767 = EDGE_LOOP('',(#8768));
#8768 = ORIENTED_EDGE('',*,*,#8769,.T.);
#8769 = EDGE_CURVE('',#8770,#8770,#8772,.T.);
#8770 = VERTEX_POINT('',#8771);
#8771 = CARTESIAN_POINT('',(157.65,-87.6,0.));
#8772 = CIRCLE('',#8773,0.4);
#8773 = AXIS2_PLACEMENT_3D('',#8774,#8775,#8776);
#8774 = CARTESIAN_POINT('',(157.65,-87.2,0.));
#8775 = DIRECTION('',(-0.,0.,-1.));
#8776 = DIRECTION('',(-0.,-1.,0.));
#8777 = FACE_BOUND('',#8778,.F.);
#8778 = EDGE_LOOP('',(#8779));
#8779 = ORIENTED_EDGE('',*,*,#8780,.T.);
#8780 = EDGE_CURVE('',#8781,#8781,#8783,.T.);
#8781 = VERTEX_POINT('',#8782);
#8782 = CARTESIAN_POINT('',(160.19,-87.6,0.));
#8783 = CIRCLE('',#8784,0.4);
#8784 = AXIS2_PLACEMENT_3D('',#8785,#8786,#8787);
#8785 = CARTESIAN_POINT('',(160.19,-87.2,0.));
#8786 = DIRECTION('',(-0.,0.,-1.));
#8787 = DIRECTION('',(-0.,-1.,0.));
#8788 = FACE_BOUND('',#8789,.F.);
#8789 = EDGE_LOOP('',(#8790));
#8790 = ORIENTED_EDGE('',*,*,#8791,.T.);
#8791 = EDGE_CURVE('',#8792,#8792,#8794,.T.);
#8792 = VERTEX_POINT('',#8793);
#8793 = CARTESIAN_POINT('',(162.73,-87.6,0.));
#8794 = CIRCLE('',#8795,0.4);
#8795 = AXIS2_PLACEMENT_3D('',#8796,#8797,#8798);
#8796 = CARTESIAN_POINT('',(162.73,-87.2,0.));
#8797 = DIRECTION('',(-0.,0.,-1.));
#8798 = DIRECTION('',(-7.105427357601E-14,-1.,0.));
#8799 = FACE_BOUND('',#8800,.F.);
#8800 = EDGE_LOOP('',(#8801));
#8801 = ORIENTED_EDGE('',*,*,#8802,.T.);
#8802 = EDGE_CURVE('',#8803,#8803,#8805,.T.);
#8803 = VERTEX_POINT('',#8804);
#8804 = CARTESIAN_POINT('',(165.27,-87.6,0.));
#8805 = CIRCLE('',#8806,0.4);
#8806 = AXIS2_PLACEMENT_3D('',#8807,#8808,#8809);
#8807 = CARTESIAN_POINT('',(165.27,-87.2,0.));
#8808 = DIRECTION('',(-0.,0.,-1.));
#8809 = DIRECTION('',(7.105427357601E-14,-1.,-0.));
#8810 = FACE_BOUND('',#8811,.F.);
#8811 = EDGE_LOOP('',(#8812));
#8812 = ORIENTED_EDGE('',*,*,#8813,.T.);
#8813 = EDGE_CURVE('',#8814,#8814,#8816,.T.);
#8814 = VERTEX_POINT('',#8815);
#8815 = CARTESIAN_POINT('',(167.81,-87.6,0.));
#8816 = CIRCLE('',#8817,0.4);
#8817 = AXIS2_PLACEMENT_3D('',#8818,#8819,#8820);
#8818 = CARTESIAN_POINT('',(167.81,-87.2,0.));
#8819 = DIRECTION('',(-0.,0.,-1.));
#8820 = DIRECTION('',(-0.,-1.,0.));
#8821 = PLANE('',#8822);
#8822 = AXIS2_PLACEMENT_3D('',#8823,#8824,#8825);
#8823 = CARTESIAN_POINT('',(0.,0.,0.));
#8824 = DIRECTION('',(0.,0.,1.));
#8825 = DIRECTION('',(1.,0.,-0.));
#8826 = ADVANCED_FACE('',(#8827,#8873,#8884,#8895,#8906,#8917,#8928,
    #8939,#8950,#8961,#8972,#8983,#8994,#9005,#9016,#9027,#9038,#9049,
    #9060,#9071,#9082,#9093,#9104,#9115,#9126,#9137,#9148,#9159,#9170,
    #9181,#9192,#9203,#9214,#9225,#9236,#9247,#9258,#9269,#9280,#9291,
    #9302,#9313,#9324,#9335,#9346,#9357,#9368,#9379,#9390,#9401,#9412,
    #9423,#9434,#9445,#9456,#9467,#9478),#9489,.T.);
#8827 = FACE_BOUND('',#8828,.T.);
#8828 = EDGE_LOOP('',(#8829,#8830,#8831,#8840,#8848,#8857,#8865,#8872));
#8829 = ORIENTED_EDGE('',*,*,#8068,.F.);
#8830 = ORIENTED_EDGE('',*,*,#8110,.F.);
#8831 = ORIENTED_EDGE('',*,*,#8832,.F.);
#8832 = EDGE_CURVE('',#8833,#8103,#8835,.T.);
#8833 = VERTEX_POINT('',#8834);
#8834 = CARTESIAN_POINT('',(79.5,-85.5,1.51));
#8835 = CIRCLE('',#8836,0.999999252925);
#8836 = AXIS2_PLACEMENT_3D('',#8837,#8838,#8839);
#8837 = CARTESIAN_POINT('',(80.499999252925,-85.49999925292,1.51));
#8838 = DIRECTION('',(0.,0.,-1.));
#8839 = DIRECTION('',(-1.,-7.47075720743E-07,-0.));
#8840 = ORIENTED_EDGE('',*,*,#8841,.F.);
#8841 = EDGE_CURVE('',#8842,#8833,#8844,.T.);
#8842 = VERTEX_POINT('',#8843);
#8843 = CARTESIAN_POINT('',(79.5,-96.5,1.51));
#8844 = LINE('',#8845,#8846);
#8845 = CARTESIAN_POINT('',(79.5,-96.5,1.51));
#8846 = VECTOR('',#8847,1.);
#8847 = DIRECTION('',(0.,1.,0.));
#8848 = ORIENTED_EDGE('',*,*,#8849,.F.);
#8849 = EDGE_CURVE('',#8850,#8842,#8852,.T.);
#8850 = VERTEX_POINT('',#8851);
#8851 = CARTESIAN_POINT('',(80.5,-97.5,1.51));
#8852 = CIRCLE('',#8853,1.000000960032);
#8853 = AXIS2_PLACEMENT_3D('',#8854,#8855,#8856);
#8854 = CARTESIAN_POINT('',(80.500000960031,-96.49999903996,1.51));
#8855 = DIRECTION('',(0.,0.,-1.));
#8856 = DIRECTION('',(-9.600305211272E-07,-1.,-0.));
#8857 = ORIENTED_EDGE('',*,*,#8858,.F.);
#8858 = EDGE_CURVE('',#8859,#8850,#8861,.T.);
#8859 = VERTEX_POINT('',#8860);
#8860 = CARTESIAN_POINT('',(171.,-97.5,1.51));
#8861 = LINE('',#8862,#8863);
#8862 = CARTESIAN_POINT('',(171.,-97.5,1.51));
#8863 = VECTOR('',#8864,1.);
#8864 = DIRECTION('',(-1.,0.,0.));
#8865 = ORIENTED_EDGE('',*,*,#8866,.F.);
#8866 = EDGE_CURVE('',#8133,#8859,#8867,.T.);
#8867 = CIRCLE('',#8868,1.00000266715);
#8868 = AXIS2_PLACEMENT_3D('',#8869,#8870,#8871);
#8869 = CARTESIAN_POINT('',(170.99999733285,-96.49999733285,1.51));
#8870 = DIRECTION('',(0.,0.,-1.));
#8871 = DIRECTION('',(0.999999999996,-2.667139162621E-06,0.));
#8872 = ORIENTED_EDGE('',*,*,#8132,.F.);
#8873 = FACE_BOUND('',#8874,.T.);
#8874 = EDGE_LOOP('',(#8875));
#8875 = ORIENTED_EDGE('',*,*,#8876,.T.);
#8876 = EDGE_CURVE('',#8877,#8877,#8879,.T.);
#8877 = VERTEX_POINT('',#8878);
#8878 = CARTESIAN_POINT('',(83.57,-95.22,1.51));
#8879 = CIRCLE('',#8880,0.4);
#8880 = AXIS2_PLACEMENT_3D('',#8881,#8882,#8883);
#8881 = CARTESIAN_POINT('',(83.57,-94.82,1.51));
#8882 = DIRECTION('',(-0.,0.,-1.));
#8883 = DIRECTION('',(-0.,-1.,0.));
#8884 = FACE_BOUND('',#8885,.T.);
#8885 = EDGE_LOOP('',(#8886));
#8886 = ORIENTED_EDGE('',*,*,#8887,.T.);
#8887 = EDGE_CURVE('',#8888,#8888,#8890,.T.);
#8888 = VERTEX_POINT('',#8889);
#8889 = CARTESIAN_POINT('',(86.11,-95.22,1.51));
#8890 = CIRCLE('',#8891,0.4);
#8891 = AXIS2_PLACEMENT_3D('',#8892,#8893,#8894);
#8892 = CARTESIAN_POINT('',(86.11,-94.82,1.51));
#8893 = DIRECTION('',(-0.,0.,-1.));
#8894 = DIRECTION('',(-0.,-1.,0.));
#8895 = FACE_BOUND('',#8896,.T.);
#8896 = EDGE_LOOP('',(#8897));
#8897 = ORIENTED_EDGE('',*,*,#8898,.T.);
#8898 = EDGE_CURVE('',#8899,#8899,#8901,.T.);
#8899 = VERTEX_POINT('',#8900);
#8900 = CARTESIAN_POINT('',(88.65,-95.22,1.51));
#8901 = CIRCLE('',#8902,0.4);
#8902 = AXIS2_PLACEMENT_3D('',#8903,#8904,#8905);
#8903 = CARTESIAN_POINT('',(88.65,-94.82,1.51));
#8904 = DIRECTION('',(-0.,0.,-1.));
#8905 = DIRECTION('',(-0.,-1.,0.));
#8906 = FACE_BOUND('',#8907,.T.);
#8907 = EDGE_LOOP('',(#8908));
#8908 = ORIENTED_EDGE('',*,*,#8909,.T.);
#8909 = EDGE_CURVE('',#8910,#8910,#8912,.T.);
#8910 = VERTEX_POINT('',#8911);
#8911 = CARTESIAN_POINT('',(91.19,-95.22,1.51));
#8912 = CIRCLE('',#8913,0.4);
#8913 = AXIS2_PLACEMENT_3D('',#8914,#8915,#8916);
#8914 = CARTESIAN_POINT('',(91.19,-94.82,1.51));
#8915 = DIRECTION('',(-0.,0.,-1.));
#8916 = DIRECTION('',(-0.,-1.,0.));
#8917 = FACE_BOUND('',#8918,.T.);
#8918 = EDGE_LOOP('',(#8919));
#8919 = ORIENTED_EDGE('',*,*,#8920,.T.);
#8920 = EDGE_CURVE('',#8921,#8921,#8923,.T.);
#8921 = VERTEX_POINT('',#8922);
#8922 = CARTESIAN_POINT('',(93.73,-95.22,1.51));
#8923 = CIRCLE('',#8924,0.4);
#8924 = AXIS2_PLACEMENT_3D('',#8925,#8926,#8927);
#8925 = CARTESIAN_POINT('',(93.73,-94.82,1.51));
#8926 = DIRECTION('',(-0.,0.,-1.));
#8927 = DIRECTION('',(3.5527136788E-14,-1.,-0.));
#8928 = FACE_BOUND('',#8929,.T.);
#8929 = EDGE_LOOP('',(#8930));
#8930 = ORIENTED_EDGE('',*,*,#8931,.T.);
#8931 = EDGE_CURVE('',#8932,#8932,#8934,.T.);
#8932 = VERTEX_POINT('',#8933);
#8933 = CARTESIAN_POINT('',(96.27,-95.22,1.51));
#8934 = CIRCLE('',#8935,0.4);
#8935 = AXIS2_PLACEMENT_3D('',#8936,#8937,#8938);
#8936 = CARTESIAN_POINT('',(96.27,-94.82,1.51));
#8937 = DIRECTION('',(-0.,0.,-1.));
#8938 = DIRECTION('',(-3.552713678801E-14,-1.,0.));
#8939 = FACE_BOUND('',#8940,.T.);
#8940 = EDGE_LOOP('',(#8941));
#8941 = ORIENTED_EDGE('',*,*,#8942,.T.);
#8942 = EDGE_CURVE('',#8943,#8943,#8945,.T.);
#8943 = VERTEX_POINT('',#8944);
#8944 = CARTESIAN_POINT('',(98.81,-95.22,1.51));
#8945 = CIRCLE('',#8946,0.4);
#8946 = AXIS2_PLACEMENT_3D('',#8947,#8948,#8949);
#8947 = CARTESIAN_POINT('',(98.81,-94.82,1.51));
#8948 = DIRECTION('',(-0.,0.,-1.));
#8949 = DIRECTION('',(-0.,-1.,0.));
#8950 = FACE_BOUND('',#8951,.T.);
#8951 = EDGE_LOOP('',(#8952));
#8952 = ORIENTED_EDGE('',*,*,#8953,.T.);
#8953 = EDGE_CURVE('',#8954,#8954,#8956,.T.);
#8954 = VERTEX_POINT('',#8955);
#8955 = CARTESIAN_POINT('',(106.57,-95.22,1.51));
#8956 = CIRCLE('',#8957,0.4);
#8957 = AXIS2_PLACEMENT_3D('',#8958,#8959,#8960);
#8958 = CARTESIAN_POINT('',(106.57,-94.82,1.51));
#8959 = DIRECTION('',(-0.,0.,-1.));
#8960 = DIRECTION('',(-0.,-1.,0.));
#8961 = FACE_BOUND('',#8962,.T.);
#8962 = EDGE_LOOP('',(#8963));
#8963 = ORIENTED_EDGE('',*,*,#8964,.T.);
#8964 = EDGE_CURVE('',#8965,#8965,#8967,.T.);
#8965 = VERTEX_POINT('',#8966);
#8966 = CARTESIAN_POINT('',(109.11,-95.22,1.51));
#8967 = CIRCLE('',#8968,0.4);
#8968 = AXIS2_PLACEMENT_3D('',#8969,#8970,#8971);
#8969 = CARTESIAN_POINT('',(109.11,-94.82,1.51));
#8970 = DIRECTION('',(-0.,0.,-1.));
#8971 = DIRECTION('',(-0.,-1.,0.));
#8972 = FACE_BOUND('',#8973,.T.);
#8973 = EDGE_LOOP('',(#8974));
#8974 = ORIENTED_EDGE('',*,*,#8975,.T.);
#8975 = EDGE_CURVE('',#8976,#8976,#8978,.T.);
#8976 = VERTEX_POINT('',#8977);
#8977 = CARTESIAN_POINT('',(111.65,-95.22,1.51));
#8978 = CIRCLE('',#8979,0.4);
#8979 = AXIS2_PLACEMENT_3D('',#8980,#8981,#8982);
#8980 = CARTESIAN_POINT('',(111.65,-94.82,1.51));
#8981 = DIRECTION('',(-0.,0.,-1.));
#8982 = DIRECTION('',(-0.,-1.,0.));
#8983 = FACE_BOUND('',#8984,.T.);
#8984 = EDGE_LOOP('',(#8985));
#8985 = ORIENTED_EDGE('',*,*,#8986,.T.);
#8986 = EDGE_CURVE('',#8987,#8987,#8989,.T.);
#8987 = VERTEX_POINT('',#8988);
#8988 = CARTESIAN_POINT('',(114.19,-95.22,1.51));
#8989 = CIRCLE('',#8990,0.4);
#8990 = AXIS2_PLACEMENT_3D('',#8991,#8992,#8993);
#8991 = CARTESIAN_POINT('',(114.19,-94.82,1.51));
#8992 = DIRECTION('',(-0.,0.,-1.));
#8993 = DIRECTION('',(-0.,-1.,0.));
#8994 = FACE_BOUND('',#8995,.T.);
#8995 = EDGE_LOOP('',(#8996));
#8996 = ORIENTED_EDGE('',*,*,#8997,.T.);
#8997 = EDGE_CURVE('',#8998,#8998,#9000,.T.);
#8998 = VERTEX_POINT('',#8999);
#8999 = CARTESIAN_POINT('',(116.73,-95.22,1.51));
#9000 = CIRCLE('',#9001,0.4);
#9001 = AXIS2_PLACEMENT_3D('',#9002,#9003,#9004);
#9002 = CARTESIAN_POINT('',(116.73,-94.82,1.51));
#9003 = DIRECTION('',(-0.,0.,-1.));
#9004 = DIRECTION('',(3.5527136788E-14,-1.,-0.));
#9005 = FACE_BOUND('',#9006,.T.);
#9006 = EDGE_LOOP('',(#9007));
#9007 = ORIENTED_EDGE('',*,*,#9008,.T.);
#9008 = EDGE_CURVE('',#9009,#9009,#9011,.T.);
#9009 = VERTEX_POINT('',#9010);
#9010 = CARTESIAN_POINT('',(119.27,-95.22,1.51));
#9011 = CIRCLE('',#9012,0.4);
#9012 = AXIS2_PLACEMENT_3D('',#9013,#9014,#9015);
#9013 = CARTESIAN_POINT('',(119.27,-94.82,1.51));
#9014 = DIRECTION('',(-0.,0.,-1.));
#9015 = DIRECTION('',(-3.552713678801E-14,-1.,0.));
#9016 = FACE_BOUND('',#9017,.T.);
#9017 = EDGE_LOOP('',(#9018));
#9018 = ORIENTED_EDGE('',*,*,#9019,.T.);
#9019 = EDGE_CURVE('',#9020,#9020,#9022,.T.);
#9020 = VERTEX_POINT('',#9021);
#9021 = CARTESIAN_POINT('',(121.81,-95.22,1.51));
#9022 = CIRCLE('',#9023,0.4);
#9023 = AXIS2_PLACEMENT_3D('',#9024,#9025,#9026);
#9024 = CARTESIAN_POINT('',(121.81,-94.82,1.51));
#9025 = DIRECTION('',(-0.,0.,-1.));
#9026 = DIRECTION('',(-0.,-1.,0.));
#9027 = FACE_BOUND('',#9028,.T.);
#9028 = EDGE_LOOP('',(#9029));
#9029 = ORIENTED_EDGE('',*,*,#9030,.T.);
#9030 = EDGE_CURVE('',#9031,#9031,#9033,.T.);
#9031 = VERTEX_POINT('',#9032);
#9032 = CARTESIAN_POINT('',(129.57,-95.22,1.51));
#9033 = CIRCLE('',#9034,0.4);
#9034 = AXIS2_PLACEMENT_3D('',#9035,#9036,#9037);
#9035 = CARTESIAN_POINT('',(129.57,-94.82,1.51));
#9036 = DIRECTION('',(-0.,0.,-1.));
#9037 = DIRECTION('',(-0.,-1.,0.));
#9038 = FACE_BOUND('',#9039,.T.);
#9039 = EDGE_LOOP('',(#9040));
#9040 = ORIENTED_EDGE('',*,*,#9041,.T.);
#9041 = EDGE_CURVE('',#9042,#9042,#9044,.T.);
#9042 = VERTEX_POINT('',#9043);
#9043 = CARTESIAN_POINT('',(132.11,-95.22,1.51));
#9044 = CIRCLE('',#9045,0.4);
#9045 = AXIS2_PLACEMENT_3D('',#9046,#9047,#9048);
#9046 = CARTESIAN_POINT('',(132.11,-94.82,1.51));
#9047 = DIRECTION('',(-0.,0.,-1.));
#9048 = DIRECTION('',(-0.,-1.,0.));
#9049 = FACE_BOUND('',#9050,.T.);
#9050 = EDGE_LOOP('',(#9051));
#9051 = ORIENTED_EDGE('',*,*,#9052,.T.);
#9052 = EDGE_CURVE('',#9053,#9053,#9055,.T.);
#9053 = VERTEX_POINT('',#9054);
#9054 = CARTESIAN_POINT('',(134.65,-95.22,1.51));
#9055 = CIRCLE('',#9056,0.4);
#9056 = AXIS2_PLACEMENT_3D('',#9057,#9058,#9059);
#9057 = CARTESIAN_POINT('',(134.65,-94.82,1.51));
#9058 = DIRECTION('',(-0.,0.,-1.));
#9059 = DIRECTION('',(-0.,-1.,0.));
#9060 = FACE_BOUND('',#9061,.T.);
#9061 = EDGE_LOOP('',(#9062));
#9062 = ORIENTED_EDGE('',*,*,#9063,.T.);
#9063 = EDGE_CURVE('',#9064,#9064,#9066,.T.);
#9064 = VERTEX_POINT('',#9065);
#9065 = CARTESIAN_POINT('',(137.19,-95.22,1.51));
#9066 = CIRCLE('',#9067,0.4);
#9067 = AXIS2_PLACEMENT_3D('',#9068,#9069,#9070);
#9068 = CARTESIAN_POINT('',(137.19,-94.82,1.51));
#9069 = DIRECTION('',(-0.,0.,-1.));
#9070 = DIRECTION('',(-0.,-1.,0.));
#9071 = FACE_BOUND('',#9072,.T.);
#9072 = EDGE_LOOP('',(#9073));
#9073 = ORIENTED_EDGE('',*,*,#9074,.T.);
#9074 = EDGE_CURVE('',#9075,#9075,#9077,.T.);
#9075 = VERTEX_POINT('',#9076);
#9076 = CARTESIAN_POINT('',(139.73,-95.22,1.51));
#9077 = CIRCLE('',#9078,0.4);
#9078 = AXIS2_PLACEMENT_3D('',#9079,#9080,#9081);
#9079 = CARTESIAN_POINT('',(139.73,-94.82,1.51));
#9080 = DIRECTION('',(-0.,0.,-1.));
#9081 = DIRECTION('',(-7.105427357601E-14,-1.,0.));
#9082 = FACE_BOUND('',#9083,.T.);
#9083 = EDGE_LOOP('',(#9084));
#9084 = ORIENTED_EDGE('',*,*,#9085,.T.);
#9085 = EDGE_CURVE('',#9086,#9086,#9088,.T.);
#9086 = VERTEX_POINT('',#9087);
#9087 = CARTESIAN_POINT('',(142.27,-95.22,1.51));
#9088 = CIRCLE('',#9089,0.4);
#9089 = AXIS2_PLACEMENT_3D('',#9090,#9091,#9092);
#9090 = CARTESIAN_POINT('',(142.27,-94.82,1.51));
#9091 = DIRECTION('',(-0.,0.,-1.));
#9092 = DIRECTION('',(7.105427357601E-14,-1.,-0.));
#9093 = FACE_BOUND('',#9094,.T.);
#9094 = EDGE_LOOP('',(#9095));
#9095 = ORIENTED_EDGE('',*,*,#9096,.T.);
#9096 = EDGE_CURVE('',#9097,#9097,#9099,.T.);
#9097 = VERTEX_POINT('',#9098);
#9098 = CARTESIAN_POINT('',(144.81,-95.22,1.51));
#9099 = CIRCLE('',#9100,0.4);
#9100 = AXIS2_PLACEMENT_3D('',#9101,#9102,#9103);
#9101 = CARTESIAN_POINT('',(144.81,-94.82,1.51));
#9102 = DIRECTION('',(-0.,0.,-1.));
#9103 = DIRECTION('',(-0.,-1.,0.));
#9104 = FACE_BOUND('',#9105,.T.);
#9105 = EDGE_LOOP('',(#9106));
#9106 = ORIENTED_EDGE('',*,*,#9107,.T.);
#9107 = EDGE_CURVE('',#9108,#9108,#9110,.T.);
#9108 = VERTEX_POINT('',#9109);
#9109 = CARTESIAN_POINT('',(152.57,-95.22,1.51));
#9110 = CIRCLE('',#9111,0.4);
#9111 = AXIS2_PLACEMENT_3D('',#9112,#9113,#9114);
#9112 = CARTESIAN_POINT('',(152.57,-94.82,1.51));
#9113 = DIRECTION('',(-0.,0.,-1.));
#9114 = DIRECTION('',(-0.,-1.,0.));
#9115 = FACE_BOUND('',#9116,.T.);
#9116 = EDGE_LOOP('',(#9117));
#9117 = ORIENTED_EDGE('',*,*,#9118,.T.);
#9118 = EDGE_CURVE('',#9119,#9119,#9121,.T.);
#9119 = VERTEX_POINT('',#9120);
#9120 = CARTESIAN_POINT('',(155.11,-95.22,1.51));
#9121 = CIRCLE('',#9122,0.4);
#9122 = AXIS2_PLACEMENT_3D('',#9123,#9124,#9125);
#9123 = CARTESIAN_POINT('',(155.11,-94.82,1.51));
#9124 = DIRECTION('',(-0.,0.,-1.));
#9125 = DIRECTION('',(-0.,-1.,0.));
#9126 = FACE_BOUND('',#9127,.T.);
#9127 = EDGE_LOOP('',(#9128));
#9128 = ORIENTED_EDGE('',*,*,#9129,.T.);
#9129 = EDGE_CURVE('',#9130,#9130,#9132,.T.);
#9130 = VERTEX_POINT('',#9131);
#9131 = CARTESIAN_POINT('',(157.65,-95.22,1.51));
#9132 = CIRCLE('',#9133,0.4);
#9133 = AXIS2_PLACEMENT_3D('',#9134,#9135,#9136);
#9134 = CARTESIAN_POINT('',(157.65,-94.82,1.51));
#9135 = DIRECTION('',(-0.,0.,-1.));
#9136 = DIRECTION('',(-0.,-1.,0.));
#9137 = FACE_BOUND('',#9138,.T.);
#9138 = EDGE_LOOP('',(#9139));
#9139 = ORIENTED_EDGE('',*,*,#9140,.T.);
#9140 = EDGE_CURVE('',#9141,#9141,#9143,.T.);
#9141 = VERTEX_POINT('',#9142);
#9142 = CARTESIAN_POINT('',(160.19,-95.22,1.51));
#9143 = CIRCLE('',#9144,0.4);
#9144 = AXIS2_PLACEMENT_3D('',#9145,#9146,#9147);
#9145 = CARTESIAN_POINT('',(160.19,-94.82,1.51));
#9146 = DIRECTION('',(-0.,0.,-1.));
#9147 = DIRECTION('',(-0.,-1.,0.));
#9148 = FACE_BOUND('',#9149,.T.);
#9149 = EDGE_LOOP('',(#9150));
#9150 = ORIENTED_EDGE('',*,*,#9151,.T.);
#9151 = EDGE_CURVE('',#9152,#9152,#9154,.T.);
#9152 = VERTEX_POINT('',#9153);
#9153 = CARTESIAN_POINT('',(162.73,-95.22,1.51));
#9154 = CIRCLE('',#9155,0.4);
#9155 = AXIS2_PLACEMENT_3D('',#9156,#9157,#9158);
#9156 = CARTESIAN_POINT('',(162.73,-94.82,1.51));
#9157 = DIRECTION('',(-0.,0.,-1.));
#9158 = DIRECTION('',(-7.105427357601E-14,-1.,0.));
#9159 = FACE_BOUND('',#9160,.T.);
#9160 = EDGE_LOOP('',(#9161));
#9161 = ORIENTED_EDGE('',*,*,#9162,.T.);
#9162 = EDGE_CURVE('',#9163,#9163,#9165,.T.);
#9163 = VERTEX_POINT('',#9164);
#9164 = CARTESIAN_POINT('',(165.27,-95.22,1.51));
#9165 = CIRCLE('',#9166,0.4);
#9166 = AXIS2_PLACEMENT_3D('',#9167,#9168,#9169);
#9167 = CARTESIAN_POINT('',(165.27,-94.82,1.51));
#9168 = DIRECTION('',(-0.,0.,-1.));
#9169 = DIRECTION('',(7.105427357601E-14,-1.,-0.));
#9170 = FACE_BOUND('',#9171,.T.);
#9171 = EDGE_LOOP('',(#9172));
#9172 = ORIENTED_EDGE('',*,*,#9173,.T.);
#9173 = EDGE_CURVE('',#9174,#9174,#9176,.T.);
#9174 = VERTEX_POINT('',#9175);
#9175 = CARTESIAN_POINT('',(167.81,-95.22,1.51));
#9176 = CIRCLE('',#9177,0.4);
#9177 = AXIS2_PLACEMENT_3D('',#9178,#9179,#9180);
#9178 = CARTESIAN_POINT('',(167.81,-94.82,1.51));
#9179 = DIRECTION('',(-0.,0.,-1.));
#9180 = DIRECTION('',(-0.,-1.,0.));
#9181 = FACE_BOUND('',#9182,.T.);
#9182 = EDGE_LOOP('',(#9183));
#9183 = ORIENTED_EDGE('',*,*,#9184,.T.);
#9184 = EDGE_CURVE('',#9185,#9185,#9187,.T.);
#9185 = VERTEX_POINT('',#9186);
#9186 = CARTESIAN_POINT('',(83.57,-87.6,1.51));
#9187 = CIRCLE('',#9188,0.4);
#9188 = AXIS2_PLACEMENT_3D('',#9189,#9190,#9191);
#9189 = CARTESIAN_POINT('',(83.57,-87.2,1.51));
#9190 = DIRECTION('',(-0.,0.,-1.));
#9191 = DIRECTION('',(-0.,-1.,0.));
#9192 = FACE_BOUND('',#9193,.T.);
#9193 = EDGE_LOOP('',(#9194));
#9194 = ORIENTED_EDGE('',*,*,#9195,.T.);
#9195 = EDGE_CURVE('',#9196,#9196,#9198,.T.);
#9196 = VERTEX_POINT('',#9197);
#9197 = CARTESIAN_POINT('',(86.11,-87.6,1.51));
#9198 = CIRCLE('',#9199,0.4);
#9199 = AXIS2_PLACEMENT_3D('',#9200,#9201,#9202);
#9200 = CARTESIAN_POINT('',(86.11,-87.2,1.51));
#9201 = DIRECTION('',(-0.,0.,-1.));
#9202 = DIRECTION('',(-0.,-1.,0.));
#9203 = FACE_BOUND('',#9204,.T.);
#9204 = EDGE_LOOP('',(#9205));
#9205 = ORIENTED_EDGE('',*,*,#9206,.T.);
#9206 = EDGE_CURVE('',#9207,#9207,#9209,.T.);
#9207 = VERTEX_POINT('',#9208);
#9208 = CARTESIAN_POINT('',(88.65,-87.6,1.51));
#9209 = CIRCLE('',#9210,0.4);
#9210 = AXIS2_PLACEMENT_3D('',#9211,#9212,#9213);
#9211 = CARTESIAN_POINT('',(88.65,-87.2,1.51));
#9212 = DIRECTION('',(-0.,0.,-1.));
#9213 = DIRECTION('',(-0.,-1.,0.));
#9214 = FACE_BOUND('',#9215,.T.);
#9215 = EDGE_LOOP('',(#9216));
#9216 = ORIENTED_EDGE('',*,*,#9217,.T.);
#9217 = EDGE_CURVE('',#9218,#9218,#9220,.T.);
#9218 = VERTEX_POINT('',#9219);
#9219 = CARTESIAN_POINT('',(91.19,-87.6,1.51));
#9220 = CIRCLE('',#9221,0.4);
#9221 = AXIS2_PLACEMENT_3D('',#9222,#9223,#9224);
#9222 = CARTESIAN_POINT('',(91.19,-87.2,1.51));
#9223 = DIRECTION('',(-0.,0.,-1.));
#9224 = DIRECTION('',(-0.,-1.,0.));
#9225 = FACE_BOUND('',#9226,.T.);
#9226 = EDGE_LOOP('',(#9227));
#9227 = ORIENTED_EDGE('',*,*,#9228,.T.);
#9228 = EDGE_CURVE('',#9229,#9229,#9231,.T.);
#9229 = VERTEX_POINT('',#9230);
#9230 = CARTESIAN_POINT('',(93.73,-87.6,1.51));
#9231 = CIRCLE('',#9232,0.4);
#9232 = AXIS2_PLACEMENT_3D('',#9233,#9234,#9235);
#9233 = CARTESIAN_POINT('',(93.73,-87.2,1.51));
#9234 = DIRECTION('',(-0.,0.,-1.));
#9235 = DIRECTION('',(3.5527136788E-14,-1.,-0.));
#9236 = FACE_BOUND('',#9237,.T.);
#9237 = EDGE_LOOP('',(#9238));
#9238 = ORIENTED_EDGE('',*,*,#9239,.T.);
#9239 = EDGE_CURVE('',#9240,#9240,#9242,.T.);
#9240 = VERTEX_POINT('',#9241);
#9241 = CARTESIAN_POINT('',(96.27,-87.6,1.51));
#9242 = CIRCLE('',#9243,0.4);
#9243 = AXIS2_PLACEMENT_3D('',#9244,#9245,#9246);
#9244 = CARTESIAN_POINT('',(96.27,-87.2,1.51));
#9245 = DIRECTION('',(-0.,0.,-1.));
#9246 = DIRECTION('',(-3.552713678801E-14,-1.,0.));
#9247 = FACE_BOUND('',#9248,.T.);
#9248 = EDGE_LOOP('',(#9249));
#9249 = ORIENTED_EDGE('',*,*,#9250,.T.);
#9250 = EDGE_CURVE('',#9251,#9251,#9253,.T.);
#9251 = VERTEX_POINT('',#9252);
#9252 = CARTESIAN_POINT('',(98.81,-87.6,1.51));
#9253 = CIRCLE('',#9254,0.4);
#9254 = AXIS2_PLACEMENT_3D('',#9255,#9256,#9257);
#9255 = CARTESIAN_POINT('',(98.81,-87.2,1.51));
#9256 = DIRECTION('',(-0.,0.,-1.));
#9257 = DIRECTION('',(-0.,-1.,0.));
#9258 = FACE_BOUND('',#9259,.T.);
#9259 = EDGE_LOOP('',(#9260));
#9260 = ORIENTED_EDGE('',*,*,#9261,.T.);
#9261 = EDGE_CURVE('',#9262,#9262,#9264,.T.);
#9262 = VERTEX_POINT('',#9263);
#9263 = CARTESIAN_POINT('',(106.57,-87.6,1.51));
#9264 = CIRCLE('',#9265,0.4);
#9265 = AXIS2_PLACEMENT_3D('',#9266,#9267,#9268);
#9266 = CARTESIAN_POINT('',(106.57,-87.2,1.51));
#9267 = DIRECTION('',(-0.,0.,-1.));
#9268 = DIRECTION('',(-0.,-1.,0.));
#9269 = FACE_BOUND('',#9270,.T.);
#9270 = EDGE_LOOP('',(#9271));
#9271 = ORIENTED_EDGE('',*,*,#9272,.T.);
#9272 = EDGE_CURVE('',#9273,#9273,#9275,.T.);
#9273 = VERTEX_POINT('',#9274);
#9274 = CARTESIAN_POINT('',(109.11,-87.6,1.51));
#9275 = CIRCLE('',#9276,0.4);
#9276 = AXIS2_PLACEMENT_3D('',#9277,#9278,#9279);
#9277 = CARTESIAN_POINT('',(109.11,-87.2,1.51));
#9278 = DIRECTION('',(-0.,0.,-1.));
#9279 = DIRECTION('',(-0.,-1.,0.));
#9280 = FACE_BOUND('',#9281,.T.);
#9281 = EDGE_LOOP('',(#9282));
#9282 = ORIENTED_EDGE('',*,*,#9283,.T.);
#9283 = EDGE_CURVE('',#9284,#9284,#9286,.T.);
#9284 = VERTEX_POINT('',#9285);
#9285 = CARTESIAN_POINT('',(111.65,-87.6,1.51));
#9286 = CIRCLE('',#9287,0.4);
#9287 = AXIS2_PLACEMENT_3D('',#9288,#9289,#9290);
#9288 = CARTESIAN_POINT('',(111.65,-87.2,1.51));
#9289 = DIRECTION('',(-0.,0.,-1.));
#9290 = DIRECTION('',(-0.,-1.,0.));
#9291 = FACE_BOUND('',#9292,.T.);
#9292 = EDGE_LOOP('',(#9293));
#9293 = ORIENTED_EDGE('',*,*,#9294,.T.);
#9294 = EDGE_CURVE('',#9295,#9295,#9297,.T.);
#9295 = VERTEX_POINT('',#9296);
#9296 = CARTESIAN_POINT('',(114.19,-87.6,1.51));
#9297 = CIRCLE('',#9298,0.4);
#9298 = AXIS2_PLACEMENT_3D('',#9299,#9300,#9301);
#9299 = CARTESIAN_POINT('',(114.19,-87.2,1.51));
#9300 = DIRECTION('',(-0.,0.,-1.));
#9301 = DIRECTION('',(-0.,-1.,0.));
#9302 = FACE_BOUND('',#9303,.T.);
#9303 = EDGE_LOOP('',(#9304));
#9304 = ORIENTED_EDGE('',*,*,#9305,.T.);
#9305 = EDGE_CURVE('',#9306,#9306,#9308,.T.);
#9306 = VERTEX_POINT('',#9307);
#9307 = CARTESIAN_POINT('',(116.73,-87.6,1.51));
#9308 = CIRCLE('',#9309,0.4);
#9309 = AXIS2_PLACEMENT_3D('',#9310,#9311,#9312);
#9310 = CARTESIAN_POINT('',(116.73,-87.2,1.51));
#9311 = DIRECTION('',(-0.,0.,-1.));
#9312 = DIRECTION('',(3.5527136788E-14,-1.,-0.));
#9313 = FACE_BOUND('',#9314,.T.);
#9314 = EDGE_LOOP('',(#9315));
#9315 = ORIENTED_EDGE('',*,*,#9316,.T.);
#9316 = EDGE_CURVE('',#9317,#9317,#9319,.T.);
#9317 = VERTEX_POINT('',#9318);
#9318 = CARTESIAN_POINT('',(119.27,-87.6,1.51));
#9319 = CIRCLE('',#9320,0.4);
#9320 = AXIS2_PLACEMENT_3D('',#9321,#9322,#9323);
#9321 = CARTESIAN_POINT('',(119.27,-87.2,1.51));
#9322 = DIRECTION('',(-0.,0.,-1.));
#9323 = DIRECTION('',(-3.552713678801E-14,-1.,0.));
#9324 = FACE_BOUND('',#9325,.T.);
#9325 = EDGE_LOOP('',(#9326));
#9326 = ORIENTED_EDGE('',*,*,#9327,.T.);
#9327 = EDGE_CURVE('',#9328,#9328,#9330,.T.);
#9328 = VERTEX_POINT('',#9329);
#9329 = CARTESIAN_POINT('',(121.81,-87.6,1.51));
#9330 = CIRCLE('',#9331,0.4);
#9331 = AXIS2_PLACEMENT_3D('',#9332,#9333,#9334);
#9332 = CARTESIAN_POINT('',(121.81,-87.2,1.51));
#9333 = DIRECTION('',(-0.,0.,-1.));
#9334 = DIRECTION('',(-0.,-1.,0.));
#9335 = FACE_BOUND('',#9336,.T.);
#9336 = EDGE_LOOP('',(#9337));
#9337 = ORIENTED_EDGE('',*,*,#9338,.T.);
#9338 = EDGE_CURVE('',#9339,#9339,#9341,.T.);
#9339 = VERTEX_POINT('',#9340);
#9340 = CARTESIAN_POINT('',(129.57,-87.6,1.51));
#9341 = CIRCLE('',#9342,0.4);
#9342 = AXIS2_PLACEMENT_3D('',#9343,#9344,#9345);
#9343 = CARTESIAN_POINT('',(129.57,-87.2,1.51));
#9344 = DIRECTION('',(-0.,0.,-1.));
#9345 = DIRECTION('',(-0.,-1.,0.));
#9346 = FACE_BOUND('',#9347,.T.);
#9347 = EDGE_LOOP('',(#9348));
#9348 = ORIENTED_EDGE('',*,*,#9349,.T.);
#9349 = EDGE_CURVE('',#9350,#9350,#9352,.T.);
#9350 = VERTEX_POINT('',#9351);
#9351 = CARTESIAN_POINT('',(132.11,-87.6,1.51));
#9352 = CIRCLE('',#9353,0.4);
#9353 = AXIS2_PLACEMENT_3D('',#9354,#9355,#9356);
#9354 = CARTESIAN_POINT('',(132.11,-87.2,1.51));
#9355 = DIRECTION('',(-0.,0.,-1.));
#9356 = DIRECTION('',(-0.,-1.,0.));
#9357 = FACE_BOUND('',#9358,.T.);
#9358 = EDGE_LOOP('',(#9359));
#9359 = ORIENTED_EDGE('',*,*,#9360,.T.);
#9360 = EDGE_CURVE('',#9361,#9361,#9363,.T.);
#9361 = VERTEX_POINT('',#9362);
#9362 = CARTESIAN_POINT('',(134.65,-87.6,1.51));
#9363 = CIRCLE('',#9364,0.4);
#9364 = AXIS2_PLACEMENT_3D('',#9365,#9366,#9367);
#9365 = CARTESIAN_POINT('',(134.65,-87.2,1.51));
#9366 = DIRECTION('',(-0.,0.,-1.));
#9367 = DIRECTION('',(-0.,-1.,0.));
#9368 = FACE_BOUND('',#9369,.T.);
#9369 = EDGE_LOOP('',(#9370));
#9370 = ORIENTED_EDGE('',*,*,#9371,.T.);
#9371 = EDGE_CURVE('',#9372,#9372,#9374,.T.);
#9372 = VERTEX_POINT('',#9373);
#9373 = CARTESIAN_POINT('',(137.19,-87.6,1.51));
#9374 = CIRCLE('',#9375,0.4);
#9375 = AXIS2_PLACEMENT_3D('',#9376,#9377,#9378);
#9376 = CARTESIAN_POINT('',(137.19,-87.2,1.51));
#9377 = DIRECTION('',(-0.,0.,-1.));
#9378 = DIRECTION('',(-0.,-1.,0.));
#9379 = FACE_BOUND('',#9380,.T.);
#9380 = EDGE_LOOP('',(#9381));
#9381 = ORIENTED_EDGE('',*,*,#9382,.T.);
#9382 = EDGE_CURVE('',#9383,#9383,#9385,.T.);
#9383 = VERTEX_POINT('',#9384);
#9384 = CARTESIAN_POINT('',(139.73,-87.6,1.51));
#9385 = CIRCLE('',#9386,0.4);
#9386 = AXIS2_PLACEMENT_3D('',#9387,#9388,#9389);
#9387 = CARTESIAN_POINT('',(139.73,-87.2,1.51));
#9388 = DIRECTION('',(-0.,0.,-1.));
#9389 = DIRECTION('',(-7.105427357601E-14,-1.,0.));
#9390 = FACE_BOUND('',#9391,.T.);
#9391 = EDGE_LOOP('',(#9392));
#9392 = ORIENTED_EDGE('',*,*,#9393,.T.);
#9393 = EDGE_CURVE('',#9394,#9394,#9396,.T.);
#9394 = VERTEX_POINT('',#9395);
#9395 = CARTESIAN_POINT('',(142.27,-87.6,1.51));
#9396 = CIRCLE('',#9397,0.4);
#9397 = AXIS2_PLACEMENT_3D('',#9398,#9399,#9400);
#9398 = CARTESIAN_POINT('',(142.27,-87.2,1.51));
#9399 = DIRECTION('',(-0.,0.,-1.));
#9400 = DIRECTION('',(7.105427357601E-14,-1.,-0.));
#9401 = FACE_BOUND('',#9402,.T.);
#9402 = EDGE_LOOP('',(#9403));
#9403 = ORIENTED_EDGE('',*,*,#9404,.T.);
#9404 = EDGE_CURVE('',#9405,#9405,#9407,.T.);
#9405 = VERTEX_POINT('',#9406);
#9406 = CARTESIAN_POINT('',(144.81,-87.6,1.51));
#9407 = CIRCLE('',#9408,0.4);
#9408 = AXIS2_PLACEMENT_3D('',#9409,#9410,#9411);
#9409 = CARTESIAN_POINT('',(144.81,-87.2,1.51));
#9410 = DIRECTION('',(-0.,0.,-1.));
#9411 = DIRECTION('',(-0.,-1.,0.));
#9412 = FACE_BOUND('',#9413,.T.);
#9413 = EDGE_LOOP('',(#9414));
#9414 = ORIENTED_EDGE('',*,*,#9415,.T.);
#9415 = EDGE_CURVE('',#9416,#9416,#9418,.T.);
#9416 = VERTEX_POINT('',#9417);
#9417 = CARTESIAN_POINT('',(152.57,-87.6,1.51));
#9418 = CIRCLE('',#9419,0.4);
#9419 = AXIS2_PLACEMENT_3D('',#9420,#9421,#9422);
#9420 = CARTESIAN_POINT('',(152.57,-87.2,1.51));
#9421 = DIRECTION('',(-0.,0.,-1.));
#9422 = DIRECTION('',(-0.,-1.,0.));
#9423 = FACE_BOUND('',#9424,.T.);
#9424 = EDGE_LOOP('',(#9425));
#9425 = ORIENTED_EDGE('',*,*,#9426,.T.);
#9426 = EDGE_CURVE('',#9427,#9427,#9429,.T.);
#9427 = VERTEX_POINT('',#9428);
#9428 = CARTESIAN_POINT('',(155.11,-87.6,1.51));
#9429 = CIRCLE('',#9430,0.4);
#9430 = AXIS2_PLACEMENT_3D('',#9431,#9432,#9433);
#9431 = CARTESIAN_POINT('',(155.11,-87.2,1.51));
#9432 = DIRECTION('',(-0.,0.,-1.));
#9433 = DIRECTION('',(-0.,-1.,0.));
#9434 = FACE_BOUND('',#9435,.T.);
#9435 = EDGE_LOOP('',(#9436));
#9436 = ORIENTED_EDGE('',*,*,#9437,.T.);
#9437 = EDGE_CURVE('',#9438,#9438,#9440,.T.);
#9438 = VERTEX_POINT('',#9439);
#9439 = CARTESIAN_POINT('',(157.65,-87.6,1.51));
#9440 = CIRCLE('',#9441,0.4);
#9441 = AXIS2_PLACEMENT_3D('',#9442,#9443,#9444);
#9442 = CARTESIAN_POINT('',(157.65,-87.2,1.51));
#9443 = DIRECTION('',(-0.,0.,-1.));
#9444 = DIRECTION('',(-0.,-1.,0.));
#9445 = FACE_BOUND('',#9446,.T.);
#9446 = EDGE_LOOP('',(#9447));
#9447 = ORIENTED_EDGE('',*,*,#9448,.T.);
#9448 = EDGE_CURVE('',#9449,#9449,#9451,.T.);
#9449 = VERTEX_POINT('',#9450);
#9450 = CARTESIAN_POINT('',(160.19,-87.6,1.51));
#9451 = CIRCLE('',#9452,0.4);
#9452 = AXIS2_PLACEMENT_3D('',#9453,#9454,#9455);
#9453 = CARTESIAN_POINT('',(160.19,-87.2,1.51));
#9454 = DIRECTION('',(-0.,0.,-1.));
#9455 = DIRECTION('',(-0.,-1.,0.));
#9456 = FACE_BOUND('',#9457,.T.);
#9457 = EDGE_LOOP('',(#9458));
#9458 = ORIENTED_EDGE('',*,*,#9459,.T.);
#9459 = EDGE_CURVE('',#9460,#9460,#9462,.T.);
#9460 = VERTEX_POINT('',#9461);
#9461 = CARTESIAN_POINT('',(162.73,-87.6,1.51));
#9462 = CIRCLE('',#9463,0.4);
#9463 = AXIS2_PLACEMENT_3D('',#9464,#9465,#9466);
#9464 = CARTESIAN_POINT('',(162.73,-87.2,1.51));
#9465 = DIRECTION('',(-0.,0.,-1.));
#9466 = DIRECTION('',(-7.105427357601E-14,-1.,0.));
#9467 = FACE_BOUND('',#9468,.T.);
#9468 = EDGE_LOOP('',(#9469));
#9469 = ORIENTED_EDGE('',*,*,#9470,.T.);
#9470 = EDGE_CURVE('',#9471,#9471,#9473,.T.);
#9471 = VERTEX_POINT('',#9472);
#9472 = CARTESIAN_POINT('',(165.27,-87.6,1.51));
#9473 = CIRCLE('',#9474,0.4);
#9474 = AXIS2_PLACEMENT_3D('',#9475,#9476,#9477);
#9475 = CARTESIAN_POINT('',(165.27,-87.2,1.51));
#9476 = DIRECTION('',(-0.,0.,-1.));
#9477 = DIRECTION('',(7.105427357601E-14,-1.,-0.));
#9478 = FACE_BOUND('',#9479,.T.);
#9479 = EDGE_LOOP('',(#9480));
#9480 = ORIENTED_EDGE('',*,*,#9481,.T.);
#9481 = EDGE_CURVE('',#9482,#9482,#9484,.T.);
#9482 = VERTEX_POINT('',#9483);
#9483 = CARTESIAN_POINT('',(167.81,-87.6,1.51));
#9484 = CIRCLE('',#9485,0.4);
#9485 = AXIS2_PLACEMENT_3D('',#9486,#9487,#9488);
#9486 = CARTESIAN_POINT('',(167.81,-87.2,1.51));
#9487 = DIRECTION('',(-0.,0.,-1.));
#9488 = DIRECTION('',(-0.,-1.,0.));
#9489 = PLANE('',#9490);
#9490 = AXIS2_PLACEMENT_3D('',#9491,#9492,#9493);
#9491 = CARTESIAN_POINT('',(0.,0.,1.51));
#9492 = DIRECTION('',(0.,0.,1.));
#9493 = DIRECTION('',(1.,0.,-0.));
#9494 = ADVANCED_FACE('',(#9495),#9506,.T.);
#9495 = FACE_BOUND('',#9496,.T.);
#9496 = EDGE_LOOP('',(#9497,#9503,#9504,#9505));
#9497 = ORIENTED_EDGE('',*,*,#9498,.T.);
#9498 = EDGE_CURVE('',#8165,#8833,#9499,.T.);
#9499 = LINE('',#9500,#9501);
#9500 = CARTESIAN_POINT('',(79.5,-85.5,0.));
#9501 = VECTOR('',#9502,1.);
#9502 = DIRECTION('',(0.,0.,1.));
#9503 = ORIENTED_EDGE('',*,*,#8832,.T.);
#9504 = ORIENTED_EDGE('',*,*,#8100,.F.);
#9505 = ORIENTED_EDGE('',*,*,#8164,.F.);
#9506 = CYLINDRICAL_SURFACE('',#9507,0.999999252925);
#9507 = AXIS2_PLACEMENT_3D('',#9508,#9509,#9510);
#9508 = CARTESIAN_POINT('',(80.499999252925,-85.49999925292,0.));
#9509 = DIRECTION('',(0.,0.,-1.));
#9510 = DIRECTION('',(-1.,-7.47075720743E-07,-0.));
#9511 = ADVANCED_FACE('',(#9512),#9523,.T.);
#9512 = FACE_BOUND('',#9513,.T.);
#9513 = EDGE_LOOP('',(#9514,#9515,#9516,#9522));
#9514 = ORIENTED_EDGE('',*,*,#8140,.T.);
#9515 = ORIENTED_EDGE('',*,*,#8866,.T.);
#9516 = ORIENTED_EDGE('',*,*,#9517,.F.);
#9517 = EDGE_CURVE('',#8191,#8859,#9518,.T.);
#9518 = LINE('',#9519,#9520);
#9519 = CARTESIAN_POINT('',(171.,-97.5,0.));
#9520 = VECTOR('',#9521,1.);
#9521 = DIRECTION('',(0.,0.,1.));
#9522 = ORIENTED_EDGE('',*,*,#8198,.F.);
#9523 = CYLINDRICAL_SURFACE('',#9524,1.00000266715);
#9524 = AXIS2_PLACEMENT_3D('',#9525,#9526,#9527);
#9525 = CARTESIAN_POINT('',(170.99999733285,-96.49999733285,0.));
#9526 = DIRECTION('',(0.,0.,-1.));
#9527 = DIRECTION('',(0.999999999996,-2.667139162621E-06,0.));
#9528 = ADVANCED_FACE('',(#9529),#9540,.T.);
#9529 = FACE_BOUND('',#9530,.T.);
#9530 = EDGE_LOOP('',(#9531,#9537,#9538,#9539));
#9531 = ORIENTED_EDGE('',*,*,#9532,.T.);
#9532 = EDGE_CURVE('',#8174,#8842,#9533,.T.);
#9533 = LINE('',#9534,#9535);
#9534 = CARTESIAN_POINT('',(79.5,-96.5,0.));
#9535 = VECTOR('',#9536,1.);
#9536 = DIRECTION('',(0.,0.,1.));
#9537 = ORIENTED_EDGE('',*,*,#8841,.T.);
#9538 = ORIENTED_EDGE('',*,*,#9498,.F.);
#9539 = ORIENTED_EDGE('',*,*,#8173,.F.);
#9540 = PLANE('',#9541);
#9541 = AXIS2_PLACEMENT_3D('',#9542,#9543,#9544);
#9542 = CARTESIAN_POINT('',(79.5,-96.5,0.));
#9543 = DIRECTION('',(-1.,0.,0.));
#9544 = DIRECTION('',(0.,1.,0.));
#9545 = ADVANCED_FACE('',(#9546),#9557,.T.);
#9546 = FACE_BOUND('',#9547,.T.);
#9547 = EDGE_LOOP('',(#9548,#9549,#9550,#9556));
#9548 = ORIENTED_EDGE('',*,*,#9517,.T.);
#9549 = ORIENTED_EDGE('',*,*,#8858,.T.);
#9550 = ORIENTED_EDGE('',*,*,#9551,.F.);
#9551 = EDGE_CURVE('',#8182,#8850,#9552,.T.);
#9552 = LINE('',#9553,#9554);
#9553 = CARTESIAN_POINT('',(80.5,-97.5,0.));
#9554 = VECTOR('',#9555,1.);
#9555 = DIRECTION('',(0.,0.,1.));
#9556 = ORIENTED_EDGE('',*,*,#8190,.F.);
#9557 = PLANE('',#9558);
#9558 = AXIS2_PLACEMENT_3D('',#9559,#9560,#9561);
#9559 = CARTESIAN_POINT('',(171.,-97.5,0.));
#9560 = DIRECTION('',(0.,-1.,0.));
#9561 = DIRECTION('',(-1.,0.,0.));
#9562 = ADVANCED_FACE('',(#9563),#9569,.T.);
#9563 = FACE_BOUND('',#9564,.T.);
#9564 = EDGE_LOOP('',(#9565,#9566,#9567,#9568));
#9565 = ORIENTED_EDGE('',*,*,#9551,.T.);
#9566 = ORIENTED_EDGE('',*,*,#8849,.T.);
#9567 = ORIENTED_EDGE('',*,*,#9532,.F.);
#9568 = ORIENTED_EDGE('',*,*,#8181,.F.);
#9569 = CYLINDRICAL_SURFACE('',#9570,1.000000960032);
#9570 = AXIS2_PLACEMENT_3D('',#9571,#9572,#9573);
#9571 = CARTESIAN_POINT('',(80.500000960031,-96.49999903996,0.));
#9572 = DIRECTION('',(0.,0.,-1.));
#9573 = DIRECTION('',(-9.600305211272E-07,-1.,-0.));
#9574 = ADVANCED_FACE('',(#9575),#9586,.F.);
#9575 = FACE_BOUND('',#9576,.T.);
#9576 = EDGE_LOOP('',(#9577,#9578,#9584,#9585));
#9577 = ORIENTED_EDGE('',*,*,#8208,.T.);
#9578 = ORIENTED_EDGE('',*,*,#9579,.T.);
#9579 = EDGE_CURVE('',#8209,#8877,#9580,.T.);
#9580 = LINE('',#9581,#9582);
#9581 = CARTESIAN_POINT('',(83.57,-95.22,-4.6E-02));
#9582 = VECTOR('',#9583,1.);
#9583 = DIRECTION('',(0.,0.,1.));
#9584 = ORIENTED_EDGE('',*,*,#8876,.F.);
#9585 = ORIENTED_EDGE('',*,*,#9579,.F.);
#9586 = CYLINDRICAL_SURFACE('',#9587,0.4);
#9587 = AXIS2_PLACEMENT_3D('',#9588,#9589,#9590);
#9588 = CARTESIAN_POINT('',(83.57,-94.82,-4.6E-02));
#9589 = DIRECTION('',(-0.,-0.,-1.));
#9590 = DIRECTION('',(-0.,-1.,0.));
#9591 = ADVANCED_FACE('',(#9592),#9603,.F.);
#9592 = FACE_BOUND('',#9593,.T.);
#9593 = EDGE_LOOP('',(#9594,#9595,#9601,#9602));
#9594 = ORIENTED_EDGE('',*,*,#8219,.T.);
#9595 = ORIENTED_EDGE('',*,*,#9596,.T.);
#9596 = EDGE_CURVE('',#8220,#8888,#9597,.T.);
#9597 = LINE('',#9598,#9599);
#9598 = CARTESIAN_POINT('',(86.11,-95.22,-4.6E-02));
#9599 = VECTOR('',#9600,1.);
#9600 = DIRECTION('',(0.,0.,1.));
#9601 = ORIENTED_EDGE('',*,*,#8887,.F.);
#9602 = ORIENTED_EDGE('',*,*,#9596,.F.);
#9603 = CYLINDRICAL_SURFACE('',#9604,0.4);
#9604 = AXIS2_PLACEMENT_3D('',#9605,#9606,#9607);
#9605 = CARTESIAN_POINT('',(86.11,-94.82,-4.6E-02));
#9606 = DIRECTION('',(-0.,-0.,-1.));
#9607 = DIRECTION('',(-0.,-1.,0.));
#9608 = ADVANCED_FACE('',(#9609),#9620,.F.);
#9609 = FACE_BOUND('',#9610,.T.);
#9610 = EDGE_LOOP('',(#9611,#9612,#9618,#9619));
#9611 = ORIENTED_EDGE('',*,*,#8230,.T.);
#9612 = ORIENTED_EDGE('',*,*,#9613,.T.);
#9613 = EDGE_CURVE('',#8231,#8899,#9614,.T.);
#9614 = LINE('',#9615,#9616);
#9615 = CARTESIAN_POINT('',(88.65,-95.22,-4.6E-02));
#9616 = VECTOR('',#9617,1.);
#9617 = DIRECTION('',(0.,0.,1.));
#9618 = ORIENTED_EDGE('',*,*,#8898,.F.);
#9619 = ORIENTED_EDGE('',*,*,#9613,.F.);
#9620 = CYLINDRICAL_SURFACE('',#9621,0.4);
#9621 = AXIS2_PLACEMENT_3D('',#9622,#9623,#9624);
#9622 = CARTESIAN_POINT('',(88.65,-94.82,-4.6E-02));
#9623 = DIRECTION('',(-0.,-0.,-1.));
#9624 = DIRECTION('',(-0.,-1.,0.));
#9625 = ADVANCED_FACE('',(#9626),#9637,.F.);
#9626 = FACE_BOUND('',#9627,.T.);
#9627 = EDGE_LOOP('',(#9628,#9629,#9635,#9636));
#9628 = ORIENTED_EDGE('',*,*,#8241,.T.);
#9629 = ORIENTED_EDGE('',*,*,#9630,.T.);
#9630 = EDGE_CURVE('',#8242,#8910,#9631,.T.);
#9631 = LINE('',#9632,#9633);
#9632 = CARTESIAN_POINT('',(91.19,-95.22,-4.6E-02));
#9633 = VECTOR('',#9634,1.);
#9634 = DIRECTION('',(0.,0.,1.));
#9635 = ORIENTED_EDGE('',*,*,#8909,.F.);
#9636 = ORIENTED_EDGE('',*,*,#9630,.F.);
#9637 = CYLINDRICAL_SURFACE('',#9638,0.4);
#9638 = AXIS2_PLACEMENT_3D('',#9639,#9640,#9641);
#9639 = CARTESIAN_POINT('',(91.19,-94.82,-4.6E-02));
#9640 = DIRECTION('',(-0.,-0.,-1.));
#9641 = DIRECTION('',(-0.,-1.,0.));
#9642 = ADVANCED_FACE('',(#9643),#9654,.F.);
#9643 = FACE_BOUND('',#9644,.T.);
#9644 = EDGE_LOOP('',(#9645,#9646,#9652,#9653));
#9645 = ORIENTED_EDGE('',*,*,#8252,.T.);
#9646 = ORIENTED_EDGE('',*,*,#9647,.T.);
#9647 = EDGE_CURVE('',#8253,#8921,#9648,.T.);
#9648 = LINE('',#9649,#9650);
#9649 = CARTESIAN_POINT('',(93.73,-95.22,-4.6E-02));
#9650 = VECTOR('',#9651,1.);
#9651 = DIRECTION('',(0.,0.,1.));
#9652 = ORIENTED_EDGE('',*,*,#8920,.F.);
#9653 = ORIENTED_EDGE('',*,*,#9647,.F.);
#9654 = CYLINDRICAL_SURFACE('',#9655,0.4);
#9655 = AXIS2_PLACEMENT_3D('',#9656,#9657,#9658);
#9656 = CARTESIAN_POINT('',(93.73,-94.82,-4.6E-02));
#9657 = DIRECTION('',(-0.,0.,-1.));
#9658 = DIRECTION('',(3.5527136788E-14,-1.,-0.));
#9659 = ADVANCED_FACE('',(#9660),#9671,.F.);
#9660 = FACE_BOUND('',#9661,.T.);
#9661 = EDGE_LOOP('',(#9662,#9663,#9669,#9670));
#9662 = ORIENTED_EDGE('',*,*,#8263,.T.);
#9663 = ORIENTED_EDGE('',*,*,#9664,.T.);
#9664 = EDGE_CURVE('',#8264,#8932,#9665,.T.);
#9665 = LINE('',#9666,#9667);
#9666 = CARTESIAN_POINT('',(96.27,-95.22,-4.6E-02));
#9667 = VECTOR('',#9668,1.);
#9668 = DIRECTION('',(0.,0.,1.));
#9669 = ORIENTED_EDGE('',*,*,#8931,.F.);
#9670 = ORIENTED_EDGE('',*,*,#9664,.F.);
#9671 = CYLINDRICAL_SURFACE('',#9672,0.4);
#9672 = AXIS2_PLACEMENT_3D('',#9673,#9674,#9675);
#9673 = CARTESIAN_POINT('',(96.27,-94.82,-4.6E-02));
#9674 = DIRECTION('',(-0.,-0.,-1.));
#9675 = DIRECTION('',(-3.552713678801E-14,-1.,0.));
#9676 = ADVANCED_FACE('',(#9677),#9688,.F.);
#9677 = FACE_BOUND('',#9678,.T.);
#9678 = EDGE_LOOP('',(#9679,#9680,#9686,#9687));
#9679 = ORIENTED_EDGE('',*,*,#8274,.T.);
#9680 = ORIENTED_EDGE('',*,*,#9681,.T.);
#9681 = EDGE_CURVE('',#8275,#8943,#9682,.T.);
#9682 = LINE('',#9683,#9684);
#9683 = CARTESIAN_POINT('',(98.81,-95.22,-4.6E-02));
#9684 = VECTOR('',#9685,1.);
#9685 = DIRECTION('',(0.,0.,1.));
#9686 = ORIENTED_EDGE('',*,*,#8942,.F.);
#9687 = ORIENTED_EDGE('',*,*,#9681,.F.);
#9688 = CYLINDRICAL_SURFACE('',#9689,0.4);
#9689 = AXIS2_PLACEMENT_3D('',#9690,#9691,#9692);
#9690 = CARTESIAN_POINT('',(98.81,-94.82,-4.6E-02));
#9691 = DIRECTION('',(-0.,-0.,-1.));
#9692 = DIRECTION('',(-0.,-1.,0.));
#9693 = ADVANCED_FACE('',(#9694),#9705,.F.);
#9694 = FACE_BOUND('',#9695,.T.);
#9695 = EDGE_LOOP('',(#9696,#9697,#9703,#9704));
#9696 = ORIENTED_EDGE('',*,*,#8285,.T.);
#9697 = ORIENTED_EDGE('',*,*,#9698,.T.);
#9698 = EDGE_CURVE('',#8286,#8954,#9699,.T.);
#9699 = LINE('',#9700,#9701);
#9700 = CARTESIAN_POINT('',(106.57,-95.22,-4.6E-02));
#9701 = VECTOR('',#9702,1.);
#9702 = DIRECTION('',(0.,0.,1.));
#9703 = ORIENTED_EDGE('',*,*,#8953,.F.);
#9704 = ORIENTED_EDGE('',*,*,#9698,.F.);
#9705 = CYLINDRICAL_SURFACE('',#9706,0.4);
#9706 = AXIS2_PLACEMENT_3D('',#9707,#9708,#9709);
#9707 = CARTESIAN_POINT('',(106.57,-94.82,-4.6E-02));
#9708 = DIRECTION('',(-0.,-0.,-1.));
#9709 = DIRECTION('',(-0.,-1.,0.));
#9710 = ADVANCED_FACE('',(#9711),#9722,.F.);
#9711 = FACE_BOUND('',#9712,.T.);
#9712 = EDGE_LOOP('',(#9713,#9714,#9720,#9721));
#9713 = ORIENTED_EDGE('',*,*,#8296,.T.);
#9714 = ORIENTED_EDGE('',*,*,#9715,.T.);
#9715 = EDGE_CURVE('',#8297,#8965,#9716,.T.);
#9716 = LINE('',#9717,#9718);
#9717 = CARTESIAN_POINT('',(109.11,-95.22,-4.6E-02));
#9718 = VECTOR('',#9719,1.);
#9719 = DIRECTION('',(0.,0.,1.));
#9720 = ORIENTED_EDGE('',*,*,#8964,.F.);
#9721 = ORIENTED_EDGE('',*,*,#9715,.F.);
#9722 = CYLINDRICAL_SURFACE('',#9723,0.4);
#9723 = AXIS2_PLACEMENT_3D('',#9724,#9725,#9726);
#9724 = CARTESIAN_POINT('',(109.11,-94.82,-4.6E-02));
#9725 = DIRECTION('',(-0.,-0.,-1.));
#9726 = DIRECTION('',(-0.,-1.,0.));
#9727 = ADVANCED_FACE('',(#9728),#9739,.F.);
#9728 = FACE_BOUND('',#9729,.T.);
#9729 = EDGE_LOOP('',(#9730,#9731,#9737,#9738));
#9730 = ORIENTED_EDGE('',*,*,#8307,.T.);
#9731 = ORIENTED_EDGE('',*,*,#9732,.T.);
#9732 = EDGE_CURVE('',#8308,#8976,#9733,.T.);
#9733 = LINE('',#9734,#9735);
#9734 = CARTESIAN_POINT('',(111.65,-95.22,-4.6E-02));
#9735 = VECTOR('',#9736,1.);
#9736 = DIRECTION('',(0.,0.,1.));
#9737 = ORIENTED_EDGE('',*,*,#8975,.F.);
#9738 = ORIENTED_EDGE('',*,*,#9732,.F.);
#9739 = CYLINDRICAL_SURFACE('',#9740,0.4);
#9740 = AXIS2_PLACEMENT_3D('',#9741,#9742,#9743);
#9741 = CARTESIAN_POINT('',(111.65,-94.82,-4.6E-02));
#9742 = DIRECTION('',(-0.,-0.,-1.));
#9743 = DIRECTION('',(-0.,-1.,0.));
#9744 = ADVANCED_FACE('',(#9745),#9756,.F.);
#9745 = FACE_BOUND('',#9746,.T.);
#9746 = EDGE_LOOP('',(#9747,#9748,#9754,#9755));
#9747 = ORIENTED_EDGE('',*,*,#8318,.T.);
#9748 = ORIENTED_EDGE('',*,*,#9749,.T.);
#9749 = EDGE_CURVE('',#8319,#8987,#9750,.T.);
#9750 = LINE('',#9751,#9752);
#9751 = CARTESIAN_POINT('',(114.19,-95.22,-4.6E-02));
#9752 = VECTOR('',#9753,1.);
#9753 = DIRECTION('',(0.,0.,1.));
#9754 = ORIENTED_EDGE('',*,*,#8986,.F.);
#9755 = ORIENTED_EDGE('',*,*,#9749,.F.);
#9756 = CYLINDRICAL_SURFACE('',#9757,0.4);
#9757 = AXIS2_PLACEMENT_3D('',#9758,#9759,#9760);
#9758 = CARTESIAN_POINT('',(114.19,-94.82,-4.6E-02));
#9759 = DIRECTION('',(-0.,-0.,-1.));
#9760 = DIRECTION('',(-0.,-1.,0.));
#9761 = ADVANCED_FACE('',(#9762),#9773,.F.);
#9762 = FACE_BOUND('',#9763,.T.);
#9763 = EDGE_LOOP('',(#9764,#9765,#9771,#9772));
#9764 = ORIENTED_EDGE('',*,*,#8329,.T.);
#9765 = ORIENTED_EDGE('',*,*,#9766,.T.);
#9766 = EDGE_CURVE('',#8330,#8998,#9767,.T.);
#9767 = LINE('',#9768,#9769);
#9768 = CARTESIAN_POINT('',(116.73,-95.22,-4.6E-02));
#9769 = VECTOR('',#9770,1.);
#9770 = DIRECTION('',(0.,0.,1.));
#9771 = ORIENTED_EDGE('',*,*,#8997,.F.);
#9772 = ORIENTED_EDGE('',*,*,#9766,.F.);
#9773 = CYLINDRICAL_SURFACE('',#9774,0.4);
#9774 = AXIS2_PLACEMENT_3D('',#9775,#9776,#9777);
#9775 = CARTESIAN_POINT('',(116.73,-94.82,-4.6E-02));
#9776 = DIRECTION('',(-0.,0.,-1.));
#9777 = DIRECTION('',(3.5527136788E-14,-1.,-0.));
#9778 = ADVANCED_FACE('',(#9779),#9790,.F.);
#9779 = FACE_BOUND('',#9780,.T.);
#9780 = EDGE_LOOP('',(#9781,#9782,#9788,#9789));
#9781 = ORIENTED_EDGE('',*,*,#8340,.T.);
#9782 = ORIENTED_EDGE('',*,*,#9783,.T.);
#9783 = EDGE_CURVE('',#8341,#9009,#9784,.T.);
#9784 = LINE('',#9785,#9786);
#9785 = CARTESIAN_POINT('',(119.27,-95.22,-4.6E-02));
#9786 = VECTOR('',#9787,1.);
#9787 = DIRECTION('',(0.,0.,1.));
#9788 = ORIENTED_EDGE('',*,*,#9008,.F.);
#9789 = ORIENTED_EDGE('',*,*,#9783,.F.);
#9790 = CYLINDRICAL_SURFACE('',#9791,0.4);
#9791 = AXIS2_PLACEMENT_3D('',#9792,#9793,#9794);
#9792 = CARTESIAN_POINT('',(119.27,-94.82,-4.6E-02));
#9793 = DIRECTION('',(-0.,-0.,-1.));
#9794 = DIRECTION('',(-3.552713678801E-14,-1.,0.));
#9795 = ADVANCED_FACE('',(#9796),#9807,.F.);
#9796 = FACE_BOUND('',#9797,.T.);
#9797 = EDGE_LOOP('',(#9798,#9799,#9805,#9806));
#9798 = ORIENTED_EDGE('',*,*,#8351,.T.);
#9799 = ORIENTED_EDGE('',*,*,#9800,.T.);
#9800 = EDGE_CURVE('',#8352,#9020,#9801,.T.);
#9801 = LINE('',#9802,#9803);
#9802 = CARTESIAN_POINT('',(121.81,-95.22,-4.6E-02));
#9803 = VECTOR('',#9804,1.);
#9804 = DIRECTION('',(0.,0.,1.));
#9805 = ORIENTED_EDGE('',*,*,#9019,.F.);
#9806 = ORIENTED_EDGE('',*,*,#9800,.F.);
#9807 = CYLINDRICAL_SURFACE('',#9808,0.4);
#9808 = AXIS2_PLACEMENT_3D('',#9809,#9810,#9811);
#9809 = CARTESIAN_POINT('',(121.81,-94.82,-4.6E-02));
#9810 = DIRECTION('',(-0.,-0.,-1.));
#9811 = DIRECTION('',(-0.,-1.,0.));
#9812 = ADVANCED_FACE('',(#9813),#9824,.F.);
#9813 = FACE_BOUND('',#9814,.T.);
#9814 = EDGE_LOOP('',(#9815,#9816,#9822,#9823));
#9815 = ORIENTED_EDGE('',*,*,#8362,.T.);
#9816 = ORIENTED_EDGE('',*,*,#9817,.T.);
#9817 = EDGE_CURVE('',#8363,#9031,#9818,.T.);
#9818 = LINE('',#9819,#9820);
#9819 = CARTESIAN_POINT('',(129.57,-95.22,-4.6E-02));
#9820 = VECTOR('',#9821,1.);
#9821 = DIRECTION('',(0.,0.,1.));
#9822 = ORIENTED_EDGE('',*,*,#9030,.F.);
#9823 = ORIENTED_EDGE('',*,*,#9817,.F.);
#9824 = CYLINDRICAL_SURFACE('',#9825,0.4);
#9825 = AXIS2_PLACEMENT_3D('',#9826,#9827,#9828);
#9826 = CARTESIAN_POINT('',(129.57,-94.82,-4.6E-02));
#9827 = DIRECTION('',(-0.,-0.,-1.));
#9828 = DIRECTION('',(-0.,-1.,0.));
#9829 = ADVANCED_FACE('',(#9830),#9841,.F.);
#9830 = FACE_BOUND('',#9831,.T.);
#9831 = EDGE_LOOP('',(#9832,#9833,#9839,#9840));
#9832 = ORIENTED_EDGE('',*,*,#8373,.T.);
#9833 = ORIENTED_EDGE('',*,*,#9834,.T.);
#9834 = EDGE_CURVE('',#8374,#9042,#9835,.T.);
#9835 = LINE('',#9836,#9837);
#9836 = CARTESIAN_POINT('',(132.11,-95.22,-4.6E-02));
#9837 = VECTOR('',#9838,1.);
#9838 = DIRECTION('',(0.,0.,1.));
#9839 = ORIENTED_EDGE('',*,*,#9041,.F.);
#9840 = ORIENTED_EDGE('',*,*,#9834,.F.);
#9841 = CYLINDRICAL_SURFACE('',#9842,0.4);
#9842 = AXIS2_PLACEMENT_3D('',#9843,#9844,#9845);
#9843 = CARTESIAN_POINT('',(132.11,-94.82,-4.6E-02));
#9844 = DIRECTION('',(-0.,-0.,-1.));
#9845 = DIRECTION('',(-0.,-1.,0.));
#9846 = ADVANCED_FACE('',(#9847),#9858,.F.);
#9847 = FACE_BOUND('',#9848,.T.);
#9848 = EDGE_LOOP('',(#9849,#9850,#9856,#9857));
#9849 = ORIENTED_EDGE('',*,*,#8384,.T.);
#9850 = ORIENTED_EDGE('',*,*,#9851,.T.);
#9851 = EDGE_CURVE('',#8385,#9053,#9852,.T.);
#9852 = LINE('',#9853,#9854);
#9853 = CARTESIAN_POINT('',(134.65,-95.22,-4.6E-02));
#9854 = VECTOR('',#9855,1.);
#9855 = DIRECTION('',(0.,0.,1.));
#9856 = ORIENTED_EDGE('',*,*,#9052,.F.);
#9857 = ORIENTED_EDGE('',*,*,#9851,.F.);
#9858 = CYLINDRICAL_SURFACE('',#9859,0.4);
#9859 = AXIS2_PLACEMENT_3D('',#9860,#9861,#9862);
#9860 = CARTESIAN_POINT('',(134.65,-94.82,-4.6E-02));
#9861 = DIRECTION('',(-0.,-0.,-1.));
#9862 = DIRECTION('',(-0.,-1.,0.));
#9863 = ADVANCED_FACE('',(#9864),#9875,.F.);
#9864 = FACE_BOUND('',#9865,.T.);
#9865 = EDGE_LOOP('',(#9866,#9867,#9873,#9874));
#9866 = ORIENTED_EDGE('',*,*,#8395,.T.);
#9867 = ORIENTED_EDGE('',*,*,#9868,.T.);
#9868 = EDGE_CURVE('',#8396,#9064,#9869,.T.);
#9869 = LINE('',#9870,#9871);
#9870 = CARTESIAN_POINT('',(137.19,-95.22,-4.6E-02));
#9871 = VECTOR('',#9872,1.);
#9872 = DIRECTION('',(0.,0.,1.));
#9873 = ORIENTED_EDGE('',*,*,#9063,.F.);
#9874 = ORIENTED_EDGE('',*,*,#9868,.F.);
#9875 = CYLINDRICAL_SURFACE('',#9876,0.4);
#9876 = AXIS2_PLACEMENT_3D('',#9877,#9878,#9879);
#9877 = CARTESIAN_POINT('',(137.19,-94.82,-4.6E-02));
#9878 = DIRECTION('',(-0.,-0.,-1.));
#9879 = DIRECTION('',(-0.,-1.,0.));
#9880 = ADVANCED_FACE('',(#9881),#9892,.F.);
#9881 = FACE_BOUND('',#9882,.T.);
#9882 = EDGE_LOOP('',(#9883,#9884,#9890,#9891));
#9883 = ORIENTED_EDGE('',*,*,#8406,.T.);
#9884 = ORIENTED_EDGE('',*,*,#9885,.T.);
#9885 = EDGE_CURVE('',#8407,#9075,#9886,.T.);
#9886 = LINE('',#9887,#9888);
#9887 = CARTESIAN_POINT('',(139.73,-95.22,-4.6E-02));
#9888 = VECTOR('',#9889,1.);
#9889 = DIRECTION('',(0.,0.,1.));
#9890 = ORIENTED_EDGE('',*,*,#9074,.F.);
#9891 = ORIENTED_EDGE('',*,*,#9885,.F.);
#9892 = CYLINDRICAL_SURFACE('',#9893,0.4);
#9893 = AXIS2_PLACEMENT_3D('',#9894,#9895,#9896);
#9894 = CARTESIAN_POINT('',(139.73,-94.82,-4.6E-02));
#9895 = DIRECTION('',(-0.,-0.,-1.));
#9896 = DIRECTION('',(-7.105427357601E-14,-1.,0.));
#9897 = ADVANCED_FACE('',(#9898),#9909,.F.);
#9898 = FACE_BOUND('',#9899,.T.);
#9899 = EDGE_LOOP('',(#9900,#9901,#9907,#9908));
#9900 = ORIENTED_EDGE('',*,*,#8417,.T.);
#9901 = ORIENTED_EDGE('',*,*,#9902,.T.);
#9902 = EDGE_CURVE('',#8418,#9086,#9903,.T.);
#9903 = LINE('',#9904,#9905);
#9904 = CARTESIAN_POINT('',(142.27,-95.22,-4.6E-02));
#9905 = VECTOR('',#9906,1.);
#9906 = DIRECTION('',(0.,0.,1.));
#9907 = ORIENTED_EDGE('',*,*,#9085,.F.);
#9908 = ORIENTED_EDGE('',*,*,#9902,.F.);
#9909 = CYLINDRICAL_SURFACE('',#9910,0.4);
#9910 = AXIS2_PLACEMENT_3D('',#9911,#9912,#9913);
#9911 = CARTESIAN_POINT('',(142.27,-94.82,-4.6E-02));
#9912 = DIRECTION('',(-0.,0.,-1.));
#9913 = DIRECTION('',(7.105427357601E-14,-1.,-0.));
#9914 = ADVANCED_FACE('',(#9915),#9926,.F.);
#9915 = FACE_BOUND('',#9916,.T.);
#9916 = EDGE_LOOP('',(#9917,#9918,#9924,#9925));
#9917 = ORIENTED_EDGE('',*,*,#8428,.T.);
#9918 = ORIENTED_EDGE('',*,*,#9919,.T.);
#9919 = EDGE_CURVE('',#8429,#9097,#9920,.T.);
#9920 = LINE('',#9921,#9922);
#9921 = CARTESIAN_POINT('',(144.81,-95.22,-4.6E-02));
#9922 = VECTOR('',#9923,1.);
#9923 = DIRECTION('',(0.,0.,1.));
#9924 = ORIENTED_EDGE('',*,*,#9096,.F.);
#9925 = ORIENTED_EDGE('',*,*,#9919,.F.);
#9926 = CYLINDRICAL_SURFACE('',#9927,0.4);
#9927 = AXIS2_PLACEMENT_3D('',#9928,#9929,#9930);
#9928 = CARTESIAN_POINT('',(144.81,-94.82,-4.6E-02));
#9929 = DIRECTION('',(-0.,-0.,-1.));
#9930 = DIRECTION('',(-0.,-1.,0.));
#9931 = ADVANCED_FACE('',(#9932),#9943,.F.);
#9932 = FACE_BOUND('',#9933,.T.);
#9933 = EDGE_LOOP('',(#9934,#9935,#9941,#9942));
#9934 = ORIENTED_EDGE('',*,*,#8439,.T.);
#9935 = ORIENTED_EDGE('',*,*,#9936,.T.);
#9936 = EDGE_CURVE('',#8440,#9108,#9937,.T.);
#9937 = LINE('',#9938,#9939);
#9938 = CARTESIAN_POINT('',(152.57,-95.22,-4.6E-02));
#9939 = VECTOR('',#9940,1.);
#9940 = DIRECTION('',(0.,0.,1.));
#9941 = ORIENTED_EDGE('',*,*,#9107,.F.);
#9942 = ORIENTED_EDGE('',*,*,#9936,.F.);
#9943 = CYLINDRICAL_SURFACE('',#9944,0.4);
#9944 = AXIS2_PLACEMENT_3D('',#9945,#9946,#9947);
#9945 = CARTESIAN_POINT('',(152.57,-94.82,-4.6E-02));
#9946 = DIRECTION('',(-0.,-0.,-1.));
#9947 = DIRECTION('',(-0.,-1.,0.));
#9948 = ADVANCED_FACE('',(#9949),#9960,.F.);
#9949 = FACE_BOUND('',#9950,.T.);
#9950 = EDGE_LOOP('',(#9951,#9952,#9958,#9959));
#9951 = ORIENTED_EDGE('',*,*,#8450,.T.);
#9952 = ORIENTED_EDGE('',*,*,#9953,.T.);
#9953 = EDGE_CURVE('',#8451,#9119,#9954,.T.);
#9954 = LINE('',#9955,#9956);
#9955 = CARTESIAN_POINT('',(155.11,-95.22,-4.6E-02));
#9956 = VECTOR('',#9957,1.);
#9957 = DIRECTION('',(0.,0.,1.));
#9958 = ORIENTED_EDGE('',*,*,#9118,.F.);
#9959 = ORIENTED_EDGE('',*,*,#9953,.F.);
#9960 = CYLINDRICAL_SURFACE('',#9961,0.4);
#9961 = AXIS2_PLACEMENT_3D('',#9962,#9963,#9964);
#9962 = CARTESIAN_POINT('',(155.11,-94.82,-4.6E-02));
#9963 = DIRECTION('',(-0.,-0.,-1.));
#9964 = DIRECTION('',(-0.,-1.,0.));
#9965 = ADVANCED_FACE('',(#9966),#9977,.F.);
#9966 = FACE_BOUND('',#9967,.T.);
#9967 = EDGE_LOOP('',(#9968,#9969,#9975,#9976));
#9968 = ORIENTED_EDGE('',*,*,#8461,.T.);
#9969 = ORIENTED_EDGE('',*,*,#9970,.T.);
#9970 = EDGE_CURVE('',#8462,#9130,#9971,.T.);
#9971 = LINE('',#9972,#9973);
#9972 = CARTESIAN_POINT('',(157.65,-95.22,-4.6E-02));
#9973 = VECTOR('',#9974,1.);
#9974 = DIRECTION('',(0.,0.,1.));
#9975 = ORIENTED_EDGE('',*,*,#9129,.F.);
#9976 = ORIENTED_EDGE('',*,*,#9970,.F.);
#9977 = CYLINDRICAL_SURFACE('',#9978,0.4);
#9978 = AXIS2_PLACEMENT_3D('',#9979,#9980,#9981);
#9979 = CARTESIAN_POINT('',(157.65,-94.82,-4.6E-02));
#9980 = DIRECTION('',(-0.,-0.,-1.));
#9981 = DIRECTION('',(-0.,-1.,0.));
#9982 = ADVANCED_FACE('',(#9983),#9994,.F.);
#9983 = FACE_BOUND('',#9984,.T.);
#9984 = EDGE_LOOP('',(#9985,#9986,#9992,#9993));
#9985 = ORIENTED_EDGE('',*,*,#8472,.T.);
#9986 = ORIENTED_EDGE('',*,*,#9987,.T.);
#9987 = EDGE_CURVE('',#8473,#9141,#9988,.T.);
#9988 = LINE('',#9989,#9990);
#9989 = CARTESIAN_POINT('',(160.19,-95.22,-4.6E-02));
#9990 = VECTOR('',#9991,1.);
#9991 = DIRECTION('',(0.,0.,1.));
#9992 = ORIENTED_EDGE('',*,*,#9140,.F.);
#9993 = ORIENTED_EDGE('',*,*,#9987,.F.);
#9994 = CYLINDRICAL_SURFACE('',#9995,0.4);
#9995 = AXIS2_PLACEMENT_3D('',#9996,#9997,#9998);
#9996 = CARTESIAN_POINT('',(160.19,-94.82,-4.6E-02));
#9997 = DIRECTION('',(-0.,-0.,-1.));
#9998 = DIRECTION('',(-0.,-1.,0.));
#9999 = ADVANCED_FACE('',(#10000),#10011,.F.);
#10000 = FACE_BOUND('',#10001,.T.);
#10001 = EDGE_LOOP('',(#10002,#10003,#10009,#10010));
#10002 = ORIENTED_EDGE('',*,*,#8483,.T.);
#10003 = ORIENTED_EDGE('',*,*,#10004,.T.);
#10004 = EDGE_CURVE('',#8484,#9152,#10005,.T.);
#10005 = LINE('',#10006,#10007);
#10006 = CARTESIAN_POINT('',(162.73,-95.22,-4.6E-02));
#10007 = VECTOR('',#10008,1.);
#10008 = DIRECTION('',(0.,0.,1.));
#10009 = ORIENTED_EDGE('',*,*,#9151,.F.);
#10010 = ORIENTED_EDGE('',*,*,#10004,.F.);
#10011 = CYLINDRICAL_SURFACE('',#10012,0.4);
#10012 = AXIS2_PLACEMENT_3D('',#10013,#10014,#10015);
#10013 = CARTESIAN_POINT('',(162.73,-94.82,-4.6E-02));
#10014 = DIRECTION('',(-0.,-0.,-1.));
#10015 = DIRECTION('',(-7.105427357601E-14,-1.,0.));
#10016 = ADVANCED_FACE('',(#10017),#10028,.F.);
#10017 = FACE_BOUND('',#10018,.T.);
#10018 = EDGE_LOOP('',(#10019,#10020,#10026,#10027));
#10019 = ORIENTED_EDGE('',*,*,#8494,.T.);
#10020 = ORIENTED_EDGE('',*,*,#10021,.T.);
#10021 = EDGE_CURVE('',#8495,#9163,#10022,.T.);
#10022 = LINE('',#10023,#10024);
#10023 = CARTESIAN_POINT('',(165.27,-95.22,-4.6E-02));
#10024 = VECTOR('',#10025,1.);
#10025 = DIRECTION('',(0.,0.,1.));
#10026 = ORIENTED_EDGE('',*,*,#9162,.F.);
#10027 = ORIENTED_EDGE('',*,*,#10021,.F.);
#10028 = CYLINDRICAL_SURFACE('',#10029,0.4);
#10029 = AXIS2_PLACEMENT_3D('',#10030,#10031,#10032);
#10030 = CARTESIAN_POINT('',(165.27,-94.82,-4.6E-02));
#10031 = DIRECTION('',(-0.,0.,-1.));
#10032 = DIRECTION('',(7.105427357601E-14,-1.,-0.));
#10033 = ADVANCED_FACE('',(#10034),#10045,.F.);
#10034 = FACE_BOUND('',#10035,.T.);
#10035 = EDGE_LOOP('',(#10036,#10037,#10043,#10044));
#10036 = ORIENTED_EDGE('',*,*,#8505,.T.);
#10037 = ORIENTED_EDGE('',*,*,#10038,.T.);
#10038 = EDGE_CURVE('',#8506,#9174,#10039,.T.);
#10039 = LINE('',#10040,#10041);
#10040 = CARTESIAN_POINT('',(167.81,-95.22,-4.6E-02));
#10041 = VECTOR('',#10042,1.);
#10042 = DIRECTION('',(0.,0.,1.));
#10043 = ORIENTED_EDGE('',*,*,#9173,.F.);
#10044 = ORIENTED_EDGE('',*,*,#10038,.F.);
#10045 = CYLINDRICAL_SURFACE('',#10046,0.4);
#10046 = AXIS2_PLACEMENT_3D('',#10047,#10048,#10049);
#10047 = CARTESIAN_POINT('',(167.81,-94.82,-4.6E-02));
#10048 = DIRECTION('',(-0.,-0.,-1.));
#10049 = DIRECTION('',(-0.,-1.,0.));
#10050 = ADVANCED_FACE('',(#10051),#10062,.F.);
#10051 = FACE_BOUND('',#10052,.T.);
#10052 = EDGE_LOOP('',(#10053,#10054,#10060,#10061));
#10053 = ORIENTED_EDGE('',*,*,#8516,.T.);
#10054 = ORIENTED_EDGE('',*,*,#10055,.T.);
#10055 = EDGE_CURVE('',#8517,#9185,#10056,.T.);
#10056 = LINE('',#10057,#10058);
#10057 = CARTESIAN_POINT('',(83.57,-87.6,-4.6E-02));
#10058 = VECTOR('',#10059,1.);
#10059 = DIRECTION('',(0.,0.,1.));
#10060 = ORIENTED_EDGE('',*,*,#9184,.F.);
#10061 = ORIENTED_EDGE('',*,*,#10055,.F.);
#10062 = CYLINDRICAL_SURFACE('',#10063,0.4);
#10063 = AXIS2_PLACEMENT_3D('',#10064,#10065,#10066);
#10064 = CARTESIAN_POINT('',(83.57,-87.2,-4.6E-02));
#10065 = DIRECTION('',(-0.,-0.,-1.));
#10066 = DIRECTION('',(-0.,-1.,0.));
#10067 = ADVANCED_FACE('',(#10068),#10079,.F.);
#10068 = FACE_BOUND('',#10069,.T.);
#10069 = EDGE_LOOP('',(#10070,#10071,#10077,#10078));
#10070 = ORIENTED_EDGE('',*,*,#8527,.T.);
#10071 = ORIENTED_EDGE('',*,*,#10072,.T.);
#10072 = EDGE_CURVE('',#8528,#9196,#10073,.T.);
#10073 = LINE('',#10074,#10075);
#10074 = CARTESIAN_POINT('',(86.11,-87.6,-4.6E-02));
#10075 = VECTOR('',#10076,1.);
#10076 = DIRECTION('',(0.,0.,1.));
#10077 = ORIENTED_EDGE('',*,*,#9195,.F.);
#10078 = ORIENTED_EDGE('',*,*,#10072,.F.);
#10079 = CYLINDRICAL_SURFACE('',#10080,0.4);
#10080 = AXIS2_PLACEMENT_3D('',#10081,#10082,#10083);
#10081 = CARTESIAN_POINT('',(86.11,-87.2,-4.6E-02));
#10082 = DIRECTION('',(-0.,-0.,-1.));
#10083 = DIRECTION('',(-0.,-1.,0.));
#10084 = ADVANCED_FACE('',(#10085),#10096,.F.);
#10085 = FACE_BOUND('',#10086,.T.);
#10086 = EDGE_LOOP('',(#10087,#10088,#10094,#10095));
#10087 = ORIENTED_EDGE('',*,*,#8538,.T.);
#10088 = ORIENTED_EDGE('',*,*,#10089,.T.);
#10089 = EDGE_CURVE('',#8539,#9207,#10090,.T.);
#10090 = LINE('',#10091,#10092);
#10091 = CARTESIAN_POINT('',(88.65,-87.6,-4.6E-02));
#10092 = VECTOR('',#10093,1.);
#10093 = DIRECTION('',(0.,0.,1.));
#10094 = ORIENTED_EDGE('',*,*,#9206,.F.);
#10095 = ORIENTED_EDGE('',*,*,#10089,.F.);
#10096 = CYLINDRICAL_SURFACE('',#10097,0.4);
#10097 = AXIS2_PLACEMENT_3D('',#10098,#10099,#10100);
#10098 = CARTESIAN_POINT('',(88.65,-87.2,-4.6E-02));
#10099 = DIRECTION('',(-0.,-0.,-1.));
#10100 = DIRECTION('',(-0.,-1.,0.));
#10101 = ADVANCED_FACE('',(#10102),#10113,.F.);
#10102 = FACE_BOUND('',#10103,.T.);
#10103 = EDGE_LOOP('',(#10104,#10105,#10111,#10112));
#10104 = ORIENTED_EDGE('',*,*,#8549,.T.);
#10105 = ORIENTED_EDGE('',*,*,#10106,.T.);
#10106 = EDGE_CURVE('',#8550,#9218,#10107,.T.);
#10107 = LINE('',#10108,#10109);
#10108 = CARTESIAN_POINT('',(91.19,-87.6,-4.6E-02));
#10109 = VECTOR('',#10110,1.);
#10110 = DIRECTION('',(0.,0.,1.));
#10111 = ORIENTED_EDGE('',*,*,#9217,.F.);
#10112 = ORIENTED_EDGE('',*,*,#10106,.F.);
#10113 = CYLINDRICAL_SURFACE('',#10114,0.4);
#10114 = AXIS2_PLACEMENT_3D('',#10115,#10116,#10117);
#10115 = CARTESIAN_POINT('',(91.19,-87.2,-4.6E-02));
#10116 = DIRECTION('',(-0.,-0.,-1.));
#10117 = DIRECTION('',(-0.,-1.,0.));
#10118 = ADVANCED_FACE('',(#10119),#10130,.F.);
#10119 = FACE_BOUND('',#10120,.T.);
#10120 = EDGE_LOOP('',(#10121,#10122,#10128,#10129));
#10121 = ORIENTED_EDGE('',*,*,#8560,.T.);
#10122 = ORIENTED_EDGE('',*,*,#10123,.T.);
#10123 = EDGE_CURVE('',#8561,#9229,#10124,.T.);
#10124 = LINE('',#10125,#10126);
#10125 = CARTESIAN_POINT('',(93.73,-87.6,-4.6E-02));
#10126 = VECTOR('',#10127,1.);
#10127 = DIRECTION('',(0.,0.,1.));
#10128 = ORIENTED_EDGE('',*,*,#9228,.F.);
#10129 = ORIENTED_EDGE('',*,*,#10123,.F.);
#10130 = CYLINDRICAL_SURFACE('',#10131,0.4);
#10131 = AXIS2_PLACEMENT_3D('',#10132,#10133,#10134);
#10132 = CARTESIAN_POINT('',(93.73,-87.2,-4.6E-02));
#10133 = DIRECTION('',(-0.,0.,-1.));
#10134 = DIRECTION('',(3.5527136788E-14,-1.,-0.));
#10135 = ADVANCED_FACE('',(#10136),#10147,.F.);
#10136 = FACE_BOUND('',#10137,.T.);
#10137 = EDGE_LOOP('',(#10138,#10139,#10145,#10146));
#10138 = ORIENTED_EDGE('',*,*,#8571,.T.);
#10139 = ORIENTED_EDGE('',*,*,#10140,.T.);
#10140 = EDGE_CURVE('',#8572,#9240,#10141,.T.);
#10141 = LINE('',#10142,#10143);
#10142 = CARTESIAN_POINT('',(96.27,-87.6,-4.6E-02));
#10143 = VECTOR('',#10144,1.);
#10144 = DIRECTION('',(0.,0.,1.));
#10145 = ORIENTED_EDGE('',*,*,#9239,.F.);
#10146 = ORIENTED_EDGE('',*,*,#10140,.F.);
#10147 = CYLINDRICAL_SURFACE('',#10148,0.4);
#10148 = AXIS2_PLACEMENT_3D('',#10149,#10150,#10151);
#10149 = CARTESIAN_POINT('',(96.27,-87.2,-4.6E-02));
#10150 = DIRECTION('',(-0.,-0.,-1.));
#10151 = DIRECTION('',(-3.552713678801E-14,-1.,0.));
#10152 = ADVANCED_FACE('',(#10153),#10164,.F.);
#10153 = FACE_BOUND('',#10154,.T.);
#10154 = EDGE_LOOP('',(#10155,#10156,#10162,#10163));
#10155 = ORIENTED_EDGE('',*,*,#8582,.T.);
#10156 = ORIENTED_EDGE('',*,*,#10157,.T.);
#10157 = EDGE_CURVE('',#8583,#9251,#10158,.T.);
#10158 = LINE('',#10159,#10160);
#10159 = CARTESIAN_POINT('',(98.81,-87.6,-4.6E-02));
#10160 = VECTOR('',#10161,1.);
#10161 = DIRECTION('',(0.,0.,1.));
#10162 = ORIENTED_EDGE('',*,*,#9250,.F.);
#10163 = ORIENTED_EDGE('',*,*,#10157,.F.);
#10164 = CYLINDRICAL_SURFACE('',#10165,0.4);
#10165 = AXIS2_PLACEMENT_3D('',#10166,#10167,#10168);
#10166 = CARTESIAN_POINT('',(98.81,-87.2,-4.6E-02));
#10167 = DIRECTION('',(-0.,-0.,-1.));
#10168 = DIRECTION('',(-0.,-1.,0.));
#10169 = ADVANCED_FACE('',(#10170),#10181,.F.);
#10170 = FACE_BOUND('',#10171,.T.);
#10171 = EDGE_LOOP('',(#10172,#10173,#10179,#10180));
#10172 = ORIENTED_EDGE('',*,*,#8593,.T.);
#10173 = ORIENTED_EDGE('',*,*,#10174,.T.);
#10174 = EDGE_CURVE('',#8594,#9262,#10175,.T.);
#10175 = LINE('',#10176,#10177);
#10176 = CARTESIAN_POINT('',(106.57,-87.6,-4.6E-02));
#10177 = VECTOR('',#10178,1.);
#10178 = DIRECTION('',(0.,0.,1.));
#10179 = ORIENTED_EDGE('',*,*,#9261,.F.);
#10180 = ORIENTED_EDGE('',*,*,#10174,.F.);
#10181 = CYLINDRICAL_SURFACE('',#10182,0.4);
#10182 = AXIS2_PLACEMENT_3D('',#10183,#10184,#10185);
#10183 = CARTESIAN_POINT('',(106.57,-87.2,-4.6E-02));
#10184 = DIRECTION('',(-0.,-0.,-1.));
#10185 = DIRECTION('',(-0.,-1.,0.));
#10186 = ADVANCED_FACE('',(#10187),#10198,.F.);
#10187 = FACE_BOUND('',#10188,.T.);
#10188 = EDGE_LOOP('',(#10189,#10190,#10196,#10197));
#10189 = ORIENTED_EDGE('',*,*,#8604,.T.);
#10190 = ORIENTED_EDGE('',*,*,#10191,.T.);
#10191 = EDGE_CURVE('',#8605,#9273,#10192,.T.);
#10192 = LINE('',#10193,#10194);
#10193 = CARTESIAN_POINT('',(109.11,-87.6,-4.6E-02));
#10194 = VECTOR('',#10195,1.);
#10195 = DIRECTION('',(0.,0.,1.));
#10196 = ORIENTED_EDGE('',*,*,#9272,.F.);
#10197 = ORIENTED_EDGE('',*,*,#10191,.F.);
#10198 = CYLINDRICAL_SURFACE('',#10199,0.4);
#10199 = AXIS2_PLACEMENT_3D('',#10200,#10201,#10202);
#10200 = CARTESIAN_POINT('',(109.11,-87.2,-4.6E-02));
#10201 = DIRECTION('',(-0.,-0.,-1.));
#10202 = DIRECTION('',(-0.,-1.,0.));
#10203 = ADVANCED_FACE('',(#10204),#10215,.F.);
#10204 = FACE_BOUND('',#10205,.T.);
#10205 = EDGE_LOOP('',(#10206,#10207,#10213,#10214));
#10206 = ORIENTED_EDGE('',*,*,#8615,.T.);
#10207 = ORIENTED_EDGE('',*,*,#10208,.T.);
#10208 = EDGE_CURVE('',#8616,#9284,#10209,.T.);
#10209 = LINE('',#10210,#10211);
#10210 = CARTESIAN_POINT('',(111.65,-87.6,-4.6E-02));
#10211 = VECTOR('',#10212,1.);
#10212 = DIRECTION('',(0.,0.,1.));
#10213 = ORIENTED_EDGE('',*,*,#9283,.F.);
#10214 = ORIENTED_EDGE('',*,*,#10208,.F.);
#10215 = CYLINDRICAL_SURFACE('',#10216,0.4);
#10216 = AXIS2_PLACEMENT_3D('',#10217,#10218,#10219);
#10217 = CARTESIAN_POINT('',(111.65,-87.2,-4.6E-02));
#10218 = DIRECTION('',(-0.,-0.,-1.));
#10219 = DIRECTION('',(-0.,-1.,0.));
#10220 = ADVANCED_FACE('',(#10221),#10232,.F.);
#10221 = FACE_BOUND('',#10222,.T.);
#10222 = EDGE_LOOP('',(#10223,#10224,#10230,#10231));
#10223 = ORIENTED_EDGE('',*,*,#8626,.T.);
#10224 = ORIENTED_EDGE('',*,*,#10225,.T.);
#10225 = EDGE_CURVE('',#8627,#9295,#10226,.T.);
#10226 = LINE('',#10227,#10228);
#10227 = CARTESIAN_POINT('',(114.19,-87.6,-4.6E-02));
#10228 = VECTOR('',#10229,1.);
#10229 = DIRECTION('',(0.,0.,1.));
#10230 = ORIENTED_EDGE('',*,*,#9294,.F.);
#10231 = ORIENTED_EDGE('',*,*,#10225,.F.);
#10232 = CYLINDRICAL_SURFACE('',#10233,0.4);
#10233 = AXIS2_PLACEMENT_3D('',#10234,#10235,#10236);
#10234 = CARTESIAN_POINT('',(114.19,-87.2,-4.6E-02));
#10235 = DIRECTION('',(-0.,-0.,-1.));
#10236 = DIRECTION('',(-0.,-1.,0.));
#10237 = ADVANCED_FACE('',(#10238),#10249,.F.);
#10238 = FACE_BOUND('',#10239,.T.);
#10239 = EDGE_LOOP('',(#10240,#10241,#10247,#10248));
#10240 = ORIENTED_EDGE('',*,*,#8637,.T.);
#10241 = ORIENTED_EDGE('',*,*,#10242,.T.);
#10242 = EDGE_CURVE('',#8638,#9306,#10243,.T.);
#10243 = LINE('',#10244,#10245);
#10244 = CARTESIAN_POINT('',(116.73,-87.6,-4.6E-02));
#10245 = VECTOR('',#10246,1.);
#10246 = DIRECTION('',(0.,0.,1.));
#10247 = ORIENTED_EDGE('',*,*,#9305,.F.);
#10248 = ORIENTED_EDGE('',*,*,#10242,.F.);
#10249 = CYLINDRICAL_SURFACE('',#10250,0.4);
#10250 = AXIS2_PLACEMENT_3D('',#10251,#10252,#10253);
#10251 = CARTESIAN_POINT('',(116.73,-87.2,-4.6E-02));
#10252 = DIRECTION('',(-0.,0.,-1.));
#10253 = DIRECTION('',(3.5527136788E-14,-1.,-0.));
#10254 = ADVANCED_FACE('',(#10255),#10266,.F.);
#10255 = FACE_BOUND('',#10256,.T.);
#10256 = EDGE_LOOP('',(#10257,#10258,#10264,#10265));
#10257 = ORIENTED_EDGE('',*,*,#8648,.T.);
#10258 = ORIENTED_EDGE('',*,*,#10259,.T.);
#10259 = EDGE_CURVE('',#8649,#9317,#10260,.T.);
#10260 = LINE('',#10261,#10262);
#10261 = CARTESIAN_POINT('',(119.27,-87.6,-4.6E-02));
#10262 = VECTOR('',#10263,1.);
#10263 = DIRECTION('',(0.,0.,1.));
#10264 = ORIENTED_EDGE('',*,*,#9316,.F.);
#10265 = ORIENTED_EDGE('',*,*,#10259,.F.);
#10266 = CYLINDRICAL_SURFACE('',#10267,0.4);
#10267 = AXIS2_PLACEMENT_3D('',#10268,#10269,#10270);
#10268 = CARTESIAN_POINT('',(119.27,-87.2,-4.6E-02));
#10269 = DIRECTION('',(-0.,-0.,-1.));
#10270 = DIRECTION('',(-3.552713678801E-14,-1.,0.));
#10271 = ADVANCED_FACE('',(#10272),#10283,.F.);
#10272 = FACE_BOUND('',#10273,.T.);
#10273 = EDGE_LOOP('',(#10274,#10275,#10281,#10282));
#10274 = ORIENTED_EDGE('',*,*,#8659,.T.);
#10275 = ORIENTED_EDGE('',*,*,#10276,.T.);
#10276 = EDGE_CURVE('',#8660,#9328,#10277,.T.);
#10277 = LINE('',#10278,#10279);
#10278 = CARTESIAN_POINT('',(121.81,-87.6,-4.6E-02));
#10279 = VECTOR('',#10280,1.);
#10280 = DIRECTION('',(0.,0.,1.));
#10281 = ORIENTED_EDGE('',*,*,#9327,.F.);
#10282 = ORIENTED_EDGE('',*,*,#10276,.F.);
#10283 = CYLINDRICAL_SURFACE('',#10284,0.4);
#10284 = AXIS2_PLACEMENT_3D('',#10285,#10286,#10287);
#10285 = CARTESIAN_POINT('',(121.81,-87.2,-4.6E-02));
#10286 = DIRECTION('',(-0.,-0.,-1.));
#10287 = DIRECTION('',(-0.,-1.,0.));
#10288 = ADVANCED_FACE('',(#10289),#10300,.F.);
#10289 = FACE_BOUND('',#10290,.T.);
#10290 = EDGE_LOOP('',(#10291,#10292,#10298,#10299));
#10291 = ORIENTED_EDGE('',*,*,#8670,.T.);
#10292 = ORIENTED_EDGE('',*,*,#10293,.T.);
#10293 = EDGE_CURVE('',#8671,#9339,#10294,.T.);
#10294 = LINE('',#10295,#10296);
#10295 = CARTESIAN_POINT('',(129.57,-87.6,-4.6E-02));
#10296 = VECTOR('',#10297,1.);
#10297 = DIRECTION('',(0.,0.,1.));
#10298 = ORIENTED_EDGE('',*,*,#9338,.F.);
#10299 = ORIENTED_EDGE('',*,*,#10293,.F.);
#10300 = CYLINDRICAL_SURFACE('',#10301,0.4);
#10301 = AXIS2_PLACEMENT_3D('',#10302,#10303,#10304);
#10302 = CARTESIAN_POINT('',(129.57,-87.2,-4.6E-02));
#10303 = DIRECTION('',(-0.,-0.,-1.));
#10304 = DIRECTION('',(-0.,-1.,0.));
#10305 = ADVANCED_FACE('',(#10306),#10317,.F.);
#10306 = FACE_BOUND('',#10307,.T.);
#10307 = EDGE_LOOP('',(#10308,#10309,#10315,#10316));
#10308 = ORIENTED_EDGE('',*,*,#8681,.T.);
#10309 = ORIENTED_EDGE('',*,*,#10310,.T.);
#10310 = EDGE_CURVE('',#8682,#9350,#10311,.T.);
#10311 = LINE('',#10312,#10313);
#10312 = CARTESIAN_POINT('',(132.11,-87.6,-4.6E-02));
#10313 = VECTOR('',#10314,1.);
#10314 = DIRECTION('',(0.,0.,1.));
#10315 = ORIENTED_EDGE('',*,*,#9349,.F.);
#10316 = ORIENTED_EDGE('',*,*,#10310,.F.);
#10317 = CYLINDRICAL_SURFACE('',#10318,0.4);
#10318 = AXIS2_PLACEMENT_3D('',#10319,#10320,#10321);
#10319 = CARTESIAN_POINT('',(132.11,-87.2,-4.6E-02));
#10320 = DIRECTION('',(-0.,-0.,-1.));
#10321 = DIRECTION('',(-0.,-1.,0.));
#10322 = ADVANCED_FACE('',(#10323),#10334,.F.);
#10323 = FACE_BOUND('',#10324,.T.);
#10324 = EDGE_LOOP('',(#10325,#10326,#10332,#10333));
#10325 = ORIENTED_EDGE('',*,*,#8692,.T.);
#10326 = ORIENTED_EDGE('',*,*,#10327,.T.);
#10327 = EDGE_CURVE('',#8693,#9361,#10328,.T.);
#10328 = LINE('',#10329,#10330);
#10329 = CARTESIAN_POINT('',(134.65,-87.6,-4.6E-02));
#10330 = VECTOR('',#10331,1.);
#10331 = DIRECTION('',(0.,0.,1.));
#10332 = ORIENTED_EDGE('',*,*,#9360,.F.);
#10333 = ORIENTED_EDGE('',*,*,#10327,.F.);
#10334 = CYLINDRICAL_SURFACE('',#10335,0.4);
#10335 = AXIS2_PLACEMENT_3D('',#10336,#10337,#10338);
#10336 = CARTESIAN_POINT('',(134.65,-87.2,-4.6E-02));
#10337 = DIRECTION('',(-0.,-0.,-1.));
#10338 = DIRECTION('',(-0.,-1.,0.));
#10339 = ADVANCED_FACE('',(#10340),#10351,.F.);
#10340 = FACE_BOUND('',#10341,.T.);
#10341 = EDGE_LOOP('',(#10342,#10343,#10349,#10350));
#10342 = ORIENTED_EDGE('',*,*,#8703,.T.);
#10343 = ORIENTED_EDGE('',*,*,#10344,.T.);
#10344 = EDGE_CURVE('',#8704,#9372,#10345,.T.);
#10345 = LINE('',#10346,#10347);
#10346 = CARTESIAN_POINT('',(137.19,-87.6,-4.6E-02));
#10347 = VECTOR('',#10348,1.);
#10348 = DIRECTION('',(0.,0.,1.));
#10349 = ORIENTED_EDGE('',*,*,#9371,.F.);
#10350 = ORIENTED_EDGE('',*,*,#10344,.F.);
#10351 = CYLINDRICAL_SURFACE('',#10352,0.4);
#10352 = AXIS2_PLACEMENT_3D('',#10353,#10354,#10355);
#10353 = CARTESIAN_POINT('',(137.19,-87.2,-4.6E-02));
#10354 = DIRECTION('',(-0.,-0.,-1.));
#10355 = DIRECTION('',(-0.,-1.,0.));
#10356 = ADVANCED_FACE('',(#10357),#10368,.F.);
#10357 = FACE_BOUND('',#10358,.T.);
#10358 = EDGE_LOOP('',(#10359,#10360,#10366,#10367));
#10359 = ORIENTED_EDGE('',*,*,#8714,.T.);
#10360 = ORIENTED_EDGE('',*,*,#10361,.T.);
#10361 = EDGE_CURVE('',#8715,#9383,#10362,.T.);
#10362 = LINE('',#10363,#10364);
#10363 = CARTESIAN_POINT('',(139.73,-87.6,-4.6E-02));
#10364 = VECTOR('',#10365,1.);
#10365 = DIRECTION('',(0.,0.,1.));
#10366 = ORIENTED_EDGE('',*,*,#9382,.F.);
#10367 = ORIENTED_EDGE('',*,*,#10361,.F.);
#10368 = CYLINDRICAL_SURFACE('',#10369,0.4);
#10369 = AXIS2_PLACEMENT_3D('',#10370,#10371,#10372);
#10370 = CARTESIAN_POINT('',(139.73,-87.2,-4.6E-02));
#10371 = DIRECTION('',(-0.,-0.,-1.));
#10372 = DIRECTION('',(-7.105427357601E-14,-1.,0.));
#10373 = ADVANCED_FACE('',(#10374),#10385,.F.);
#10374 = FACE_BOUND('',#10375,.T.);
#10375 = EDGE_LOOP('',(#10376,#10377,#10383,#10384));
#10376 = ORIENTED_EDGE('',*,*,#8725,.T.);
#10377 = ORIENTED_EDGE('',*,*,#10378,.T.);
#10378 = EDGE_CURVE('',#8726,#9394,#10379,.T.);
#10379 = LINE('',#10380,#10381);
#10380 = CARTESIAN_POINT('',(142.27,-87.6,-4.6E-02));
#10381 = VECTOR('',#10382,1.);
#10382 = DIRECTION('',(0.,0.,1.));
#10383 = ORIENTED_EDGE('',*,*,#9393,.F.);
#10384 = ORIENTED_EDGE('',*,*,#10378,.F.);
#10385 = CYLINDRICAL_SURFACE('',#10386,0.4);
#10386 = AXIS2_PLACEMENT_3D('',#10387,#10388,#10389);
#10387 = CARTESIAN_POINT('',(142.27,-87.2,-4.6E-02));
#10388 = DIRECTION('',(-0.,0.,-1.));
#10389 = DIRECTION('',(7.105427357601E-14,-1.,-0.));
#10390 = ADVANCED_FACE('',(#10391),#10402,.F.);
#10391 = FACE_BOUND('',#10392,.T.);
#10392 = EDGE_LOOP('',(#10393,#10394,#10400,#10401));
#10393 = ORIENTED_EDGE('',*,*,#8736,.T.);
#10394 = ORIENTED_EDGE('',*,*,#10395,.T.);
#10395 = EDGE_CURVE('',#8737,#9405,#10396,.T.);
#10396 = LINE('',#10397,#10398);
#10397 = CARTESIAN_POINT('',(144.81,-87.6,-4.6E-02));
#10398 = VECTOR('',#10399,1.);
#10399 = DIRECTION('',(0.,0.,1.));
#10400 = ORIENTED_EDGE('',*,*,#9404,.F.);
#10401 = ORIENTED_EDGE('',*,*,#10395,.F.);
#10402 = CYLINDRICAL_SURFACE('',#10403,0.4);
#10403 = AXIS2_PLACEMENT_3D('',#10404,#10405,#10406);
#10404 = CARTESIAN_POINT('',(144.81,-87.2,-4.6E-02));
#10405 = DIRECTION('',(-0.,-0.,-1.));
#10406 = DIRECTION('',(-0.,-1.,0.));
#10407 = ADVANCED_FACE('',(#10408),#10419,.F.);
#10408 = FACE_BOUND('',#10409,.T.);
#10409 = EDGE_LOOP('',(#10410,#10411,#10417,#10418));
#10410 = ORIENTED_EDGE('',*,*,#8747,.T.);
#10411 = ORIENTED_EDGE('',*,*,#10412,.T.);
#10412 = EDGE_CURVE('',#8748,#9416,#10413,.T.);
#10413 = LINE('',#10414,#10415);
#10414 = CARTESIAN_POINT('',(152.57,-87.6,-4.6E-02));
#10415 = VECTOR('',#10416,1.);
#10416 = DIRECTION('',(0.,0.,1.));
#10417 = ORIENTED_EDGE('',*,*,#9415,.F.);
#10418 = ORIENTED_EDGE('',*,*,#10412,.F.);
#10419 = CYLINDRICAL_SURFACE('',#10420,0.4);
#10420 = AXIS2_PLACEMENT_3D('',#10421,#10422,#10423);
#10421 = CARTESIAN_POINT('',(152.57,-87.2,-4.6E-02));
#10422 = DIRECTION('',(-0.,-0.,-1.));
#10423 = DIRECTION('',(-0.,-1.,0.));
#10424 = ADVANCED_FACE('',(#10425),#10436,.F.);
#10425 = FACE_BOUND('',#10426,.T.);
#10426 = EDGE_LOOP('',(#10427,#10428,#10434,#10435));
#10427 = ORIENTED_EDGE('',*,*,#8758,.T.);
#10428 = ORIENTED_EDGE('',*,*,#10429,.T.);
#10429 = EDGE_CURVE('',#8759,#9427,#10430,.T.);
#10430 = LINE('',#10431,#10432);
#10431 = CARTESIAN_POINT('',(155.11,-87.6,-4.6E-02));
#10432 = VECTOR('',#10433,1.);
#10433 = DIRECTION('',(0.,0.,1.));
#10434 = ORIENTED_EDGE('',*,*,#9426,.F.);
#10435 = ORIENTED_EDGE('',*,*,#10429,.F.);
#10436 = CYLINDRICAL_SURFACE('',#10437,0.4);
#10437 = AXIS2_PLACEMENT_3D('',#10438,#10439,#10440);
#10438 = CARTESIAN_POINT('',(155.11,-87.2,-4.6E-02));
#10439 = DIRECTION('',(-0.,-0.,-1.));
#10440 = DIRECTION('',(-0.,-1.,0.));
#10441 = ADVANCED_FACE('',(#10442),#10453,.F.);
#10442 = FACE_BOUND('',#10443,.T.);
#10443 = EDGE_LOOP('',(#10444,#10445,#10451,#10452));
#10444 = ORIENTED_EDGE('',*,*,#8769,.T.);
#10445 = ORIENTED_EDGE('',*,*,#10446,.T.);
#10446 = EDGE_CURVE('',#8770,#9438,#10447,.T.);
#10447 = LINE('',#10448,#10449);
#10448 = CARTESIAN_POINT('',(157.65,-87.6,-4.6E-02));
#10449 = VECTOR('',#10450,1.);
#10450 = DIRECTION('',(0.,0.,1.));
#10451 = ORIENTED_EDGE('',*,*,#9437,.F.);
#10452 = ORIENTED_EDGE('',*,*,#10446,.F.);
#10453 = CYLINDRICAL_SURFACE('',#10454,0.4);
#10454 = AXIS2_PLACEMENT_3D('',#10455,#10456,#10457);
#10455 = CARTESIAN_POINT('',(157.65,-87.2,-4.6E-02));
#10456 = DIRECTION('',(-0.,-0.,-1.));
#10457 = DIRECTION('',(-0.,-1.,0.));
#10458 = ADVANCED_FACE('',(#10459),#10470,.F.);
#10459 = FACE_BOUND('',#10460,.T.);
#10460 = EDGE_LOOP('',(#10461,#10462,#10468,#10469));
#10461 = ORIENTED_EDGE('',*,*,#8780,.T.);
#10462 = ORIENTED_EDGE('',*,*,#10463,.T.);
#10463 = EDGE_CURVE('',#8781,#9449,#10464,.T.);
#10464 = LINE('',#10465,#10466);
#10465 = CARTESIAN_POINT('',(160.19,-87.6,-4.6E-02));
#10466 = VECTOR('',#10467,1.);
#10467 = DIRECTION('',(0.,0.,1.));
#10468 = ORIENTED_EDGE('',*,*,#9448,.F.);
#10469 = ORIENTED_EDGE('',*,*,#10463,.F.);
#10470 = CYLINDRICAL_SURFACE('',#10471,0.4);
#10471 = AXIS2_PLACEMENT_3D('',#10472,#10473,#10474);
#10472 = CARTESIAN_POINT('',(160.19,-87.2,-4.6E-02));
#10473 = DIRECTION('',(-0.,-0.,-1.));
#10474 = DIRECTION('',(-0.,-1.,0.));
#10475 = ADVANCED_FACE('',(#10476),#10487,.F.);
#10476 = FACE_BOUND('',#10477,.T.);
#10477 = EDGE_LOOP('',(#10478,#10479,#10485,#10486));
#10478 = ORIENTED_EDGE('',*,*,#8791,.T.);
#10479 = ORIENTED_EDGE('',*,*,#10480,.T.);
#10480 = EDGE_CURVE('',#8792,#9460,#10481,.T.);
#10481 = LINE('',#10482,#10483);
#10482 = CARTESIAN_POINT('',(162.73,-87.6,-4.6E-02));
#10483 = VECTOR('',#10484,1.);
#10484 = DIRECTION('',(0.,0.,1.));
#10485 = ORIENTED_EDGE('',*,*,#9459,.F.);
#10486 = ORIENTED_EDGE('',*,*,#10480,.F.);
#10487 = CYLINDRICAL_SURFACE('',#10488,0.4);
#10488 = AXIS2_PLACEMENT_3D('',#10489,#10490,#10491);
#10489 = CARTESIAN_POINT('',(162.73,-87.2,-4.6E-02));
#10490 = DIRECTION('',(-0.,-0.,-1.));
#10491 = DIRECTION('',(-7.105427357601E-14,-1.,0.));
#10492 = ADVANCED_FACE('',(#10493),#10504,.F.);
#10493 = FACE_BOUND('',#10494,.T.);
#10494 = EDGE_LOOP('',(#10495,#10496,#10502,#10503));
#10495 = ORIENTED_EDGE('',*,*,#8802,.T.);
#10496 = ORIENTED_EDGE('',*,*,#10497,.T.);
#10497 = EDGE_CURVE('',#8803,#9471,#10498,.T.);
#10498 = LINE('',#10499,#10500);
#10499 = CARTESIAN_POINT('',(165.27,-87.6,-4.6E-02));
#10500 = VECTOR('',#10501,1.);
#10501 = DIRECTION('',(0.,0.,1.));
#10502 = ORIENTED_EDGE('',*,*,#9470,.F.);
#10503 = ORIENTED_EDGE('',*,*,#10497,.F.);
#10504 = CYLINDRICAL_SURFACE('',#10505,0.4);
#10505 = AXIS2_PLACEMENT_3D('',#10506,#10507,#10508);
#10506 = CARTESIAN_POINT('',(165.27,-87.2,-4.6E-02));
#10507 = DIRECTION('',(-0.,0.,-1.));
#10508 = DIRECTION('',(7.105427357601E-14,-1.,-0.));
#10509 = ADVANCED_FACE('',(#10510),#10521,.F.);
#10510 = FACE_BOUND('',#10511,.T.);
#10511 = EDGE_LOOP('',(#10512,#10513,#10519,#10520));
#10512 = ORIENTED_EDGE('',*,*,#8813,.T.);
#10513 = ORIENTED_EDGE('',*,*,#10514,.T.);
#10514 = EDGE_CURVE('',#8814,#9482,#10515,.T.);
#10515 = LINE('',#10516,#10517);
#10516 = CARTESIAN_POINT('',(167.81,-87.6,-4.6E-02));
#10517 = VECTOR('',#10518,1.);
#10518 = DIRECTION('',(0.,0.,1.));
#10519 = ORIENTED_EDGE('',*,*,#9481,.F.);
#10520 = ORIENTED_EDGE('',*,*,#10514,.F.);
#10521 = CYLINDRICAL_SURFACE('',#10522,0.4);
#10522 = AXIS2_PLACEMENT_3D('',#10523,#10524,#10525);
#10523 = CARTESIAN_POINT('',(167.81,-87.2,-4.6E-02));
#10524 = DIRECTION('',(-0.,-0.,-1.));
#10525 = DIRECTION('',(-0.,-1.,0.));
#10526 = ( GEOMETRIC_REPRESENTATION_CONTEXT(3) 
GLOBAL_UNCERTAINTY_ASSIGNED_CONTEXT((#10530)) 
GLOBAL_UNIT_ASSIGNED_CONTEXT((#10527,#10528,#10529)) 
REPRESENTATION_CONTEXT('Context #1',
  '3D Context with UNIT and UNCERTAINTY') );
#10527 = ( LENGTH_UNIT() NAMED_UNIT(*) SI_UNIT(.MILLI.,.METRE.) );
#10528 = ( NAMED_UNIT(*) PLANE_ANGLE_UNIT() SI_UNIT($,.RADIAN.) );
#10529 = ( NAMED_UNIT(*) SI_UNIT($,.STERADIAN.) SOLID_ANGLE_UNIT() );
#10530 = UNCERTAINTY_MEASURE_WITH_UNIT(LENGTH_MEASURE(1.E-07),#10527,
  'distance_accuracy_value','confusion accuracy');
#10531 = CONTEXT_DEPENDENT_SHAPE_REPRESENTATION(#10532,#10534);
#10532 = ( REPRESENTATION_RELATIONSHIP('','',#8051,#10) 
REPRESENTATION_RELATIONSHIP_WITH_TRANSFORMATION(#10533) 
SHAPE_REPRESENTATION_RELATIONSHIP() );
#10533 = ITEM_DEFINED_TRANSFORMATION('','',#11,#31);
#10534 = PRODUCT_DEFINITION_SHAPE('Placement','Placement of an item',
  #10535);
#10535 = NEXT_ASSEMBLY_USAGE_OCCURRENCE('6','=>[0:1:1:4]','',#5,#8046,$
  );
#10536 = PRODUCT_RELATED_PRODUCT_CATEGORY('part',$,(#8048));
#10537 = MECHANICAL_DESIGN_GEOMETRIC_PRESENTATION_REPRESENTATION('',(
    #10538),#10526);
#10538 = STYLED_ITEM('color',(#10539),#8052);
#10539 = PRESENTATION_STYLE_ASSIGNMENT((#10540));
#10540 = SURFACE_STYLE_USAGE(.BOTH.,#10541);
#10541 = SURFACE_SIDE_STYLE('',(#10542));
#10542 = SURFACE_STYLE_FILL_AREA(#10543);
#10543 = FILL_AREA_STYLE('',(#10544));
#10544 = FILL_AREA_STYLE_COLOUR('',#10545);
#10545 = COLOUR_RGB('',0.313304153717,0.484529207832,0.410020903123);
#10546 = MECHANICAL_DESIGN_GEOMETRIC_PRESENTATION_REPRESENTATION('',(
    #10547,#10555,#10562,#10569,#10576,#10583,#10590,#10597,#10605,
    #10612,#10619,#10626,#10633,#10640,#10647,#10654,#10661,#10668,
    #10675,#10682,#10689,#10696,#10703,#10710,#10717,#10724,#10731,
    #10738,#10745,#10752,#10759,#10766,#10773,#10780,#10787,#10794,
    #10801,#10808,#10815,#10822,#10829,#10836,#10843,#10850,#10857,
    #10864,#10871,#10878,#10885,#10892,#10899,#10906,#10913,#10920,
    #10927,#10934,#10941,#10948,#10955,#10962,#10969,#10976,#10983,
    #10990,#10997,#11004,#11011,#11018,#11025,#11032,#11039,#11046,
    #11053,#11060,#11067,#11074,#11081,#11088,#11095,#11102,#11109,
    #11116,#11123,#11130,#11137,#11144,#11151,#11158,#11165,#11172,
    #11179,#11186,#11193,#11200,#11207,#11214,#11221,#11228,#11235,
    #11242,#11249,#11256,#11263,#11270,#11277,#11284,#11291,#11298,
    #11305,#11312,#11319,#11326,#11333,#11340,#11347,#11354,#11361,
    #11368,#11375,#11382,#11389,#11396,#11403,#11410,#11417,#11424,
    #11431,#11438,#11445,#11452,#11459,#11466,#11473,#11480,#11487,
    #11494,#11501,#11508,#11515,#11522,#11529,#11536,#11543,#11550,
    #11557,#11564,#11571,#11578,#11585,#11592,#11599,#11606,#11613,
    #11620,#11627,#11634,#11641,#11648,#11655,#11662,#11669,#11676,
    #11683,#11690,#11697,#11704,#11711,#11718,#11725,#11732,#11739,
    #11746,#11753,#11760,#11767,#11774,#11781,#11788,#11795,#11802,
    #11809,#11816,#11823,#11830,#11837,#11844,#11851,#11858,#11865,
    #11872,#11879,#11886,#11893,#11900,#11907,#11914,#11921,#11928,
    #11935,#11942,#11949,#11956,#11963,#11970,#11977,#11984,#11991,
    #11998,#12005,#12012,#12019,#12026,#12033,#12040,#12047,#12054,
    #12061,#12068,#12075,#12082,#12089,#12096,#12103,#12110,#12117,
    #12124,#12131,#12138,#12145,#12152,#12159,#12166,#12173,#12180,
    #12187,#12194,#12201,#12208,#12215,#12222,#12229,#12236,#12243,
    #12250,#12257,#12264,#12271,#12278,#12285,#12292),#8018);
#10547 = STYLED_ITEM('color',(#10548),#74);
#10548 = PRESENTATION_STYLE_ASSIGNMENT((#10549));
#10549 = SURFACE_STYLE_USAGE(.BOTH.,#10550);
#10550 = SURFACE_SIDE_STYLE('',(#10551));
#10551 = SURFACE_STYLE_FILL_AREA(#10552);
#10552 = FILL_AREA_STYLE('',(#10553));
#10553 = FILL_AREA_STYLE_COLOUR('',#10554);
#10554 = COLOUR_RGB('',0.147999998088,0.144999993226,0.144999993226);
#10555 = STYLED_ITEM('color',(#10556),#114);
#10556 = PRESENTATION_STYLE_ASSIGNMENT((#10557));
#10557 = SURFACE_STYLE_USAGE(.BOTH.,#10558);
#10558 = SURFACE_SIDE_STYLE('',(#10559));
#10559 = SURFACE_STYLE_FILL_AREA(#10560);
#10560 = FILL_AREA_STYLE('',(#10561));
#10561 = FILL_AREA_STYLE_COLOUR('',#10554);
#10562 = STYLED_ITEM('color',(#10563),#255);
#10563 = PRESENTATION_STYLE_ASSIGNMENT((#10564));
#10564 = SURFACE_STYLE_USAGE(.BOTH.,#10565);
#10565 = SURFACE_SIDE_STYLE('',(#10566));
#10566 = SURFACE_STYLE_FILL_AREA(#10567);
#10567 = FILL_AREA_STYLE('',(#10568));
#10568 = FILL_AREA_STYLE_COLOUR('',#10554);
#10569 = STYLED_ITEM('color',(#10570),#278);
#10570 = PRESENTATION_STYLE_ASSIGNMENT((#10571));
#10571 = SURFACE_STYLE_USAGE(.BOTH.,#10572);
#10572 = SURFACE_SIDE_STYLE('',(#10573));
#10573 = SURFACE_STYLE_FILL_AREA(#10574);
#10574 = FILL_AREA_STYLE('',(#10575));
#10575 = FILL_AREA_STYLE_COLOUR('',#10554);
#10576 = STYLED_ITEM('color',(#10577),#413);
#10577 = PRESENTATION_STYLE_ASSIGNMENT((#10578));
#10578 = SURFACE_STYLE_USAGE(.BOTH.,#10579);
#10579 = SURFACE_SIDE_STYLE('',(#10580));
#10580 = SURFACE_STYLE_FILL_AREA(#10581);
#10581 = FILL_AREA_STYLE('',(#10582));
#10582 = FILL_AREA_STYLE_COLOUR('',#10554);
#10583 = STYLED_ITEM('color',(#10584),#430);
#10584 = PRESENTATION_STYLE_ASSIGNMENT((#10585));
#10585 = SURFACE_STYLE_USAGE(.BOTH.,#10586);
#10586 = SURFACE_SIDE_STYLE('',(#10587));
#10587 = SURFACE_STYLE_FILL_AREA(#10588);
#10588 = FILL_AREA_STYLE('',(#10589));
#10589 = FILL_AREA_STYLE_COLOUR('',#10554);
#10590 = STYLED_ITEM('color',(#10591),#460);
#10591 = PRESENTATION_STYLE_ASSIGNMENT((#10592));
#10592 = SURFACE_STYLE_USAGE(.BOTH.,#10593);
#10593 = SURFACE_SIDE_STYLE('',(#10594));
#10594 = SURFACE_STYLE_FILL_AREA(#10595);
#10595 = FILL_AREA_STYLE('',(#10596));
#10596 = FILL_AREA_STYLE_COLOUR('',#10554);
#10597 = STYLED_ITEM('color',(#10598),#490);
#10598 = PRESENTATION_STYLE_ASSIGNMENT((#10599));
#10599 = SURFACE_STYLE_USAGE(.BOTH.,#10600);
#10600 = SURFACE_SIDE_STYLE('',(#10601));
#10601 = SURFACE_STYLE_FILL_AREA(#10602);
#10602 = FILL_AREA_STYLE('',(#10603));
#10603 = FILL_AREA_STYLE_COLOUR('',#10604);
#10604 = COLOUR_RGB('',0.823999987314,0.819999987296,0.781000009244);
#10605 = STYLED_ITEM('color',(#10606),#521);
#10606 = PRESENTATION_STYLE_ASSIGNMENT((#10607));
#10607 = SURFACE_STYLE_USAGE(.BOTH.,#10608);
#10608 = SURFACE_SIDE_STYLE('',(#10609));
#10609 = SURFACE_STYLE_FILL_AREA(#10610);
#10610 = FILL_AREA_STYLE('',(#10611));
#10611 = FILL_AREA_STYLE_COLOUR('',#10604);
#10612 = STYLED_ITEM('color',(#10613),#552);
#10613 = PRESENTATION_STYLE_ASSIGNMENT((#10614));
#10614 = SURFACE_STYLE_USAGE(.BOTH.,#10615);
#10615 = SURFACE_SIDE_STYLE('',(#10616));
#10616 = SURFACE_STYLE_FILL_AREA(#10617);
#10617 = FILL_AREA_STYLE('',(#10618));
#10618 = FILL_AREA_STYLE_COLOUR('',#10554);
#10619 = STYLED_ITEM('color',(#10620),#583);
#10620 = PRESENTATION_STYLE_ASSIGNMENT((#10621));
#10621 = SURFACE_STYLE_USAGE(.BOTH.,#10622);
#10622 = SURFACE_SIDE_STYLE('',(#10623));
#10623 = SURFACE_STYLE_FILL_AREA(#10624);
#10624 = FILL_AREA_STYLE('',(#10625));
#10625 = FILL_AREA_STYLE_COLOUR('',#10554);
#10626 = STYLED_ITEM('color',(#10627),#614);
#10627 = PRESENTATION_STYLE_ASSIGNMENT((#10628));
#10628 = SURFACE_STYLE_USAGE(.BOTH.,#10629);
#10629 = SURFACE_SIDE_STYLE('',(#10630));
#10630 = SURFACE_STYLE_FILL_AREA(#10631);
#10631 = FILL_AREA_STYLE('',(#10632));
#10632 = FILL_AREA_STYLE_COLOUR('',#10604);
#10633 = STYLED_ITEM('color',(#10634),#645);
#10634 = PRESENTATION_STYLE_ASSIGNMENT((#10635));
#10635 = SURFACE_STYLE_USAGE(.BOTH.,#10636);
#10636 = SURFACE_SIDE_STYLE('',(#10637));
#10637 = SURFACE_STYLE_FILL_AREA(#10638);
#10638 = FILL_AREA_STYLE('',(#10639));
#10639 = FILL_AREA_STYLE_COLOUR('',#10604);
#10640 = STYLED_ITEM('color',(#10641),#676);
#10641 = PRESENTATION_STYLE_ASSIGNMENT((#10642));
#10642 = SURFACE_STYLE_USAGE(.BOTH.,#10643);
#10643 = SURFACE_SIDE_STYLE('',(#10644));
#10644 = SURFACE_STYLE_FILL_AREA(#10645);
#10645 = FILL_AREA_STYLE('',(#10646));
#10646 = FILL_AREA_STYLE_COLOUR('',#10554);
#10647 = STYLED_ITEM('color',(#10648),#707);
#10648 = PRESENTATION_STYLE_ASSIGNMENT((#10649));
#10649 = SURFACE_STYLE_USAGE(.BOTH.,#10650);
#10650 = SURFACE_SIDE_STYLE('',(#10651));
#10651 = SURFACE_STYLE_FILL_AREA(#10652);
#10652 = FILL_AREA_STYLE('',(#10653));
#10653 = FILL_AREA_STYLE_COLOUR('',#10554);
#10654 = STYLED_ITEM('color',(#10655),#738);
#10655 = PRESENTATION_STYLE_ASSIGNMENT((#10656));
#10656 = SURFACE_STYLE_USAGE(.BOTH.,#10657);
#10657 = SURFACE_SIDE_STYLE('',(#10658));
#10658 = SURFACE_STYLE_FILL_AREA(#10659);
#10659 = FILL_AREA_STYLE('',(#10660));
#10660 = FILL_AREA_STYLE_COLOUR('',#10604);
#10661 = STYLED_ITEM('color',(#10662),#769);
#10662 = PRESENTATION_STYLE_ASSIGNMENT((#10663));
#10663 = SURFACE_STYLE_USAGE(.BOTH.,#10664);
#10664 = SURFACE_SIDE_STYLE('',(#10665));
#10665 = SURFACE_STYLE_FILL_AREA(#10666);
#10666 = FILL_AREA_STYLE('',(#10667));
#10667 = FILL_AREA_STYLE_COLOUR('',#10604);
#10668 = STYLED_ITEM('color',(#10669),#800);
#10669 = PRESENTATION_STYLE_ASSIGNMENT((#10670));
#10670 = SURFACE_STYLE_USAGE(.BOTH.,#10671);
#10671 = SURFACE_SIDE_STYLE('',(#10672));
#10672 = SURFACE_STYLE_FILL_AREA(#10673);
#10673 = FILL_AREA_STYLE('',(#10674));
#10674 = FILL_AREA_STYLE_COLOUR('',#10554);
#10675 = STYLED_ITEM('color',(#10676),#831);
#10676 = PRESENTATION_STYLE_ASSIGNMENT((#10677));
#10677 = SURFACE_STYLE_USAGE(.BOTH.,#10678);
#10678 = SURFACE_SIDE_STYLE('',(#10679));
#10679 = SURFACE_STYLE_FILL_AREA(#10680);
#10680 = FILL_AREA_STYLE('',(#10681));
#10681 = FILL_AREA_STYLE_COLOUR('',#10554);
#10682 = STYLED_ITEM('color',(#10683),#862);
#10683 = PRESENTATION_STYLE_ASSIGNMENT((#10684));
#10684 = SURFACE_STYLE_USAGE(.BOTH.,#10685);
#10685 = SURFACE_SIDE_STYLE('',(#10686));
#10686 = SURFACE_STYLE_FILL_AREA(#10687);
#10687 = FILL_AREA_STYLE('',(#10688));
#10688 = FILL_AREA_STYLE_COLOUR('',#10604);
#10689 = STYLED_ITEM('color',(#10690),#893);
#10690 = PRESENTATION_STYLE_ASSIGNMENT((#10691));
#10691 = SURFACE_STYLE_USAGE(.BOTH.,#10692);
#10692 = SURFACE_SIDE_STYLE('',(#10693));
#10693 = SURFACE_STYLE_FILL_AREA(#10694);
#10694 = FILL_AREA_STYLE('',(#10695));
#10695 = FILL_AREA_STYLE_COLOUR('',#10554);
#10696 = STYLED_ITEM('color',(#10697),#916);
#10697 = PRESENTATION_STYLE_ASSIGNMENT((#10698));
#10698 = SURFACE_STYLE_USAGE(.BOTH.,#10699);
#10699 = SURFACE_SIDE_STYLE('',(#10700));
#10700 = SURFACE_STYLE_FILL_AREA(#10701);
#10701 = FILL_AREA_STYLE('',(#10702));
#10702 = FILL_AREA_STYLE_COLOUR('',#10554);
#10703 = STYLED_ITEM('color',(#10704),#940);
#10704 = PRESENTATION_STYLE_ASSIGNMENT((#10705));
#10705 = SURFACE_STYLE_USAGE(.BOTH.,#10706);
#10706 = SURFACE_SIDE_STYLE('',(#10707));
#10707 = SURFACE_STYLE_FILL_AREA(#10708);
#10708 = FILL_AREA_STYLE('',(#10709));
#10709 = FILL_AREA_STYLE_COLOUR('',#10554);
#10710 = STYLED_ITEM('color',(#10711),#970);
#10711 = PRESENTATION_STYLE_ASSIGNMENT((#10712));
#10712 = SURFACE_STYLE_USAGE(.BOTH.,#10713);
#10713 = SURFACE_SIDE_STYLE('',(#10714));
#10714 = SURFACE_STYLE_FILL_AREA(#10715);
#10715 = FILL_AREA_STYLE('',(#10716));
#10716 = FILL_AREA_STYLE_COLOUR('',#10604);
#10717 = STYLED_ITEM('color',(#10718),#1001);
#10718 = PRESENTATION_STYLE_ASSIGNMENT((#10719));
#10719 = SURFACE_STYLE_USAGE(.BOTH.,#10720);
#10720 = SURFACE_SIDE_STYLE('',(#10721));
#10721 = SURFACE_STYLE_FILL_AREA(#10722);
#10722 = FILL_AREA_STYLE('',(#10723));
#10723 = FILL_AREA_STYLE_COLOUR('',#10604);
#10724 = STYLED_ITEM('color',(#10725),#1032);
#10725 = PRESENTATION_STYLE_ASSIGNMENT((#10726));
#10726 = SURFACE_STYLE_USAGE(.BOTH.,#10727);
#10727 = SURFACE_SIDE_STYLE('',(#10728));
#10728 = SURFACE_STYLE_FILL_AREA(#10729);
#10729 = FILL_AREA_STYLE('',(#10730));
#10730 = FILL_AREA_STYLE_COLOUR('',#10554);
#10731 = STYLED_ITEM('color',(#10732),#1063);
#10732 = PRESENTATION_STYLE_ASSIGNMENT((#10733));
#10733 = SURFACE_STYLE_USAGE(.BOTH.,#10734);
#10734 = SURFACE_SIDE_STYLE('',(#10735));
#10735 = SURFACE_STYLE_FILL_AREA(#10736);
#10736 = FILL_AREA_STYLE('',(#10737));
#10737 = FILL_AREA_STYLE_COLOUR('',#10554);
#10738 = STYLED_ITEM('color',(#10739),#1094);
#10739 = PRESENTATION_STYLE_ASSIGNMENT((#10740));
#10740 = SURFACE_STYLE_USAGE(.BOTH.,#10741);
#10741 = SURFACE_SIDE_STYLE('',(#10742));
#10742 = SURFACE_STYLE_FILL_AREA(#10743);
#10743 = FILL_AREA_STYLE('',(#10744));
#10744 = FILL_AREA_STYLE_COLOUR('',#10604);
#10745 = STYLED_ITEM('color',(#10746),#1125);
#10746 = PRESENTATION_STYLE_ASSIGNMENT((#10747));
#10747 = SURFACE_STYLE_USAGE(.BOTH.,#10748);
#10748 = SURFACE_SIDE_STYLE('',(#10749));
#10749 = SURFACE_STYLE_FILL_AREA(#10750);
#10750 = FILL_AREA_STYLE('',(#10751));
#10751 = FILL_AREA_STYLE_COLOUR('',#10604);
#10752 = STYLED_ITEM('color',(#10753),#1156);
#10753 = PRESENTATION_STYLE_ASSIGNMENT((#10754));
#10754 = SURFACE_STYLE_USAGE(.BOTH.,#10755);
#10755 = SURFACE_SIDE_STYLE('',(#10756));
#10756 = SURFACE_STYLE_FILL_AREA(#10757);
#10757 = FILL_AREA_STYLE('',(#10758));
#10758 = FILL_AREA_STYLE_COLOUR('',#10554);
#10759 = STYLED_ITEM('color',(#10760),#1187);
#10760 = PRESENTATION_STYLE_ASSIGNMENT((#10761));
#10761 = SURFACE_STYLE_USAGE(.BOTH.,#10762);
#10762 = SURFACE_SIDE_STYLE('',(#10763));
#10763 = SURFACE_STYLE_FILL_AREA(#10764);
#10764 = FILL_AREA_STYLE('',(#10765));
#10765 = FILL_AREA_STYLE_COLOUR('',#10554);
#10766 = STYLED_ITEM('color',(#10767),#1218);
#10767 = PRESENTATION_STYLE_ASSIGNMENT((#10768));
#10768 = SURFACE_STYLE_USAGE(.BOTH.,#10769);
#10769 = SURFACE_SIDE_STYLE('',(#10770));
#10770 = SURFACE_STYLE_FILL_AREA(#10771);
#10771 = FILL_AREA_STYLE('',(#10772));
#10772 = FILL_AREA_STYLE_COLOUR('',#10604);
#10773 = STYLED_ITEM('color',(#10774),#1249);
#10774 = PRESENTATION_STYLE_ASSIGNMENT((#10775));
#10775 = SURFACE_STYLE_USAGE(.BOTH.,#10776);
#10776 = SURFACE_SIDE_STYLE('',(#10777));
#10777 = SURFACE_STYLE_FILL_AREA(#10778);
#10778 = FILL_AREA_STYLE('',(#10779));
#10779 = FILL_AREA_STYLE_COLOUR('',#10604);
#10780 = STYLED_ITEM('color',(#10781),#1280);
#10781 = PRESENTATION_STYLE_ASSIGNMENT((#10782));
#10782 = SURFACE_STYLE_USAGE(.BOTH.,#10783);
#10783 = SURFACE_SIDE_STYLE('',(#10784));
#10784 = SURFACE_STYLE_FILL_AREA(#10785);
#10785 = FILL_AREA_STYLE('',(#10786));
#10786 = FILL_AREA_STYLE_COLOUR('',#10554);
#10787 = STYLED_ITEM('color',(#10788),#1311);
#10788 = PRESENTATION_STYLE_ASSIGNMENT((#10789));
#10789 = SURFACE_STYLE_USAGE(.BOTH.,#10790);
#10790 = SURFACE_SIDE_STYLE('',(#10791));
#10791 = SURFACE_STYLE_FILL_AREA(#10792);
#10792 = FILL_AREA_STYLE('',(#10793));
#10793 = FILL_AREA_STYLE_COLOUR('',#10554);
#10794 = STYLED_ITEM('color',(#10795),#1342);
#10795 = PRESENTATION_STYLE_ASSIGNMENT((#10796));
#10796 = SURFACE_STYLE_USAGE(.BOTH.,#10797);
#10797 = SURFACE_SIDE_STYLE('',(#10798));
#10798 = SURFACE_STYLE_FILL_AREA(#10799);
#10799 = FILL_AREA_STYLE('',(#10800));
#10800 = FILL_AREA_STYLE_COLOUR('',#10604);
#10801 = STYLED_ITEM('color',(#10802),#1373);
#10802 = PRESENTATION_STYLE_ASSIGNMENT((#10803));
#10803 = SURFACE_STYLE_USAGE(.BOTH.,#10804);
#10804 = SURFACE_SIDE_STYLE('',(#10805));
#10805 = SURFACE_STYLE_FILL_AREA(#10806);
#10806 = FILL_AREA_STYLE('',(#10807));
#10807 = FILL_AREA_STYLE_COLOUR('',#10554);
#10808 = STYLED_ITEM('color',(#10809),#1390);
#10809 = PRESENTATION_STYLE_ASSIGNMENT((#10810));
#10810 = SURFACE_STYLE_USAGE(.BOTH.,#10811);
#10811 = SURFACE_SIDE_STYLE('',(#10812));
#10812 = SURFACE_STYLE_FILL_AREA(#10813);
#10813 = FILL_AREA_STYLE('',(#10814));
#10814 = FILL_AREA_STYLE_COLOUR('',#10554);
#10815 = STYLED_ITEM('color',(#10816),#1420);
#10816 = PRESENTATION_STYLE_ASSIGNMENT((#10817));
#10817 = SURFACE_STYLE_USAGE(.BOTH.,#10818);
#10818 = SURFACE_SIDE_STYLE('',(#10819));
#10819 = SURFACE_STYLE_FILL_AREA(#10820);
#10820 = FILL_AREA_STYLE('',(#10821));
#10821 = FILL_AREA_STYLE_COLOUR('',#10604);
#10822 = STYLED_ITEM('color',(#10823),#1478);
#10823 = PRESENTATION_STYLE_ASSIGNMENT((#10824));
#10824 = SURFACE_STYLE_USAGE(.BOTH.,#10825);
#10825 = SURFACE_SIDE_STYLE('',(#10826));
#10826 = SURFACE_STYLE_FILL_AREA(#10827);
#10827 = FILL_AREA_STYLE('',(#10828));
#10828 = FILL_AREA_STYLE_COLOUR('',#10604);
#10829 = STYLED_ITEM('color',(#10830),#1536);
#10830 = PRESENTATION_STYLE_ASSIGNMENT((#10831));
#10831 = SURFACE_STYLE_USAGE(.BOTH.,#10832);
#10832 = SURFACE_SIDE_STYLE('',(#10833));
#10833 = SURFACE_STYLE_FILL_AREA(#10834);
#10834 = FILL_AREA_STYLE('',(#10835));
#10835 = FILL_AREA_STYLE_COLOUR('',#10554);
#10836 = STYLED_ITEM('color',(#10837),#1566);
#10837 = PRESENTATION_STYLE_ASSIGNMENT((#10838));
#10838 = SURFACE_STYLE_USAGE(.BOTH.,#10839);
#10839 = SURFACE_SIDE_STYLE('',(#10840));
#10840 = SURFACE_STYLE_FILL_AREA(#10841);
#10841 = FILL_AREA_STYLE('',(#10842));
#10842 = FILL_AREA_STYLE_COLOUR('',#10604);
#10843 = STYLED_ITEM('color',(#10844),#1624);
#10844 = PRESENTATION_STYLE_ASSIGNMENT((#10845));
#10845 = SURFACE_STYLE_USAGE(.BOTH.,#10846);
#10846 = SURFACE_SIDE_STYLE('',(#10847));
#10847 = SURFACE_STYLE_FILL_AREA(#10848);
#10848 = FILL_AREA_STYLE('',(#10849));
#10849 = FILL_AREA_STYLE_COLOUR('',#10604);
#10850 = STYLED_ITEM('color',(#10851),#1641);
#10851 = PRESENTATION_STYLE_ASSIGNMENT((#10852));
#10852 = SURFACE_STYLE_USAGE(.BOTH.,#10853);
#10853 = SURFACE_SIDE_STYLE('',(#10854));
#10854 = SURFACE_STYLE_FILL_AREA(#10855);
#10855 = FILL_AREA_STYLE('',(#10856));
#10856 = FILL_AREA_STYLE_COLOUR('',#10604);
#10857 = STYLED_ITEM('color',(#10858),#1666);
#10858 = PRESENTATION_STYLE_ASSIGNMENT((#10859));
#10859 = SURFACE_STYLE_USAGE(.BOTH.,#10860);
#10860 = SURFACE_SIDE_STYLE('',(#10861));
#10861 = SURFACE_STYLE_FILL_AREA(#10862);
#10862 = FILL_AREA_STYLE('',(#10863));
#10863 = FILL_AREA_STYLE_COLOUR('',#10604);
#10864 = STYLED_ITEM('color',(#10865),#1716);
#10865 = PRESENTATION_STYLE_ASSIGNMENT((#10866));
#10866 = SURFACE_STYLE_USAGE(.BOTH.,#10867);
#10867 = SURFACE_SIDE_STYLE('',(#10868));
#10868 = SURFACE_STYLE_FILL_AREA(#10869);
#10869 = FILL_AREA_STYLE('',(#10870));
#10870 = FILL_AREA_STYLE_COLOUR('',#10554);
#10871 = STYLED_ITEM('color',(#10872),#1747);
#10872 = PRESENTATION_STYLE_ASSIGNMENT((#10873));
#10873 = SURFACE_STYLE_USAGE(.BOTH.,#10874);
#10874 = SURFACE_SIDE_STYLE('',(#10875));
#10875 = SURFACE_STYLE_FILL_AREA(#10876);
#10876 = FILL_AREA_STYLE('',(#10877));
#10877 = FILL_AREA_STYLE_COLOUR('',#10604);
#10878 = STYLED_ITEM('color',(#10879),#1805);
#10879 = PRESENTATION_STYLE_ASSIGNMENT((#10880));
#10880 = SURFACE_STYLE_USAGE(.BOTH.,#10881);
#10881 = SURFACE_SIDE_STYLE('',(#10882));
#10882 = SURFACE_STYLE_FILL_AREA(#10883);
#10883 = FILL_AREA_STYLE('',(#10884));
#10884 = FILL_AREA_STYLE_COLOUR('',#10604);
#10885 = STYLED_ITEM('color',(#10886),#1863);
#10886 = PRESENTATION_STYLE_ASSIGNMENT((#10887));
#10887 = SURFACE_STYLE_USAGE(.BOTH.,#10888);
#10888 = SURFACE_SIDE_STYLE('',(#10889));
#10889 = SURFACE_STYLE_FILL_AREA(#10890);
#10890 = FILL_AREA_STYLE('',(#10891));
#10891 = FILL_AREA_STYLE_COLOUR('',#10554);
#10892 = STYLED_ITEM('color',(#10893),#1894);
#10893 = PRESENTATION_STYLE_ASSIGNMENT((#10894));
#10894 = SURFACE_STYLE_USAGE(.BOTH.,#10895);
#10895 = SURFACE_SIDE_STYLE('',(#10896));
#10896 = SURFACE_STYLE_FILL_AREA(#10897);
#10897 = FILL_AREA_STYLE('',(#10898));
#10898 = FILL_AREA_STYLE_COLOUR('',#10604);
#10899 = STYLED_ITEM('color',(#10900),#1952);
#10900 = PRESENTATION_STYLE_ASSIGNMENT((#10901));
#10901 = SURFACE_STYLE_USAGE(.BOTH.,#10902);
#10902 = SURFACE_SIDE_STYLE('',(#10903));
#10903 = SURFACE_STYLE_FILL_AREA(#10904);
#10904 = FILL_AREA_STYLE('',(#10905));
#10905 = FILL_AREA_STYLE_COLOUR('',#10604);
#10906 = STYLED_ITEM('color',(#10907),#1969);
#10907 = PRESENTATION_STYLE_ASSIGNMENT((#10908));
#10908 = SURFACE_STYLE_USAGE(.BOTH.,#10909);
#10909 = SURFACE_SIDE_STYLE('',(#10910));
#10910 = SURFACE_STYLE_FILL_AREA(#10911);
#10911 = FILL_AREA_STYLE('',(#10912));
#10912 = FILL_AREA_STYLE_COLOUR('',#10604);
#10913 = STYLED_ITEM('color',(#10914),#1994);
#10914 = PRESENTATION_STYLE_ASSIGNMENT((#10915));
#10915 = SURFACE_STYLE_USAGE(.BOTH.,#10916);
#10916 = SURFACE_SIDE_STYLE('',(#10917));
#10917 = SURFACE_STYLE_FILL_AREA(#10918);
#10918 = FILL_AREA_STYLE('',(#10919));
#10919 = FILL_AREA_STYLE_COLOUR('',#10604);
#10920 = STYLED_ITEM('color',(#10921),#2044);
#10921 = PRESENTATION_STYLE_ASSIGNMENT((#10922));
#10922 = SURFACE_STYLE_USAGE(.BOTH.,#10923);
#10923 = SURFACE_SIDE_STYLE('',(#10924));
#10924 = SURFACE_STYLE_FILL_AREA(#10925);
#10925 = FILL_AREA_STYLE('',(#10926));
#10926 = FILL_AREA_STYLE_COLOUR('',#10554);
#10927 = STYLED_ITEM('color',(#10928),#2075);
#10928 = PRESENTATION_STYLE_ASSIGNMENT((#10929));
#10929 = SURFACE_STYLE_USAGE(.BOTH.,#10930);
#10930 = SURFACE_SIDE_STYLE('',(#10931));
#10931 = SURFACE_STYLE_FILL_AREA(#10932);
#10932 = FILL_AREA_STYLE('',(#10933));
#10933 = FILL_AREA_STYLE_COLOUR('',#10604);
#10934 = STYLED_ITEM('color',(#10935),#2133);
#10935 = PRESENTATION_STYLE_ASSIGNMENT((#10936));
#10936 = SURFACE_STYLE_USAGE(.BOTH.,#10937);
#10937 = SURFACE_SIDE_STYLE('',(#10938));
#10938 = SURFACE_STYLE_FILL_AREA(#10939);
#10939 = FILL_AREA_STYLE('',(#10940));
#10940 = FILL_AREA_STYLE_COLOUR('',#10604);
#10941 = STYLED_ITEM('color',(#10942),#2191);
#10942 = PRESENTATION_STYLE_ASSIGNMENT((#10943));
#10943 = SURFACE_STYLE_USAGE(.BOTH.,#10944);
#10944 = SURFACE_SIDE_STYLE('',(#10945));
#10945 = SURFACE_STYLE_FILL_AREA(#10946);
#10946 = FILL_AREA_STYLE('',(#10947));
#10947 = FILL_AREA_STYLE_COLOUR('',#10554);
#10948 = STYLED_ITEM('color',(#10949),#2222);
#10949 = PRESENTATION_STYLE_ASSIGNMENT((#10950));
#10950 = SURFACE_STYLE_USAGE(.BOTH.,#10951);
#10951 = SURFACE_SIDE_STYLE('',(#10952));
#10952 = SURFACE_STYLE_FILL_AREA(#10953);
#10953 = FILL_AREA_STYLE('',(#10954));
#10954 = FILL_AREA_STYLE_COLOUR('',#10604);
#10955 = STYLED_ITEM('color',(#10956),#2280);
#10956 = PRESENTATION_STYLE_ASSIGNMENT((#10957));
#10957 = SURFACE_STYLE_USAGE(.BOTH.,#10958);
#10958 = SURFACE_SIDE_STYLE('',(#10959));
#10959 = SURFACE_STYLE_FILL_AREA(#10960);
#10960 = FILL_AREA_STYLE('',(#10961));
#10961 = FILL_AREA_STYLE_COLOUR('',#10604);
#10962 = STYLED_ITEM('color',(#10963),#2297);
#10963 = PRESENTATION_STYLE_ASSIGNMENT((#10964));
#10964 = SURFACE_STYLE_USAGE(.BOTH.,#10965);
#10965 = SURFACE_SIDE_STYLE('',(#10966));
#10966 = SURFACE_STYLE_FILL_AREA(#10967);
#10967 = FILL_AREA_STYLE('',(#10968));
#10968 = FILL_AREA_STYLE_COLOUR('',#10604);
#10969 = STYLED_ITEM('color',(#10970),#2322);
#10970 = PRESENTATION_STYLE_ASSIGNMENT((#10971));
#10971 = SURFACE_STYLE_USAGE(.BOTH.,#10972);
#10972 = SURFACE_SIDE_STYLE('',(#10973));
#10973 = SURFACE_STYLE_FILL_AREA(#10974);
#10974 = FILL_AREA_STYLE('',(#10975));
#10975 = FILL_AREA_STYLE_COLOUR('',#10604);
#10976 = STYLED_ITEM('color',(#10977),#2372);
#10977 = PRESENTATION_STYLE_ASSIGNMENT((#10978));
#10978 = SURFACE_STYLE_USAGE(.BOTH.,#10979);
#10979 = SURFACE_SIDE_STYLE('',(#10980));
#10980 = SURFACE_STYLE_FILL_AREA(#10981);
#10981 = FILL_AREA_STYLE('',(#10982));
#10982 = FILL_AREA_STYLE_COLOUR('',#10554);
#10983 = STYLED_ITEM('color',(#10984),#2403);
#10984 = PRESENTATION_STYLE_ASSIGNMENT((#10985));
#10985 = SURFACE_STYLE_USAGE(.BOTH.,#10986);
#10986 = SURFACE_SIDE_STYLE('',(#10987));
#10987 = SURFACE_STYLE_FILL_AREA(#10988);
#10988 = FILL_AREA_STYLE('',(#10989));
#10989 = FILL_AREA_STYLE_COLOUR('',#10604);
#10990 = STYLED_ITEM('color',(#10991),#2461);
#10991 = PRESENTATION_STYLE_ASSIGNMENT((#10992));
#10992 = SURFACE_STYLE_USAGE(.BOTH.,#10993);
#10993 = SURFACE_SIDE_STYLE('',(#10994));
#10994 = SURFACE_STYLE_FILL_AREA(#10995);
#10995 = FILL_AREA_STYLE('',(#10996));
#10996 = FILL_AREA_STYLE_COLOUR('',#10604);
#10997 = STYLED_ITEM('color',(#10998),#2519);
#10998 = PRESENTATION_STYLE_ASSIGNMENT((#10999));
#10999 = SURFACE_STYLE_USAGE(.BOTH.,#11000);
#11000 = SURFACE_SIDE_STYLE('',(#11001));
#11001 = SURFACE_STYLE_FILL_AREA(#11002);
#11002 = FILL_AREA_STYLE('',(#11003));
#11003 = FILL_AREA_STYLE_COLOUR('',#10554);
#11004 = STYLED_ITEM('color',(#11005),#2550);
#11005 = PRESENTATION_STYLE_ASSIGNMENT((#11006));
#11006 = SURFACE_STYLE_USAGE(.BOTH.,#11007);
#11007 = SURFACE_SIDE_STYLE('',(#11008));
#11008 = SURFACE_STYLE_FILL_AREA(#11009);
#11009 = FILL_AREA_STYLE('',(#11010));
#11010 = FILL_AREA_STYLE_COLOUR('',#10604);
#11011 = STYLED_ITEM('color',(#11012),#2567);
#11012 = PRESENTATION_STYLE_ASSIGNMENT((#11013));
#11013 = SURFACE_STYLE_USAGE(.BOTH.,#11014);
#11014 = SURFACE_SIDE_STYLE('',(#11015));
#11015 = SURFACE_STYLE_FILL_AREA(#11016);
#11016 = FILL_AREA_STYLE('',(#11017));
#11017 = FILL_AREA_STYLE_COLOUR('',#10554);
#11018 = STYLED_ITEM('color',(#11019),#2590);
#11019 = PRESENTATION_STYLE_ASSIGNMENT((#11020));
#11020 = SURFACE_STYLE_USAGE(.BOTH.,#11021);
#11021 = SURFACE_SIDE_STYLE('',(#11022));
#11022 = SURFACE_STYLE_FILL_AREA(#11023);
#11023 = FILL_AREA_STYLE('',(#11024));
#11024 = FILL_AREA_STYLE_COLOUR('',#10554);
#11025 = STYLED_ITEM('color',(#11026),#2614);
#11026 = PRESENTATION_STYLE_ASSIGNMENT((#11027));
#11027 = SURFACE_STYLE_USAGE(.BOTH.,#11028);
#11028 = SURFACE_SIDE_STYLE('',(#11029));
#11029 = SURFACE_STYLE_FILL_AREA(#11030);
#11030 = FILL_AREA_STYLE('',(#11031));
#11031 = FILL_AREA_STYLE_COLOUR('',#10604);
#11032 = STYLED_ITEM('color',(#11033),#2672);
#11033 = PRESENTATION_STYLE_ASSIGNMENT((#11034));
#11034 = SURFACE_STYLE_USAGE(.BOTH.,#11035);
#11035 = SURFACE_SIDE_STYLE('',(#11036));
#11036 = SURFACE_STYLE_FILL_AREA(#11037);
#11037 = FILL_AREA_STYLE('',(#11038));
#11038 = FILL_AREA_STYLE_COLOUR('',#10604);
#11039 = STYLED_ITEM('color',(#11040),#2730);
#11040 = PRESENTATION_STYLE_ASSIGNMENT((#11041));
#11041 = SURFACE_STYLE_USAGE(.BOTH.,#11042);
#11042 = SURFACE_SIDE_STYLE('',(#11043));
#11043 = SURFACE_STYLE_FILL_AREA(#11044);
#11044 = FILL_AREA_STYLE('',(#11045));
#11045 = FILL_AREA_STYLE_COLOUR('',#10554);
#11046 = STYLED_ITEM('color',(#11047),#2760);
#11047 = PRESENTATION_STYLE_ASSIGNMENT((#11048));
#11048 = SURFACE_STYLE_USAGE(.BOTH.,#11049);
#11049 = SURFACE_SIDE_STYLE('',(#11050));
#11050 = SURFACE_STYLE_FILL_AREA(#11051);
#11051 = FILL_AREA_STYLE('',(#11052));
#11052 = FILL_AREA_STYLE_COLOUR('',#10604);
#11053 = STYLED_ITEM('color',(#11054),#2818);
#11054 = PRESENTATION_STYLE_ASSIGNMENT((#11055));
#11055 = SURFACE_STYLE_USAGE(.BOTH.,#11056);
#11056 = SURFACE_SIDE_STYLE('',(#11057));
#11057 = SURFACE_STYLE_FILL_AREA(#11058);
#11058 = FILL_AREA_STYLE('',(#11059));
#11059 = FILL_AREA_STYLE_COLOUR('',#10604);
#11060 = STYLED_ITEM('color',(#11061),#2835);
#11061 = PRESENTATION_STYLE_ASSIGNMENT((#11062));
#11062 = SURFACE_STYLE_USAGE(.BOTH.,#11063);
#11063 = SURFACE_SIDE_STYLE('',(#11064));
#11064 = SURFACE_STYLE_FILL_AREA(#11065);
#11065 = FILL_AREA_STYLE('',(#11066));
#11066 = FILL_AREA_STYLE_COLOUR('',#10604);
#11067 = STYLED_ITEM('color',(#11068),#2893);
#11068 = PRESENTATION_STYLE_ASSIGNMENT((#11069));
#11069 = SURFACE_STYLE_USAGE(.BOTH.,#11070);
#11070 = SURFACE_SIDE_STYLE('',(#11071));
#11071 = SURFACE_STYLE_FILL_AREA(#11072);
#11072 = FILL_AREA_STYLE('',(#11073));
#11073 = FILL_AREA_STYLE_COLOUR('',#10604);
#11074 = STYLED_ITEM('color',(#11075),#2910);
#11075 = PRESENTATION_STYLE_ASSIGNMENT((#11076));
#11076 = SURFACE_STYLE_USAGE(.BOTH.,#11077);
#11077 = SURFACE_SIDE_STYLE('',(#11078));
#11078 = SURFACE_STYLE_FILL_AREA(#11079);
#11079 = FILL_AREA_STYLE('',(#11080));
#11080 = FILL_AREA_STYLE_COLOUR('',#10554);
#11081 = STYLED_ITEM('color',(#11082),#2941);
#11082 = PRESENTATION_STYLE_ASSIGNMENT((#11083));
#11083 = SURFACE_STYLE_USAGE(.BOTH.,#11084);
#11084 = SURFACE_SIDE_STYLE('',(#11085));
#11085 = SURFACE_STYLE_FILL_AREA(#11086);
#11086 = FILL_AREA_STYLE('',(#11087));
#11087 = FILL_AREA_STYLE_COLOUR('',#10604);
#11088 = STYLED_ITEM('color',(#11089),#2999);
#11089 = PRESENTATION_STYLE_ASSIGNMENT((#11090));
#11090 = SURFACE_STYLE_USAGE(.BOTH.,#11091);
#11091 = SURFACE_SIDE_STYLE('',(#11092));
#11092 = SURFACE_STYLE_FILL_AREA(#11093);
#11093 = FILL_AREA_STYLE('',(#11094));
#11094 = FILL_AREA_STYLE_COLOUR('',#10604);
#11095 = STYLED_ITEM('color',(#11096),#3057);
#11096 = PRESENTATION_STYLE_ASSIGNMENT((#11097));
#11097 = SURFACE_STYLE_USAGE(.BOTH.,#11098);
#11098 = SURFACE_SIDE_STYLE('',(#11099));
#11099 = SURFACE_STYLE_FILL_AREA(#11100);
#11100 = FILL_AREA_STYLE('',(#11101));
#11101 = FILL_AREA_STYLE_COLOUR('',#10554);
#11102 = STYLED_ITEM('color',(#11103),#3088);
#11103 = PRESENTATION_STYLE_ASSIGNMENT((#11104));
#11104 = SURFACE_STYLE_USAGE(.BOTH.,#11105);
#11105 = SURFACE_SIDE_STYLE('',(#11106));
#11106 = SURFACE_STYLE_FILL_AREA(#11107);
#11107 = FILL_AREA_STYLE('',(#11108));
#11108 = FILL_AREA_STYLE_COLOUR('',#10604);
#11109 = STYLED_ITEM('color',(#11110),#3146);
#11110 = PRESENTATION_STYLE_ASSIGNMENT((#11111));
#11111 = SURFACE_STYLE_USAGE(.BOTH.,#11112);
#11112 = SURFACE_SIDE_STYLE('',(#11113));
#11113 = SURFACE_STYLE_FILL_AREA(#11114);
#11114 = FILL_AREA_STYLE('',(#11115));
#11115 = FILL_AREA_STYLE_COLOUR('',#10604);
#11116 = STYLED_ITEM('color',(#11117),#3163);
#11117 = PRESENTATION_STYLE_ASSIGNMENT((#11118));
#11118 = SURFACE_STYLE_USAGE(.BOTH.,#11119);
#11119 = SURFACE_SIDE_STYLE('',(#11120));
#11120 = SURFACE_STYLE_FILL_AREA(#11121);
#11121 = FILL_AREA_STYLE('',(#11122));
#11122 = FILL_AREA_STYLE_COLOUR('',#10604);
#11123 = STYLED_ITEM('color',(#11124),#3221);
#11124 = PRESENTATION_STYLE_ASSIGNMENT((#11125));
#11125 = SURFACE_STYLE_USAGE(.BOTH.,#11126);
#11126 = SURFACE_SIDE_STYLE('',(#11127));
#11127 = SURFACE_STYLE_FILL_AREA(#11128);
#11128 = FILL_AREA_STYLE('',(#11129));
#11129 = FILL_AREA_STYLE_COLOUR('',#10604);
#11130 = STYLED_ITEM('color',(#11131),#3238);
#11131 = PRESENTATION_STYLE_ASSIGNMENT((#11132));
#11132 = SURFACE_STYLE_USAGE(.BOTH.,#11133);
#11133 = SURFACE_SIDE_STYLE('',(#11134));
#11134 = SURFACE_STYLE_FILL_AREA(#11135);
#11135 = FILL_AREA_STYLE('',(#11136));
#11136 = FILL_AREA_STYLE_COLOUR('',#10554);
#11137 = STYLED_ITEM('color',(#11138),#3269);
#11138 = PRESENTATION_STYLE_ASSIGNMENT((#11139));
#11139 = SURFACE_STYLE_USAGE(.BOTH.,#11140);
#11140 = SURFACE_SIDE_STYLE('',(#11141));
#11141 = SURFACE_STYLE_FILL_AREA(#11142);
#11142 = FILL_AREA_STYLE('',(#11143));
#11143 = FILL_AREA_STYLE_COLOUR('',#10604);
#11144 = STYLED_ITEM('color',(#11145),#3327);
#11145 = PRESENTATION_STYLE_ASSIGNMENT((#11146));
#11146 = SURFACE_STYLE_USAGE(.BOTH.,#11147);
#11147 = SURFACE_SIDE_STYLE('',(#11148));
#11148 = SURFACE_STYLE_FILL_AREA(#11149);
#11149 = FILL_AREA_STYLE('',(#11150));
#11150 = FILL_AREA_STYLE_COLOUR('',#10604);
#11151 = STYLED_ITEM('color',(#11152),#3385);
#11152 = PRESENTATION_STYLE_ASSIGNMENT((#11153));
#11153 = SURFACE_STYLE_USAGE(.BOTH.,#11154);
#11154 = SURFACE_SIDE_STYLE('',(#11155));
#11155 = SURFACE_STYLE_FILL_AREA(#11156);
#11156 = FILL_AREA_STYLE('',(#11157));
#11157 = FILL_AREA_STYLE_COLOUR('',#10554);
#11158 = STYLED_ITEM('color',(#11159),#3416);
#11159 = PRESENTATION_STYLE_ASSIGNMENT((#11160));
#11160 = SURFACE_STYLE_USAGE(.BOTH.,#11161);
#11161 = SURFACE_SIDE_STYLE('',(#11162));
#11162 = SURFACE_STYLE_FILL_AREA(#11163);
#11163 = FILL_AREA_STYLE('',(#11164));
#11164 = FILL_AREA_STYLE_COLOUR('',#10604);
#11165 = STYLED_ITEM('color',(#11166),#3474);
#11166 = PRESENTATION_STYLE_ASSIGNMENT((#11167));
#11167 = SURFACE_STYLE_USAGE(.BOTH.,#11168);
#11168 = SURFACE_SIDE_STYLE('',(#11169));
#11169 = SURFACE_STYLE_FILL_AREA(#11170);
#11170 = FILL_AREA_STYLE('',(#11171));
#11171 = FILL_AREA_STYLE_COLOUR('',#10604);
#11172 = STYLED_ITEM('color',(#11173),#3491);
#11173 = PRESENTATION_STYLE_ASSIGNMENT((#11174));
#11174 = SURFACE_STYLE_USAGE(.BOTH.,#11175);
#11175 = SURFACE_SIDE_STYLE('',(#11176));
#11176 = SURFACE_STYLE_FILL_AREA(#11177);
#11177 = FILL_AREA_STYLE('',(#11178));
#11178 = FILL_AREA_STYLE_COLOUR('',#10604);
#11179 = STYLED_ITEM('color',(#11180),#3549);
#11180 = PRESENTATION_STYLE_ASSIGNMENT((#11181));
#11181 = SURFACE_STYLE_USAGE(.BOTH.,#11182);
#11182 = SURFACE_SIDE_STYLE('',(#11183));
#11183 = SURFACE_STYLE_FILL_AREA(#11184);
#11184 = FILL_AREA_STYLE('',(#11185));
#11185 = FILL_AREA_STYLE_COLOUR('',#10604);
#11186 = STYLED_ITEM('color',(#11187),#3566);
#11187 = PRESENTATION_STYLE_ASSIGNMENT((#11188));
#11188 = SURFACE_STYLE_USAGE(.BOTH.,#11189);
#11189 = SURFACE_SIDE_STYLE('',(#11190));
#11190 = SURFACE_STYLE_FILL_AREA(#11191);
#11191 = FILL_AREA_STYLE('',(#11192));
#11192 = FILL_AREA_STYLE_COLOUR('',#10554);
#11193 = STYLED_ITEM('color',(#11194),#3597);
#11194 = PRESENTATION_STYLE_ASSIGNMENT((#11195));
#11195 = SURFACE_STYLE_USAGE(.BOTH.,#11196);
#11196 = SURFACE_SIDE_STYLE('',(#11197));
#11197 = SURFACE_STYLE_FILL_AREA(#11198);
#11198 = FILL_AREA_STYLE('',(#11199));
#11199 = FILL_AREA_STYLE_COLOUR('',#10604);
#11200 = STYLED_ITEM('color',(#11201),#3655);
#11201 = PRESENTATION_STYLE_ASSIGNMENT((#11202));
#11202 = SURFACE_STYLE_USAGE(.BOTH.,#11203);
#11203 = SURFACE_SIDE_STYLE('',(#11204));
#11204 = SURFACE_STYLE_FILL_AREA(#11205);
#11205 = FILL_AREA_STYLE('',(#11206));
#11206 = FILL_AREA_STYLE_COLOUR('',#10604);
#11207 = STYLED_ITEM('color',(#11208),#3713);
#11208 = PRESENTATION_STYLE_ASSIGNMENT((#11209));
#11209 = SURFACE_STYLE_USAGE(.BOTH.,#11210);
#11210 = SURFACE_SIDE_STYLE('',(#11211));
#11211 = SURFACE_STYLE_FILL_AREA(#11212);
#11212 = FILL_AREA_STYLE('',(#11213));
#11213 = FILL_AREA_STYLE_COLOUR('',#10554);
#11214 = STYLED_ITEM('color',(#11215),#3744);
#11215 = PRESENTATION_STYLE_ASSIGNMENT((#11216));
#11216 = SURFACE_STYLE_USAGE(.BOTH.,#11217);
#11217 = SURFACE_SIDE_STYLE('',(#11218));
#11218 = SURFACE_STYLE_FILL_AREA(#11219);
#11219 = FILL_AREA_STYLE('',(#11220));
#11220 = FILL_AREA_STYLE_COLOUR('',#10604);
#11221 = STYLED_ITEM('color',(#11222),#3761);
#11222 = PRESENTATION_STYLE_ASSIGNMENT((#11223));
#11223 = SURFACE_STYLE_USAGE(.BOTH.,#11224);
#11224 = SURFACE_SIDE_STYLE('',(#11225));
#11225 = SURFACE_STYLE_FILL_AREA(#11226);
#11226 = FILL_AREA_STYLE('',(#11227));
#11227 = FILL_AREA_STYLE_COLOUR('',#10554);
#11228 = STYLED_ITEM('color',(#11229),#3778);
#11229 = PRESENTATION_STYLE_ASSIGNMENT((#11230));
#11230 = SURFACE_STYLE_USAGE(.BOTH.,#11231);
#11231 = SURFACE_SIDE_STYLE('',(#11232));
#11232 = SURFACE_STYLE_FILL_AREA(#11233);
#11233 = FILL_AREA_STYLE('',(#11234));
#11234 = FILL_AREA_STYLE_COLOUR('',#10554);
#11235 = STYLED_ITEM('color',(#11236),#3856);
#11236 = PRESENTATION_STYLE_ASSIGNMENT((#11237));
#11237 = SURFACE_STYLE_USAGE(.BOTH.,#11238);
#11238 = SURFACE_SIDE_STYLE('',(#11239));
#11239 = SURFACE_STYLE_FILL_AREA(#11240);
#11240 = FILL_AREA_STYLE('',(#11241));
#11241 = FILL_AREA_STYLE_COLOUR('',#10604);
#11242 = STYLED_ITEM('color',(#11243),#3875);
#11243 = PRESENTATION_STYLE_ASSIGNMENT((#11244));
#11244 = SURFACE_STYLE_USAGE(.BOTH.,#11245);
#11245 = SURFACE_SIDE_STYLE('',(#11246));
#11246 = SURFACE_STYLE_FILL_AREA(#11247);
#11247 = FILL_AREA_STYLE('',(#11248));
#11248 = FILL_AREA_STYLE_COLOUR('',#10604);
#11249 = STYLED_ITEM('color',(#11250),#3924);
#11250 = PRESENTATION_STYLE_ASSIGNMENT((#11251));
#11251 = SURFACE_STYLE_USAGE(.BOTH.,#11252);
#11252 = SURFACE_SIDE_STYLE('',(#11253));
#11253 = SURFACE_STYLE_FILL_AREA(#11254);
#11254 = FILL_AREA_STYLE('',(#11255));
#11255 = FILL_AREA_STYLE_COLOUR('',#10604);
#11256 = STYLED_ITEM('color',(#11257),#3948);
#11257 = PRESENTATION_STYLE_ASSIGNMENT((#11258));
#11258 = SURFACE_STYLE_USAGE(.BOTH.,#11259);
#11259 = SURFACE_SIDE_STYLE('',(#11260));
#11260 = SURFACE_STYLE_FILL_AREA(#11261);
#11261 = FILL_AREA_STYLE('',(#11262));
#11262 = FILL_AREA_STYLE_COLOUR('',#10604);
#11263 = STYLED_ITEM('color',(#11264),#3995);
#11264 = PRESENTATION_STYLE_ASSIGNMENT((#11265));
#11265 = SURFACE_STYLE_USAGE(.BOTH.,#11266);
#11266 = SURFACE_SIDE_STYLE('',(#11267));
#11267 = SURFACE_STYLE_FILL_AREA(#11268);
#11268 = FILL_AREA_STYLE('',(#11269));
#11269 = FILL_AREA_STYLE_COLOUR('',#10604);
#11270 = STYLED_ITEM('color',(#11271),#4007);
#11271 = PRESENTATION_STYLE_ASSIGNMENT((#11272));
#11272 = SURFACE_STYLE_USAGE(.BOTH.,#11273);
#11273 = SURFACE_SIDE_STYLE('',(#11274));
#11274 = SURFACE_STYLE_FILL_AREA(#11275);
#11275 = FILL_AREA_STYLE('',(#11276));
#11276 = FILL_AREA_STYLE_COLOUR('',#10604);
#11277 = STYLED_ITEM('color',(#11278),#4026);
#11278 = PRESENTATION_STYLE_ASSIGNMENT((#11279));
#11279 = SURFACE_STYLE_USAGE(.BOTH.,#11280);
#11280 = SURFACE_SIDE_STYLE('',(#11281));
#11281 = SURFACE_STYLE_FILL_AREA(#11282);
#11282 = FILL_AREA_STYLE('',(#11283));
#11283 = FILL_AREA_STYLE_COLOUR('',#10604);
#11284 = STYLED_ITEM('color',(#11285),#4043);
#11285 = PRESENTATION_STYLE_ASSIGNMENT((#11286));
#11286 = SURFACE_STYLE_USAGE(.BOTH.,#11287);
#11287 = SURFACE_SIDE_STYLE('',(#11288));
#11288 = SURFACE_STYLE_FILL_AREA(#11289);
#11289 = FILL_AREA_STYLE('',(#11290));
#11290 = FILL_AREA_STYLE_COLOUR('',#10604);
#11291 = STYLED_ITEM('color',(#11292),#4092);
#11292 = PRESENTATION_STYLE_ASSIGNMENT((#11293));
#11293 = SURFACE_STYLE_USAGE(.BOTH.,#11294);
#11294 = SURFACE_SIDE_STYLE('',(#11295));
#11295 = SURFACE_STYLE_FILL_AREA(#11296);
#11296 = FILL_AREA_STYLE('',(#11297));
#11297 = FILL_AREA_STYLE_COLOUR('',#10604);
#11298 = STYLED_ITEM('color',(#11299),#4116);
#11299 = PRESENTATION_STYLE_ASSIGNMENT((#11300));
#11300 = SURFACE_STYLE_USAGE(.BOTH.,#11301);
#11301 = SURFACE_SIDE_STYLE('',(#11302));
#11302 = SURFACE_STYLE_FILL_AREA(#11303);
#11303 = FILL_AREA_STYLE('',(#11304));
#11304 = FILL_AREA_STYLE_COLOUR('',#10604);
#11305 = STYLED_ITEM('color',(#11306),#4158);
#11306 = PRESENTATION_STYLE_ASSIGNMENT((#11307));
#11307 = SURFACE_STYLE_USAGE(.BOTH.,#11308);
#11308 = SURFACE_SIDE_STYLE('',(#11309));
#11309 = SURFACE_STYLE_FILL_AREA(#11310);
#11310 = FILL_AREA_STYLE('',(#11311));
#11311 = FILL_AREA_STYLE_COLOUR('',#10604);
#11312 = STYLED_ITEM('color',(#11313),#4175);
#11313 = PRESENTATION_STYLE_ASSIGNMENT((#11314));
#11314 = SURFACE_STYLE_USAGE(.BOTH.,#11315);
#11315 = SURFACE_SIDE_STYLE('',(#11316));
#11316 = SURFACE_STYLE_FILL_AREA(#11317);
#11317 = FILL_AREA_STYLE('',(#11318));
#11318 = FILL_AREA_STYLE_COLOUR('',#10604);
#11319 = STYLED_ITEM('color',(#11320),#4192);
#11320 = PRESENTATION_STYLE_ASSIGNMENT((#11321));
#11321 = SURFACE_STYLE_USAGE(.BOTH.,#11322);
#11322 = SURFACE_SIDE_STYLE('',(#11323));
#11323 = SURFACE_STYLE_FILL_AREA(#11324);
#11324 = FILL_AREA_STYLE('',(#11325));
#11325 = FILL_AREA_STYLE_COLOUR('',#10604);
#11326 = STYLED_ITEM('color',(#11327),#4211);
#11327 = PRESENTATION_STYLE_ASSIGNMENT((#11328));
#11328 = SURFACE_STYLE_USAGE(.BOTH.,#11329);
#11329 = SURFACE_SIDE_STYLE('',(#11330));
#11330 = SURFACE_STYLE_FILL_AREA(#11331);
#11331 = FILL_AREA_STYLE('',(#11332));
#11332 = FILL_AREA_STYLE_COLOUR('',#10604);
#11333 = STYLED_ITEM('color',(#11334),#4276);
#11334 = PRESENTATION_STYLE_ASSIGNMENT((#11335));
#11335 = SURFACE_STYLE_USAGE(.BOTH.,#11336);
#11336 = SURFACE_SIDE_STYLE('',(#11337));
#11337 = SURFACE_STYLE_FILL_AREA(#11338);
#11338 = FILL_AREA_STYLE('',(#11339));
#11339 = FILL_AREA_STYLE_COLOUR('',#10604);
#11340 = STYLED_ITEM('color',(#11341),#4300);
#11341 = PRESENTATION_STYLE_ASSIGNMENT((#11342));
#11342 = SURFACE_STYLE_USAGE(.BOTH.,#11343);
#11343 = SURFACE_SIDE_STYLE('',(#11344));
#11344 = SURFACE_STYLE_FILL_AREA(#11345);
#11345 = FILL_AREA_STYLE('',(#11346));
#11346 = FILL_AREA_STYLE_COLOUR('',#10604);
#11347 = STYLED_ITEM('color',(#11348),#4363);
#11348 = PRESENTATION_STYLE_ASSIGNMENT((#11349));
#11349 = SURFACE_STYLE_USAGE(.BOTH.,#11350);
#11350 = SURFACE_SIDE_STYLE('',(#11351));
#11351 = SURFACE_STYLE_FILL_AREA(#11352);
#11352 = FILL_AREA_STYLE('',(#11353));
#11353 = FILL_AREA_STYLE_COLOUR('',#10604);
#11354 = STYLED_ITEM('color',(#11355),#4375);
#11355 = PRESENTATION_STYLE_ASSIGNMENT((#11356));
#11356 = SURFACE_STYLE_USAGE(.BOTH.,#11357);
#11357 = SURFACE_SIDE_STYLE('',(#11358));
#11358 = SURFACE_STYLE_FILL_AREA(#11359);
#11359 = FILL_AREA_STYLE('',(#11360));
#11360 = FILL_AREA_STYLE_COLOUR('',#10604);
#11361 = STYLED_ITEM('color',(#11362),#4440);
#11362 = PRESENTATION_STYLE_ASSIGNMENT((#11363));
#11363 = SURFACE_STYLE_USAGE(.BOTH.,#11364);
#11364 = SURFACE_SIDE_STYLE('',(#11365));
#11365 = SURFACE_STYLE_FILL_AREA(#11366);
#11366 = FILL_AREA_STYLE('',(#11367));
#11367 = FILL_AREA_STYLE_COLOUR('',#10604);
#11368 = STYLED_ITEM('color',(#11369),#4464);
#11369 = PRESENTATION_STYLE_ASSIGNMENT((#11370));
#11370 = SURFACE_STYLE_USAGE(.BOTH.,#11371);
#11371 = SURFACE_SIDE_STYLE('',(#11372));
#11372 = SURFACE_STYLE_FILL_AREA(#11373);
#11373 = FILL_AREA_STYLE('',(#11374));
#11374 = FILL_AREA_STYLE_COLOUR('',#10604);
#11375 = STYLED_ITEM('color',(#11376),#4527);
#11376 = PRESENTATION_STYLE_ASSIGNMENT((#11377));
#11377 = SURFACE_STYLE_USAGE(.BOTH.,#11378);
#11378 = SURFACE_SIDE_STYLE('',(#11379));
#11379 = SURFACE_STYLE_FILL_AREA(#11380);
#11380 = FILL_AREA_STYLE('',(#11381));
#11381 = FILL_AREA_STYLE_COLOUR('',#10604);
#11382 = STYLED_ITEM('color',(#11383),#4544);
#11383 = PRESENTATION_STYLE_ASSIGNMENT((#11384));
#11384 = SURFACE_STYLE_USAGE(.BOTH.,#11385);
#11385 = SURFACE_SIDE_STYLE('',(#11386));
#11386 = SURFACE_STYLE_FILL_AREA(#11387);
#11387 = FILL_AREA_STYLE('',(#11388));
#11388 = FILL_AREA_STYLE_COLOUR('',#10604);
#11389 = STYLED_ITEM('color',(#11390),#4558);
#11390 = PRESENTATION_STYLE_ASSIGNMENT((#11391));
#11391 = SURFACE_STYLE_USAGE(.BOTH.,#11392);
#11392 = SURFACE_SIDE_STYLE('',(#11393));
#11393 = SURFACE_STYLE_FILL_AREA(#11394);
#11394 = FILL_AREA_STYLE('',(#11395));
#11395 = FILL_AREA_STYLE_COLOUR('',#10604);
#11396 = STYLED_ITEM('color',(#11397),#4575);
#11397 = PRESENTATION_STYLE_ASSIGNMENT((#11398));
#11398 = SURFACE_STYLE_USAGE(.BOTH.,#11399);
#11399 = SURFACE_SIDE_STYLE('',(#11400));
#11400 = SURFACE_STYLE_FILL_AREA(#11401);
#11401 = FILL_AREA_STYLE('',(#11402));
#11402 = FILL_AREA_STYLE_COLOUR('',#10604);
#11403 = STYLED_ITEM('color',(#11404),#4592);
#11404 = PRESENTATION_STYLE_ASSIGNMENT((#11405));
#11405 = SURFACE_STYLE_USAGE(.BOTH.,#11406);
#11406 = SURFACE_SIDE_STYLE('',(#11407));
#11407 = SURFACE_STYLE_FILL_AREA(#11408);
#11408 = FILL_AREA_STYLE('',(#11409));
#11409 = FILL_AREA_STYLE_COLOUR('',#10604);
#11410 = STYLED_ITEM('color',(#11411),#4611);
#11411 = PRESENTATION_STYLE_ASSIGNMENT((#11412));
#11412 = SURFACE_STYLE_USAGE(.BOTH.,#11413);
#11413 = SURFACE_SIDE_STYLE('',(#11414));
#11414 = SURFACE_STYLE_FILL_AREA(#11415);
#11415 = FILL_AREA_STYLE('',(#11416));
#11416 = FILL_AREA_STYLE_COLOUR('',#10604);
#11417 = STYLED_ITEM('color',(#11418),#4676);
#11418 = PRESENTATION_STYLE_ASSIGNMENT((#11419));
#11419 = SURFACE_STYLE_USAGE(.BOTH.,#11420);
#11420 = SURFACE_SIDE_STYLE('',(#11421));
#11421 = SURFACE_STYLE_FILL_AREA(#11422);
#11422 = FILL_AREA_STYLE('',(#11423));
#11423 = FILL_AREA_STYLE_COLOUR('',#10604);
#11424 = STYLED_ITEM('color',(#11425),#4700);
#11425 = PRESENTATION_STYLE_ASSIGNMENT((#11426));
#11426 = SURFACE_STYLE_USAGE(.BOTH.,#11427);
#11427 = SURFACE_SIDE_STYLE('',(#11428));
#11428 = SURFACE_STYLE_FILL_AREA(#11429);
#11429 = FILL_AREA_STYLE('',(#11430));
#11430 = FILL_AREA_STYLE_COLOUR('',#10604);
#11431 = STYLED_ITEM('color',(#11432),#4763);
#11432 = PRESENTATION_STYLE_ASSIGNMENT((#11433));
#11433 = SURFACE_STYLE_USAGE(.BOTH.,#11434);
#11434 = SURFACE_SIDE_STYLE('',(#11435));
#11435 = SURFACE_STYLE_FILL_AREA(#11436);
#11436 = FILL_AREA_STYLE('',(#11437));
#11437 = FILL_AREA_STYLE_COLOUR('',#10604);
#11438 = STYLED_ITEM('color',(#11439),#4775);
#11439 = PRESENTATION_STYLE_ASSIGNMENT((#11440));
#11440 = SURFACE_STYLE_USAGE(.BOTH.,#11441);
#11441 = SURFACE_SIDE_STYLE('',(#11442));
#11442 = SURFACE_STYLE_FILL_AREA(#11443);
#11443 = FILL_AREA_STYLE('',(#11444));
#11444 = FILL_AREA_STYLE_COLOUR('',#10604);
#11445 = STYLED_ITEM('color',(#11446),#4840);
#11446 = PRESENTATION_STYLE_ASSIGNMENT((#11447));
#11447 = SURFACE_STYLE_USAGE(.BOTH.,#11448);
#11448 = SURFACE_SIDE_STYLE('',(#11449));
#11449 = SURFACE_STYLE_FILL_AREA(#11450);
#11450 = FILL_AREA_STYLE('',(#11451));
#11451 = FILL_AREA_STYLE_COLOUR('',#10604);
#11452 = STYLED_ITEM('color',(#11453),#4864);
#11453 = PRESENTATION_STYLE_ASSIGNMENT((#11454));
#11454 = SURFACE_STYLE_USAGE(.BOTH.,#11455);
#11455 = SURFACE_SIDE_STYLE('',(#11456));
#11456 = SURFACE_STYLE_FILL_AREA(#11457);
#11457 = FILL_AREA_STYLE('',(#11458));
#11458 = FILL_AREA_STYLE_COLOUR('',#10604);
#11459 = STYLED_ITEM('color',(#11460),#4927);
#11460 = PRESENTATION_STYLE_ASSIGNMENT((#11461));
#11461 = SURFACE_STYLE_USAGE(.BOTH.,#11462);
#11462 = SURFACE_SIDE_STYLE('',(#11463));
#11463 = SURFACE_STYLE_FILL_AREA(#11464);
#11464 = FILL_AREA_STYLE('',(#11465));
#11465 = FILL_AREA_STYLE_COLOUR('',#10604);
#11466 = STYLED_ITEM('color',(#11467),#4944);
#11467 = PRESENTATION_STYLE_ASSIGNMENT((#11468));
#11468 = SURFACE_STYLE_USAGE(.BOTH.,#11469);
#11469 = SURFACE_SIDE_STYLE('',(#11470));
#11470 = SURFACE_STYLE_FILL_AREA(#11471);
#11471 = FILL_AREA_STYLE('',(#11472));
#11472 = FILL_AREA_STYLE_COLOUR('',#10604);
#11473 = STYLED_ITEM('color',(#11474),#4958);
#11474 = PRESENTATION_STYLE_ASSIGNMENT((#11475));
#11475 = SURFACE_STYLE_USAGE(.BOTH.,#11476);
#11476 = SURFACE_SIDE_STYLE('',(#11477));
#11477 = SURFACE_STYLE_FILL_AREA(#11478);
#11478 = FILL_AREA_STYLE('',(#11479));
#11479 = FILL_AREA_STYLE_COLOUR('',#10604);
#11480 = STYLED_ITEM('color',(#11481),#4975);
#11481 = PRESENTATION_STYLE_ASSIGNMENT((#11482));
#11482 = SURFACE_STYLE_USAGE(.BOTH.,#11483);
#11483 = SURFACE_SIDE_STYLE('',(#11484));
#11484 = SURFACE_STYLE_FILL_AREA(#11485);
#11485 = FILL_AREA_STYLE('',(#11486));
#11486 = FILL_AREA_STYLE_COLOUR('',#10604);
#11487 = STYLED_ITEM('color',(#11488),#4992);
#11488 = PRESENTATION_STYLE_ASSIGNMENT((#11489));
#11489 = SURFACE_STYLE_USAGE(.BOTH.,#11490);
#11490 = SURFACE_SIDE_STYLE('',(#11491));
#11491 = SURFACE_STYLE_FILL_AREA(#11492);
#11492 = FILL_AREA_STYLE('',(#11493));
#11493 = FILL_AREA_STYLE_COLOUR('',#10604);
#11494 = STYLED_ITEM('color',(#11495),#5011);
#11495 = PRESENTATION_STYLE_ASSIGNMENT((#11496));
#11496 = SURFACE_STYLE_USAGE(.BOTH.,#11497);
#11497 = SURFACE_SIDE_STYLE('',(#11498));
#11498 = SURFACE_STYLE_FILL_AREA(#11499);
#11499 = FILL_AREA_STYLE('',(#11500));
#11500 = FILL_AREA_STYLE_COLOUR('',#10604);
#11501 = STYLED_ITEM('color',(#11502),#5076);
#11502 = PRESENTATION_STYLE_ASSIGNMENT((#11503));
#11503 = SURFACE_STYLE_USAGE(.BOTH.,#11504);
#11504 = SURFACE_SIDE_STYLE('',(#11505));
#11505 = SURFACE_STYLE_FILL_AREA(#11506);
#11506 = FILL_AREA_STYLE('',(#11507));
#11507 = FILL_AREA_STYLE_COLOUR('',#10604);
#11508 = STYLED_ITEM('color',(#11509),#5100);
#11509 = PRESENTATION_STYLE_ASSIGNMENT((#11510));
#11510 = SURFACE_STYLE_USAGE(.BOTH.,#11511);
#11511 = SURFACE_SIDE_STYLE('',(#11512));
#11512 = SURFACE_STYLE_FILL_AREA(#11513);
#11513 = FILL_AREA_STYLE('',(#11514));
#11514 = FILL_AREA_STYLE_COLOUR('',#10604);
#11515 = STYLED_ITEM('color',(#11516),#5163);
#11516 = PRESENTATION_STYLE_ASSIGNMENT((#11517));
#11517 = SURFACE_STYLE_USAGE(.BOTH.,#11518);
#11518 = SURFACE_SIDE_STYLE('',(#11519));
#11519 = SURFACE_STYLE_FILL_AREA(#11520);
#11520 = FILL_AREA_STYLE('',(#11521));
#11521 = FILL_AREA_STYLE_COLOUR('',#10604);
#11522 = STYLED_ITEM('color',(#11523),#5175);
#11523 = PRESENTATION_STYLE_ASSIGNMENT((#11524));
#11524 = SURFACE_STYLE_USAGE(.BOTH.,#11525);
#11525 = SURFACE_SIDE_STYLE('',(#11526));
#11526 = SURFACE_STYLE_FILL_AREA(#11527);
#11527 = FILL_AREA_STYLE('',(#11528));
#11528 = FILL_AREA_STYLE_COLOUR('',#10604);
#11529 = STYLED_ITEM('color',(#11530),#5192);
#11530 = PRESENTATION_STYLE_ASSIGNMENT((#11531));
#11531 = SURFACE_STYLE_USAGE(.BOTH.,#11532);
#11532 = SURFACE_SIDE_STYLE('',(#11533));
#11533 = SURFACE_STYLE_FILL_AREA(#11534);
#11534 = FILL_AREA_STYLE('',(#11535));
#11535 = FILL_AREA_STYLE_COLOUR('',#10554);
#11536 = STYLED_ITEM('color',(#11537),#5541);
#11537 = PRESENTATION_STYLE_ASSIGNMENT((#11538));
#11538 = SURFACE_STYLE_USAGE(.BOTH.,#11539);
#11539 = SURFACE_SIDE_STYLE('',(#11540));
#11540 = SURFACE_STYLE_FILL_AREA(#11541);
#11541 = FILL_AREA_STYLE('',(#11542));
#11542 = FILL_AREA_STYLE_COLOUR('',#10554);
#11543 = STYLED_ITEM('color',(#11544),#5613);
#11544 = PRESENTATION_STYLE_ASSIGNMENT((#11545));
#11545 = SURFACE_STYLE_USAGE(.BOTH.,#11546);
#11546 = SURFACE_SIDE_STYLE('',(#11547));
#11547 = SURFACE_STYLE_FILL_AREA(#11548);
#11548 = FILL_AREA_STYLE('',(#11549));
#11549 = FILL_AREA_STYLE_COLOUR('',#10604);
#11550 = STYLED_ITEM('color',(#11551),#5632);
#11551 = PRESENTATION_STYLE_ASSIGNMENT((#11552));
#11552 = SURFACE_STYLE_USAGE(.BOTH.,#11553);
#11553 = SURFACE_SIDE_STYLE('',(#11554));
#11554 = SURFACE_STYLE_FILL_AREA(#11555);
#11555 = FILL_AREA_STYLE('',(#11556));
#11556 = FILL_AREA_STYLE_COLOUR('',#10604);
#11557 = STYLED_ITEM('color',(#11558),#5681);
#11558 = PRESENTATION_STYLE_ASSIGNMENT((#11559));
#11559 = SURFACE_STYLE_USAGE(.BOTH.,#11560);
#11560 = SURFACE_SIDE_STYLE('',(#11561));
#11561 = SURFACE_STYLE_FILL_AREA(#11562);
#11562 = FILL_AREA_STYLE('',(#11563));
#11563 = FILL_AREA_STYLE_COLOUR('',#10604);
#11564 = STYLED_ITEM('color',(#11565),#5705);
#11565 = PRESENTATION_STYLE_ASSIGNMENT((#11566));
#11566 = SURFACE_STYLE_USAGE(.BOTH.,#11567);
#11567 = SURFACE_SIDE_STYLE('',(#11568));
#11568 = SURFACE_STYLE_FILL_AREA(#11569);
#11569 = FILL_AREA_STYLE('',(#11570));
#11570 = FILL_AREA_STYLE_COLOUR('',#10604);
#11571 = STYLED_ITEM('color',(#11572),#5752);
#11572 = PRESENTATION_STYLE_ASSIGNMENT((#11573));
#11573 = SURFACE_STYLE_USAGE(.BOTH.,#11574);
#11574 = SURFACE_SIDE_STYLE('',(#11575));
#11575 = SURFACE_STYLE_FILL_AREA(#11576);
#11576 = FILL_AREA_STYLE('',(#11577));
#11577 = FILL_AREA_STYLE_COLOUR('',#10604);
#11578 = STYLED_ITEM('color',(#11579),#5764);
#11579 = PRESENTATION_STYLE_ASSIGNMENT((#11580));
#11580 = SURFACE_STYLE_USAGE(.BOTH.,#11581);
#11581 = SURFACE_SIDE_STYLE('',(#11582));
#11582 = SURFACE_STYLE_FILL_AREA(#11583);
#11583 = FILL_AREA_STYLE('',(#11584));
#11584 = FILL_AREA_STYLE_COLOUR('',#10604);
#11585 = STYLED_ITEM('color',(#11586),#5818);
#11586 = PRESENTATION_STYLE_ASSIGNMENT((#11587));
#11587 = SURFACE_STYLE_USAGE(.BOTH.,#11588);
#11588 = SURFACE_SIDE_STYLE('',(#11589));
#11589 = SURFACE_STYLE_FILL_AREA(#11590);
#11590 = FILL_AREA_STYLE('',(#11591));
#11591 = FILL_AREA_STYLE_COLOUR('',#10604);
#11592 = STYLED_ITEM('color',(#11593),#5842);
#11593 = PRESENTATION_STYLE_ASSIGNMENT((#11594));
#11594 = SURFACE_STYLE_USAGE(.BOTH.,#11595);
#11595 = SURFACE_SIDE_STYLE('',(#11596));
#11596 = SURFACE_STYLE_FILL_AREA(#11597);
#11597 = FILL_AREA_STYLE('',(#11598));
#11598 = FILL_AREA_STYLE_COLOUR('',#10604);
#11599 = STYLED_ITEM('color',(#11600),#5884);
#11600 = PRESENTATION_STYLE_ASSIGNMENT((#11601));
#11601 = SURFACE_STYLE_USAGE(.BOTH.,#11602);
#11602 = SURFACE_SIDE_STYLE('',(#11603));
#11603 = SURFACE_STYLE_FILL_AREA(#11604);
#11604 = FILL_AREA_STYLE('',(#11605));
#11605 = FILL_AREA_STYLE_COLOUR('',#10604);
#11606 = STYLED_ITEM('color',(#11607),#5903);
#11607 = PRESENTATION_STYLE_ASSIGNMENT((#11608));
#11608 = SURFACE_STYLE_USAGE(.BOTH.,#11609);
#11609 = SURFACE_SIDE_STYLE('',(#11610));
#11610 = SURFACE_STYLE_FILL_AREA(#11611);
#11611 = FILL_AREA_STYLE('',(#11612));
#11612 = FILL_AREA_STYLE_COLOUR('',#10604);
#11613 = STYLED_ITEM('color',(#11614),#5915);
#11614 = PRESENTATION_STYLE_ASSIGNMENT((#11615));
#11615 = SURFACE_STYLE_USAGE(.BOTH.,#11616);
#11616 = SURFACE_SIDE_STYLE('',(#11617));
#11617 = SURFACE_STYLE_FILL_AREA(#11618);
#11618 = FILL_AREA_STYLE('',(#11619));
#11619 = FILL_AREA_STYLE_COLOUR('',#10604);
#11620 = STYLED_ITEM('color',(#11621),#5932);
#11621 = PRESENTATION_STYLE_ASSIGNMENT((#11622));
#11622 = SURFACE_STYLE_USAGE(.BOTH.,#11623);
#11623 = SURFACE_SIDE_STYLE('',(#11624));
#11624 = SURFACE_STYLE_FILL_AREA(#11625);
#11625 = FILL_AREA_STYLE('',(#11626));
#11626 = FILL_AREA_STYLE_COLOUR('',#10604);
#11627 = STYLED_ITEM('color',(#11628),#5949);
#11628 = PRESENTATION_STYLE_ASSIGNMENT((#11629));
#11629 = SURFACE_STYLE_USAGE(.BOTH.,#11630);
#11630 = SURFACE_SIDE_STYLE('',(#11631));
#11631 = SURFACE_STYLE_FILL_AREA(#11632);
#11632 = FILL_AREA_STYLE('',(#11633));
#11633 = FILL_AREA_STYLE_COLOUR('',#10604);
#11634 = STYLED_ITEM('color',(#11635),#5968);
#11635 = PRESENTATION_STYLE_ASSIGNMENT((#11636));
#11636 = SURFACE_STYLE_USAGE(.BOTH.,#11637);
#11637 = SURFACE_SIDE_STYLE('',(#11638));
#11638 = SURFACE_STYLE_FILL_AREA(#11639);
#11639 = FILL_AREA_STYLE('',(#11640));
#11640 = FILL_AREA_STYLE_COLOUR('',#10604);
#11641 = STYLED_ITEM('color',(#11642),#5985);
#11642 = PRESENTATION_STYLE_ASSIGNMENT((#11643));
#11643 = SURFACE_STYLE_USAGE(.BOTH.,#11644);
#11644 = SURFACE_SIDE_STYLE('',(#11645));
#11645 = SURFACE_STYLE_FILL_AREA(#11646);
#11646 = FILL_AREA_STYLE('',(#11647));
#11647 = FILL_AREA_STYLE_COLOUR('',#10604);
#11648 = STYLED_ITEM('color',(#11649),#6050);
#11649 = PRESENTATION_STYLE_ASSIGNMENT((#11650));
#11650 = SURFACE_STYLE_USAGE(.BOTH.,#11651);
#11651 = SURFACE_SIDE_STYLE('',(#11652));
#11652 = SURFACE_STYLE_FILL_AREA(#11653);
#11653 = FILL_AREA_STYLE('',(#11654));
#11654 = FILL_AREA_STYLE_COLOUR('',#10604);
#11655 = STYLED_ITEM('color',(#11656),#6074);
#11656 = PRESENTATION_STYLE_ASSIGNMENT((#11657));
#11657 = SURFACE_STYLE_USAGE(.BOTH.,#11658);
#11658 = SURFACE_SIDE_STYLE('',(#11659));
#11659 = SURFACE_STYLE_FILL_AREA(#11660);
#11660 = FILL_AREA_STYLE('',(#11661));
#11661 = FILL_AREA_STYLE_COLOUR('',#10604);
#11662 = STYLED_ITEM('color',(#11663),#6132);
#11663 = PRESENTATION_STYLE_ASSIGNMENT((#11664));
#11664 = SURFACE_STYLE_USAGE(.BOTH.,#11665);
#11665 = SURFACE_SIDE_STYLE('',(#11666));
#11666 = SURFACE_STYLE_FILL_AREA(#11667);
#11667 = FILL_AREA_STYLE('',(#11668));
#11668 = FILL_AREA_STYLE_COLOUR('',#10604);
#11669 = STYLED_ITEM('color',(#11670),#6154);
#11670 = PRESENTATION_STYLE_ASSIGNMENT((#11671));
#11671 = SURFACE_STYLE_USAGE(.BOTH.,#11672);
#11672 = SURFACE_SIDE_STYLE('',(#11673));
#11673 = SURFACE_STYLE_FILL_AREA(#11674);
#11674 = FILL_AREA_STYLE('',(#11675));
#11675 = FILL_AREA_STYLE_COLOUR('',#10604);
#11676 = STYLED_ITEM('color',(#11677),#6219);
#11677 = PRESENTATION_STYLE_ASSIGNMENT((#11678));
#11678 = SURFACE_STYLE_USAGE(.BOTH.,#11679);
#11679 = SURFACE_SIDE_STYLE('',(#11680));
#11680 = SURFACE_STYLE_FILL_AREA(#11681);
#11681 = FILL_AREA_STYLE('',(#11682));
#11682 = FILL_AREA_STYLE_COLOUR('',#10604);
#11683 = STYLED_ITEM('color',(#11684),#6243);
#11684 = PRESENTATION_STYLE_ASSIGNMENT((#11685));
#11685 = SURFACE_STYLE_USAGE(.BOTH.,#11686);
#11686 = SURFACE_SIDE_STYLE('',(#11687));
#11687 = SURFACE_STYLE_FILL_AREA(#11688);
#11688 = FILL_AREA_STYLE('',(#11689));
#11689 = FILL_AREA_STYLE_COLOUR('',#10604);
#11690 = STYLED_ITEM('color',(#11691),#6301);
#11691 = PRESENTATION_STYLE_ASSIGNMENT((#11692));
#11692 = SURFACE_STYLE_USAGE(.BOTH.,#11693);
#11693 = SURFACE_SIDE_STYLE('',(#11694));
#11694 = SURFACE_STYLE_FILL_AREA(#11695);
#11695 = FILL_AREA_STYLE('',(#11696));
#11696 = FILL_AREA_STYLE_COLOUR('',#10604);
#11697 = STYLED_ITEM('color',(#11698),#6315);
#11698 = PRESENTATION_STYLE_ASSIGNMENT((#11699));
#11699 = SURFACE_STYLE_USAGE(.BOTH.,#11700);
#11700 = SURFACE_SIDE_STYLE('',(#11701));
#11701 = SURFACE_STYLE_FILL_AREA(#11702);
#11702 = FILL_AREA_STYLE('',(#11703));
#11703 = FILL_AREA_STYLE_COLOUR('',#10604);
#11704 = STYLED_ITEM('color',(#11705),#6332);
#11705 = PRESENTATION_STYLE_ASSIGNMENT((#11706));
#11706 = SURFACE_STYLE_USAGE(.BOTH.,#11707);
#11707 = SURFACE_SIDE_STYLE('',(#11708));
#11708 = SURFACE_STYLE_FILL_AREA(#11709);
#11709 = FILL_AREA_STYLE('',(#11710));
#11710 = FILL_AREA_STYLE_COLOUR('',#10604);
#11711 = STYLED_ITEM('color',(#11712),#6349);
#11712 = PRESENTATION_STYLE_ASSIGNMENT((#11713));
#11713 = SURFACE_STYLE_USAGE(.BOTH.,#11714);
#11714 = SURFACE_SIDE_STYLE('',(#11715));
#11715 = SURFACE_STYLE_FILL_AREA(#11716);
#11716 = FILL_AREA_STYLE('',(#11717));
#11717 = FILL_AREA_STYLE_COLOUR('',#10604);
#11718 = STYLED_ITEM('color',(#11719),#6368);
#11719 = PRESENTATION_STYLE_ASSIGNMENT((#11720));
#11720 = SURFACE_STYLE_USAGE(.BOTH.,#11721);
#11721 = SURFACE_SIDE_STYLE('',(#11722));
#11722 = SURFACE_STYLE_FILL_AREA(#11723);
#11723 = FILL_AREA_STYLE('',(#11724));
#11724 = FILL_AREA_STYLE_COLOUR('',#10604);
#11725 = STYLED_ITEM('color',(#11726),#6385);
#11726 = PRESENTATION_STYLE_ASSIGNMENT((#11727));
#11727 = SURFACE_STYLE_USAGE(.BOTH.,#11728);
#11728 = SURFACE_SIDE_STYLE('',(#11729));
#11729 = SURFACE_STYLE_FILL_AREA(#11730);
#11730 = FILL_AREA_STYLE('',(#11731));
#11731 = FILL_AREA_STYLE_COLOUR('',#10604);
#11732 = STYLED_ITEM('color',(#11733),#6450);
#11733 = PRESENTATION_STYLE_ASSIGNMENT((#11734));
#11734 = SURFACE_STYLE_USAGE(.BOTH.,#11735);
#11735 = SURFACE_SIDE_STYLE('',(#11736));
#11736 = SURFACE_STYLE_FILL_AREA(#11737);
#11737 = FILL_AREA_STYLE('',(#11738));
#11738 = FILL_AREA_STYLE_COLOUR('',#10604);
#11739 = STYLED_ITEM('color',(#11740),#6474);
#11740 = PRESENTATION_STYLE_ASSIGNMENT((#11741));
#11741 = SURFACE_STYLE_USAGE(.BOTH.,#11742);
#11742 = SURFACE_SIDE_STYLE('',(#11743));
#11743 = SURFACE_STYLE_FILL_AREA(#11744);
#11744 = FILL_AREA_STYLE('',(#11745));
#11745 = FILL_AREA_STYLE_COLOUR('',#10604);
#11746 = STYLED_ITEM('color',(#11747),#6532);
#11747 = PRESENTATION_STYLE_ASSIGNMENT((#11748));
#11748 = SURFACE_STYLE_USAGE(.BOTH.,#11749);
#11749 = SURFACE_SIDE_STYLE('',(#11750));
#11750 = SURFACE_STYLE_FILL_AREA(#11751);
#11751 = FILL_AREA_STYLE('',(#11752));
#11752 = FILL_AREA_STYLE_COLOUR('',#10604);
#11753 = STYLED_ITEM('color',(#11754),#6554);
#11754 = PRESENTATION_STYLE_ASSIGNMENT((#11755));
#11755 = SURFACE_STYLE_USAGE(.BOTH.,#11756);
#11756 = SURFACE_SIDE_STYLE('',(#11757));
#11757 = SURFACE_STYLE_FILL_AREA(#11758);
#11758 = FILL_AREA_STYLE('',(#11759));
#11759 = FILL_AREA_STYLE_COLOUR('',#10604);
#11760 = STYLED_ITEM('color',(#11761),#6619);
#11761 = PRESENTATION_STYLE_ASSIGNMENT((#11762));
#11762 = SURFACE_STYLE_USAGE(.BOTH.,#11763);
#11763 = SURFACE_SIDE_STYLE('',(#11764));
#11764 = SURFACE_STYLE_FILL_AREA(#11765);
#11765 = FILL_AREA_STYLE('',(#11766));
#11766 = FILL_AREA_STYLE_COLOUR('',#10604);
#11767 = STYLED_ITEM('color',(#11768),#6643);
#11768 = PRESENTATION_STYLE_ASSIGNMENT((#11769));
#11769 = SURFACE_STYLE_USAGE(.BOTH.,#11770);
#11770 = SURFACE_SIDE_STYLE('',(#11771));
#11771 = SURFACE_STYLE_FILL_AREA(#11772);
#11772 = FILL_AREA_STYLE('',(#11773));
#11773 = FILL_AREA_STYLE_COLOUR('',#10604);
#11774 = STYLED_ITEM('color',(#11775),#6701);
#11775 = PRESENTATION_STYLE_ASSIGNMENT((#11776));
#11776 = SURFACE_STYLE_USAGE(.BOTH.,#11777);
#11777 = SURFACE_SIDE_STYLE('',(#11778));
#11778 = SURFACE_STYLE_FILL_AREA(#11779);
#11779 = FILL_AREA_STYLE('',(#11780));
#11780 = FILL_AREA_STYLE_COLOUR('',#10604);
#11781 = STYLED_ITEM('color',(#11782),#6715);
#11782 = PRESENTATION_STYLE_ASSIGNMENT((#11783));
#11783 = SURFACE_STYLE_USAGE(.BOTH.,#11784);
#11784 = SURFACE_SIDE_STYLE('',(#11785));
#11785 = SURFACE_STYLE_FILL_AREA(#11786);
#11786 = FILL_AREA_STYLE('',(#11787));
#11787 = FILL_AREA_STYLE_COLOUR('',#10604);
#11788 = STYLED_ITEM('color',(#11789),#6732);
#11789 = PRESENTATION_STYLE_ASSIGNMENT((#11790));
#11790 = SURFACE_STYLE_USAGE(.BOTH.,#11791);
#11791 = SURFACE_SIDE_STYLE('',(#11792));
#11792 = SURFACE_STYLE_FILL_AREA(#11793);
#11793 = FILL_AREA_STYLE('',(#11794));
#11794 = FILL_AREA_STYLE_COLOUR('',#10604);
#11795 = STYLED_ITEM('color',(#11796),#6749);
#11796 = PRESENTATION_STYLE_ASSIGNMENT((#11797));
#11797 = SURFACE_STYLE_USAGE(.BOTH.,#11798);
#11798 = SURFACE_SIDE_STYLE('',(#11799));
#11799 = SURFACE_STYLE_FILL_AREA(#11800);
#11800 = FILL_AREA_STYLE('',(#11801));
#11801 = FILL_AREA_STYLE_COLOUR('',#10604);
#11802 = STYLED_ITEM('color',(#11803),#6768);
#11803 = PRESENTATION_STYLE_ASSIGNMENT((#11804));
#11804 = SURFACE_STYLE_USAGE(.BOTH.,#11805);
#11805 = SURFACE_SIDE_STYLE('',(#11806));
#11806 = SURFACE_STYLE_FILL_AREA(#11807);
#11807 = FILL_AREA_STYLE('',(#11808));
#11808 = FILL_AREA_STYLE_COLOUR('',#10604);
#11809 = STYLED_ITEM('color',(#11810),#6785);
#11810 = PRESENTATION_STYLE_ASSIGNMENT((#11811));
#11811 = SURFACE_STYLE_USAGE(.BOTH.,#11812);
#11812 = SURFACE_SIDE_STYLE('',(#11813));
#11813 = SURFACE_STYLE_FILL_AREA(#11814);
#11814 = FILL_AREA_STYLE('',(#11815));
#11815 = FILL_AREA_STYLE_COLOUR('',#10604);
#11816 = STYLED_ITEM('color',(#11817),#6850);
#11817 = PRESENTATION_STYLE_ASSIGNMENT((#11818));
#11818 = SURFACE_STYLE_USAGE(.BOTH.,#11819);
#11819 = SURFACE_SIDE_STYLE('',(#11820));
#11820 = SURFACE_STYLE_FILL_AREA(#11821);
#11821 = FILL_AREA_STYLE('',(#11822));
#11822 = FILL_AREA_STYLE_COLOUR('',#10604);
#11823 = STYLED_ITEM('color',(#11824),#6874);
#11824 = PRESENTATION_STYLE_ASSIGNMENT((#11825));
#11825 = SURFACE_STYLE_USAGE(.BOTH.,#11826);
#11826 = SURFACE_SIDE_STYLE('',(#11827));
#11827 = SURFACE_STYLE_FILL_AREA(#11828);
#11828 = FILL_AREA_STYLE('',(#11829));
#11829 = FILL_AREA_STYLE_COLOUR('',#10604);
#11830 = STYLED_ITEM('color',(#11831),#6932);
#11831 = PRESENTATION_STYLE_ASSIGNMENT((#11832));
#11832 = SURFACE_STYLE_USAGE(.BOTH.,#11833);
#11833 = SURFACE_SIDE_STYLE('',(#11834));
#11834 = SURFACE_STYLE_FILL_AREA(#11835);
#11835 = FILL_AREA_STYLE('',(#11836));
#11836 = FILL_AREA_STYLE_COLOUR('',#10604);
#11837 = STYLED_ITEM('color',(#11838),#6949);
#11838 = PRESENTATION_STYLE_ASSIGNMENT((#11839));
#11839 = SURFACE_STYLE_USAGE(.BOTH.,#11840);
#11840 = SURFACE_SIDE_STYLE('',(#11841));
#11841 = SURFACE_STYLE_FILL_AREA(#11842);
#11842 = FILL_AREA_STYLE('',(#11843));
#11843 = FILL_AREA_STYLE_COLOUR('',#10554);
#11844 = STYLED_ITEM('color',(#11845),#6966);
#11845 = PRESENTATION_STYLE_ASSIGNMENT((#11846));
#11846 = SURFACE_STYLE_USAGE(.BOTH.,#11847);
#11847 = SURFACE_SIDE_STYLE('',(#11848));
#11848 = SURFACE_STYLE_FILL_AREA(#11849);
#11849 = FILL_AREA_STYLE('',(#11850));
#11850 = FILL_AREA_STYLE_COLOUR('',#10554);
#11851 = STYLED_ITEM('color',(#11852),#6995);
#11852 = PRESENTATION_STYLE_ASSIGNMENT((#11853));
#11853 = SURFACE_STYLE_USAGE(.BOTH.,#11854);
#11854 = SURFACE_SIDE_STYLE('',(#11855));
#11855 = SURFACE_STYLE_FILL_AREA(#11856);
#11856 = FILL_AREA_STYLE('',(#11857));
#11857 = FILL_AREA_STYLE_COLOUR('',#10604);
#11858 = STYLED_ITEM('color',(#11859),#7012);
#11859 = PRESENTATION_STYLE_ASSIGNMENT((#11860));
#11860 = SURFACE_STYLE_USAGE(.BOTH.,#11861);
#11861 = SURFACE_SIDE_STYLE('',(#11862));
#11862 = SURFACE_STYLE_FILL_AREA(#11863);
#11863 = FILL_AREA_STYLE('',(#11864));
#11864 = FILL_AREA_STYLE_COLOUR('',#10604);
#11865 = STYLED_ITEM('color',(#11866),#7029);
#11866 = PRESENTATION_STYLE_ASSIGNMENT((#11867));
#11867 = SURFACE_STYLE_USAGE(.BOTH.,#11868);
#11868 = SURFACE_SIDE_STYLE('',(#11869));
#11869 = SURFACE_STYLE_FILL_AREA(#11870);
#11870 = FILL_AREA_STYLE('',(#11871));
#11871 = FILL_AREA_STYLE_COLOUR('',#10604);
#11872 = STYLED_ITEM('color',(#11873),#7041);
#11873 = PRESENTATION_STYLE_ASSIGNMENT((#11874));
#11874 = SURFACE_STYLE_USAGE(.BOTH.,#11875);
#11875 = SURFACE_SIDE_STYLE('',(#11876));
#11876 = SURFACE_STYLE_FILL_AREA(#11877);
#11877 = FILL_AREA_STYLE('',(#11878));
#11878 = FILL_AREA_STYLE_COLOUR('',#10604);
#11879 = STYLED_ITEM('color',(#11880),#7058);
#11880 = PRESENTATION_STYLE_ASSIGNMENT((#11881));
#11881 = SURFACE_STYLE_USAGE(.BOTH.,#11882);
#11882 = SURFACE_SIDE_STYLE('',(#11883));
#11883 = SURFACE_STYLE_FILL_AREA(#11884);
#11884 = FILL_AREA_STYLE('',(#11885));
#11885 = FILL_AREA_STYLE_COLOUR('',#10604);
#11886 = STYLED_ITEM('color',(#11887),#7075);
#11887 = PRESENTATION_STYLE_ASSIGNMENT((#11888));
#11888 = SURFACE_STYLE_USAGE(.BOTH.,#11889);
#11889 = SURFACE_SIDE_STYLE('',(#11890));
#11890 = SURFACE_STYLE_FILL_AREA(#11891);
#11891 = FILL_AREA_STYLE('',(#11892));
#11892 = FILL_AREA_STYLE_COLOUR('',#10604);
#11893 = STYLED_ITEM('color',(#11894),#7087);
#11894 = PRESENTATION_STYLE_ASSIGNMENT((#11895));
#11895 = SURFACE_STYLE_USAGE(.BOTH.,#11896);
#11896 = SURFACE_SIDE_STYLE('',(#11897));
#11897 = SURFACE_STYLE_FILL_AREA(#11898);
#11898 = FILL_AREA_STYLE('',(#11899));
#11899 = FILL_AREA_STYLE_COLOUR('',#10604);
#11900 = STYLED_ITEM('color',(#11901),#7104);
#11901 = PRESENTATION_STYLE_ASSIGNMENT((#11902));
#11902 = SURFACE_STYLE_USAGE(.BOTH.,#11903);
#11903 = SURFACE_SIDE_STYLE('',(#11904));
#11904 = SURFACE_STYLE_FILL_AREA(#11905);
#11905 = FILL_AREA_STYLE('',(#11906));
#11906 = FILL_AREA_STYLE_COLOUR('',#10604);
#11907 = STYLED_ITEM('color',(#11908),#7121);
#11908 = PRESENTATION_STYLE_ASSIGNMENT((#11909));
#11909 = SURFACE_STYLE_USAGE(.BOTH.,#11910);
#11910 = SURFACE_SIDE_STYLE('',(#11911));
#11911 = SURFACE_STYLE_FILL_AREA(#11912);
#11912 = FILL_AREA_STYLE('',(#11913));
#11913 = FILL_AREA_STYLE_COLOUR('',#10604);
#11914 = STYLED_ITEM('color',(#11915),#7138);
#11915 = PRESENTATION_STYLE_ASSIGNMENT((#11916));
#11916 = SURFACE_STYLE_USAGE(.BOTH.,#11917);
#11917 = SURFACE_SIDE_STYLE('',(#11918));
#11918 = SURFACE_STYLE_FILL_AREA(#11919);
#11919 = FILL_AREA_STYLE('',(#11920));
#11920 = FILL_AREA_STYLE_COLOUR('',#10604);
#11921 = STYLED_ITEM('color',(#11922),#7155);
#11922 = PRESENTATION_STYLE_ASSIGNMENT((#11923));
#11923 = SURFACE_STYLE_USAGE(.BOTH.,#11924);
#11924 = SURFACE_SIDE_STYLE('',(#11925));
#11925 = SURFACE_STYLE_FILL_AREA(#11926);
#11926 = FILL_AREA_STYLE('',(#11927));
#11927 = FILL_AREA_STYLE_COLOUR('',#10604);
#11928 = STYLED_ITEM('color',(#11929),#7167);
#11929 = PRESENTATION_STYLE_ASSIGNMENT((#11930));
#11930 = SURFACE_STYLE_USAGE(.BOTH.,#11931);
#11931 = SURFACE_SIDE_STYLE('',(#11932));
#11932 = SURFACE_STYLE_FILL_AREA(#11933);
#11933 = FILL_AREA_STYLE('',(#11934));
#11934 = FILL_AREA_STYLE_COLOUR('',#10604);
#11935 = STYLED_ITEM('color',(#11936),#7184);
#11936 = PRESENTATION_STYLE_ASSIGNMENT((#11937));
#11937 = SURFACE_STYLE_USAGE(.BOTH.,#11938);
#11938 = SURFACE_SIDE_STYLE('',(#11939));
#11939 = SURFACE_STYLE_FILL_AREA(#11940);
#11940 = FILL_AREA_STYLE('',(#11941));
#11941 = FILL_AREA_STYLE_COLOUR('',#10604);
#11942 = STYLED_ITEM('color',(#11943),#7201);
#11943 = PRESENTATION_STYLE_ASSIGNMENT((#11944));
#11944 = SURFACE_STYLE_USAGE(.BOTH.,#11945);
#11945 = SURFACE_SIDE_STYLE('',(#11946));
#11946 = SURFACE_STYLE_FILL_AREA(#11947);
#11947 = FILL_AREA_STYLE('',(#11948));
#11948 = FILL_AREA_STYLE_COLOUR('',#10604);
#11949 = STYLED_ITEM('color',(#11950),#7218);
#11950 = PRESENTATION_STYLE_ASSIGNMENT((#11951));
#11951 = SURFACE_STYLE_USAGE(.BOTH.,#11952);
#11952 = SURFACE_SIDE_STYLE('',(#11953));
#11953 = SURFACE_STYLE_FILL_AREA(#11954);
#11954 = FILL_AREA_STYLE('',(#11955));
#11955 = FILL_AREA_STYLE_COLOUR('',#10604);
#11956 = STYLED_ITEM('color',(#11957),#7235);
#11957 = PRESENTATION_STYLE_ASSIGNMENT((#11958));
#11958 = SURFACE_STYLE_USAGE(.BOTH.,#11959);
#11959 = SURFACE_SIDE_STYLE('',(#11960));
#11960 = SURFACE_STYLE_FILL_AREA(#11961);
#11961 = FILL_AREA_STYLE('',(#11962));
#11962 = FILL_AREA_STYLE_COLOUR('',#10604);
#11963 = STYLED_ITEM('color',(#11964),#7247);
#11964 = PRESENTATION_STYLE_ASSIGNMENT((#11965));
#11965 = SURFACE_STYLE_USAGE(.BOTH.,#11966);
#11966 = SURFACE_SIDE_STYLE('',(#11967));
#11967 = SURFACE_STYLE_FILL_AREA(#11968);
#11968 = FILL_AREA_STYLE('',(#11969));
#11969 = FILL_AREA_STYLE_COLOUR('',#10604);
#11970 = STYLED_ITEM('color',(#11971),#7264);
#11971 = PRESENTATION_STYLE_ASSIGNMENT((#11972));
#11972 = SURFACE_STYLE_USAGE(.BOTH.,#11973);
#11973 = SURFACE_SIDE_STYLE('',(#11974));
#11974 = SURFACE_STYLE_FILL_AREA(#11975);
#11975 = FILL_AREA_STYLE('',(#11976));
#11976 = FILL_AREA_STYLE_COLOUR('',#10604);
#11977 = STYLED_ITEM('color',(#11978),#7281);
#11978 = PRESENTATION_STYLE_ASSIGNMENT((#11979));
#11979 = SURFACE_STYLE_USAGE(.BOTH.,#11980);
#11980 = SURFACE_SIDE_STYLE('',(#11981));
#11981 = SURFACE_STYLE_FILL_AREA(#11982);
#11982 = FILL_AREA_STYLE('',(#11983));
#11983 = FILL_AREA_STYLE_COLOUR('',#10604);
#11984 = STYLED_ITEM('color',(#11985),#7298);
#11985 = PRESENTATION_STYLE_ASSIGNMENT((#11986));
#11986 = SURFACE_STYLE_USAGE(.BOTH.,#11987);
#11987 = SURFACE_SIDE_STYLE('',(#11988));
#11988 = SURFACE_STYLE_FILL_AREA(#11989);
#11989 = FILL_AREA_STYLE('',(#11990));
#11990 = FILL_AREA_STYLE_COLOUR('',#10604);
#11991 = STYLED_ITEM('color',(#11992),#7315);
#11992 = PRESENTATION_STYLE_ASSIGNMENT((#11993));
#11993 = SURFACE_STYLE_USAGE(.BOTH.,#11994);
#11994 = SURFACE_SIDE_STYLE('',(#11995));
#11995 = SURFACE_STYLE_FILL_AREA(#11996);
#11996 = FILL_AREA_STYLE('',(#11997));
#11997 = FILL_AREA_STYLE_COLOUR('',#10604);
#11998 = STYLED_ITEM('color',(#11999),#7327);
#11999 = PRESENTATION_STYLE_ASSIGNMENT((#12000));
#12000 = SURFACE_STYLE_USAGE(.BOTH.,#12001);
#12001 = SURFACE_SIDE_STYLE('',(#12002));
#12002 = SURFACE_STYLE_FILL_AREA(#12003);
#12003 = FILL_AREA_STYLE('',(#12004));
#12004 = FILL_AREA_STYLE_COLOUR('',#10604);
#12005 = STYLED_ITEM('color',(#12006),#7344);
#12006 = PRESENTATION_STYLE_ASSIGNMENT((#12007));
#12007 = SURFACE_STYLE_USAGE(.BOTH.,#12008);
#12008 = SURFACE_SIDE_STYLE('',(#12009));
#12009 = SURFACE_STYLE_FILL_AREA(#12010);
#12010 = FILL_AREA_STYLE('',(#12011));
#12011 = FILL_AREA_STYLE_COLOUR('',#10604);
#12012 = STYLED_ITEM('color',(#12013),#7361);
#12013 = PRESENTATION_STYLE_ASSIGNMENT((#12014));
#12014 = SURFACE_STYLE_USAGE(.BOTH.,#12015);
#12015 = SURFACE_SIDE_STYLE('',(#12016));
#12016 = SURFACE_STYLE_FILL_AREA(#12017);
#12017 = FILL_AREA_STYLE('',(#12018));
#12018 = FILL_AREA_STYLE_COLOUR('',#10604);
#12019 = STYLED_ITEM('color',(#12020),#7378);
#12020 = PRESENTATION_STYLE_ASSIGNMENT((#12021));
#12021 = SURFACE_STYLE_USAGE(.BOTH.,#12022);
#12022 = SURFACE_SIDE_STYLE('',(#12023));
#12023 = SURFACE_STYLE_FILL_AREA(#12024);
#12024 = FILL_AREA_STYLE('',(#12025));
#12025 = FILL_AREA_STYLE_COLOUR('',#10604);
#12026 = STYLED_ITEM('color',(#12027),#7395);
#12027 = PRESENTATION_STYLE_ASSIGNMENT((#12028));
#12028 = SURFACE_STYLE_USAGE(.BOTH.,#12029);
#12029 = SURFACE_SIDE_STYLE('',(#12030));
#12030 = SURFACE_STYLE_FILL_AREA(#12031);
#12031 = FILL_AREA_STYLE('',(#12032));
#12032 = FILL_AREA_STYLE_COLOUR('',#10604);
#12033 = STYLED_ITEM('color',(#12034),#7407);
#12034 = PRESENTATION_STYLE_ASSIGNMENT((#12035));
#12035 = SURFACE_STYLE_USAGE(.BOTH.,#12036);
#12036 = SURFACE_SIDE_STYLE('',(#12037));
#12037 = SURFACE_STYLE_FILL_AREA(#12038);
#12038 = FILL_AREA_STYLE('',(#12039));
#12039 = FILL_AREA_STYLE_COLOUR('',#10604);
#12040 = STYLED_ITEM('color',(#12041),#7424);
#12041 = PRESENTATION_STYLE_ASSIGNMENT((#12042));
#12042 = SURFACE_STYLE_USAGE(.BOTH.,#12043);
#12043 = SURFACE_SIDE_STYLE('',(#12044));
#12044 = SURFACE_STYLE_FILL_AREA(#12045);
#12045 = FILL_AREA_STYLE('',(#12046));
#12046 = FILL_AREA_STYLE_COLOUR('',#10604);
#12047 = STYLED_ITEM('color',(#12048),#7441);
#12048 = PRESENTATION_STYLE_ASSIGNMENT((#12049));
#12049 = SURFACE_STYLE_USAGE(.BOTH.,#12050);
#12050 = SURFACE_SIDE_STYLE('',(#12051));
#12051 = SURFACE_STYLE_FILL_AREA(#12052);
#12052 = FILL_AREA_STYLE('',(#12053));
#12053 = FILL_AREA_STYLE_COLOUR('',#10604);
#12054 = STYLED_ITEM('color',(#12055),#7458);
#12055 = PRESENTATION_STYLE_ASSIGNMENT((#12056));
#12056 = SURFACE_STYLE_USAGE(.BOTH.,#12057);
#12057 = SURFACE_SIDE_STYLE('',(#12058));
#12058 = SURFACE_STYLE_FILL_AREA(#12059);
#12059 = FILL_AREA_STYLE('',(#12060));
#12060 = FILL_AREA_STYLE_COLOUR('',#10604);
#12061 = STYLED_ITEM('color',(#12062),#7475);
#12062 = PRESENTATION_STYLE_ASSIGNMENT((#12063));
#12063 = SURFACE_STYLE_USAGE(.BOTH.,#12064);
#12064 = SURFACE_SIDE_STYLE('',(#12065));
#12065 = SURFACE_STYLE_FILL_AREA(#12066);
#12066 = FILL_AREA_STYLE('',(#12067));
#12067 = FILL_AREA_STYLE_COLOUR('',#10604);
#12068 = STYLED_ITEM('color',(#12069),#7487);
#12069 = PRESENTATION_STYLE_ASSIGNMENT((#12070));
#12070 = SURFACE_STYLE_USAGE(.BOTH.,#12071);
#12071 = SURFACE_SIDE_STYLE('',(#12072));
#12072 = SURFACE_STYLE_FILL_AREA(#12073);
#12073 = FILL_AREA_STYLE('',(#12074));
#12074 = FILL_AREA_STYLE_COLOUR('',#10554);
#12075 = STYLED_ITEM('color',(#12076),#7515);
#12076 = PRESENTATION_STYLE_ASSIGNMENT((#12077));
#12077 = SURFACE_STYLE_USAGE(.BOTH.,#12078);
#12078 = SURFACE_SIDE_STYLE('',(#12079));
#12079 = SURFACE_STYLE_FILL_AREA(#12080);
#12080 = FILL_AREA_STYLE('',(#12081));
#12081 = FILL_AREA_STYLE_COLOUR('',#10554);
#12082 = STYLED_ITEM('color',(#12083),#7526);
#12083 = PRESENTATION_STYLE_ASSIGNMENT((#12084));
#12084 = SURFACE_STYLE_USAGE(.BOTH.,#12085);
#12085 = SURFACE_SIDE_STYLE('',(#12086));
#12086 = SURFACE_STYLE_FILL_AREA(#12087);
#12087 = FILL_AREA_STYLE('',(#12088));
#12088 = FILL_AREA_STYLE_COLOUR('',#10604);
#12089 = STYLED_ITEM('color',(#12090),#7543);
#12090 = PRESENTATION_STYLE_ASSIGNMENT((#12091));
#12091 = SURFACE_STYLE_USAGE(.BOTH.,#12092);
#12092 = SURFACE_SIDE_STYLE('',(#12093));
#12093 = SURFACE_STYLE_FILL_AREA(#12094);
#12094 = FILL_AREA_STYLE('',(#12095));
#12095 = FILL_AREA_STYLE_COLOUR('',#10604);
#12096 = STYLED_ITEM('color',(#12097),#7560);
#12097 = PRESENTATION_STYLE_ASSIGNMENT((#12098));
#12098 = SURFACE_STYLE_USAGE(.BOTH.,#12099);
#12099 = SURFACE_SIDE_STYLE('',(#12100));
#12100 = SURFACE_STYLE_FILL_AREA(#12101);
#12101 = FILL_AREA_STYLE('',(#12102));
#12102 = FILL_AREA_STYLE_COLOUR('',#10604);
#12103 = STYLED_ITEM('color',(#12104),#7572);
#12104 = PRESENTATION_STYLE_ASSIGNMENT((#12105));
#12105 = SURFACE_STYLE_USAGE(.BOTH.,#12106);
#12106 = SURFACE_SIDE_STYLE('',(#12107));
#12107 = SURFACE_STYLE_FILL_AREA(#12108);
#12108 = FILL_AREA_STYLE('',(#12109));
#12109 = FILL_AREA_STYLE_COLOUR('',#10604);
#12110 = STYLED_ITEM('color',(#12111),#7589);
#12111 = PRESENTATION_STYLE_ASSIGNMENT((#12112));
#12112 = SURFACE_STYLE_USAGE(.BOTH.,#12113);
#12113 = SURFACE_SIDE_STYLE('',(#12114));
#12114 = SURFACE_STYLE_FILL_AREA(#12115);
#12115 = FILL_AREA_STYLE('',(#12116));
#12116 = FILL_AREA_STYLE_COLOUR('',#10604);
#12117 = STYLED_ITEM('color',(#12118),#7606);
#12118 = PRESENTATION_STYLE_ASSIGNMENT((#12119));
#12119 = SURFACE_STYLE_USAGE(.BOTH.,#12120);
#12120 = SURFACE_SIDE_STYLE('',(#12121));
#12121 = SURFACE_STYLE_FILL_AREA(#12122);
#12122 = FILL_AREA_STYLE('',(#12123));
#12123 = FILL_AREA_STYLE_COLOUR('',#10604);
#12124 = STYLED_ITEM('color',(#12125),#7618);
#12125 = PRESENTATION_STYLE_ASSIGNMENT((#12126));
#12126 = SURFACE_STYLE_USAGE(.BOTH.,#12127);
#12127 = SURFACE_SIDE_STYLE('',(#12128));
#12128 = SURFACE_STYLE_FILL_AREA(#12129);
#12129 = FILL_AREA_STYLE('',(#12130));
#12130 = FILL_AREA_STYLE_COLOUR('',#10604);
#12131 = STYLED_ITEM('color',(#12132),#7635);
#12132 = PRESENTATION_STYLE_ASSIGNMENT((#12133));
#12133 = SURFACE_STYLE_USAGE(.BOTH.,#12134);
#12134 = SURFACE_SIDE_STYLE('',(#12135));
#12135 = SURFACE_STYLE_FILL_AREA(#12136);
#12136 = FILL_AREA_STYLE('',(#12137));
#12137 = FILL_AREA_STYLE_COLOUR('',#10604);
#12138 = STYLED_ITEM('color',(#12139),#7652);
#12139 = PRESENTATION_STYLE_ASSIGNMENT((#12140));
#12140 = SURFACE_STYLE_USAGE(.BOTH.,#12141);
#12141 = SURFACE_SIDE_STYLE('',(#12142));
#12142 = SURFACE_STYLE_FILL_AREA(#12143);
#12143 = FILL_AREA_STYLE('',(#12144));
#12144 = FILL_AREA_STYLE_COLOUR('',#10604);
#12145 = STYLED_ITEM('color',(#12146),#7669);
#12146 = PRESENTATION_STYLE_ASSIGNMENT((#12147));
#12147 = SURFACE_STYLE_USAGE(.BOTH.,#12148);
#12148 = SURFACE_SIDE_STYLE('',(#12149));
#12149 = SURFACE_STYLE_FILL_AREA(#12150);
#12150 = FILL_AREA_STYLE('',(#12151));
#12151 = FILL_AREA_STYLE_COLOUR('',#10604);
#12152 = STYLED_ITEM('color',(#12153),#7686);
#12153 = PRESENTATION_STYLE_ASSIGNMENT((#12154));
#12154 = SURFACE_STYLE_USAGE(.BOTH.,#12155);
#12155 = SURFACE_SIDE_STYLE('',(#12156));
#12156 = SURFACE_STYLE_FILL_AREA(#12157);
#12157 = FILL_AREA_STYLE('',(#12158));
#12158 = FILL_AREA_STYLE_COLOUR('',#10604);
#12159 = STYLED_ITEM('color',(#12160),#7698);
#12160 = PRESENTATION_STYLE_ASSIGNMENT((#12161));
#12161 = SURFACE_STYLE_USAGE(.BOTH.,#12162);
#12162 = SURFACE_SIDE_STYLE('',(#12163));
#12163 = SURFACE_STYLE_FILL_AREA(#12164);
#12164 = FILL_AREA_STYLE('',(#12165));
#12165 = FILL_AREA_STYLE_COLOUR('',#10604);
#12166 = STYLED_ITEM('color',(#12167),#7715);
#12167 = PRESENTATION_STYLE_ASSIGNMENT((#12168));
#12168 = SURFACE_STYLE_USAGE(.BOTH.,#12169);
#12169 = SURFACE_SIDE_STYLE('',(#12170));
#12170 = SURFACE_STYLE_FILL_AREA(#12171);
#12171 = FILL_AREA_STYLE('',(#12172));
#12172 = FILL_AREA_STYLE_COLOUR('',#10604);
#12173 = STYLED_ITEM('color',(#12174),#7732);
#12174 = PRESENTATION_STYLE_ASSIGNMENT((#12175));
#12175 = SURFACE_STYLE_USAGE(.BOTH.,#12176);
#12176 = SURFACE_SIDE_STYLE('',(#12177));
#12177 = SURFACE_STYLE_FILL_AREA(#12178);
#12178 = FILL_AREA_STYLE('',(#12179));
#12179 = FILL_AREA_STYLE_COLOUR('',#10604);
#12180 = STYLED_ITEM('color',(#12181),#7749);
#12181 = PRESENTATION_STYLE_ASSIGNMENT((#12182));
#12182 = SURFACE_STYLE_USAGE(.BOTH.,#12183);
#12183 = SURFACE_SIDE_STYLE('',(#12184));
#12184 = SURFACE_STYLE_FILL_AREA(#12185);
#12185 = FILL_AREA_STYLE('',(#12186));
#12186 = FILL_AREA_STYLE_COLOUR('',#10604);
#12187 = STYLED_ITEM('color',(#12188),#7766);
#12188 = PRESENTATION_STYLE_ASSIGNMENT((#12189));
#12189 = SURFACE_STYLE_USAGE(.BOTH.,#12190);
#12190 = SURFACE_SIDE_STYLE('',(#12191));
#12191 = SURFACE_STYLE_FILL_AREA(#12192);
#12192 = FILL_AREA_STYLE('',(#12193));
#12193 = FILL_AREA_STYLE_COLOUR('',#10604);
#12194 = STYLED_ITEM('color',(#12195),#7778);
#12195 = PRESENTATION_STYLE_ASSIGNMENT((#12196));
#12196 = SURFACE_STYLE_USAGE(.BOTH.,#12197);
#12197 = SURFACE_SIDE_STYLE('',(#12198));
#12198 = SURFACE_STYLE_FILL_AREA(#12199);
#12199 = FILL_AREA_STYLE('',(#12200));
#12200 = FILL_AREA_STYLE_COLOUR('',#10604);
#12201 = STYLED_ITEM('color',(#12202),#7795);
#12202 = PRESENTATION_STYLE_ASSIGNMENT((#12203));
#12203 = SURFACE_STYLE_USAGE(.BOTH.,#12204);
#12204 = SURFACE_SIDE_STYLE('',(#12205));
#12205 = SURFACE_STYLE_FILL_AREA(#12206);
#12206 = FILL_AREA_STYLE('',(#12207));
#12207 = FILL_AREA_STYLE_COLOUR('',#10604);
#12208 = STYLED_ITEM('color',(#12209),#7812);
#12209 = PRESENTATION_STYLE_ASSIGNMENT((#12210));
#12210 = SURFACE_STYLE_USAGE(.BOTH.,#12211);
#12211 = SURFACE_SIDE_STYLE('',(#12212));
#12212 = SURFACE_STYLE_FILL_AREA(#12213);
#12213 = FILL_AREA_STYLE('',(#12214));
#12214 = FILL_AREA_STYLE_COLOUR('',#10604);
#12215 = STYLED_ITEM('color',(#12216),#7829);
#12216 = PRESENTATION_STYLE_ASSIGNMENT((#12217));
#12217 = SURFACE_STYLE_USAGE(.BOTH.,#12218);
#12218 = SURFACE_SIDE_STYLE('',(#12219));
#12219 = SURFACE_STYLE_FILL_AREA(#12220);
#12220 = FILL_AREA_STYLE('',(#12221));
#12221 = FILL_AREA_STYLE_COLOUR('',#10604);
#12222 = STYLED_ITEM('color',(#12223),#7846);
#12223 = PRESENTATION_STYLE_ASSIGNMENT((#12224));
#12224 = SURFACE_STYLE_USAGE(.BOTH.,#12225);
#12225 = SURFACE_SIDE_STYLE('',(#12226));
#12226 = SURFACE_STYLE_FILL_AREA(#12227);
#12227 = FILL_AREA_STYLE('',(#12228));
#12228 = FILL_AREA_STYLE_COLOUR('',#10604);
#12229 = STYLED_ITEM('color',(#12230),#7858);
#12230 = PRESENTATION_STYLE_ASSIGNMENT((#12231));
#12231 = SURFACE_STYLE_USAGE(.BOTH.,#12232);
#12232 = SURFACE_SIDE_STYLE('',(#12233));
#12233 = SURFACE_STYLE_FILL_AREA(#12234);
#12234 = FILL_AREA_STYLE('',(#12235));
#12235 = FILL_AREA_STYLE_COLOUR('',#10604);
#12236 = STYLED_ITEM('color',(#12237),#7875);
#12237 = PRESENTATION_STYLE_ASSIGNMENT((#12238));
#12238 = SURFACE_STYLE_USAGE(.BOTH.,#12239);
#12239 = SURFACE_SIDE_STYLE('',(#12240));
#12240 = SURFACE_STYLE_FILL_AREA(#12241);
#12241 = FILL_AREA_STYLE('',(#12242));
#12242 = FILL_AREA_STYLE_COLOUR('',#10604);
#12243 = STYLED_ITEM('color',(#12244),#7892);
#12244 = PRESENTATION_STYLE_ASSIGNMENT((#12245));
#12245 = SURFACE_STYLE_USAGE(.BOTH.,#12246);
#12246 = SURFACE_SIDE_STYLE('',(#12247));
#12247 = SURFACE_STYLE_FILL_AREA(#12248);
#12248 = FILL_AREA_STYLE('',(#12249));
#12249 = FILL_AREA_STYLE_COLOUR('',#10604);
#12250 = STYLED_ITEM('color',(#12251),#7909);
#12251 = PRESENTATION_STYLE_ASSIGNMENT((#12252));
#12252 = SURFACE_STYLE_USAGE(.BOTH.,#12253);
#12253 = SURFACE_SIDE_STYLE('',(#12254));
#12254 = SURFACE_STYLE_FILL_AREA(#12255);
#12255 = FILL_AREA_STYLE('',(#12256));
#12256 = FILL_AREA_STYLE_COLOUR('',#10604);
#12257 = STYLED_ITEM('color',(#12258),#7926);
#12258 = PRESENTATION_STYLE_ASSIGNMENT((#12259));
#12259 = SURFACE_STYLE_USAGE(.BOTH.,#12260);
#12260 = SURFACE_SIDE_STYLE('',(#12261));
#12261 = SURFACE_STYLE_FILL_AREA(#12262);
#12262 = FILL_AREA_STYLE('',(#12263));
#12263 = FILL_AREA_STYLE_COLOUR('',#10604);
#12264 = STYLED_ITEM('color',(#12265),#7938);
#12265 = PRESENTATION_STYLE_ASSIGNMENT((#12266));
#12266 = SURFACE_STYLE_USAGE(.BOTH.,#12267);
#12267 = SURFACE_SIDE_STYLE('',(#12268));
#12268 = SURFACE_STYLE_FILL_AREA(#12269);
#12269 = FILL_AREA_STYLE('',(#12270));
#12270 = FILL_AREA_STYLE_COLOUR('',#10604);
#12271 = STYLED_ITEM('color',(#12272),#7955);
#12272 = PRESENTATION_STYLE_ASSIGNMENT((#12273));
#12273 = SURFACE_STYLE_USAGE(.BOTH.,#12274);
#12274 = SURFACE_SIDE_STYLE('',(#12275));
#12275 = SURFACE_STYLE_FILL_AREA(#12276);
#12276 = FILL_AREA_STYLE('',(#12277));
#12277 = FILL_AREA_STYLE_COLOUR('',#10604);
#12278 = STYLED_ITEM('color',(#12279),#7972);
#12279 = PRESENTATION_STYLE_ASSIGNMENT((#12280));
#12280 = SURFACE_STYLE_USAGE(.BOTH.,#12281);
#12281 = SURFACE_SIDE_STYLE('',(#12282));
#12282 = SURFACE_STYLE_FILL_AREA(#12283);
#12283 = FILL_AREA_STYLE('',(#12284));
#12284 = FILL_AREA_STYLE_COLOUR('',#10604);
#12285 = STYLED_ITEM('color',(#12286),#7989);
#12286 = PRESENTATION_STYLE_ASSIGNMENT((#12287));
#12287 = SURFACE_STYLE_USAGE(.BOTH.,#12288);
#12288 = SURFACE_SIDE_STYLE('',(#12289));
#12289 = SURFACE_STYLE_FILL_AREA(#12290);
#12290 = FILL_AREA_STYLE('',(#12291));
#12291 = FILL_AREA_STYLE_COLOUR('',#10604);
#12292 = STYLED_ITEM('color',(#12293),#8006);
#12293 = PRESENTATION_STYLE_ASSIGNMENT((#12294));
#12294 = SURFACE_STYLE_USAGE(.BOTH.,#12295);
#12295 = SURFACE_SIDE_STYLE('',(#12296));
#12296 = SURFACE_STYLE_FILL_AREA(#12297);
#12297 = FILL_AREA_STYLE('',(#12298));
#12298 = FILL_AREA_STYLE_COLOUR('',#10604);
ENDSEC;
END-ISO-10303-21;
